dataset_id,zone_id,municipality,province,research_wave,regional_context_candidate,candidate_distributor,evidence_class,source_ids,repo_evidence_hits,repo_evidence_files,review_status,import_eligible,review_notes
aragon,municipality:huesca::abiego,Abiego,Huesca,wave_1,"E-Distribución Redes Digitales, S.L.U.",,regional_context_only,edistribucion_aragon_official,4,docs/research/distributor_regional_audits/edistribucion_local_exception_hunt_by_dataset/aragon.csv;docs/research/distributor_regional_audits/edistribucion_local_exception_hunt_v1024.csv;docs/research/distributor_regional_audits/remaining_regional_distributor_candidates_v1023.csv;docs/research/distributor_regional_audits/remaining_regional_review_queue_by_dataset/aragon.csv,needs_municipal_primary_source,no,La presencia regional de e-distribución no prueba la distribuidora concreta de este municipio.
aragon,municipality:huesca::abizanda,Abizanda,Huesca,wave_1,"E-Distribución Redes Digitales, S.L.U.",,regional_context_only,edistribucion_aragon_official,4,docs/research/distributor_regional_audits/edistribucion_local_exception_hunt_by_dataset/aragon.csv;docs/research/distributor_regional_audits/edistribucion_local_exception_hunt_v1024.csv;docs/research/distributor_regional_audits/remaining_regional_distributor_candidates_v1023.csv;docs/research/distributor_regional_audits/remaining_regional_review_queue_by_dataset/aragon.csv,needs_municipal_primary_source,no,La presencia regional de e-distribución no prueba la distribuidora concreta de este municipio.
aragon,municipality:huesca::adahuesca,Adahuesca,Huesca,wave_1,"E-Distribución Redes Digitales, S.L.U.",,regional_context_only,edistribucion_aragon_official,4,docs/research/distributor_regional_audits/edistribucion_local_exception_hunt_by_dataset/aragon.csv;docs/research/distributor_regional_audits/edistribucion_local_exception_hunt_v1024.csv;docs/research/distributor_regional_audits/remaining_regional_distributor_candidates_v1023.csv;docs/research/distributor_regional_audits/remaining_regional_review_queue_by_dataset/aragon.csv,needs_municipal_primary_source,no,La presencia regional de e-distribución no prueba la distribuidora concreta de este municipio.
aragon,municipality:huesca::aguero,Agüero,Huesca,wave_1,"E-Distribución Redes Digitales, S.L.U.",,regional_context_only,edistribucion_aragon_official,4,docs/research/distributor_regional_audits/edistribucion_local_exception_hunt_by_dataset/aragon.csv;docs/research/distributor_regional_audits/edistribucion_local_exception_hunt_v1024.csv;docs/research/distributor_regional_audits/remaining_regional_distributor_candidates_v1023.csv;docs/research/distributor_regional_audits/remaining_regional_review_queue_by_dataset/aragon.csv,needs_municipal_primary_source,no,La presencia regional de e-distribución no prueba la distribuidora concreta de este municipio.
aragon,municipality:huesca::aisa,Aisa,Huesca,wave_1,"E-Distribución Redes Digitales, S.L.U.",,regional_context_only,edistribucion_aragon_official,4,docs/research/distributor_regional_audits/edistribucion_local_exception_hunt_by_dataset/aragon.csv;docs/research/distributor_regional_audits/edistribucion_local_exception_hunt_v1024.csv;docs/research/distributor_regional_audits/remaining_regional_distributor_candidates_v1023.csv;docs/research/distributor_regional_audits/remaining_regional_review_queue_by_dataset/aragon.csv,needs_municipal_primary_source,no,La presencia regional de e-distribución no prueba la distribuidora concreta de este municipio.
aragon,municipality:huesca::albalate_de_cinca,Albalate de Cinca,Huesca,wave_1,"E-Distribución Redes Digitales, S.L.U.",,regional_context_only,edistribucion_aragon_official,4,docs/research/distributor_regional_audits/edistribucion_local_exception_hunt_by_dataset/aragon.csv;docs/research/distributor_regional_audits/edistribucion_local_exception_hunt_v1024.csv;docs/research/distributor_regional_audits/remaining_regional_distributor_candidates_v1023.csv;docs/research/distributor_regional_audits/remaining_regional_review_queue_by_dataset/aragon.csv,needs_municipal_primary_source,no,La presencia regional de e-distribución no prueba la distribuidora concreta de este municipio.
aragon,municipality:huesca::albalatillo,Albalatillo,Huesca,wave_1,"E-Distribución Redes Digitales, S.L.U.",,regional_context_only,edistribucion_aragon_official,4,docs/research/distributor_regional_audits/edistribucion_local_exception_hunt_by_dataset/aragon.csv;docs/research/distributor_regional_audits/edistribucion_local_exception_hunt_v1024.csv;docs/research/distributor_regional_audits/remaining_regional_distributor_candidates_v1023.csv;docs/research/distributor_regional_audits/remaining_regional_review_queue_by_dataset/aragon.csv,needs_municipal_primary_source,no,La presencia regional de e-distribución no prueba la distribuidora concreta de este municipio.
aragon,municipality:huesca::albelda,Albelda,Huesca,wave_1,"E-Distribución Redes Digitales, S.L.U.",,regional_context_only,edistribucion_aragon_official,4,docs/research/distributor_regional_audits/edistribucion_local_exception_hunt_by_dataset/aragon.csv;docs/research/distributor_regional_audits/edistribucion_local_exception_hunt_v1024.csv;docs/research/distributor_regional_audits/remaining_regional_distributor_candidates_v1023.csv;docs/research/distributor_regional_audits/remaining_regional_review_queue_by_dataset/aragon.csv,needs_municipal_primary_source,no,La presencia regional de e-distribución no prueba la distribuidora concreta de este municipio.
aragon,municipality:huesca::albero_alto,Albero Alto,Huesca,wave_1,"E-Distribución Redes Digitales, S.L.U.",,regional_context_only,edistribucion_aragon_official,4,docs/research/distributor_regional_audits/edistribucion_local_exception_hunt_by_dataset/aragon.csv;docs/research/distributor_regional_audits/edistribucion_local_exception_hunt_v1024.csv;docs/research/distributor_regional_audits/remaining_regional_distributor_candidates_v1023.csv;docs/research/distributor_regional_audits/remaining_regional_review_queue_by_dataset/aragon.csv,needs_municipal_primary_source,no,La presencia regional de e-distribución no prueba la distribuidora concreta de este municipio.
aragon,municipality:huesca::albero_bajo,Albero Bajo,Huesca,wave_1,"E-Distribución Redes Digitales, S.L.U.",,regional_context_only,edistribucion_aragon_official,4,docs/research/distributor_regional_audits/edistribucion_local_exception_hunt_by_dataset/aragon.csv;docs/research/distributor_regional_audits/edistribucion_local_exception_hunt_v1024.csv;docs/research/distributor_regional_audits/remaining_regional_distributor_candidates_v1023.csv;docs/research/distributor_regional_audits/remaining_regional_review_queue_by_dataset/aragon.csv,needs_municipal_primary_source,no,La presencia regional de e-distribución no prueba la distribuidora concreta de este municipio.
aragon,municipality:huesca::alberuela_de_tubo,Alberuela de Tubo,Huesca,wave_1,"E-Distribución Redes Digitales, S.L.U.",,regional_context_only,edistribucion_aragon_official,4,docs/research/distributor_regional_audits/edistribucion_local_exception_hunt_by_dataset/aragon.csv;docs/research/distributor_regional_audits/edistribucion_local_exception_hunt_v1024.csv;docs/research/distributor_regional_audits/remaining_regional_distributor_candidates_v1023.csv;docs/research/distributor_regional_audits/remaining_regional_review_queue_by_dataset/aragon.csv,needs_municipal_primary_source,no,La presencia regional de e-distribución no prueba la distribuidora concreta de este municipio.
aragon,municipality:huesca::alcala_de_gurrea,Alcalá de Gurrea,Huesca,wave_1,"E-Distribución Redes Digitales, S.L.U.",,regional_context_only,edistribucion_aragon_official,4,docs/research/distributor_regional_audits/edistribucion_local_exception_hunt_by_dataset/aragon.csv;docs/research/distributor_regional_audits/edistribucion_local_exception_hunt_v1024.csv;docs/research/distributor_regional_audits/remaining_regional_distributor_candidates_v1023.csv;docs/research/distributor_regional_audits/remaining_regional_review_queue_by_dataset/aragon.csv,needs_municipal_primary_source,no,La presencia regional de e-distribución no prueba la distribuidora concreta de este municipio.
aragon,municipality:huesca::alcala_del_obispo,Alcalá del Obispo,Huesca,wave_1,"E-Distribución Redes Digitales, S.L.U.",,regional_context_only,edistribucion_aragon_official,4,docs/research/distributor_regional_audits/edistribucion_local_exception_hunt_by_dataset/aragon.csv;docs/research/distributor_regional_audits/edistribucion_local_exception_hunt_v1024.csv;docs/research/distributor_regional_audits/remaining_regional_distributor_candidates_v1023.csv;docs/research/distributor_regional_audits/remaining_regional_review_queue_by_dataset/aragon.csv,needs_municipal_primary_source,no,La presencia regional de e-distribución no prueba la distribuidora concreta de este municipio.
aragon,municipality:huesca::alcampell,Alcampell,Huesca,wave_1,"E-Distribución Redes Digitales, S.L.U.",,regional_context_only,edistribucion_aragon_official,4,docs/research/distributor_regional_audits/edistribucion_local_exception_hunt_by_dataset/aragon.csv;docs/research/distributor_regional_audits/edistribucion_local_exception_hunt_v1024.csv;docs/research/distributor_regional_audits/remaining_regional_distributor_candidates_v1023.csv;docs/research/distributor_regional_audits/remaining_regional_review_queue_by_dataset/aragon.csv,needs_municipal_primary_source,no,La presencia regional de e-distribución no prueba la distribuidora concreta de este municipio.
aragon,municipality:huesca::alcolea_de_cinca,Alcolea de Cinca,Huesca,wave_1,"E-Distribución Redes Digitales, S.L.U.",,regional_context_only,edistribucion_aragon_official,4,docs/research/distributor_regional_audits/edistribucion_local_exception_hunt_by_dataset/aragon.csv;docs/research/distributor_regional_audits/edistribucion_local_exception_hunt_v1024.csv;docs/research/distributor_regional_audits/remaining_regional_distributor_candidates_v1023.csv;docs/research/distributor_regional_audits/remaining_regional_review_queue_by_dataset/aragon.csv,needs_municipal_primary_source,no,La presencia regional de e-distribución no prueba la distribuidora concreta de este municipio.
aragon,municipality:huesca::alcubierre,Alcubierre,Huesca,wave_1,"E-Distribución Redes Digitales, S.L.U.",,regional_context_only,edistribucion_aragon_official,4,docs/research/distributor_regional_audits/edistribucion_local_exception_hunt_by_dataset/aragon.csv;docs/research/distributor_regional_audits/edistribucion_local_exception_hunt_v1024.csv;docs/research/distributor_regional_audits/remaining_regional_distributor_candidates_v1023.csv;docs/research/distributor_regional_audits/remaining_regional_review_queue_by_dataset/aragon.csv,needs_municipal_primary_source,no,La presencia regional de e-distribución no prueba la distribuidora concreta de este municipio.
aragon,municipality:huesca::alerre,Alerre,Huesca,wave_1,"E-Distribución Redes Digitales, S.L.U.",,regional_context_only,edistribucion_aragon_official,4,docs/research/distributor_regional_audits/edistribucion_local_exception_hunt_by_dataset/aragon.csv;docs/research/distributor_regional_audits/edistribucion_local_exception_hunt_v1024.csv;docs/research/distributor_regional_audits/remaining_regional_distributor_candidates_v1023.csv;docs/research/distributor_regional_audits/remaining_regional_review_queue_by_dataset/aragon.csv,needs_municipal_primary_source,no,La presencia regional de e-distribución no prueba la distribuidora concreta de este municipio.
aragon,municipality:huesca::alfantega,Alfántega,Huesca,wave_1,"E-Distribución Redes Digitales, S.L.U.",,regional_context_only,edistribucion_aragon_official,4,docs/research/distributor_regional_audits/edistribucion_local_exception_hunt_by_dataset/aragon.csv;docs/research/distributor_regional_audits/edistribucion_local_exception_hunt_v1024.csv;docs/research/distributor_regional_audits/remaining_regional_distributor_candidates_v1023.csv;docs/research/distributor_regional_audits/remaining_regional_review_queue_by_dataset/aragon.csv,needs_municipal_primary_source,no,La presencia regional de e-distribución no prueba la distribuidora concreta de este municipio.
aragon,municipality:huesca::almudevar,Almudévar,Huesca,wave_1,"E-Distribución Redes Digitales, S.L.U.",,regional_context_only,edistribucion_aragon_official,4,docs/research/distributor_regional_audits/edistribucion_local_exception_hunt_by_dataset/aragon.csv;docs/research/distributor_regional_audits/edistribucion_local_exception_hunt_v1024.csv;docs/research/distributor_regional_audits/remaining_regional_distributor_candidates_v1023.csv;docs/research/distributor_regional_audits/remaining_regional_review_queue_by_dataset/aragon.csv,needs_municipal_primary_source,no,La presencia regional de e-distribución no prueba la distribuidora concreta de este municipio.
aragon,municipality:huesca::almunia_de_san_juan,Almunia de San Juan,Huesca,wave_1,"E-Distribución Redes Digitales, S.L.U.",,regional_context_only,edistribucion_aragon_official,4,docs/research/distributor_regional_audits/edistribucion_local_exception_hunt_by_dataset/aragon.csv;docs/research/distributor_regional_audits/edistribucion_local_exception_hunt_v1024.csv;docs/research/distributor_regional_audits/remaining_regional_distributor_candidates_v1023.csv;docs/research/distributor_regional_audits/remaining_regional_review_queue_by_dataset/aragon.csv,needs_municipal_primary_source,no,La presencia regional de e-distribución no prueba la distribuidora concreta de este municipio.
aragon,municipality:huesca::almuniente,Almuniente,Huesca,wave_1,"E-Distribución Redes Digitales, S.L.U.",,regional_context_only,edistribucion_aragon_official,4,docs/research/distributor_regional_audits/edistribucion_local_exception_hunt_by_dataset/aragon.csv;docs/research/distributor_regional_audits/edistribucion_local_exception_hunt_v1024.csv;docs/research/distributor_regional_audits/remaining_regional_distributor_candidates_v1023.csv;docs/research/distributor_regional_audits/remaining_regional_review_queue_by_dataset/aragon.csv,needs_municipal_primary_source,no,La presencia regional de e-distribución no prueba la distribuidora concreta de este municipio.
aragon,municipality:huesca::alquezar,Alquézar,Huesca,wave_1,"E-Distribución Redes Digitales, S.L.U.",,regional_context_only,edistribucion_aragon_official,4,docs/research/distributor_regional_audits/edistribucion_local_exception_hunt_by_dataset/aragon.csv;docs/research/distributor_regional_audits/edistribucion_local_exception_hunt_v1024.csv;docs/research/distributor_regional_audits/remaining_regional_distributor_candidates_v1023.csv;docs/research/distributor_regional_audits/remaining_regional_review_queue_by_dataset/aragon.csv,needs_municipal_primary_source,no,La presencia regional de e-distribución no prueba la distribuidora concreta de este municipio.
aragon,municipality:huesca::altorricon,Altorricón,Huesca,wave_1,"E-Distribución Redes Digitales, S.L.U.",,regional_context_only,edistribucion_aragon_official,4,docs/research/distributor_regional_audits/edistribucion_local_exception_hunt_by_dataset/aragon.csv;docs/research/distributor_regional_audits/edistribucion_local_exception_hunt_v1024.csv;docs/research/distributor_regional_audits/remaining_regional_distributor_candidates_v1023.csv;docs/research/distributor_regional_audits/remaining_regional_review_queue_by_dataset/aragon.csv,needs_municipal_primary_source,no,La presencia regional de e-distribución no prueba la distribuidora concreta de este municipio.
aragon,municipality:huesca::angues,Angüés,Huesca,wave_1,"E-Distribución Redes Digitales, S.L.U.",,regional_context_only,edistribucion_aragon_official,4,docs/research/distributor_regional_audits/edistribucion_local_exception_hunt_by_dataset/aragon.csv;docs/research/distributor_regional_audits/edistribucion_local_exception_hunt_v1024.csv;docs/research/distributor_regional_audits/remaining_regional_distributor_candidates_v1023.csv;docs/research/distributor_regional_audits/remaining_regional_review_queue_by_dataset/aragon.csv,needs_municipal_primary_source,no,La presencia regional de e-distribución no prueba la distribuidora concreta de este municipio.
aragon,municipality:huesca::anso,Ansó,Huesca,wave_1,"E-Distribución Redes Digitales, S.L.U.",,regional_context_only,edistribucion_aragon_official,4,docs/research/distributor_regional_audits/edistribucion_local_exception_hunt_by_dataset/aragon.csv;docs/research/distributor_regional_audits/edistribucion_local_exception_hunt_v1024.csv;docs/research/distributor_regional_audits/remaining_regional_distributor_candidates_v1023.csv;docs/research/distributor_regional_audits/remaining_regional_review_queue_by_dataset/aragon.csv,needs_municipal_primary_source,no,La presencia regional de e-distribución no prueba la distribuidora concreta de este municipio.
aragon,municipality:huesca::antillon,Antillón,Huesca,wave_1,"E-Distribución Redes Digitales, S.L.U.",,regional_context_only,edistribucion_aragon_official,4,docs/research/distributor_regional_audits/edistribucion_local_exception_hunt_by_dataset/aragon.csv;docs/research/distributor_regional_audits/edistribucion_local_exception_hunt_v1024.csv;docs/research/distributor_regional_audits/remaining_regional_distributor_candidates_v1023.csv;docs/research/distributor_regional_audits/remaining_regional_review_queue_by_dataset/aragon.csv,needs_municipal_primary_source,no,La presencia regional de e-distribución no prueba la distribuidora concreta de este municipio.
aragon,municipality:huesca::aragues_del_puerto,Aragüés del Puerto,Huesca,wave_1,"E-Distribución Redes Digitales, S.L.U.",,regional_context_only,edistribucion_aragon_official,4,docs/research/distributor_regional_audits/edistribucion_local_exception_hunt_by_dataset/aragon.csv;docs/research/distributor_regional_audits/edistribucion_local_exception_hunt_v1024.csv;docs/research/distributor_regional_audits/remaining_regional_distributor_candidates_v1023.csv;docs/research/distributor_regional_audits/remaining_regional_review_queue_by_dataset/aragon.csv,needs_municipal_primary_source,no,La presencia regional de e-distribución no prueba la distribuidora concreta de este municipio.
aragon,municipality:huesca::argavieso,Argavieso,Huesca,wave_1,"E-Distribución Redes Digitales, S.L.U.",,regional_context_only,edistribucion_aragon_official,4,docs/research/distributor_regional_audits/edistribucion_local_exception_hunt_by_dataset/aragon.csv;docs/research/distributor_regional_audits/edistribucion_local_exception_hunt_v1024.csv;docs/research/distributor_regional_audits/remaining_regional_distributor_candidates_v1023.csv;docs/research/distributor_regional_audits/remaining_regional_review_queue_by_dataset/aragon.csv,needs_municipal_primary_source,no,La presencia regional de e-distribución no prueba la distribuidora concreta de este municipio.
aragon,municipality:huesca::arguis,Arguis,Huesca,wave_1,"E-Distribución Redes Digitales, S.L.U.",,regional_context_only,edistribucion_aragon_official,4,docs/research/distributor_regional_audits/edistribucion_local_exception_hunt_by_dataset/aragon.csv;docs/research/distributor_regional_audits/edistribucion_local_exception_hunt_v1024.csv;docs/research/distributor_regional_audits/remaining_regional_distributor_candidates_v1023.csv;docs/research/distributor_regional_audits/remaining_regional_review_queue_by_dataset/aragon.csv,needs_municipal_primary_source,no,La presencia regional de e-distribución no prueba la distribuidora concreta de este municipio.
aragon,municipality:huesca::aren,Arén,Huesca,wave_1,"E-Distribución Redes Digitales, S.L.U.",,regional_context_only,edistribucion_aragon_official,4,docs/research/distributor_regional_audits/edistribucion_local_exception_hunt_by_dataset/aragon.csv;docs/research/distributor_regional_audits/edistribucion_local_exception_hunt_v1024.csv;docs/research/distributor_regional_audits/remaining_regional_distributor_candidates_v1023.csv;docs/research/distributor_regional_audits/remaining_regional_review_queue_by_dataset/aragon.csv,needs_municipal_primary_source,no,La presencia regional de e-distribución no prueba la distribuidora concreta de este municipio.
aragon,municipality:huesca::ayerbe,Ayerbe,Huesca,wave_1,"E-Distribución Redes Digitales, S.L.U.",,regional_context_only,edistribucion_aragon_official,4,docs/research/distributor_regional_audits/edistribucion_local_exception_hunt_by_dataset/aragon.csv;docs/research/distributor_regional_audits/edistribucion_local_exception_hunt_v1024.csv;docs/research/distributor_regional_audits/remaining_regional_distributor_candidates_v1023.csv;docs/research/distributor_regional_audits/remaining_regional_review_queue_by_dataset/aragon.csv,needs_municipal_primary_source,no,La presencia regional de e-distribución no prueba la distribuidora concreta de este municipio.
aragon,municipality:huesca::azanuy_alins,Azanuy-Alins,Huesca,wave_1,"E-Distribución Redes Digitales, S.L.U.",,regional_context_only,edistribucion_aragon_official,4,docs/research/distributor_regional_audits/edistribucion_local_exception_hunt_by_dataset/aragon.csv;docs/research/distributor_regional_audits/edistribucion_local_exception_hunt_v1024.csv;docs/research/distributor_regional_audits/remaining_regional_distributor_candidates_v1023.csv;docs/research/distributor_regional_audits/remaining_regional_review_queue_by_dataset/aragon.csv,needs_municipal_primary_source,no,La presencia regional de e-distribución no prueba la distribuidora concreta de este municipio.
aragon,municipality:huesca::azara,Azara,Huesca,wave_1,"E-Distribución Redes Digitales, S.L.U.",,regional_context_only,edistribucion_aragon_official,4,docs/research/distributor_regional_audits/edistribucion_local_exception_hunt_by_dataset/aragon.csv;docs/research/distributor_regional_audits/edistribucion_local_exception_hunt_v1024.csv;docs/research/distributor_regional_audits/remaining_regional_distributor_candidates_v1023.csv;docs/research/distributor_regional_audits/remaining_regional_review_queue_by_dataset/aragon.csv,needs_municipal_primary_source,no,La presencia regional de e-distribución no prueba la distribuidora concreta de este municipio.
aragon,municipality:huesca::azlor,Azlor,Huesca,wave_1,"E-Distribución Redes Digitales, S.L.U.",,regional_context_only,edistribucion_aragon_official,4,docs/research/distributor_regional_audits/edistribucion_local_exception_hunt_by_dataset/aragon.csv;docs/research/distributor_regional_audits/edistribucion_local_exception_hunt_v1024.csv;docs/research/distributor_regional_audits/remaining_regional_distributor_candidates_v1023.csv;docs/research/distributor_regional_audits/remaining_regional_review_queue_by_dataset/aragon.csv,needs_municipal_primary_source,no,La presencia regional de e-distribución no prueba la distribuidora concreta de este municipio.
aragon,municipality:huesca::ainsa_sobrarbe,Aínsa-Sobrarbe,Huesca,wave_1,"E-Distribución Redes Digitales, S.L.U.",,regional_context_only,edistribucion_aragon_official,4,docs/research/distributor_regional_audits/edistribucion_local_exception_hunt_by_dataset/aragon.csv;docs/research/distributor_regional_audits/edistribucion_local_exception_hunt_v1024.csv;docs/research/distributor_regional_audits/remaining_regional_distributor_candidates_v1023.csv;docs/research/distributor_regional_audits/remaining_regional_review_queue_by_dataset/aragon.csv,needs_municipal_primary_source,no,La presencia regional de e-distribución no prueba la distribuidora concreta de este municipio.
aragon,municipality:huesca::bailo,Bailo,Huesca,wave_1,"E-Distribución Redes Digitales, S.L.U.",,regional_context_only,edistribucion_aragon_official,4,docs/research/distributor_regional_audits/edistribucion_local_exception_hunt_by_dataset/aragon.csv;docs/research/distributor_regional_audits/edistribucion_local_exception_hunt_v1024.csv;docs/research/distributor_regional_audits/remaining_regional_distributor_candidates_v1023.csv;docs/research/distributor_regional_audits/remaining_regional_review_queue_by_dataset/aragon.csv,needs_municipal_primary_source,no,La presencia regional de e-distribución no prueba la distribuidora concreta de este municipio.
aragon,municipality:huesca::baldellou,Baldellou,Huesca,wave_1,"E-Distribución Redes Digitales, S.L.U.",,regional_context_only,edistribucion_aragon_official,4,docs/research/distributor_regional_audits/edistribucion_local_exception_hunt_by_dataset/aragon.csv;docs/research/distributor_regional_audits/edistribucion_local_exception_hunt_v1024.csv;docs/research/distributor_regional_audits/remaining_regional_distributor_candidates_v1023.csv;docs/research/distributor_regional_audits/remaining_regional_review_queue_by_dataset/aragon.csv,needs_municipal_primary_source,no,La presencia regional de e-distribución no prueba la distribuidora concreta de este municipio.
aragon,municipality:huesca::ballobar,Ballobar,Huesca,wave_1,"E-Distribución Redes Digitales, S.L.U.",,regional_context_only,edistribucion_aragon_official,4,docs/research/distributor_regional_audits/edistribucion_local_exception_hunt_by_dataset/aragon.csv;docs/research/distributor_regional_audits/edistribucion_local_exception_hunt_v1024.csv;docs/research/distributor_regional_audits/remaining_regional_distributor_candidates_v1023.csv;docs/research/distributor_regional_audits/remaining_regional_review_queue_by_dataset/aragon.csv,needs_municipal_primary_source,no,La presencia regional de e-distribución no prueba la distribuidora concreta de este municipio.
aragon,municipality:huesca::banastas,Banastás,Huesca,wave_1,"E-Distribución Redes Digitales, S.L.U.",,regional_context_only,edistribucion_aragon_official,4,docs/research/distributor_regional_audits/edistribucion_local_exception_hunt_by_dataset/aragon.csv;docs/research/distributor_regional_audits/edistribucion_local_exception_hunt_v1024.csv;docs/research/distributor_regional_audits/remaining_regional_distributor_candidates_v1023.csv;docs/research/distributor_regional_audits/remaining_regional_review_queue_by_dataset/aragon.csv,needs_municipal_primary_source,no,La presencia regional de e-distribución no prueba la distribuidora concreta de este municipio.
aragon,municipality:huesca::barbastro,Barbastro,Huesca,wave_1,"E-Distribución Redes Digitales, S.L.U.",AB Energía — división de distribución de Barbastro,secondary_municipal_evidence,edistribucion_aragon_official;abenergia_barbastro_secondary_2026,4,docs/research/distributor_regional_audits/edistribucion_local_exception_hunt_by_dataset/aragon.csv;docs/research/distributor_regional_audits/edistribucion_local_exception_hunt_v1024.csv;docs/research/distributor_regional_audits/remaining_regional_distributor_candidates_v1023.csv;docs/research/distributor_regional_audits/remaining_regional_review_queue_by_dataset/aragon.csv,needs_primary_operator_confirmation,no,Existe un indicio público municipal. Confirmar entidad jurídica y ámbito exacto con fuente oficial antes de cualquier importación.
aragon,municipality:huesca::barbues,Barbués,Huesca,wave_1,"E-Distribución Redes Digitales, S.L.U.",,regional_context_only,edistribucion_aragon_official,4,docs/research/distributor_regional_audits/edistribucion_local_exception_hunt_by_dataset/aragon.csv;docs/research/distributor_regional_audits/edistribucion_local_exception_hunt_v1024.csv;docs/research/distributor_regional_audits/remaining_regional_distributor_candidates_v1023.csv;docs/research/distributor_regional_audits/remaining_regional_review_queue_by_dataset/aragon.csv,needs_municipal_primary_source,no,La presencia regional de e-distribución no prueba la distribuidora concreta de este municipio.
aragon,municipality:huesca::barbunales,Barbuñales,Huesca,wave_1,"E-Distribución Redes Digitales, S.L.U.",,regional_context_only,edistribucion_aragon_official,4,docs/research/distributor_regional_audits/edistribucion_local_exception_hunt_by_dataset/aragon.csv;docs/research/distributor_regional_audits/edistribucion_local_exception_hunt_v1024.csv;docs/research/distributor_regional_audits/remaining_regional_distributor_candidates_v1023.csv;docs/research/distributor_regional_audits/remaining_regional_review_queue_by_dataset/aragon.csv,needs_municipal_primary_source,no,La presencia regional de e-distribución no prueba la distribuidora concreta de este municipio.
aragon,municipality:huesca::baells,Baélls,Huesca,wave_1,"E-Distribución Redes Digitales, S.L.U.",,regional_context_only,edistribucion_aragon_official,4,docs/research/distributor_regional_audits/edistribucion_local_exception_hunt_by_dataset/aragon.csv;docs/research/distributor_regional_audits/edistribucion_local_exception_hunt_v1024.csv;docs/research/distributor_regional_audits/remaining_regional_distributor_candidates_v1023.csv;docs/research/distributor_regional_audits/remaining_regional_review_queue_by_dataset/aragon.csv,needs_municipal_primary_source,no,La presencia regional de e-distribución no prueba la distribuidora concreta de este municipio.
aragon,municipality:huesca::belver_de_cinca,Belver de Cinca,Huesca,wave_1,"E-Distribución Redes Digitales, S.L.U.",,regional_context_only,edistribucion_aragon_official,4,docs/research/distributor_regional_audits/edistribucion_local_exception_hunt_by_dataset/aragon.csv;docs/research/distributor_regional_audits/edistribucion_local_exception_hunt_v1024.csv;docs/research/distributor_regional_audits/remaining_regional_distributor_candidates_v1023.csv;docs/research/distributor_regional_audits/remaining_regional_review_queue_by_dataset/aragon.csv,needs_municipal_primary_source,no,La presencia regional de e-distribución no prueba la distribuidora concreta de este municipio.
aragon,municipality:huesca::benabarre,Benabarre,Huesca,wave_1,"E-Distribución Redes Digitales, S.L.U.",,regional_context_only,edistribucion_aragon_official,4,docs/research/distributor_regional_audits/edistribucion_local_exception_hunt_by_dataset/aragon.csv;docs/research/distributor_regional_audits/edistribucion_local_exception_hunt_v1024.csv;docs/research/distributor_regional_audits/remaining_regional_distributor_candidates_v1023.csv;docs/research/distributor_regional_audits/remaining_regional_review_queue_by_dataset/aragon.csv,needs_municipal_primary_source,no,La presencia regional de e-distribución no prueba la distribuidora concreta de este municipio.
aragon,municipality:huesca::benasque,Benasque,Huesca,wave_1,"E-Distribución Redes Digitales, S.L.U.",,regional_context_only,edistribucion_aragon_official,4,docs/research/distributor_regional_audits/edistribucion_local_exception_hunt_by_dataset/aragon.csv;docs/research/distributor_regional_audits/edistribucion_local_exception_hunt_v1024.csv;docs/research/distributor_regional_audits/remaining_regional_distributor_candidates_v1023.csv;docs/research/distributor_regional_audits/remaining_regional_review_queue_by_dataset/aragon.csv,needs_municipal_primary_source,no,La presencia regional de e-distribución no prueba la distribuidora concreta de este municipio.
aragon,municipality:huesca::beranuy,Beranuy,Huesca,wave_1,"E-Distribución Redes Digitales, S.L.U.",,regional_context_only,edistribucion_aragon_official,4,docs/research/distributor_regional_audits/edistribucion_local_exception_hunt_by_dataset/aragon.csv;docs/research/distributor_regional_audits/edistribucion_local_exception_hunt_v1024.csv;docs/research/distributor_regional_audits/remaining_regional_distributor_candidates_v1023.csv;docs/research/distributor_regional_audits/remaining_regional_review_queue_by_dataset/aragon.csv,needs_municipal_primary_source,no,La presencia regional de e-distribución no prueba la distribuidora concreta de este municipio.
aragon,municipality:huesca::berbegal,Berbegal,Huesca,wave_1,"E-Distribución Redes Digitales, S.L.U.",,regional_context_only,edistribucion_aragon_official,4,docs/research/distributor_regional_audits/edistribucion_local_exception_hunt_by_dataset/aragon.csv;docs/research/distributor_regional_audits/edistribucion_local_exception_hunt_v1024.csv;docs/research/distributor_regional_audits/remaining_regional_distributor_candidates_v1023.csv;docs/research/distributor_regional_audits/remaining_regional_review_queue_by_dataset/aragon.csv,needs_municipal_primary_source,no,La presencia regional de e-distribución no prueba la distribuidora concreta de este municipio.
aragon,municipality:huesca::bielsa,Bielsa,Huesca,wave_1,"E-Distribución Redes Digitales, S.L.U.",,regional_context_only,edistribucion_aragon_official,4,docs/research/distributor_regional_audits/edistribucion_local_exception_hunt_by_dataset/aragon.csv;docs/research/distributor_regional_audits/edistribucion_local_exception_hunt_v1024.csv;docs/research/distributor_regional_audits/remaining_regional_distributor_candidates_v1023.csv;docs/research/distributor_regional_audits/remaining_regional_review_queue_by_dataset/aragon.csv,needs_municipal_primary_source,no,La presencia regional de e-distribución no prueba la distribuidora concreta de este municipio.
aragon,municipality:huesca::bierge,Bierge,Huesca,wave_1,"E-Distribución Redes Digitales, S.L.U.",,regional_context_only,edistribucion_aragon_official,4,docs/research/distributor_regional_audits/edistribucion_local_exception_hunt_by_dataset/aragon.csv;docs/research/distributor_regional_audits/edistribucion_local_exception_hunt_v1024.csv;docs/research/distributor_regional_audits/remaining_regional_distributor_candidates_v1023.csv;docs/research/distributor_regional_audits/remaining_regional_review_queue_by_dataset/aragon.csv,needs_municipal_primary_source,no,La presencia regional de e-distribución no prueba la distribuidora concreta de este municipio.
aragon,municipality:huesca::biescas,Biescas,Huesca,wave_1,"E-Distribución Redes Digitales, S.L.U.",,regional_context_only,edistribucion_aragon_official,4,docs/research/distributor_regional_audits/edistribucion_local_exception_hunt_by_dataset/aragon.csv;docs/research/distributor_regional_audits/edistribucion_local_exception_hunt_v1024.csv;docs/research/distributor_regional_audits/remaining_regional_distributor_candidates_v1023.csv;docs/research/distributor_regional_audits/remaining_regional_review_queue_by_dataset/aragon.csv,needs_municipal_primary_source,no,La presencia regional de e-distribución no prueba la distribuidora concreta de este municipio.
aragon,municipality:huesca::binaced,Binaced,Huesca,wave_1,"E-Distribución Redes Digitales, S.L.U.",,regional_context_only,edistribucion_aragon_official,4,docs/research/distributor_regional_audits/edistribucion_local_exception_hunt_by_dataset/aragon.csv;docs/research/distributor_regional_audits/edistribucion_local_exception_hunt_v1024.csv;docs/research/distributor_regional_audits/remaining_regional_distributor_candidates_v1023.csv;docs/research/distributor_regional_audits/remaining_regional_review_queue_by_dataset/aragon.csv,needs_municipal_primary_source,no,La presencia regional de e-distribución no prueba la distribuidora concreta de este municipio.
aragon,municipality:huesca::binefar,Binéfar,Huesca,wave_1,"E-Distribución Redes Digitales, S.L.U.",,regional_context_only,edistribucion_aragon_official,4,docs/research/distributor_regional_audits/edistribucion_local_exception_hunt_by_dataset/aragon.csv;docs/research/distributor_regional_audits/edistribucion_local_exception_hunt_v1024.csv;docs/research/distributor_regional_audits/remaining_regional_distributor_candidates_v1023.csv;docs/research/distributor_regional_audits/remaining_regional_review_queue_by_dataset/aragon.csv,needs_municipal_primary_source,no,La presencia regional de e-distribución no prueba la distribuidora concreta de este municipio.
aragon,municipality:huesca::bisaurri,Bisaurri,Huesca,wave_1,"E-Distribución Redes Digitales, S.L.U.",,regional_context_only,edistribucion_aragon_official,4,docs/research/distributor_regional_audits/edistribucion_local_exception_hunt_by_dataset/aragon.csv;docs/research/distributor_regional_audits/edistribucion_local_exception_hunt_v1024.csv;docs/research/distributor_regional_audits/remaining_regional_distributor_candidates_v1023.csv;docs/research/distributor_regional_audits/remaining_regional_review_queue_by_dataset/aragon.csv,needs_municipal_primary_source,no,La presencia regional de e-distribución no prueba la distribuidora concreta de este municipio.
aragon,municipality:huesca::biscarrues,Biscarrués,Huesca,wave_1,"E-Distribución Redes Digitales, S.L.U.",,regional_context_only,edistribucion_aragon_official,4,docs/research/distributor_regional_audits/edistribucion_local_exception_hunt_by_dataset/aragon.csv;docs/research/distributor_regional_audits/edistribucion_local_exception_hunt_v1024.csv;docs/research/distributor_regional_audits/remaining_regional_distributor_candidates_v1023.csv;docs/research/distributor_regional_audits/remaining_regional_review_queue_by_dataset/aragon.csv,needs_municipal_primary_source,no,La presencia regional de e-distribución no prueba la distribuidora concreta de este municipio.
aragon,municipality:huesca::blecua_y_torres,Blecua y Torres,Huesca,wave_1,"E-Distribución Redes Digitales, S.L.U.",,regional_context_only,edistribucion_aragon_official,4,docs/research/distributor_regional_audits/edistribucion_local_exception_hunt_by_dataset/aragon.csv;docs/research/distributor_regional_audits/edistribucion_local_exception_hunt_v1024.csv;docs/research/distributor_regional_audits/remaining_regional_distributor_candidates_v1023.csv;docs/research/distributor_regional_audits/remaining_regional_review_queue_by_dataset/aragon.csv,needs_municipal_primary_source,no,La presencia regional de e-distribución no prueba la distribuidora concreta de este municipio.
aragon,municipality:huesca::boltana,Boltaña,Huesca,wave_1,"E-Distribución Redes Digitales, S.L.U.",,regional_context_only,edistribucion_aragon_official,4,docs/research/distributor_regional_audits/edistribucion_local_exception_hunt_by_dataset/aragon.csv;docs/research/distributor_regional_audits/edistribucion_local_exception_hunt_v1024.csv;docs/research/distributor_regional_audits/remaining_regional_distributor_candidates_v1023.csv;docs/research/distributor_regional_audits/remaining_regional_review_queue_by_dataset/aragon.csv,needs_municipal_primary_source,no,La presencia regional de e-distribución no prueba la distribuidora concreta de este municipio.
aragon,municipality:huesca::bonansa,Bonansa,Huesca,wave_1,"E-Distribución Redes Digitales, S.L.U.",,regional_context_only,edistribucion_aragon_official,4,docs/research/distributor_regional_audits/edistribucion_local_exception_hunt_by_dataset/aragon.csv;docs/research/distributor_regional_audits/edistribucion_local_exception_hunt_v1024.csv;docs/research/distributor_regional_audits/remaining_regional_distributor_candidates_v1023.csv;docs/research/distributor_regional_audits/remaining_regional_review_queue_by_dataset/aragon.csv,needs_municipal_primary_source,no,La presencia regional de e-distribución no prueba la distribuidora concreta de este municipio.
aragon,municipality:huesca::borau,Borau,Huesca,wave_1,"E-Distribución Redes Digitales, S.L.U.",,regional_context_only,edistribucion_aragon_official,4,docs/research/distributor_regional_audits/edistribucion_local_exception_hunt_by_dataset/aragon.csv;docs/research/distributor_regional_audits/edistribucion_local_exception_hunt_v1024.csv;docs/research/distributor_regional_audits/remaining_regional_distributor_candidates_v1023.csv;docs/research/distributor_regional_audits/remaining_regional_review_queue_by_dataset/aragon.csv,needs_municipal_primary_source,no,La presencia regional de e-distribución no prueba la distribuidora concreta de este municipio.
aragon,municipality:huesca::broto,Broto,Huesca,wave_1,"E-Distribución Redes Digitales, S.L.U.",,regional_context_only,edistribucion_aragon_official,4,docs/research/distributor_regional_audits/edistribucion_local_exception_hunt_by_dataset/aragon.csv;docs/research/distributor_regional_audits/edistribucion_local_exception_hunt_v1024.csv;docs/research/distributor_regional_audits/remaining_regional_distributor_candidates_v1023.csv;docs/research/distributor_regional_audits/remaining_regional_review_queue_by_dataset/aragon.csv,needs_municipal_primary_source,no,La presencia regional de e-distribución no prueba la distribuidora concreta de este municipio.
aragon,municipality:huesca::barcabo,Bárcabo,Huesca,wave_1,"E-Distribución Redes Digitales, S.L.U.",,regional_context_only,edistribucion_aragon_official,4,docs/research/distributor_regional_audits/edistribucion_local_exception_hunt_by_dataset/aragon.csv;docs/research/distributor_regional_audits/edistribucion_local_exception_hunt_v1024.csv;docs/research/distributor_regional_audits/remaining_regional_distributor_candidates_v1023.csv;docs/research/distributor_regional_audits/remaining_regional_review_queue_by_dataset/aragon.csv,needs_municipal_primary_source,no,La presencia regional de e-distribución no prueba la distribuidora concreta de este municipio.
aragon,municipality:huesca::caldearenas,Caldearenas,Huesca,wave_1,"E-Distribución Redes Digitales, S.L.U.",,regional_context_only,edistribucion_aragon_official,4,docs/research/distributor_regional_audits/edistribucion_local_exception_hunt_by_dataset/aragon.csv;docs/research/distributor_regional_audits/edistribucion_local_exception_hunt_v1024.csv;docs/research/distributor_regional_audits/remaining_regional_distributor_candidates_v1023.csv;docs/research/distributor_regional_audits/remaining_regional_review_queue_by_dataset/aragon.csv,needs_municipal_primary_source,no,La presencia regional de e-distribución no prueba la distribuidora concreta de este municipio.
aragon,municipality:huesca::campo,Campo,Huesca,wave_1,"E-Distribución Redes Digitales, S.L.U.",,regional_context_only,edistribucion_aragon_official,4,docs/research/distributor_regional_audits/edistribucion_local_exception_hunt_by_dataset/aragon.csv;docs/research/distributor_regional_audits/edistribucion_local_exception_hunt_v1024.csv;docs/research/distributor_regional_audits/remaining_regional_distributor_candidates_v1023.csv;docs/research/distributor_regional_audits/remaining_regional_review_queue_by_dataset/aragon.csv,needs_municipal_primary_source,no,La presencia regional de e-distribución no prueba la distribuidora concreta de este municipio.
aragon,municipality:huesca::camporrells,Camporrélls,Huesca,wave_1,"E-Distribución Redes Digitales, S.L.U.",,regional_context_only,edistribucion_aragon_official,4,docs/research/distributor_regional_audits/edistribucion_local_exception_hunt_by_dataset/aragon.csv;docs/research/distributor_regional_audits/edistribucion_local_exception_hunt_v1024.csv;docs/research/distributor_regional_audits/remaining_regional_distributor_candidates_v1023.csv;docs/research/distributor_regional_audits/remaining_regional_review_queue_by_dataset/aragon.csv,needs_municipal_primary_source,no,La presencia regional de e-distribución no prueba la distribuidora concreta de este municipio.
aragon,municipality:huesca::canal_de_berdun,Canal de Berdún,Huesca,wave_1,"E-Distribución Redes Digitales, S.L.U.",,regional_context_only,edistribucion_aragon_official,4,docs/research/distributor_regional_audits/edistribucion_local_exception_hunt_by_dataset/aragon.csv;docs/research/distributor_regional_audits/edistribucion_local_exception_hunt_v1024.csv;docs/research/distributor_regional_audits/remaining_regional_distributor_candidates_v1023.csv;docs/research/distributor_regional_audits/remaining_regional_review_queue_by_dataset/aragon.csv,needs_municipal_primary_source,no,La presencia regional de e-distribución no prueba la distribuidora concreta de este municipio.
aragon,municipality:huesca::candasnos,Candasnos,Huesca,wave_1,"E-Distribución Redes Digitales, S.L.U.",,regional_context_only,edistribucion_aragon_official,4,docs/research/distributor_regional_audits/edistribucion_local_exception_hunt_by_dataset/aragon.csv;docs/research/distributor_regional_audits/edistribucion_local_exception_hunt_v1024.csv;docs/research/distributor_regional_audits/remaining_regional_distributor_candidates_v1023.csv;docs/research/distributor_regional_audits/remaining_regional_review_queue_by_dataset/aragon.csv,needs_municipal_primary_source,no,La presencia regional de e-distribución no prueba la distribuidora concreta de este municipio.
aragon,municipality:huesca::canfranc,Canfranc,Huesca,wave_1,"E-Distribución Redes Digitales, S.L.U.",,regional_context_only,edistribucion_aragon_official,4,docs/research/distributor_regional_audits/edistribucion_local_exception_hunt_by_dataset/aragon.csv;docs/research/distributor_regional_audits/edistribucion_local_exception_hunt_v1024.csv;docs/research/distributor_regional_audits/remaining_regional_distributor_candidates_v1023.csv;docs/research/distributor_regional_audits/remaining_regional_review_queue_by_dataset/aragon.csv,needs_municipal_primary_source,no,La presencia regional de e-distribución no prueba la distribuidora concreta de este municipio.
aragon,municipality:huesca::capdesaso,Capdesaso,Huesca,wave_1,"E-Distribución Redes Digitales, S.L.U.",,regional_context_only,edistribucion_aragon_official,4,docs/research/distributor_regional_audits/edistribucion_local_exception_hunt_by_dataset/aragon.csv;docs/research/distributor_regional_audits/edistribucion_local_exception_hunt_v1024.csv;docs/research/distributor_regional_audits/remaining_regional_distributor_candidates_v1023.csv;docs/research/distributor_regional_audits/remaining_regional_review_queue_by_dataset/aragon.csv,needs_municipal_primary_source,no,La presencia regional de e-distribución no prueba la distribuidora concreta de este municipio.
aragon,municipality:huesca::capella,Capella,Huesca,wave_1,"E-Distribución Redes Digitales, S.L.U.",,regional_context_only,edistribucion_aragon_official,4,docs/research/distributor_regional_audits/edistribucion_local_exception_hunt_by_dataset/aragon.csv;docs/research/distributor_regional_audits/edistribucion_local_exception_hunt_v1024.csv;docs/research/distributor_regional_audits/remaining_regional_distributor_candidates_v1023.csv;docs/research/distributor_regional_audits/remaining_regional_review_queue_by_dataset/aragon.csv,needs_municipal_primary_source,no,La presencia regional de e-distribución no prueba la distribuidora concreta de este municipio.
aragon,municipality:huesca::casbas_de_huesca,Casbas de Huesca,Huesca,wave_1,"E-Distribución Redes Digitales, S.L.U.",,regional_context_only,edistribucion_aragon_official,4,docs/research/distributor_regional_audits/edistribucion_local_exception_hunt_by_dataset/aragon.csv;docs/research/distributor_regional_audits/edistribucion_local_exception_hunt_v1024.csv;docs/research/distributor_regional_audits/remaining_regional_distributor_candidates_v1023.csv;docs/research/distributor_regional_audits/remaining_regional_review_queue_by_dataset/aragon.csv,needs_municipal_primary_source,no,La presencia regional de e-distribución no prueba la distribuidora concreta de este municipio.
aragon,municipality:huesca::castejon_de_monegros,Castejón de Monegros,Huesca,wave_1,"E-Distribución Redes Digitales, S.L.U.",,regional_context_only,edistribucion_aragon_official,4,docs/research/distributor_regional_audits/edistribucion_local_exception_hunt_by_dataset/aragon.csv;docs/research/distributor_regional_audits/edistribucion_local_exception_hunt_v1024.csv;docs/research/distributor_regional_audits/remaining_regional_distributor_candidates_v1023.csv;docs/research/distributor_regional_audits/remaining_regional_review_queue_by_dataset/aragon.csv,needs_municipal_primary_source,no,La presencia regional de e-distribución no prueba la distribuidora concreta de este municipio.
aragon,municipality:huesca::castejon_de_sos,Castejón de Sos,Huesca,wave_1,"E-Distribución Redes Digitales, S.L.U.",,regional_context_only,edistribucion_aragon_official,4,docs/research/distributor_regional_audits/edistribucion_local_exception_hunt_by_dataset/aragon.csv;docs/research/distributor_regional_audits/edistribucion_local_exception_hunt_v1024.csv;docs/research/distributor_regional_audits/remaining_regional_distributor_candidates_v1023.csv;docs/research/distributor_regional_audits/remaining_regional_review_queue_by_dataset/aragon.csv,needs_municipal_primary_source,no,La presencia regional de e-distribución no prueba la distribuidora concreta de este municipio.
aragon,municipality:huesca::castejon_del_puente,Castejón del Puente,Huesca,wave_1,"E-Distribución Redes Digitales, S.L.U.",,regional_context_only,edistribucion_aragon_official,4,docs/research/distributor_regional_audits/edistribucion_local_exception_hunt_by_dataset/aragon.csv;docs/research/distributor_regional_audits/edistribucion_local_exception_hunt_v1024.csv;docs/research/distributor_regional_audits/remaining_regional_distributor_candidates_v1023.csv;docs/research/distributor_regional_audits/remaining_regional_review_queue_by_dataset/aragon.csv,needs_municipal_primary_source,no,La presencia regional de e-distribución no prueba la distribuidora concreta de este municipio.
aragon,municipality:huesca::castelflorite,Castelflorite,Huesca,wave_1,"E-Distribución Redes Digitales, S.L.U.",,regional_context_only,edistribucion_aragon_official,4,docs/research/distributor_regional_audits/edistribucion_local_exception_hunt_by_dataset/aragon.csv;docs/research/distributor_regional_audits/edistribucion_local_exception_hunt_v1024.csv;docs/research/distributor_regional_audits/remaining_regional_distributor_candidates_v1023.csv;docs/research/distributor_regional_audits/remaining_regional_review_queue_by_dataset/aragon.csv,needs_municipal_primary_source,no,La presencia regional de e-distribución no prueba la distribuidora concreta de este municipio.
aragon,municipality:huesca::castiello_de_jaca,Castiello de Jaca,Huesca,wave_1,"E-Distribución Redes Digitales, S.L.U.",,regional_context_only,edistribucion_aragon_official,4,docs/research/distributor_regional_audits/edistribucion_local_exception_hunt_by_dataset/aragon.csv;docs/research/distributor_regional_audits/edistribucion_local_exception_hunt_v1024.csv;docs/research/distributor_regional_audits/remaining_regional_distributor_candidates_v1023.csv;docs/research/distributor_regional_audits/remaining_regional_review_queue_by_dataset/aragon.csv,needs_municipal_primary_source,no,La presencia regional de e-distribución no prueba la distribuidora concreta de este municipio.
aragon,municipality:huesca::castigaleu,Castigaleu,Huesca,wave_1,"E-Distribución Redes Digitales, S.L.U.",,regional_context_only,edistribucion_aragon_official,4,docs/research/distributor_regional_audits/edistribucion_local_exception_hunt_by_dataset/aragon.csv;docs/research/distributor_regional_audits/edistribucion_local_exception_hunt_v1024.csv;docs/research/distributor_regional_audits/remaining_regional_distributor_candidates_v1023.csv;docs/research/distributor_regional_audits/remaining_regional_review_queue_by_dataset/aragon.csv,needs_municipal_primary_source,no,La presencia regional de e-distribución no prueba la distribuidora concreta de este municipio.
aragon,municipality:huesca::castillazuelo,Castillazuelo,Huesca,wave_1,"E-Distribución Redes Digitales, S.L.U.",,regional_context_only,edistribucion_aragon_official,4,docs/research/distributor_regional_audits/edistribucion_local_exception_hunt_by_dataset/aragon.csv;docs/research/distributor_regional_audits/edistribucion_local_exception_hunt_v1024.csv;docs/research/distributor_regional_audits/remaining_regional_distributor_candidates_v1023.csv;docs/research/distributor_regional_audits/remaining_regional_review_queue_by_dataset/aragon.csv,needs_municipal_primary_source,no,La presencia regional de e-distribución no prueba la distribuidora concreta de este municipio.
aragon,municipality:huesca::castillonroy,Castillonroy,Huesca,wave_1,"E-Distribución Redes Digitales, S.L.U.",,regional_context_only,edistribucion_aragon_official,4,docs/research/distributor_regional_audits/edistribucion_local_exception_hunt_by_dataset/aragon.csv;docs/research/distributor_regional_audits/edistribucion_local_exception_hunt_v1024.csv;docs/research/distributor_regional_audits/remaining_regional_distributor_candidates_v1023.csv;docs/research/distributor_regional_audits/remaining_regional_review_queue_by_dataset/aragon.csv,needs_municipal_primary_source,no,La presencia regional de e-distribución no prueba la distribuidora concreta de este municipio.
aragon,municipality:huesca::chalamera,Chalamera,Huesca,wave_1,"E-Distribución Redes Digitales, S.L.U.",,regional_context_only,edistribucion_aragon_official,4,docs/research/distributor_regional_audits/edistribucion_local_exception_hunt_by_dataset/aragon.csv;docs/research/distributor_regional_audits/edistribucion_local_exception_hunt_v1024.csv;docs/research/distributor_regional_audits/remaining_regional_distributor_candidates_v1023.csv;docs/research/distributor_regional_audits/remaining_regional_review_queue_by_dataset/aragon.csv,needs_municipal_primary_source,no,La presencia regional de e-distribución no prueba la distribuidora concreta de este municipio.
aragon,municipality:huesca::chimillas,Chimillas,Huesca,wave_1,"E-Distribución Redes Digitales, S.L.U.",,regional_context_only,edistribucion_aragon_official,4,docs/research/distributor_regional_audits/edistribucion_local_exception_hunt_by_dataset/aragon.csv;docs/research/distributor_regional_audits/edistribucion_local_exception_hunt_v1024.csv;docs/research/distributor_regional_audits/remaining_regional_distributor_candidates_v1023.csv;docs/research/distributor_regional_audits/remaining_regional_review_queue_by_dataset/aragon.csv,needs_municipal_primary_source,no,La presencia regional de e-distribución no prueba la distribuidora concreta de este municipio.
aragon,municipality:huesca::chia,Chía,Huesca,wave_1,"E-Distribución Redes Digitales, S.L.U.",,regional_context_only,edistribucion_aragon_official,4,docs/research/distributor_regional_audits/edistribucion_local_exception_hunt_by_dataset/aragon.csv;docs/research/distributor_regional_audits/edistribucion_local_exception_hunt_v1024.csv;docs/research/distributor_regional_audits/remaining_regional_distributor_candidates_v1023.csv;docs/research/distributor_regional_audits/remaining_regional_review_queue_by_dataset/aragon.csv,needs_municipal_primary_source,no,La presencia regional de e-distribución no prueba la distribuidora concreta de este municipio.
aragon,municipality:huesca::colungo,Colungo,Huesca,wave_1,"E-Distribución Redes Digitales, S.L.U.",,regional_context_only,edistribucion_aragon_official,4,docs/research/distributor_regional_audits/edistribucion_local_exception_hunt_by_dataset/aragon.csv;docs/research/distributor_regional_audits/edistribucion_local_exception_hunt_v1024.csv;docs/research/distributor_regional_audits/remaining_regional_distributor_candidates_v1023.csv;docs/research/distributor_regional_audits/remaining_regional_review_queue_by_dataset/aragon.csv,needs_municipal_primary_source,no,La presencia regional de e-distribución no prueba la distribuidora concreta de este municipio.
aragon,municipality:huesca::comunero_de_anso_y_hecho,Comunero de Ansó y Hecho,Huesca,wave_1,"E-Distribución Redes Digitales, S.L.U.",,regional_context_only,edistribucion_aragon_official,4,docs/research/distributor_regional_audits/edistribucion_local_exception_hunt_by_dataset/aragon.csv;docs/research/distributor_regional_audits/edistribucion_local_exception_hunt_v1024.csv;docs/research/distributor_regional_audits/remaining_regional_distributor_candidates_v1023.csv;docs/research/distributor_regional_audits/remaining_regional_review_queue_by_dataset/aragon.csv,needs_municipal_primary_source,no,La presencia regional de e-distribución no prueba la distribuidora concreta de este municipio.
aragon,municipality:huesca::el_grado,El Grado,Huesca,wave_1,"E-Distribución Redes Digitales, S.L.U.",,regional_context_only,edistribucion_aragon_official,4,docs/research/distributor_regional_audits/edistribucion_local_exception_hunt_by_dataset/aragon.csv;docs/research/distributor_regional_audits/edistribucion_local_exception_hunt_v1024.csv;docs/research/distributor_regional_audits/remaining_regional_distributor_candidates_v1023.csv;docs/research/distributor_regional_audits/remaining_regional_review_queue_by_dataset/aragon.csv,needs_municipal_primary_source,no,La presencia regional de e-distribución no prueba la distribuidora concreta de este municipio.
aragon,municipality:huesca::el_pueyo_de_araguas,El Pueyo de Araguás,Huesca,wave_1,"E-Distribución Redes Digitales, S.L.U.",,regional_context_only,edistribucion_aragon_official,4,docs/research/distributor_regional_audits/edistribucion_local_exception_hunt_by_dataset/aragon.csv;docs/research/distributor_regional_audits/edistribucion_local_exception_hunt_v1024.csv;docs/research/distributor_regional_audits/remaining_regional_distributor_candidates_v1023.csv;docs/research/distributor_regional_audits/remaining_regional_review_queue_by_dataset/aragon.csv,needs_municipal_primary_source,no,La presencia regional de e-distribución no prueba la distribuidora concreta de este municipio.
aragon,municipality:huesca::esplus,Esplús,Huesca,wave_1,"E-Distribución Redes Digitales, S.L.U.",,regional_context_only,edistribucion_aragon_official,4,docs/research/distributor_regional_audits/edistribucion_local_exception_hunt_by_dataset/aragon.csv;docs/research/distributor_regional_audits/edistribucion_local_exception_hunt_v1024.csv;docs/research/distributor_regional_audits/remaining_regional_distributor_candidates_v1023.csv;docs/research/distributor_regional_audits/remaining_regional_review_queue_by_dataset/aragon.csv,needs_municipal_primary_source,no,La presencia regional de e-distribución no prueba la distribuidora concreta de este municipio.
aragon,municipality:huesca::estada,Estada,Huesca,wave_1,"E-Distribución Redes Digitales, S.L.U.",,regional_context_only,edistribucion_aragon_official,4,docs/research/distributor_regional_audits/edistribucion_local_exception_hunt_by_dataset/aragon.csv;docs/research/distributor_regional_audits/edistribucion_local_exception_hunt_v1024.csv;docs/research/distributor_regional_audits/remaining_regional_distributor_candidates_v1023.csv;docs/research/distributor_regional_audits/remaining_regional_review_queue_by_dataset/aragon.csv,needs_municipal_primary_source,no,La presencia regional de e-distribución no prueba la distribuidora concreta de este municipio.
aragon,municipality:huesca::estadilla,Estadilla,Huesca,wave_1,"E-Distribución Redes Digitales, S.L.U.",,regional_context_only,edistribucion_aragon_official,4,docs/research/distributor_regional_audits/edistribucion_local_exception_hunt_by_dataset/aragon.csv;docs/research/distributor_regional_audits/edistribucion_local_exception_hunt_v1024.csv;docs/research/distributor_regional_audits/remaining_regional_distributor_candidates_v1023.csv;docs/research/distributor_regional_audits/remaining_regional_review_queue_by_dataset/aragon.csv,needs_municipal_primary_source,no,La presencia regional de e-distribución no prueba la distribuidora concreta de este municipio.
aragon,municipality:huesca::estopinan_del_castillo,Estopiñán del Castillo,Huesca,wave_1,"E-Distribución Redes Digitales, S.L.U.",,regional_context_only,edistribucion_aragon_official,4,docs/research/distributor_regional_audits/edistribucion_local_exception_hunt_by_dataset/aragon.csv;docs/research/distributor_regional_audits/edistribucion_local_exception_hunt_v1024.csv;docs/research/distributor_regional_audits/remaining_regional_distributor_candidates_v1023.csv;docs/research/distributor_regional_audits/remaining_regional_review_queue_by_dataset/aragon.csv,needs_municipal_primary_source,no,La presencia regional de e-distribución no prueba la distribuidora concreta de este municipio.
aragon,municipality:huesca::fago,Fago,Huesca,wave_1,"E-Distribución Redes Digitales, S.L.U.",,regional_context_only,edistribucion_aragon_official,4,docs/research/distributor_regional_audits/edistribucion_local_exception_hunt_by_dataset/aragon.csv;docs/research/distributor_regional_audits/edistribucion_local_exception_hunt_v1024.csv;docs/research/distributor_regional_audits/remaining_regional_distributor_candidates_v1023.csv;docs/research/distributor_regional_audits/remaining_regional_review_queue_by_dataset/aragon.csv,needs_municipal_primary_source,no,La presencia regional de e-distribución no prueba la distribuidora concreta de este municipio.
aragon,municipality:huesca::fanlo,Fanlo,Huesca,wave_1,"E-Distribución Redes Digitales, S.L.U.",,regional_context_only,edistribucion_aragon_official,4,docs/research/distributor_regional_audits/edistribucion_local_exception_hunt_by_dataset/aragon.csv;docs/research/distributor_regional_audits/edistribucion_local_exception_hunt_v1024.csv;docs/research/distributor_regional_audits/remaining_regional_distributor_candidates_v1023.csv;docs/research/distributor_regional_audits/remaining_regional_review_queue_by_dataset/aragon.csv,needs_municipal_primary_source,no,La presencia regional de e-distribución no prueba la distribuidora concreta de este municipio.
aragon,municipality:huesca::fiscal,Fiscal,Huesca,wave_1,"E-Distribución Redes Digitales, S.L.U.",,regional_context_only,edistribucion_aragon_official,4,docs/research/distributor_regional_audits/edistribucion_local_exception_hunt_by_dataset/aragon.csv;docs/research/distributor_regional_audits/edistribucion_local_exception_hunt_v1024.csv;docs/research/distributor_regional_audits/remaining_regional_distributor_candidates_v1023.csv;docs/research/distributor_regional_audits/remaining_regional_review_queue_by_dataset/aragon.csv,needs_municipal_primary_source,no,La presencia regional de e-distribución no prueba la distribuidora concreta de este municipio.
aragon,municipality:huesca::fonz,Fonz,Huesca,wave_1,"E-Distribución Redes Digitales, S.L.U.",,regional_context_only,edistribucion_aragon_official,4,docs/research/distributor_regional_audits/edistribucion_local_exception_hunt_by_dataset/aragon.csv;docs/research/distributor_regional_audits/edistribucion_local_exception_hunt_v1024.csv;docs/research/distributor_regional_audits/remaining_regional_distributor_candidates_v1023.csv;docs/research/distributor_regional_audits/remaining_regional_review_queue_by_dataset/aragon.csv,needs_municipal_primary_source,no,La presencia regional de e-distribución no prueba la distribuidora concreta de este municipio.
aragon,municipality:huesca::foradada_del_toscar,Foradada del Toscar,Huesca,wave_1,"E-Distribución Redes Digitales, S.L.U.",,regional_context_only,edistribucion_aragon_official,4,docs/research/distributor_regional_audits/edistribucion_local_exception_hunt_by_dataset/aragon.csv;docs/research/distributor_regional_audits/edistribucion_local_exception_hunt_v1024.csv;docs/research/distributor_regional_audits/remaining_regional_distributor_candidates_v1023.csv;docs/research/distributor_regional_audits/remaining_regional_review_queue_by_dataset/aragon.csv,needs_municipal_primary_source,no,La presencia regional de e-distribución no prueba la distribuidora concreta de este municipio.
aragon,municipality:huesca::fraga,Fraga,Huesca,wave_1,"E-Distribución Redes Digitales, S.L.U.",,regional_context_only,edistribucion_aragon_official,4,docs/research/distributor_regional_audits/edistribucion_local_exception_hunt_by_dataset/aragon.csv;docs/research/distributor_regional_audits/edistribucion_local_exception_hunt_v1024.csv;docs/research/distributor_regional_audits/remaining_regional_distributor_candidates_v1023.csv;docs/research/distributor_regional_audits/remaining_regional_review_queue_by_dataset/aragon.csv,needs_municipal_primary_source,no,La presencia regional de e-distribución no prueba la distribuidora concreta de este municipio.
aragon,municipality:huesca::gistain,Gistaín,Huesca,wave_1,"E-Distribución Redes Digitales, S.L.U.",,regional_context_only,edistribucion_aragon_official,4,docs/research/distributor_regional_audits/edistribucion_local_exception_hunt_by_dataset/aragon.csv;docs/research/distributor_regional_audits/edistribucion_local_exception_hunt_v1024.csv;docs/research/distributor_regional_audits/remaining_regional_distributor_candidates_v1023.csv;docs/research/distributor_regional_audits/remaining_regional_review_queue_by_dataset/aragon.csv,needs_municipal_primary_source,no,La presencia regional de e-distribución no prueba la distribuidora concreta de este municipio.
aragon,municipality:huesca::graus,Graus,Huesca,wave_1,"E-Distribución Redes Digitales, S.L.U.",,regional_context_only,edistribucion_aragon_official,4,docs/research/distributor_regional_audits/edistribucion_local_exception_hunt_by_dataset/aragon.csv;docs/research/distributor_regional_audits/edistribucion_local_exception_hunt_v1024.csv;docs/research/distributor_regional_audits/remaining_regional_distributor_candidates_v1023.csv;docs/research/distributor_regional_audits/remaining_regional_review_queue_by_dataset/aragon.csv,needs_municipal_primary_source,no,La presencia regional de e-distribución no prueba la distribuidora concreta de este municipio.
aragon,municipality:huesca::granen,Grañén,Huesca,wave_1,"E-Distribución Redes Digitales, S.L.U.",,regional_context_only,edistribucion_aragon_official,4,docs/research/distributor_regional_audits/edistribucion_local_exception_hunt_by_dataset/aragon.csv;docs/research/distributor_regional_audits/edistribucion_local_exception_hunt_v1024.csv;docs/research/distributor_regional_audits/remaining_regional_distributor_candidates_v1023.csv;docs/research/distributor_regional_audits/remaining_regional_review_queue_by_dataset/aragon.csv,needs_municipal_primary_source,no,La presencia regional de e-distribución no prueba la distribuidora concreta de este municipio.
aragon,municipality:huesca::gurrea_de_gallego,Gurrea de Gállego,Huesca,wave_1,"E-Distribución Redes Digitales, S.L.U.",,regional_context_only,edistribucion_aragon_official,4,docs/research/distributor_regional_audits/edistribucion_local_exception_hunt_by_dataset/aragon.csv;docs/research/distributor_regional_audits/edistribucion_local_exception_hunt_v1024.csv;docs/research/distributor_regional_audits/remaining_regional_distributor_candidates_v1023.csv;docs/research/distributor_regional_audits/remaining_regional_review_queue_by_dataset/aragon.csv,needs_municipal_primary_source,no,La presencia regional de e-distribución no prueba la distribuidora concreta de este municipio.
aragon,municipality:huesca::hoz_de_jaca,Hoz de Jaca,Huesca,wave_1,"E-Distribución Redes Digitales, S.L.U.",,regional_context_only,edistribucion_aragon_official,4,docs/research/distributor_regional_audits/edistribucion_local_exception_hunt_by_dataset/aragon.csv;docs/research/distributor_regional_audits/edistribucion_local_exception_hunt_v1024.csv;docs/research/distributor_regional_audits/remaining_regional_distributor_candidates_v1023.csv;docs/research/distributor_regional_audits/remaining_regional_review_queue_by_dataset/aragon.csv,needs_municipal_primary_source,no,La presencia regional de e-distribución no prueba la distribuidora concreta de este municipio.
aragon,municipality:huesca::hoz_y_costean,Hoz y Costean,Huesca,wave_1,"E-Distribución Redes Digitales, S.L.U.",,regional_context_only,edistribucion_aragon_official,4,docs/research/distributor_regional_audits/edistribucion_local_exception_hunt_by_dataset/aragon.csv;docs/research/distributor_regional_audits/edistribucion_local_exception_hunt_v1024.csv;docs/research/distributor_regional_audits/remaining_regional_distributor_candidates_v1023.csv;docs/research/distributor_regional_audits/remaining_regional_review_queue_by_dataset/aragon.csv,needs_municipal_primary_source,no,La presencia regional de e-distribución no prueba la distribuidora concreta de este municipio.
aragon,municipality:huesca::huerto,Huerto,Huesca,wave_1,"E-Distribución Redes Digitales, S.L.U.",,regional_context_only,edistribucion_aragon_official,4,docs/research/distributor_regional_audits/edistribucion_local_exception_hunt_by_dataset/aragon.csv;docs/research/distributor_regional_audits/edistribucion_local_exception_hunt_v1024.csv;docs/research/distributor_regional_audits/remaining_regional_distributor_candidates_v1023.csv;docs/research/distributor_regional_audits/remaining_regional_review_queue_by_dataset/aragon.csv,needs_municipal_primary_source,no,La presencia regional de e-distribución no prueba la distribuidora concreta de este municipio.
aragon,municipality:huesca::huesca,Huesca,Huesca,wave_1,"E-Distribución Redes Digitales, S.L.U.",,regional_context_only,edistribucion_aragon_official,4,docs/research/distributor_regional_audits/edistribucion_local_exception_hunt_by_dataset/aragon.csv;docs/research/distributor_regional_audits/edistribucion_local_exception_hunt_v1024.csv;docs/research/distributor_regional_audits/remaining_regional_distributor_candidates_v1023.csv;docs/research/distributor_regional_audits/remaining_regional_review_queue_by_dataset/aragon.csv,needs_municipal_primary_source,no,La presencia regional de e-distribución no prueba la distribuidora concreta de este municipio.
aragon,municipality:huesca::ibieca,Ibieca,Huesca,wave_1,"E-Distribución Redes Digitales, S.L.U.",,regional_context_only,edistribucion_aragon_official,4,docs/research/distributor_regional_audits/edistribucion_local_exception_hunt_by_dataset/aragon.csv;docs/research/distributor_regional_audits/edistribucion_local_exception_hunt_v1024.csv;docs/research/distributor_regional_audits/remaining_regional_distributor_candidates_v1023.csv;docs/research/distributor_regional_audits/remaining_regional_review_queue_by_dataset/aragon.csv,needs_municipal_primary_source,no,La presencia regional de e-distribución no prueba la distribuidora concreta de este municipio.
aragon,municipality:huesca::igries,Igriés,Huesca,wave_1,"E-Distribución Redes Digitales, S.L.U.",,regional_context_only,edistribucion_aragon_official,4,docs/research/distributor_regional_audits/edistribucion_local_exception_hunt_by_dataset/aragon.csv;docs/research/distributor_regional_audits/edistribucion_local_exception_hunt_v1024.csv;docs/research/distributor_regional_audits/remaining_regional_distributor_candidates_v1023.csv;docs/research/distributor_regional_audits/remaining_regional_review_queue_by_dataset/aragon.csv,needs_municipal_primary_source,no,La presencia regional de e-distribución no prueba la distribuidora concreta de este municipio.
aragon,municipality:huesca::ilche,Ilche,Huesca,wave_1,"E-Distribución Redes Digitales, S.L.U.",,regional_context_only,edistribucion_aragon_official,4,docs/research/distributor_regional_audits/edistribucion_local_exception_hunt_by_dataset/aragon.csv;docs/research/distributor_regional_audits/edistribucion_local_exception_hunt_v1024.csv;docs/research/distributor_regional_audits/remaining_regional_distributor_candidates_v1023.csv;docs/research/distributor_regional_audits/remaining_regional_review_queue_by_dataset/aragon.csv,needs_municipal_primary_source,no,La presencia regional de e-distribución no prueba la distribuidora concreta de este municipio.
aragon,municipality:huesca::isabena,Isábena,Huesca,wave_1,"E-Distribución Redes Digitales, S.L.U.",,regional_context_only,edistribucion_aragon_official,4,docs/research/distributor_regional_audits/edistribucion_local_exception_hunt_by_dataset/aragon.csv;docs/research/distributor_regional_audits/edistribucion_local_exception_hunt_v1024.csv;docs/research/distributor_regional_audits/remaining_regional_distributor_candidates_v1023.csv;docs/research/distributor_regional_audits/remaining_regional_review_queue_by_dataset/aragon.csv,needs_municipal_primary_source,no,La presencia regional de e-distribución no prueba la distribuidora concreta de este municipio.
aragon,municipality:huesca::jaca,Jaca,Huesca,wave_1,"E-Distribución Redes Digitales, S.L.U.",,regional_context_only,edistribucion_aragon_official,4,docs/research/distributor_regional_audits/edistribucion_local_exception_hunt_by_dataset/aragon.csv;docs/research/distributor_regional_audits/edistribucion_local_exception_hunt_v1024.csv;docs/research/distributor_regional_audits/remaining_regional_distributor_candidates_v1023.csv;docs/research/distributor_regional_audits/remaining_regional_review_queue_by_dataset/aragon.csv,needs_municipal_primary_source,no,La presencia regional de e-distribución no prueba la distribuidora concreta de este municipio.
aragon,municipality:huesca::jasa,Jasa,Huesca,wave_1,"E-Distribución Redes Digitales, S.L.U.",,regional_context_only,edistribucion_aragon_official,4,docs/research/distributor_regional_audits/edistribucion_local_exception_hunt_by_dataset/aragon.csv;docs/research/distributor_regional_audits/edistribucion_local_exception_hunt_v1024.csv;docs/research/distributor_regional_audits/remaining_regional_distributor_candidates_v1023.csv;docs/research/distributor_regional_audits/remaining_regional_review_queue_by_dataset/aragon.csv,needs_municipal_primary_source,no,La presencia regional de e-distribución no prueba la distribuidora concreta de este municipio.
aragon,municipality:huesca::la_fueva,La Fueva,Huesca,wave_1,"E-Distribución Redes Digitales, S.L.U.",,regional_context_only,edistribucion_aragon_official,4,docs/research/distributor_regional_audits/edistribucion_local_exception_hunt_by_dataset/aragon.csv;docs/research/distributor_regional_audits/edistribucion_local_exception_hunt_v1024.csv;docs/research/distributor_regional_audits/remaining_regional_distributor_candidates_v1023.csv;docs/research/distributor_regional_audits/remaining_regional_review_queue_by_dataset/aragon.csv,needs_municipal_primary_source,no,La presencia regional de e-distribución no prueba la distribuidora concreta de este municipio.
aragon,municipality:huesca::la_puebla_de_castro,La Puebla de Castro,Huesca,wave_1,"E-Distribución Redes Digitales, S.L.U.",,regional_context_only,edistribucion_aragon_official,4,docs/research/distributor_regional_audits/edistribucion_local_exception_hunt_by_dataset/aragon.csv;docs/research/distributor_regional_audits/edistribucion_local_exception_hunt_v1024.csv;docs/research/distributor_regional_audits/remaining_regional_distributor_candidates_v1023.csv;docs/research/distributor_regional_audits/remaining_regional_review_queue_by_dataset/aragon.csv,needs_municipal_primary_source,no,La presencia regional de e-distribución no prueba la distribuidora concreta de este municipio.
aragon,municipality:huesca::la_sotonera,La Sotonera,Huesca,wave_1,"E-Distribución Redes Digitales, S.L.U.",,regional_context_only,edistribucion_aragon_official,4,docs/research/distributor_regional_audits/edistribucion_local_exception_hunt_by_dataset/aragon.csv;docs/research/distributor_regional_audits/edistribucion_local_exception_hunt_v1024.csv;docs/research/distributor_regional_audits/remaining_regional_distributor_candidates_v1023.csv;docs/research/distributor_regional_audits/remaining_regional_review_queue_by_dataset/aragon.csv,needs_municipal_primary_source,no,La presencia regional de e-distribución no prueba la distribuidora concreta de este municipio.
aragon,municipality:huesca::labuerda,Labuerda,Huesca,wave_1,"E-Distribución Redes Digitales, S.L.U.",,regional_context_only,edistribucion_aragon_official,4,docs/research/distributor_regional_audits/edistribucion_local_exception_hunt_by_dataset/aragon.csv;docs/research/distributor_regional_audits/edistribucion_local_exception_hunt_v1024.csv;docs/research/distributor_regional_audits/remaining_regional_distributor_candidates_v1023.csv;docs/research/distributor_regional_audits/remaining_regional_review_queue_by_dataset/aragon.csv,needs_municipal_primary_source,no,La presencia regional de e-distribución no prueba la distribuidora concreta de este municipio.
aragon,municipality:huesca::laluenga,Laluenga,Huesca,wave_1,"E-Distribución Redes Digitales, S.L.U.",,regional_context_only,edistribucion_aragon_official,4,docs/research/distributor_regional_audits/edistribucion_local_exception_hunt_by_dataset/aragon.csv;docs/research/distributor_regional_audits/edistribucion_local_exception_hunt_v1024.csv;docs/research/distributor_regional_audits/remaining_regional_distributor_candidates_v1023.csv;docs/research/distributor_regional_audits/remaining_regional_review_queue_by_dataset/aragon.csv,needs_municipal_primary_source,no,La presencia regional de e-distribución no prueba la distribuidora concreta de este municipio.
aragon,municipality:huesca::lalueza,Lalueza,Huesca,wave_1,"E-Distribución Redes Digitales, S.L.U.",,regional_context_only,edistribucion_aragon_official,4,docs/research/distributor_regional_audits/edistribucion_local_exception_hunt_by_dataset/aragon.csv;docs/research/distributor_regional_audits/edistribucion_local_exception_hunt_v1024.csv;docs/research/distributor_regional_audits/remaining_regional_distributor_candidates_v1023.csv;docs/research/distributor_regional_audits/remaining_regional_review_queue_by_dataset/aragon.csv,needs_municipal_primary_source,no,La presencia regional de e-distribución no prueba la distribuidora concreta de este municipio.
aragon,municipality:huesca::lanaja,Lanaja,Huesca,wave_1,"E-Distribución Redes Digitales, S.L.U.",,regional_context_only,edistribucion_aragon_official,4,docs/research/distributor_regional_audits/edistribucion_local_exception_hunt_by_dataset/aragon.csv;docs/research/distributor_regional_audits/edistribucion_local_exception_hunt_v1024.csv;docs/research/distributor_regional_audits/remaining_regional_distributor_candidates_v1023.csv;docs/research/distributor_regional_audits/remaining_regional_review_queue_by_dataset/aragon.csv,needs_municipal_primary_source,no,La presencia regional de e-distribución no prueba la distribuidora concreta de este municipio.
aragon,municipality:huesca::laperdiguera,Laperdiguera,Huesca,wave_1,"E-Distribución Redes Digitales, S.L.U.",,regional_context_only,edistribucion_aragon_official,4,docs/research/distributor_regional_audits/edistribucion_local_exception_hunt_by_dataset/aragon.csv;docs/research/distributor_regional_audits/edistribucion_local_exception_hunt_v1024.csv;docs/research/distributor_regional_audits/remaining_regional_distributor_candidates_v1023.csv;docs/research/distributor_regional_audits/remaining_regional_review_queue_by_dataset/aragon.csv,needs_municipal_primary_source,no,La presencia regional de e-distribución no prueba la distribuidora concreta de este municipio.
aragon,municipality:huesca::las_penas_de_riglos,Las Peñas de Riglos,Huesca,wave_1,"E-Distribución Redes Digitales, S.L.U.",,regional_context_only,edistribucion_aragon_official,4,docs/research/distributor_regional_audits/edistribucion_local_exception_hunt_by_dataset/aragon.csv;docs/research/distributor_regional_audits/edistribucion_local_exception_hunt_v1024.csv;docs/research/distributor_regional_audits/remaining_regional_distributor_candidates_v1023.csv;docs/research/distributor_regional_audits/remaining_regional_review_queue_by_dataset/aragon.csv,needs_municipal_primary_source,no,La presencia regional de e-distribución no prueba la distribuidora concreta de este municipio.
aragon,municipality:huesca::lascellas_ponzano,Lascellas-Ponzano,Huesca,wave_1,"E-Distribución Redes Digitales, S.L.U.",,regional_context_only,edistribucion_aragon_official,4,docs/research/distributor_regional_audits/edistribucion_local_exception_hunt_by_dataset/aragon.csv;docs/research/distributor_regional_audits/edistribucion_local_exception_hunt_v1024.csv;docs/research/distributor_regional_audits/remaining_regional_distributor_candidates_v1023.csv;docs/research/distributor_regional_audits/remaining_regional_review_queue_by_dataset/aragon.csv,needs_municipal_primary_source,no,La presencia regional de e-distribución no prueba la distribuidora concreta de este municipio.
aragon,municipality:huesca::lascuarre,Lascuarre,Huesca,wave_1,"E-Distribución Redes Digitales, S.L.U.",,regional_context_only,edistribucion_aragon_official,4,docs/research/distributor_regional_audits/edistribucion_local_exception_hunt_by_dataset/aragon.csv;docs/research/distributor_regional_audits/edistribucion_local_exception_hunt_v1024.csv;docs/research/distributor_regional_audits/remaining_regional_distributor_candidates_v1023.csv;docs/research/distributor_regional_audits/remaining_regional_review_queue_by_dataset/aragon.csv,needs_municipal_primary_source,no,La presencia regional de e-distribución no prueba la distribuidora concreta de este municipio.
aragon,municipality:huesca::laspaules,Laspaúles,Huesca,wave_1,"E-Distribución Redes Digitales, S.L.U.",,regional_context_only,edistribucion_aragon_official,4,docs/research/distributor_regional_audits/edistribucion_local_exception_hunt_by_dataset/aragon.csv;docs/research/distributor_regional_audits/edistribucion_local_exception_hunt_v1024.csv;docs/research/distributor_regional_audits/remaining_regional_distributor_candidates_v1023.csv;docs/research/distributor_regional_audits/remaining_regional_review_queue_by_dataset/aragon.csv,needs_municipal_primary_source,no,La presencia regional de e-distribución no prueba la distribuidora concreta de este municipio.
aragon,municipality:huesca::laspuna,Laspuña,Huesca,wave_1,"E-Distribución Redes Digitales, S.L.U.",,regional_context_only,edistribucion_aragon_official,4,docs/research/distributor_regional_audits/edistribucion_local_exception_hunt_by_dataset/aragon.csv;docs/research/distributor_regional_audits/edistribucion_local_exception_hunt_v1024.csv;docs/research/distributor_regional_audits/remaining_regional_distributor_candidates_v1023.csv;docs/research/distributor_regional_audits/remaining_regional_review_queue_by_dataset/aragon.csv,needs_municipal_primary_source,no,La presencia regional de e-distribución no prueba la distribuidora concreta de este municipio.
aragon,municipality:huesca::loarre,Loarre,Huesca,wave_1,"E-Distribución Redes Digitales, S.L.U.",,regional_context_only,edistribucion_aragon_official,4,docs/research/distributor_regional_audits/edistribucion_local_exception_hunt_by_dataset/aragon.csv;docs/research/distributor_regional_audits/edistribucion_local_exception_hunt_v1024.csv;docs/research/distributor_regional_audits/remaining_regional_distributor_candidates_v1023.csv;docs/research/distributor_regional_audits/remaining_regional_review_queue_by_dataset/aragon.csv,needs_municipal_primary_source,no,La presencia regional de e-distribución no prueba la distribuidora concreta de este municipio.
aragon,municipality:huesca::loporzano,Loporzano,Huesca,wave_1,"E-Distribución Redes Digitales, S.L.U.",,regional_context_only,edistribucion_aragon_official,4,docs/research/distributor_regional_audits/edistribucion_local_exception_hunt_by_dataset/aragon.csv;docs/research/distributor_regional_audits/edistribucion_local_exception_hunt_v1024.csv;docs/research/distributor_regional_audits/remaining_regional_distributor_candidates_v1023.csv;docs/research/distributor_regional_audits/remaining_regional_review_queue_by_dataset/aragon.csv,needs_municipal_primary_source,no,La presencia regional de e-distribución no prueba la distribuidora concreta de este municipio.
aragon,municipality:huesca::loscorrales,Loscorrales,Huesca,wave_1,"E-Distribución Redes Digitales, S.L.U.",,regional_context_only,edistribucion_aragon_official,4,docs/research/distributor_regional_audits/edistribucion_local_exception_hunt_by_dataset/aragon.csv;docs/research/distributor_regional_audits/edistribucion_local_exception_hunt_v1024.csv;docs/research/distributor_regional_audits/remaining_regional_distributor_candidates_v1023.csv;docs/research/distributor_regional_audits/remaining_regional_review_queue_by_dataset/aragon.csv,needs_municipal_primary_source,no,La presencia regional de e-distribución no prueba la distribuidora concreta de este municipio.
aragon,municipality:huesca::lupinen_ortilla,Lupiñén-Ortilla,Huesca,wave_1,"E-Distribución Redes Digitales, S.L.U.",,regional_context_only,edistribucion_aragon_official,4,docs/research/distributor_regional_audits/edistribucion_local_exception_hunt_by_dataset/aragon.csv;docs/research/distributor_regional_audits/edistribucion_local_exception_hunt_v1024.csv;docs/research/distributor_regional_audits/remaining_regional_distributor_candidates_v1023.csv;docs/research/distributor_regional_audits/remaining_regional_review_queue_by_dataset/aragon.csv,needs_municipal_primary_source,no,La presencia regional de e-distribución no prueba la distribuidora concreta de este municipio.
aragon,municipality:huesca::monesma_y_cajigar,Monesma y Cajigar,Huesca,wave_1,"E-Distribución Redes Digitales, S.L.U.",,regional_context_only,edistribucion_aragon_official,4,docs/research/distributor_regional_audits/edistribucion_local_exception_hunt_by_dataset/aragon.csv;docs/research/distributor_regional_audits/edistribucion_local_exception_hunt_v1024.csv;docs/research/distributor_regional_audits/remaining_regional_distributor_candidates_v1023.csv;docs/research/distributor_regional_audits/remaining_regional_review_queue_by_dataset/aragon.csv,needs_municipal_primary_source,no,La presencia regional de e-distribución no prueba la distribuidora concreta de este municipio.
aragon,municipality:huesca::monflorite_lascasas,Monflorite-Lascasas,Huesca,wave_1,"E-Distribución Redes Digitales, S.L.U.",,regional_context_only,edistribucion_aragon_official,4,docs/research/distributor_regional_audits/edistribucion_local_exception_hunt_by_dataset/aragon.csv;docs/research/distributor_regional_audits/edistribucion_local_exception_hunt_v1024.csv;docs/research/distributor_regional_audits/remaining_regional_distributor_candidates_v1023.csv;docs/research/distributor_regional_audits/remaining_regional_review_queue_by_dataset/aragon.csv,needs_municipal_primary_source,no,La presencia regional de e-distribución no prueba la distribuidora concreta de este municipio.
aragon,municipality:huesca::montanuy,Montanuy,Huesca,wave_1,"E-Distribución Redes Digitales, S.L.U.",,regional_context_only,edistribucion_aragon_official,4,docs/research/distributor_regional_audits/edistribucion_local_exception_hunt_by_dataset/aragon.csv;docs/research/distributor_regional_audits/edistribucion_local_exception_hunt_v1024.csv;docs/research/distributor_regional_audits/remaining_regional_distributor_candidates_v1023.csv;docs/research/distributor_regional_audits/remaining_regional_review_queue_by_dataset/aragon.csv,needs_municipal_primary_source,no,La presencia regional de e-distribución no prueba la distribuidora concreta de este municipio.
aragon,municipality:huesca::monzon,Monzón,Huesca,wave_1,"E-Distribución Redes Digitales, S.L.U.",,regional_context_only,edistribucion_aragon_official,4,docs/research/distributor_regional_audits/edistribucion_local_exception_hunt_by_dataset/aragon.csv;docs/research/distributor_regional_audits/edistribucion_local_exception_hunt_v1024.csv;docs/research/distributor_regional_audits/remaining_regional_distributor_candidates_v1023.csv;docs/research/distributor_regional_audits/remaining_regional_review_queue_by_dataset/aragon.csv,needs_municipal_primary_source,no,La presencia regional de e-distribución no prueba la distribuidora concreta de este municipio.
aragon,municipality:huesca::naval,Naval,Huesca,wave_1,"E-Distribución Redes Digitales, S.L.U.",,regional_context_only,edistribucion_aragon_official,4,docs/research/distributor_regional_audits/edistribucion_local_exception_hunt_by_dataset/aragon.csv;docs/research/distributor_regional_audits/edistribucion_local_exception_hunt_v1024.csv;docs/research/distributor_regional_audits/remaining_regional_distributor_candidates_v1023.csv;docs/research/distributor_regional_audits/remaining_regional_review_queue_by_dataset/aragon.csv,needs_municipal_primary_source,no,La presencia regional de e-distribución no prueba la distribuidora concreta de este municipio.
aragon,municipality:huesca::novales,Novales,Huesca,wave_1,"E-Distribución Redes Digitales, S.L.U.",,regional_context_only,edistribucion_aragon_official,4,docs/research/distributor_regional_audits/edistribucion_local_exception_hunt_by_dataset/aragon.csv;docs/research/distributor_regional_audits/edistribucion_local_exception_hunt_v1024.csv;docs/research/distributor_regional_audits/remaining_regional_distributor_candidates_v1023.csv;docs/research/distributor_regional_audits/remaining_regional_review_queue_by_dataset/aragon.csv,needs_municipal_primary_source,no,La presencia regional de e-distribución no prueba la distribuidora concreta de este municipio.
aragon,municipality:huesca::nueno,Nueno,Huesca,wave_1,"E-Distribución Redes Digitales, S.L.U.",,regional_context_only,edistribucion_aragon_official,4,docs/research/distributor_regional_audits/edistribucion_local_exception_hunt_by_dataset/aragon.csv;docs/research/distributor_regional_audits/edistribucion_local_exception_hunt_v1024.csv;docs/research/distributor_regional_audits/remaining_regional_distributor_candidates_v1023.csv;docs/research/distributor_regional_audits/remaining_regional_review_queue_by_dataset/aragon.csv,needs_municipal_primary_source,no,La presencia regional de e-distribución no prueba la distribuidora concreta de este municipio.
aragon,municipality:huesca::olvena,Olvena,Huesca,wave_1,"E-Distribución Redes Digitales, S.L.U.",,regional_context_only,edistribucion_aragon_official,4,docs/research/distributor_regional_audits/edistribucion_local_exception_hunt_by_dataset/aragon.csv;docs/research/distributor_regional_audits/edistribucion_local_exception_hunt_v1024.csv;docs/research/distributor_regional_audits/remaining_regional_distributor_candidates_v1023.csv;docs/research/distributor_regional_audits/remaining_regional_review_queue_by_dataset/aragon.csv,needs_municipal_primary_source,no,La presencia regional de e-distribución no prueba la distribuidora concreta de este municipio.
aragon,municipality:huesca::ontinena,Ontiñena,Huesca,wave_1,"E-Distribución Redes Digitales, S.L.U.",,regional_context_only,edistribucion_aragon_official,4,docs/research/distributor_regional_audits/edistribucion_local_exception_hunt_by_dataset/aragon.csv;docs/research/distributor_regional_audits/edistribucion_local_exception_hunt_v1024.csv;docs/research/distributor_regional_audits/remaining_regional_distributor_candidates_v1023.csv;docs/research/distributor_regional_audits/remaining_regional_review_queue_by_dataset/aragon.csv,needs_municipal_primary_source,no,La presencia regional de e-distribución no prueba la distribuidora concreta de este municipio.
aragon,municipality:huesca::osso_de_cinca,Osso de Cinca,Huesca,wave_1,"E-Distribución Redes Digitales, S.L.U.",,regional_context_only,edistribucion_aragon_official,4,docs/research/distributor_regional_audits/edistribucion_local_exception_hunt_by_dataset/aragon.csv;docs/research/distributor_regional_audits/edistribucion_local_exception_hunt_v1024.csv;docs/research/distributor_regional_audits/remaining_regional_distributor_candidates_v1023.csv;docs/research/distributor_regional_audits/remaining_regional_review_queue_by_dataset/aragon.csv,needs_municipal_primary_source,no,La presencia regional de e-distribución no prueba la distribuidora concreta de este municipio.
aragon,municipality:huesca::palo,Palo,Huesca,wave_1,"E-Distribución Redes Digitales, S.L.U.",,regional_context_only,edistribucion_aragon_official,4,docs/research/distributor_regional_audits/edistribucion_local_exception_hunt_by_dataset/aragon.csv;docs/research/distributor_regional_audits/edistribucion_local_exception_hunt_v1024.csv;docs/research/distributor_regional_audits/remaining_regional_distributor_candidates_v1023.csv;docs/research/distributor_regional_audits/remaining_regional_review_queue_by_dataset/aragon.csv,needs_municipal_primary_source,no,La presencia regional de e-distribución no prueba la distribuidora concreta de este municipio.
aragon,municipality:huesca::panticosa,Panticosa,Huesca,wave_1,"E-Distribución Redes Digitales, S.L.U.",,regional_context_only,edistribucion_aragon_official,4,docs/research/distributor_regional_audits/edistribucion_local_exception_hunt_by_dataset/aragon.csv;docs/research/distributor_regional_audits/edistribucion_local_exception_hunt_v1024.csv;docs/research/distributor_regional_audits/remaining_regional_distributor_candidates_v1023.csv;docs/research/distributor_regional_audits/remaining_regional_review_queue_by_dataset/aragon.csv,needs_municipal_primary_source,no,La presencia regional de e-distribución no prueba la distribuidora concreta de este municipio.
aragon,municipality:huesca::peralta_de_alcofea,Peralta de Alcofea,Huesca,wave_1,"E-Distribución Redes Digitales, S.L.U.",,regional_context_only,edistribucion_aragon_official,4,docs/research/distributor_regional_audits/edistribucion_local_exception_hunt_by_dataset/aragon.csv;docs/research/distributor_regional_audits/edistribucion_local_exception_hunt_v1024.csv;docs/research/distributor_regional_audits/remaining_regional_distributor_candidates_v1023.csv;docs/research/distributor_regional_audits/remaining_regional_review_queue_by_dataset/aragon.csv,needs_municipal_primary_source,no,La presencia regional de e-distribución no prueba la distribuidora concreta de este municipio.
aragon,municipality:huesca::peralta_de_calasanz,Peralta de Calasanz,Huesca,wave_1,"E-Distribución Redes Digitales, S.L.U.",,regional_context_only,edistribucion_aragon_official,4,docs/research/distributor_regional_audits/edistribucion_local_exception_hunt_by_dataset/aragon.csv;docs/research/distributor_regional_audits/edistribucion_local_exception_hunt_v1024.csv;docs/research/distributor_regional_audits/remaining_regional_distributor_candidates_v1023.csv;docs/research/distributor_regional_audits/remaining_regional_review_queue_by_dataset/aragon.csv,needs_municipal_primary_source,no,La presencia regional de e-distribución no prueba la distribuidora concreta de este municipio.
aragon,municipality:huesca::peraltilla,Peraltilla,Huesca,wave_1,"E-Distribución Redes Digitales, S.L.U.",,regional_context_only,edistribucion_aragon_official,4,docs/research/distributor_regional_audits/edistribucion_local_exception_hunt_by_dataset/aragon.csv;docs/research/distributor_regional_audits/edistribucion_local_exception_hunt_v1024.csv;docs/research/distributor_regional_audits/remaining_regional_distributor_candidates_v1023.csv;docs/research/distributor_regional_audits/remaining_regional_review_queue_by_dataset/aragon.csv,needs_municipal_primary_source,no,La presencia regional de e-distribución no prueba la distribuidora concreta de este municipio.
aragon,municipality:huesca::perarrua,Perarrúa,Huesca,wave_1,"E-Distribución Redes Digitales, S.L.U.",,regional_context_only,edistribucion_aragon_official,4,docs/research/distributor_regional_audits/edistribucion_local_exception_hunt_by_dataset/aragon.csv;docs/research/distributor_regional_audits/edistribucion_local_exception_hunt_v1024.csv;docs/research/distributor_regional_audits/remaining_regional_distributor_candidates_v1023.csv;docs/research/distributor_regional_audits/remaining_regional_review_queue_by_dataset/aragon.csv,needs_municipal_primary_source,no,La presencia regional de e-distribución no prueba la distribuidora concreta de este municipio.
aragon,municipality:huesca::pertusa,Pertusa,Huesca,wave_1,"E-Distribución Redes Digitales, S.L.U.",,regional_context_only,edistribucion_aragon_official,4,docs/research/distributor_regional_audits/edistribucion_local_exception_hunt_by_dataset/aragon.csv;docs/research/distributor_regional_audits/edistribucion_local_exception_hunt_v1024.csv;docs/research/distributor_regional_audits/remaining_regional_distributor_candidates_v1023.csv;docs/research/distributor_regional_audits/remaining_regional_review_queue_by_dataset/aragon.csv,needs_municipal_primary_source,no,La presencia regional de e-distribución no prueba la distribuidora concreta de este municipio.
aragon,municipality:huesca::penalba,Peñalba,Huesca,wave_1,"E-Distribución Redes Digitales, S.L.U.",,regional_context_only,edistribucion_aragon_official,4,docs/research/distributor_regional_audits/edistribucion_local_exception_hunt_by_dataset/aragon.csv;docs/research/distributor_regional_audits/edistribucion_local_exception_hunt_v1024.csv;docs/research/distributor_regional_audits/remaining_regional_distributor_candidates_v1023.csv;docs/research/distributor_regional_audits/remaining_regional_review_queue_by_dataset/aragon.csv,needs_municipal_primary_source,no,La presencia regional de e-distribución no prueba la distribuidora concreta de este municipio.
aragon,municipality:huesca::piraces,Piracés,Huesca,wave_1,"E-Distribución Redes Digitales, S.L.U.",,regional_context_only,edistribucion_aragon_official,4,docs/research/distributor_regional_audits/edistribucion_local_exception_hunt_by_dataset/aragon.csv;docs/research/distributor_regional_audits/edistribucion_local_exception_hunt_v1024.csv;docs/research/distributor_regional_audits/remaining_regional_distributor_candidates_v1023.csv;docs/research/distributor_regional_audits/remaining_regional_review_queue_by_dataset/aragon.csv,needs_municipal_primary_source,no,La presencia regional de e-distribución no prueba la distribuidora concreta de este municipio.
aragon,municipality:huesca::plan,Plan,Huesca,wave_1,"E-Distribución Redes Digitales, S.L.U.",,regional_context_only,edistribucion_aragon_official,4,docs/research/distributor_regional_audits/edistribucion_local_exception_hunt_by_dataset/aragon.csv;docs/research/distributor_regional_audits/edistribucion_local_exception_hunt_v1024.csv;docs/research/distributor_regional_audits/remaining_regional_distributor_candidates_v1023.csv;docs/research/distributor_regional_audits/remaining_regional_review_queue_by_dataset/aragon.csv,needs_municipal_primary_source,no,La presencia regional de e-distribución no prueba la distribuidora concreta de este municipio.
aragon,municipality:huesca::polenino,Poleñino,Huesca,wave_1,"E-Distribución Redes Digitales, S.L.U.",,regional_context_only,edistribucion_aragon_official,4,docs/research/distributor_regional_audits/edistribucion_local_exception_hunt_by_dataset/aragon.csv;docs/research/distributor_regional_audits/edistribucion_local_exception_hunt_v1024.csv;docs/research/distributor_regional_audits/remaining_regional_distributor_candidates_v1023.csv;docs/research/distributor_regional_audits/remaining_regional_review_queue_by_dataset/aragon.csv,needs_municipal_primary_source,no,La presencia regional de e-distribución no prueba la distribuidora concreta de este municipio.
aragon,municipality:huesca::pozan_de_vero,Pozán de Vero,Huesca,wave_1,"E-Distribución Redes Digitales, S.L.U.",,regional_context_only,edistribucion_aragon_official,4,docs/research/distributor_regional_audits/edistribucion_local_exception_hunt_by_dataset/aragon.csv;docs/research/distributor_regional_audits/edistribucion_local_exception_hunt_v1024.csv;docs/research/distributor_regional_audits/remaining_regional_distributor_candidates_v1023.csv;docs/research/distributor_regional_audits/remaining_regional_review_queue_by_dataset/aragon.csv,needs_municipal_primary_source,no,La presencia regional de e-distribución no prueba la distribuidora concreta de este municipio.
aragon,municipality:huesca::puente_de_montanana,Puente de Montañana,Huesca,wave_1,"E-Distribución Redes Digitales, S.L.U.",,regional_context_only,edistribucion_aragon_official,4,docs/research/distributor_regional_audits/edistribucion_local_exception_hunt_by_dataset/aragon.csv;docs/research/distributor_regional_audits/edistribucion_local_exception_hunt_v1024.csv;docs/research/distributor_regional_audits/remaining_regional_distributor_candidates_v1023.csv;docs/research/distributor_regional_audits/remaining_regional_review_queue_by_dataset/aragon.csv,needs_municipal_primary_source,no,La presencia regional de e-distribución no prueba la distribuidora concreta de este municipio.
aragon,municipality:huesca::puente_la_reina_de_jaca,Puente la Reina de Jaca,Huesca,wave_1,"E-Distribución Redes Digitales, S.L.U.",,regional_context_only,edistribucion_aragon_official,4,docs/research/distributor_regional_audits/edistribucion_local_exception_hunt_by_dataset/aragon.csv;docs/research/distributor_regional_audits/edistribucion_local_exception_hunt_v1024.csv;docs/research/distributor_regional_audits/remaining_regional_distributor_candidates_v1023.csv;docs/research/distributor_regional_audits/remaining_regional_review_queue_by_dataset/aragon.csv,needs_municipal_primary_source,no,La presencia regional de e-distribución no prueba la distribuidora concreta de este municipio.
aragon,municipality:huesca::pueyo_de_santa_cruz,Pueyo de Santa Cruz,Huesca,wave_1,"E-Distribución Redes Digitales, S.L.U.",,regional_context_only,edistribucion_aragon_official,4,docs/research/distributor_regional_audits/edistribucion_local_exception_hunt_by_dataset/aragon.csv;docs/research/distributor_regional_audits/edistribucion_local_exception_hunt_v1024.csv;docs/research/distributor_regional_audits/remaining_regional_distributor_candidates_v1023.csv;docs/research/distributor_regional_audits/remaining_regional_review_queue_by_dataset/aragon.csv,needs_municipal_primary_source,no,La presencia regional de e-distribución no prueba la distribuidora concreta de este municipio.
aragon,municipality:huesca::puertolas,Puértolas,Huesca,wave_1,"E-Distribución Redes Digitales, S.L.U.",,regional_context_only,edistribucion_aragon_official,4,docs/research/distributor_regional_audits/edistribucion_local_exception_hunt_by_dataset/aragon.csv;docs/research/distributor_regional_audits/edistribucion_local_exception_hunt_v1024.csv;docs/research/distributor_regional_audits/remaining_regional_distributor_candidates_v1023.csv;docs/research/distributor_regional_audits/remaining_regional_review_queue_by_dataset/aragon.csv,needs_municipal_primary_source,no,La presencia regional de e-distribución no prueba la distribuidora concreta de este municipio.
aragon,municipality:huesca::quicena,Quicena,Huesca,wave_1,"E-Distribución Redes Digitales, S.L.U.",,regional_context_only,edistribucion_aragon_official,4,docs/research/distributor_regional_audits/edistribucion_local_exception_hunt_by_dataset/aragon.csv;docs/research/distributor_regional_audits/edistribucion_local_exception_hunt_v1024.csv;docs/research/distributor_regional_audits/remaining_regional_distributor_candidates_v1023.csv;docs/research/distributor_regional_audits/remaining_regional_review_queue_by_dataset/aragon.csv,needs_municipal_primary_source,no,La presencia regional de e-distribución no prueba la distribuidora concreta de este municipio.
aragon,municipality:huesca::robres,Robres,Huesca,wave_1,"E-Distribución Redes Digitales, S.L.U.",,regional_context_only,edistribucion_aragon_official,4,docs/research/distributor_regional_audits/edistribucion_local_exception_hunt_by_dataset/aragon.csv;docs/research/distributor_regional_audits/edistribucion_local_exception_hunt_v1024.csv;docs/research/distributor_regional_audits/remaining_regional_distributor_candidates_v1023.csv;docs/research/distributor_regional_audits/remaining_regional_review_queue_by_dataset/aragon.csv,needs_municipal_primary_source,no,La presencia regional de e-distribución no prueba la distribuidora concreta de este municipio.
aragon,municipality:huesca::sabinanigo,Sabiñánigo,Huesca,wave_1,"E-Distribución Redes Digitales, S.L.U.",,regional_context_only,edistribucion_aragon_official,4,docs/research/distributor_regional_audits/edistribucion_local_exception_hunt_by_dataset/aragon.csv;docs/research/distributor_regional_audits/edistribucion_local_exception_hunt_v1024.csv;docs/research/distributor_regional_audits/remaining_regional_distributor_candidates_v1023.csv;docs/research/distributor_regional_audits/remaining_regional_review_queue_by_dataset/aragon.csv,needs_municipal_primary_source,no,La presencia regional de e-distribución no prueba la distribuidora concreta de este municipio.
aragon,municipality:huesca::sahun,Sahún,Huesca,wave_1,"E-Distribución Redes Digitales, S.L.U.",,regional_context_only,edistribucion_aragon_official,4,docs/research/distributor_regional_audits/edistribucion_local_exception_hunt_by_dataset/aragon.csv;docs/research/distributor_regional_audits/edistribucion_local_exception_hunt_v1024.csv;docs/research/distributor_regional_audits/remaining_regional_distributor_candidates_v1023.csv;docs/research/distributor_regional_audits/remaining_regional_review_queue_by_dataset/aragon.csv,needs_municipal_primary_source,no,La presencia regional de e-distribución no prueba la distribuidora concreta de este municipio.
aragon,municipality:huesca::salas_altas,Salas Altas,Huesca,wave_1,"E-Distribución Redes Digitales, S.L.U.",,regional_context_only,edistribucion_aragon_official,4,docs/research/distributor_regional_audits/edistribucion_local_exception_hunt_by_dataset/aragon.csv;docs/research/distributor_regional_audits/edistribucion_local_exception_hunt_v1024.csv;docs/research/distributor_regional_audits/remaining_regional_distributor_candidates_v1023.csv;docs/research/distributor_regional_audits/remaining_regional_review_queue_by_dataset/aragon.csv,needs_municipal_primary_source,no,La presencia regional de e-distribución no prueba la distribuidora concreta de este municipio.
aragon,municipality:huesca::salas_bajas,Salas Bajas,Huesca,wave_1,"E-Distribución Redes Digitales, S.L.U.",,regional_context_only,edistribucion_aragon_official,4,docs/research/distributor_regional_audits/edistribucion_local_exception_hunt_by_dataset/aragon.csv;docs/research/distributor_regional_audits/edistribucion_local_exception_hunt_v1024.csv;docs/research/distributor_regional_audits/remaining_regional_distributor_candidates_v1023.csv;docs/research/distributor_regional_audits/remaining_regional_review_queue_by_dataset/aragon.csv,needs_municipal_primary_source,no,La presencia regional de e-distribución no prueba la distribuidora concreta de este municipio.
aragon,municipality:huesca::salillas,Salillas,Huesca,wave_1,"E-Distribución Redes Digitales, S.L.U.",,regional_context_only,edistribucion_aragon_official,4,docs/research/distributor_regional_audits/edistribucion_local_exception_hunt_by_dataset/aragon.csv;docs/research/distributor_regional_audits/edistribucion_local_exception_hunt_v1024.csv;docs/research/distributor_regional_audits/remaining_regional_distributor_candidates_v1023.csv;docs/research/distributor_regional_audits/remaining_regional_review_queue_by_dataset/aragon.csv,needs_municipal_primary_source,no,La presencia regional de e-distribución no prueba la distribuidora concreta de este municipio.
aragon,municipality:huesca::sallent_de_gallego,Sallent de Gállego,Huesca,wave_1,"E-Distribución Redes Digitales, S.L.U.",,regional_context_only,edistribucion_aragon_official,4,docs/research/distributor_regional_audits/edistribucion_local_exception_hunt_by_dataset/aragon.csv;docs/research/distributor_regional_audits/edistribucion_local_exception_hunt_v1024.csv;docs/research/distributor_regional_audits/remaining_regional_distributor_candidates_v1023.csv;docs/research/distributor_regional_audits/remaining_regional_review_queue_by_dataset/aragon.csv,needs_municipal_primary_source,no,La presencia regional de e-distribución no prueba la distribuidora concreta de este municipio.
aragon,municipality:huesca::san_esteban_de_litera,San Esteban de Litera,Huesca,wave_1,"E-Distribución Redes Digitales, S.L.U.",,regional_context_only,edistribucion_aragon_official,4,docs/research/distributor_regional_audits/edistribucion_local_exception_hunt_by_dataset/aragon.csv;docs/research/distributor_regional_audits/edistribucion_local_exception_hunt_v1024.csv;docs/research/distributor_regional_audits/remaining_regional_distributor_candidates_v1023.csv;docs/research/distributor_regional_audits/remaining_regional_review_queue_by_dataset/aragon.csv,needs_municipal_primary_source,no,La presencia regional de e-distribución no prueba la distribuidora concreta de este municipio.
aragon,municipality:huesca::san_juan_de_plan,San Juan de Plan,Huesca,wave_1,"E-Distribución Redes Digitales, S.L.U.",,regional_context_only,edistribucion_aragon_official,4,docs/research/distributor_regional_audits/edistribucion_local_exception_hunt_by_dataset/aragon.csv;docs/research/distributor_regional_audits/edistribucion_local_exception_hunt_v1024.csv;docs/research/distributor_regional_audits/remaining_regional_distributor_candidates_v1023.csv;docs/research/distributor_regional_audits/remaining_regional_review_queue_by_dataset/aragon.csv,needs_municipal_primary_source,no,La presencia regional de e-distribución no prueba la distribuidora concreta de este municipio.
aragon,municipality:huesca::san_miguel_del_cinca,San Miguel del Cinca,Huesca,wave_1,"E-Distribución Redes Digitales, S.L.U.",,regional_context_only,edistribucion_aragon_official,4,docs/research/distributor_regional_audits/edistribucion_local_exception_hunt_by_dataset/aragon.csv;docs/research/distributor_regional_audits/edistribucion_local_exception_hunt_v1024.csv;docs/research/distributor_regional_audits/remaining_regional_distributor_candidates_v1023.csv;docs/research/distributor_regional_audits/remaining_regional_review_queue_by_dataset/aragon.csv,needs_municipal_primary_source,no,La presencia regional de e-distribución no prueba la distribuidora concreta de este municipio.
aragon,municipality:huesca::sangarren,Sangarrén,Huesca,wave_1,"E-Distribución Redes Digitales, S.L.U.",,regional_context_only,edistribucion_aragon_official,4,docs/research/distributor_regional_audits/edistribucion_local_exception_hunt_by_dataset/aragon.csv;docs/research/distributor_regional_audits/edistribucion_local_exception_hunt_v1024.csv;docs/research/distributor_regional_audits/remaining_regional_distributor_candidates_v1023.csv;docs/research/distributor_regional_audits/remaining_regional_review_queue_by_dataset/aragon.csv,needs_municipal_primary_source,no,La presencia regional de e-distribución no prueba la distribuidora concreta de este municipio.
aragon,municipality:huesca::santa_cilia,Santa Cilia,Huesca,wave_1,"E-Distribución Redes Digitales, S.L.U.",,regional_context_only,edistribucion_aragon_official,4,docs/research/distributor_regional_audits/edistribucion_local_exception_hunt_by_dataset/aragon.csv;docs/research/distributor_regional_audits/edistribucion_local_exception_hunt_v1024.csv;docs/research/distributor_regional_audits/remaining_regional_distributor_candidates_v1023.csv;docs/research/distributor_regional_audits/remaining_regional_review_queue_by_dataset/aragon.csv,needs_municipal_primary_source,no,La presencia regional de e-distribución no prueba la distribuidora concreta de este municipio.
aragon,municipality:huesca::santa_cruz_de_la_seros,Santa Cruz de la Serós,Huesca,wave_1,"E-Distribución Redes Digitales, S.L.U.",,regional_context_only,edistribucion_aragon_official,4,docs/research/distributor_regional_audits/edistribucion_local_exception_hunt_by_dataset/aragon.csv;docs/research/distributor_regional_audits/edistribucion_local_exception_hunt_v1024.csv;docs/research/distributor_regional_audits/remaining_regional_distributor_candidates_v1023.csv;docs/research/distributor_regional_audits/remaining_regional_review_queue_by_dataset/aragon.csv,needs_municipal_primary_source,no,La presencia regional de e-distribución no prueba la distribuidora concreta de este municipio.
aragon,municipality:huesca::santa_maria_de_dulcis,Santa María de Dulcis,Huesca,wave_1,"E-Distribución Redes Digitales, S.L.U.",,regional_context_only,edistribucion_aragon_official,4,docs/research/distributor_regional_audits/edistribucion_local_exception_hunt_by_dataset/aragon.csv;docs/research/distributor_regional_audits/edistribucion_local_exception_hunt_v1024.csv;docs/research/distributor_regional_audits/remaining_regional_distributor_candidates_v1023.csv;docs/research/distributor_regional_audits/remaining_regional_review_queue_by_dataset/aragon.csv,needs_municipal_primary_source,no,La presencia regional de e-distribución no prueba la distribuidora concreta de este municipio.
aragon,municipality:huesca::santaliestra_y_san_quilez,Santaliestra y San Quílez,Huesca,wave_1,"E-Distribución Redes Digitales, S.L.U.",,regional_context_only,edistribucion_aragon_official,4,docs/research/distributor_regional_audits/edistribucion_local_exception_hunt_by_dataset/aragon.csv;docs/research/distributor_regional_audits/edistribucion_local_exception_hunt_v1024.csv;docs/research/distributor_regional_audits/remaining_regional_distributor_candidates_v1023.csv;docs/research/distributor_regional_audits/remaining_regional_review_queue_by_dataset/aragon.csv,needs_municipal_primary_source,no,La presencia regional de e-distribución no prueba la distribuidora concreta de este municipio.
aragon,municipality:huesca::sarinena,Sariñena,Huesca,wave_1,"E-Distribución Redes Digitales, S.L.U.",,regional_context_only,edistribucion_aragon_official,4,docs/research/distributor_regional_audits/edistribucion_local_exception_hunt_by_dataset/aragon.csv;docs/research/distributor_regional_audits/edistribucion_local_exception_hunt_v1024.csv;docs/research/distributor_regional_audits/remaining_regional_distributor_candidates_v1023.csv;docs/research/distributor_regional_audits/remaining_regional_review_queue_by_dataset/aragon.csv,needs_municipal_primary_source,no,La presencia regional de e-distribución no prueba la distribuidora concreta de este municipio.
aragon,municipality:huesca::secastilla,Secastilla,Huesca,wave_1,"E-Distribución Redes Digitales, S.L.U.",,regional_context_only,edistribucion_aragon_official,4,docs/research/distributor_regional_audits/edistribucion_local_exception_hunt_by_dataset/aragon.csv;docs/research/distributor_regional_audits/edistribucion_local_exception_hunt_v1024.csv;docs/research/distributor_regional_audits/remaining_regional_distributor_candidates_v1023.csv;docs/research/distributor_regional_audits/remaining_regional_review_queue_by_dataset/aragon.csv,needs_municipal_primary_source,no,La presencia regional de e-distribución no prueba la distribuidora concreta de este municipio.
aragon,municipality:huesca::seira,Seira,Huesca,wave_1,"E-Distribución Redes Digitales, S.L.U.",,regional_context_only,edistribucion_aragon_official,4,docs/research/distributor_regional_audits/edistribucion_local_exception_hunt_by_dataset/aragon.csv;docs/research/distributor_regional_audits/edistribucion_local_exception_hunt_v1024.csv;docs/research/distributor_regional_audits/remaining_regional_distributor_candidates_v1023.csv;docs/research/distributor_regional_audits/remaining_regional_review_queue_by_dataset/aragon.csv,needs_municipal_primary_source,no,La presencia regional de e-distribución no prueba la distribuidora concreta de este municipio.
aragon,municipality:huesca::sena,Sena,Huesca,wave_1,"E-Distribución Redes Digitales, S.L.U.",,regional_context_only,edistribucion_aragon_official,4,docs/research/distributor_regional_audits/edistribucion_local_exception_hunt_by_dataset/aragon.csv;docs/research/distributor_regional_audits/edistribucion_local_exception_hunt_v1024.csv;docs/research/distributor_regional_audits/remaining_regional_distributor_candidates_v1023.csv;docs/research/distributor_regional_audits/remaining_regional_review_queue_by_dataset/aragon.csv,needs_municipal_primary_source,no,La presencia regional de e-distribución no prueba la distribuidora concreta de este municipio.
aragon,municipality:huesca::senes_de_alcubierre,Senés de Alcubierre,Huesca,wave_1,"E-Distribución Redes Digitales, S.L.U.",,regional_context_only,edistribucion_aragon_official,4,docs/research/distributor_regional_audits/edistribucion_local_exception_hunt_by_dataset/aragon.csv;docs/research/distributor_regional_audits/edistribucion_local_exception_hunt_v1024.csv;docs/research/distributor_regional_audits/remaining_regional_distributor_candidates_v1023.csv;docs/research/distributor_regional_audits/remaining_regional_review_queue_by_dataset/aragon.csv,needs_municipal_primary_source,no,La presencia regional de e-distribución no prueba la distribuidora concreta de este municipio.
aragon,municipality:huesca::sesa,Sesa,Huesca,wave_1,"E-Distribución Redes Digitales, S.L.U.",,regional_context_only,edistribucion_aragon_official,4,docs/research/distributor_regional_audits/edistribucion_local_exception_hunt_by_dataset/aragon.csv;docs/research/distributor_regional_audits/edistribucion_local_exception_hunt_v1024.csv;docs/research/distributor_regional_audits/remaining_regional_distributor_candidates_v1023.csv;docs/research/distributor_regional_audits/remaining_regional_review_queue_by_dataset/aragon.csv,needs_municipal_primary_source,no,La presencia regional de e-distribución no prueba la distribuidora concreta de este municipio.
aragon,municipality:huesca::sesue,Sesué,Huesca,wave_1,"E-Distribución Redes Digitales, S.L.U.",,regional_context_only,edistribucion_aragon_official,4,docs/research/distributor_regional_audits/edistribucion_local_exception_hunt_by_dataset/aragon.csv;docs/research/distributor_regional_audits/edistribucion_local_exception_hunt_v1024.csv;docs/research/distributor_regional_audits/remaining_regional_distributor_candidates_v1023.csv;docs/research/distributor_regional_audits/remaining_regional_review_queue_by_dataset/aragon.csv,needs_municipal_primary_source,no,La presencia regional de e-distribución no prueba la distribuidora concreta de este municipio.
aragon,municipality:huesca::sietamo,Siétamo,Huesca,wave_1,"E-Distribución Redes Digitales, S.L.U.",,regional_context_only,edistribucion_aragon_official,4,docs/research/distributor_regional_audits/edistribucion_local_exception_hunt_by_dataset/aragon.csv;docs/research/distributor_regional_audits/edistribucion_local_exception_hunt_v1024.csv;docs/research/distributor_regional_audits/remaining_regional_distributor_candidates_v1023.csv;docs/research/distributor_regional_audits/remaining_regional_review_queue_by_dataset/aragon.csv,needs_municipal_primary_source,no,La presencia regional de e-distribución no prueba la distribuidora concreta de este municipio.
aragon,municipality:huesca::sopeira,Sopeira,Huesca,wave_1,"E-Distribución Redes Digitales, S.L.U.",,regional_context_only,edistribucion_aragon_official,4,docs/research/distributor_regional_audits/edistribucion_local_exception_hunt_by_dataset/aragon.csv;docs/research/distributor_regional_audits/edistribucion_local_exception_hunt_v1024.csv;docs/research/distributor_regional_audits/remaining_regional_distributor_candidates_v1023.csv;docs/research/distributor_regional_audits/remaining_regional_review_queue_by_dataset/aragon.csv,needs_municipal_primary_source,no,La presencia regional de e-distribución no prueba la distribuidora concreta de este municipio.
aragon,municipality:huesca::tamarite_de_litera,Tamarite de Litera,Huesca,wave_1,"E-Distribución Redes Digitales, S.L.U.",,regional_context_only,edistribucion_aragon_official,4,docs/research/distributor_regional_audits/edistribucion_local_exception_hunt_by_dataset/aragon.csv;docs/research/distributor_regional_audits/edistribucion_local_exception_hunt_v1024.csv;docs/research/distributor_regional_audits/remaining_regional_distributor_candidates_v1023.csv;docs/research/distributor_regional_audits/remaining_regional_review_queue_by_dataset/aragon.csv,needs_municipal_primary_source,no,La presencia regional de e-distribución no prueba la distribuidora concreta de este municipio.
aragon,municipality:huesca::tardienta,Tardienta,Huesca,wave_1,"E-Distribución Redes Digitales, S.L.U.",,regional_context_only,edistribucion_aragon_official,4,docs/research/distributor_regional_audits/edistribucion_local_exception_hunt_by_dataset/aragon.csv;docs/research/distributor_regional_audits/edistribucion_local_exception_hunt_v1024.csv;docs/research/distributor_regional_audits/remaining_regional_distributor_candidates_v1023.csv;docs/research/distributor_regional_audits/remaining_regional_review_queue_by_dataset/aragon.csv,needs_municipal_primary_source,no,La presencia regional de e-distribución no prueba la distribuidora concreta de este municipio.
aragon,municipality:huesca::tella_sin,Tella-Sin,Huesca,wave_1,"E-Distribución Redes Digitales, S.L.U.",,regional_context_only,edistribucion_aragon_official,4,docs/research/distributor_regional_audits/edistribucion_local_exception_hunt_by_dataset/aragon.csv;docs/research/distributor_regional_audits/edistribucion_local_exception_hunt_v1024.csv;docs/research/distributor_regional_audits/remaining_regional_distributor_candidates_v1023.csv;docs/research/distributor_regional_audits/remaining_regional_review_queue_by_dataset/aragon.csv,needs_municipal_primary_source,no,La presencia regional de e-distribución no prueba la distribuidora concreta de este municipio.
aragon,municipality:huesca::tierz,Tierz,Huesca,wave_1,"E-Distribución Redes Digitales, S.L.U.",,regional_context_only,edistribucion_aragon_official,4,docs/research/distributor_regional_audits/edistribucion_local_exception_hunt_by_dataset/aragon.csv;docs/research/distributor_regional_audits/edistribucion_local_exception_hunt_v1024.csv;docs/research/distributor_regional_audits/remaining_regional_distributor_candidates_v1023.csv;docs/research/distributor_regional_audits/remaining_regional_review_queue_by_dataset/aragon.csv,needs_municipal_primary_source,no,La presencia regional de e-distribución no prueba la distribuidora concreta de este municipio.
aragon,municipality:huesca::tolva,Tolva,Huesca,wave_1,"E-Distribución Redes Digitales, S.L.U.",,regional_context_only,edistribucion_aragon_official,4,docs/research/distributor_regional_audits/edistribucion_local_exception_hunt_by_dataset/aragon.csv;docs/research/distributor_regional_audits/edistribucion_local_exception_hunt_v1024.csv;docs/research/distributor_regional_audits/remaining_regional_distributor_candidates_v1023.csv;docs/research/distributor_regional_audits/remaining_regional_review_queue_by_dataset/aragon.csv,needs_municipal_primary_source,no,La presencia regional de e-distribución no prueba la distribuidora concreta de este municipio.
aragon,municipality:huesca::torla_ordesa,Torla-Ordesa,Huesca,wave_1,"E-Distribución Redes Digitales, S.L.U.",,regional_context_only,edistribucion_aragon_official,4,docs/research/distributor_regional_audits/edistribucion_local_exception_hunt_by_dataset/aragon.csv;docs/research/distributor_regional_audits/edistribucion_local_exception_hunt_v1024.csv;docs/research/distributor_regional_audits/remaining_regional_distributor_candidates_v1023.csv;docs/research/distributor_regional_audits/remaining_regional_review_queue_by_dataset/aragon.csv,needs_municipal_primary_source,no,La presencia regional de e-distribución no prueba la distribuidora concreta de este municipio.
aragon,municipality:huesca::torralba_de_aragon,Torralba de Aragón,Huesca,wave_1,"E-Distribución Redes Digitales, S.L.U.",,regional_context_only,edistribucion_aragon_official,4,docs/research/distributor_regional_audits/edistribucion_local_exception_hunt_by_dataset/aragon.csv;docs/research/distributor_regional_audits/edistribucion_local_exception_hunt_v1024.csv;docs/research/distributor_regional_audits/remaining_regional_distributor_candidates_v1023.csv;docs/research/distributor_regional_audits/remaining_regional_review_queue_by_dataset/aragon.csv,needs_municipal_primary_source,no,La presencia regional de e-distribución no prueba la distribuidora concreta de este municipio.
aragon,municipality:huesca::torre_la_ribera,Torre la Ribera,Huesca,wave_1,"E-Distribución Redes Digitales, S.L.U.",,regional_context_only,edistribucion_aragon_official,4,docs/research/distributor_regional_audits/edistribucion_local_exception_hunt_by_dataset/aragon.csv;docs/research/distributor_regional_audits/edistribucion_local_exception_hunt_v1024.csv;docs/research/distributor_regional_audits/remaining_regional_distributor_candidates_v1023.csv;docs/research/distributor_regional_audits/remaining_regional_review_queue_by_dataset/aragon.csv,needs_municipal_primary_source,no,La presencia regional de e-distribución no prueba la distribuidora concreta de este municipio.
aragon,municipality:huesca::torrente_de_cinca,Torrente de Cinca,Huesca,wave_1,"E-Distribución Redes Digitales, S.L.U.",,regional_context_only,edistribucion_aragon_official,4,docs/research/distributor_regional_audits/edistribucion_local_exception_hunt_by_dataset/aragon.csv;docs/research/distributor_regional_audits/edistribucion_local_exception_hunt_v1024.csv;docs/research/distributor_regional_audits/remaining_regional_distributor_candidates_v1023.csv;docs/research/distributor_regional_audits/remaining_regional_review_queue_by_dataset/aragon.csv,needs_municipal_primary_source,no,La presencia regional de e-distribución no prueba la distribuidora concreta de este municipio.
aragon,municipality:huesca::torres_de_alcanadre,Torres de Alcanadre,Huesca,wave_1,"E-Distribución Redes Digitales, S.L.U.",,regional_context_only,edistribucion_aragon_official,4,docs/research/distributor_regional_audits/edistribucion_local_exception_hunt_by_dataset/aragon.csv;docs/research/distributor_regional_audits/edistribucion_local_exception_hunt_v1024.csv;docs/research/distributor_regional_audits/remaining_regional_distributor_candidates_v1023.csv;docs/research/distributor_regional_audits/remaining_regional_review_queue_by_dataset/aragon.csv,needs_municipal_primary_source,no,La presencia regional de e-distribución no prueba la distribuidora concreta de este municipio.
aragon,municipality:huesca::torres_de_barbues,Torres de Barbués,Huesca,wave_1,"E-Distribución Redes Digitales, S.L.U.",,regional_context_only,edistribucion_aragon_official,4,docs/research/distributor_regional_audits/edistribucion_local_exception_hunt_by_dataset/aragon.csv;docs/research/distributor_regional_audits/edistribucion_local_exception_hunt_v1024.csv;docs/research/distributor_regional_audits/remaining_regional_distributor_candidates_v1023.csv;docs/research/distributor_regional_audits/remaining_regional_review_queue_by_dataset/aragon.csv,needs_municipal_primary_source,no,La presencia regional de e-distribución no prueba la distribuidora concreta de este municipio.
aragon,municipality:huesca::tramaced,Tramaced,Huesca,wave_1,"E-Distribución Redes Digitales, S.L.U.",,regional_context_only,edistribucion_aragon_official,4,docs/research/distributor_regional_audits/edistribucion_local_exception_hunt_by_dataset/aragon.csv;docs/research/distributor_regional_audits/edistribucion_local_exception_hunt_v1024.csv;docs/research/distributor_regional_audits/remaining_regional_distributor_candidates_v1023.csv;docs/research/distributor_regional_audits/remaining_regional_review_queue_by_dataset/aragon.csv,needs_municipal_primary_source,no,La presencia regional de e-distribución no prueba la distribuidora concreta de este municipio.
aragon,municipality:huesca::valfarta,Valfarta,Huesca,wave_1,"E-Distribución Redes Digitales, S.L.U.",,regional_context_only,edistribucion_aragon_official,4,docs/research/distributor_regional_audits/edistribucion_local_exception_hunt_by_dataset/aragon.csv;docs/research/distributor_regional_audits/edistribucion_local_exception_hunt_v1024.csv;docs/research/distributor_regional_audits/remaining_regional_distributor_candidates_v1023.csv;docs/research/distributor_regional_audits/remaining_regional_review_queue_by_dataset/aragon.csv,needs_municipal_primary_source,no,La presencia regional de e-distribución no prueba la distribuidora concreta de este municipio.
aragon,municipality:huesca::valle_de_bardaji,Valle de Bardají,Huesca,wave_1,"E-Distribución Redes Digitales, S.L.U.",,regional_context_only,edistribucion_aragon_official,4,docs/research/distributor_regional_audits/edistribucion_local_exception_hunt_by_dataset/aragon.csv;docs/research/distributor_regional_audits/edistribucion_local_exception_hunt_v1024.csv;docs/research/distributor_regional_audits/remaining_regional_distributor_candidates_v1023.csv;docs/research/distributor_regional_audits/remaining_regional_review_queue_by_dataset/aragon.csv,needs_municipal_primary_source,no,La presencia regional de e-distribución no prueba la distribuidora concreta de este municipio.
aragon,municipality:huesca::valle_de_hecho,Valle de Hecho,Huesca,wave_1,"E-Distribución Redes Digitales, S.L.U.",,regional_context_only,edistribucion_aragon_official,4,docs/research/distributor_regional_audits/edistribucion_local_exception_hunt_by_dataset/aragon.csv;docs/research/distributor_regional_audits/edistribucion_local_exception_hunt_v1024.csv;docs/research/distributor_regional_audits/remaining_regional_distributor_candidates_v1023.csv;docs/research/distributor_regional_audits/remaining_regional_review_queue_by_dataset/aragon.csv,needs_municipal_primary_source,no,La presencia regional de e-distribución no prueba la distribuidora concreta de este municipio.
aragon,municipality:huesca::valle_de_lierp,Valle de Lierp,Huesca,wave_1,"E-Distribución Redes Digitales, S.L.U.",,regional_context_only,edistribucion_aragon_official,4,docs/research/distributor_regional_audits/edistribucion_local_exception_hunt_by_dataset/aragon.csv;docs/research/distributor_regional_audits/edistribucion_local_exception_hunt_v1024.csv;docs/research/distributor_regional_audits/remaining_regional_distributor_candidates_v1023.csv;docs/research/distributor_regional_audits/remaining_regional_review_queue_by_dataset/aragon.csv,needs_municipal_primary_source,no,La presencia regional de e-distribución no prueba la distribuidora concreta de este municipio.
aragon,municipality:huesca::velilla_de_cinca,Velilla de Cinca,Huesca,wave_1,"E-Distribución Redes Digitales, S.L.U.",,regional_context_only,edistribucion_aragon_official,4,docs/research/distributor_regional_audits/edistribucion_local_exception_hunt_by_dataset/aragon.csv;docs/research/distributor_regional_audits/edistribucion_local_exception_hunt_v1024.csv;docs/research/distributor_regional_audits/remaining_regional_distributor_candidates_v1023.csv;docs/research/distributor_regional_audits/remaining_regional_review_queue_by_dataset/aragon.csv,needs_municipal_primary_source,no,La presencia regional de e-distribución no prueba la distribuidora concreta de este municipio.
aragon,municipality:huesca::vencillon,Vencillón,Huesca,wave_1,"E-Distribución Redes Digitales, S.L.U.",,regional_context_only,edistribucion_aragon_official,4,docs/research/distributor_regional_audits/edistribucion_local_exception_hunt_by_dataset/aragon.csv;docs/research/distributor_regional_audits/edistribucion_local_exception_hunt_v1024.csv;docs/research/distributor_regional_audits/remaining_regional_distributor_candidates_v1023.csv;docs/research/distributor_regional_audits/remaining_regional_review_queue_by_dataset/aragon.csv,needs_municipal_primary_source,no,La presencia regional de e-distribución no prueba la distribuidora concreta de este municipio.
aragon,municipality:huesca::viacamp_y_litera,Viacamp y Litera,Huesca,wave_1,"E-Distribución Redes Digitales, S.L.U.",,regional_context_only,edistribucion_aragon_official,4,docs/research/distributor_regional_audits/edistribucion_local_exception_hunt_by_dataset/aragon.csv;docs/research/distributor_regional_audits/edistribucion_local_exception_hunt_v1024.csv;docs/research/distributor_regional_audits/remaining_regional_distributor_candidates_v1023.csv;docs/research/distributor_regional_audits/remaining_regional_review_queue_by_dataset/aragon.csv,needs_municipal_primary_source,no,La presencia regional de e-distribución no prueba la distribuidora concreta de este municipio.
aragon,municipality:huesca::vicien,Vicién,Huesca,wave_1,"E-Distribución Redes Digitales, S.L.U.",,regional_context_only,edistribucion_aragon_official,4,docs/research/distributor_regional_audits/edistribucion_local_exception_hunt_by_dataset/aragon.csv;docs/research/distributor_regional_audits/edistribucion_local_exception_hunt_v1024.csv;docs/research/distributor_regional_audits/remaining_regional_distributor_candidates_v1023.csv;docs/research/distributor_regional_audits/remaining_regional_review_queue_by_dataset/aragon.csv,needs_municipal_primary_source,no,La presencia regional de e-distribución no prueba la distribuidora concreta de este municipio.
aragon,municipality:huesca::villanova,Villanova,Huesca,wave_1,"E-Distribución Redes Digitales, S.L.U.",,regional_context_only,edistribucion_aragon_official,4,docs/research/distributor_regional_audits/edistribucion_local_exception_hunt_by_dataset/aragon.csv;docs/research/distributor_regional_audits/edistribucion_local_exception_hunt_v1024.csv;docs/research/distributor_regional_audits/remaining_regional_distributor_candidates_v1023.csv;docs/research/distributor_regional_audits/remaining_regional_review_queue_by_dataset/aragon.csv,needs_municipal_primary_source,no,La presencia regional de e-distribución no prueba la distribuidora concreta de este municipio.
aragon,municipality:huesca::villanueva_de_sigena,Villanueva de Sigena,Huesca,wave_1,"E-Distribución Redes Digitales, S.L.U.",,regional_context_only,edistribucion_aragon_official,4,docs/research/distributor_regional_audits/edistribucion_local_exception_hunt_by_dataset/aragon.csv;docs/research/distributor_regional_audits/edistribucion_local_exception_hunt_v1024.csv;docs/research/distributor_regional_audits/remaining_regional_distributor_candidates_v1023.csv;docs/research/distributor_regional_audits/remaining_regional_review_queue_by_dataset/aragon.csv,needs_municipal_primary_source,no,La presencia regional de e-distribución no prueba la distribuidora concreta de este municipio.
aragon,municipality:huesca::villanua,Villanúa,Huesca,wave_1,"E-Distribución Redes Digitales, S.L.U.",,regional_context_only,edistribucion_aragon_official,4,docs/research/distributor_regional_audits/edistribucion_local_exception_hunt_by_dataset/aragon.csv;docs/research/distributor_regional_audits/edistribucion_local_exception_hunt_v1024.csv;docs/research/distributor_regional_audits/remaining_regional_distributor_candidates_v1023.csv;docs/research/distributor_regional_audits/remaining_regional_review_queue_by_dataset/aragon.csv,needs_municipal_primary_source,no,La presencia regional de e-distribución no prueba la distribuidora concreta de este municipio.
aragon,municipality:huesca::yebra_de_basa,Yebra de Basa,Huesca,wave_1,"E-Distribución Redes Digitales, S.L.U.",,regional_context_only,edistribucion_aragon_official,4,docs/research/distributor_regional_audits/edistribucion_local_exception_hunt_by_dataset/aragon.csv;docs/research/distributor_regional_audits/edistribucion_local_exception_hunt_v1024.csv;docs/research/distributor_regional_audits/remaining_regional_distributor_candidates_v1023.csv;docs/research/distributor_regional_audits/remaining_regional_review_queue_by_dataset/aragon.csv,needs_municipal_primary_source,no,La presencia regional de e-distribución no prueba la distribuidora concreta de este municipio.
aragon,municipality:huesca::yesero,Yésero,Huesca,wave_1,"E-Distribución Redes Digitales, S.L.U.",,regional_context_only,edistribucion_aragon_official,4,docs/research/distributor_regional_audits/edistribucion_local_exception_hunt_by_dataset/aragon.csv;docs/research/distributor_regional_audits/edistribucion_local_exception_hunt_v1024.csv;docs/research/distributor_regional_audits/remaining_regional_distributor_candidates_v1023.csv;docs/research/distributor_regional_audits/remaining_regional_review_queue_by_dataset/aragon.csv,needs_municipal_primary_source,no,La presencia regional de e-distribución no prueba la distribuidora concreta de este municipio.
aragon,municipality:huesca::zaidin,Zaidín,Huesca,wave_1,"E-Distribución Redes Digitales, S.L.U.",,regional_context_only,edistribucion_aragon_official,4,docs/research/distributor_regional_audits/edistribucion_local_exception_hunt_by_dataset/aragon.csv;docs/research/distributor_regional_audits/edistribucion_local_exception_hunt_v1024.csv;docs/research/distributor_regional_audits/remaining_regional_distributor_candidates_v1023.csv;docs/research/distributor_regional_audits/remaining_regional_review_queue_by_dataset/aragon.csv,needs_municipal_primary_source,no,La presencia regional de e-distribución no prueba la distribuidora concreta de este municipio.
aragon,municipality:teruel::ababuj,Ababuj,Teruel,wave_1,"E-Distribución Redes Digitales, S.L.U.",,regional_context_only,edistribucion_aragon_official,4,docs/research/distributor_regional_audits/edistribucion_local_exception_hunt_by_dataset/aragon.csv;docs/research/distributor_regional_audits/edistribucion_local_exception_hunt_v1024.csv;docs/research/distributor_regional_audits/remaining_regional_distributor_candidates_v1023.csv;docs/research/distributor_regional_audits/remaining_regional_review_queue_by_dataset/aragon.csv,needs_municipal_primary_source,no,La presencia regional de e-distribución no prueba la distribuidora concreta de este municipio.
aragon,municipality:teruel::abejuela,Abejuela,Teruel,wave_1,"E-Distribución Redes Digitales, S.L.U.",,regional_context_only,edistribucion_aragon_official,4,docs/research/distributor_regional_audits/edistribucion_local_exception_hunt_by_dataset/aragon.csv;docs/research/distributor_regional_audits/edistribucion_local_exception_hunt_v1024.csv;docs/research/distributor_regional_audits/remaining_regional_distributor_candidates_v1023.csv;docs/research/distributor_regional_audits/remaining_regional_review_queue_by_dataset/aragon.csv,needs_municipal_primary_source,no,La presencia regional de e-distribución no prueba la distribuidora concreta de este municipio.
aragon,municipality:teruel::aguaton,Aguatón,Teruel,wave_1,"E-Distribución Redes Digitales, S.L.U.",,regional_context_only,edistribucion_aragon_official,4,docs/research/distributor_regional_audits/edistribucion_local_exception_hunt_by_dataset/aragon.csv;docs/research/distributor_regional_audits/edistribucion_local_exception_hunt_v1024.csv;docs/research/distributor_regional_audits/remaining_regional_distributor_candidates_v1023.csv;docs/research/distributor_regional_audits/remaining_regional_review_queue_by_dataset/aragon.csv,needs_municipal_primary_source,no,La presencia regional de e-distribución no prueba la distribuidora concreta de este municipio.
aragon,municipality:teruel::aguaviva,Aguaviva,Teruel,wave_1,"E-Distribución Redes Digitales, S.L.U.",,regional_context_only,edistribucion_aragon_official,4,docs/research/distributor_regional_audits/edistribucion_local_exception_hunt_by_dataset/aragon.csv;docs/research/distributor_regional_audits/edistribucion_local_exception_hunt_v1024.csv;docs/research/distributor_regional_audits/remaining_regional_distributor_candidates_v1023.csv;docs/research/distributor_regional_audits/remaining_regional_review_queue_by_dataset/aragon.csv,needs_municipal_primary_source,no,La presencia regional de e-distribución no prueba la distribuidora concreta de este municipio.
aragon,municipality:teruel::aguilar_del_alfambra,Aguilar del Alfambra,Teruel,wave_1,"E-Distribución Redes Digitales, S.L.U.",,regional_context_only,edistribucion_aragon_official,4,docs/research/distributor_regional_audits/edistribucion_local_exception_hunt_by_dataset/aragon.csv;docs/research/distributor_regional_audits/edistribucion_local_exception_hunt_v1024.csv;docs/research/distributor_regional_audits/remaining_regional_distributor_candidates_v1023.csv;docs/research/distributor_regional_audits/remaining_regional_review_queue_by_dataset/aragon.csv,needs_municipal_primary_source,no,La presencia regional de e-distribución no prueba la distribuidora concreta de este municipio.
aragon,municipality:teruel::alacon,Alacón,Teruel,wave_1,"E-Distribución Redes Digitales, S.L.U.",,regional_context_only,edistribucion_aragon_official,4,docs/research/distributor_regional_audits/edistribucion_local_exception_hunt_by_dataset/aragon.csv;docs/research/distributor_regional_audits/edistribucion_local_exception_hunt_v1024.csv;docs/research/distributor_regional_audits/remaining_regional_distributor_candidates_v1023.csv;docs/research/distributor_regional_audits/remaining_regional_review_queue_by_dataset/aragon.csv,needs_municipal_primary_source,no,La presencia regional de e-distribución no prueba la distribuidora concreta de este municipio.
aragon,municipality:teruel::alba,Alba,Teruel,wave_1,"E-Distribución Redes Digitales, S.L.U.",,regional_context_only,edistribucion_aragon_official,4,docs/research/distributor_regional_audits/edistribucion_local_exception_hunt_by_dataset/aragon.csv;docs/research/distributor_regional_audits/edistribucion_local_exception_hunt_v1024.csv;docs/research/distributor_regional_audits/remaining_regional_distributor_candidates_v1023.csv;docs/research/distributor_regional_audits/remaining_regional_review_queue_by_dataset/aragon.csv,needs_municipal_primary_source,no,La presencia regional de e-distribución no prueba la distribuidora concreta de este municipio.
aragon,municipality:teruel::albalate_del_arzobispo,Albalate del Arzobispo,Teruel,wave_1,"E-Distribución Redes Digitales, S.L.U.",,regional_context_only,edistribucion_aragon_official,4,docs/research/distributor_regional_audits/edistribucion_local_exception_hunt_by_dataset/aragon.csv;docs/research/distributor_regional_audits/edistribucion_local_exception_hunt_v1024.csv;docs/research/distributor_regional_audits/remaining_regional_distributor_candidates_v1023.csv;docs/research/distributor_regional_audits/remaining_regional_review_queue_by_dataset/aragon.csv,needs_municipal_primary_source,no,La presencia regional de e-distribución no prueba la distribuidora concreta de este municipio.
aragon,municipality:teruel::albarracin,Albarracín,Teruel,wave_1,"E-Distribución Redes Digitales, S.L.U.",,regional_context_only,edistribucion_aragon_official,4,docs/research/distributor_regional_audits/edistribucion_local_exception_hunt_by_dataset/aragon.csv;docs/research/distributor_regional_audits/edistribucion_local_exception_hunt_v1024.csv;docs/research/distributor_regional_audits/remaining_regional_distributor_candidates_v1023.csv;docs/research/distributor_regional_audits/remaining_regional_review_queue_by_dataset/aragon.csv,needs_municipal_primary_source,no,La presencia regional de e-distribución no prueba la distribuidora concreta de este municipio.
aragon,municipality:teruel::albentosa,Albentosa,Teruel,wave_1,"E-Distribución Redes Digitales, S.L.U.",,regional_context_only,edistribucion_aragon_official,4,docs/research/distributor_regional_audits/edistribucion_local_exception_hunt_by_dataset/aragon.csv;docs/research/distributor_regional_audits/edistribucion_local_exception_hunt_v1024.csv;docs/research/distributor_regional_audits/remaining_regional_distributor_candidates_v1023.csv;docs/research/distributor_regional_audits/remaining_regional_review_queue_by_dataset/aragon.csv,needs_municipal_primary_source,no,La presencia regional de e-distribución no prueba la distribuidora concreta de este municipio.
aragon,municipality:teruel::alcaine,Alcaine,Teruel,wave_1,"E-Distribución Redes Digitales, S.L.U.",,regional_context_only,edistribucion_aragon_official,4,docs/research/distributor_regional_audits/edistribucion_local_exception_hunt_by_dataset/aragon.csv;docs/research/distributor_regional_audits/edistribucion_local_exception_hunt_v1024.csv;docs/research/distributor_regional_audits/remaining_regional_distributor_candidates_v1023.csv;docs/research/distributor_regional_audits/remaining_regional_review_queue_by_dataset/aragon.csv,needs_municipal_primary_source,no,La presencia regional de e-distribución no prueba la distribuidora concreta de este municipio.
aragon,municipality:teruel::alcala_de_la_selva,Alcalá de la Selva,Teruel,wave_1,"E-Distribución Redes Digitales, S.L.U.",,regional_context_only,edistribucion_aragon_official,4,docs/research/distributor_regional_audits/edistribucion_local_exception_hunt_by_dataset/aragon.csv;docs/research/distributor_regional_audits/edistribucion_local_exception_hunt_v1024.csv;docs/research/distributor_regional_audits/remaining_regional_distributor_candidates_v1023.csv;docs/research/distributor_regional_audits/remaining_regional_review_queue_by_dataset/aragon.csv,needs_municipal_primary_source,no,La presencia regional de e-distribución no prueba la distribuidora concreta de este municipio.
aragon,municipality:teruel::alcaniz,Alcañiz,Teruel,wave_1,"E-Distribución Redes Digitales, S.L.U.",,regional_context_only,edistribucion_aragon_official,4,docs/research/distributor_regional_audits/edistribucion_local_exception_hunt_by_dataset/aragon.csv;docs/research/distributor_regional_audits/edistribucion_local_exception_hunt_v1024.csv;docs/research/distributor_regional_audits/remaining_regional_distributor_candidates_v1023.csv;docs/research/distributor_regional_audits/remaining_regional_review_queue_by_dataset/aragon.csv,needs_municipal_primary_source,no,La presencia regional de e-distribución no prueba la distribuidora concreta de este municipio.
aragon,municipality:teruel::alcorisa,Alcorisa,Teruel,wave_1,"E-Distribución Redes Digitales, S.L.U.",,regional_context_only,edistribucion_aragon_official,4,docs/research/distributor_regional_audits/edistribucion_local_exception_hunt_by_dataset/aragon.csv;docs/research/distributor_regional_audits/edistribucion_local_exception_hunt_v1024.csv;docs/research/distributor_regional_audits/remaining_regional_distributor_candidates_v1023.csv;docs/research/distributor_regional_audits/remaining_regional_review_queue_by_dataset/aragon.csv,needs_municipal_primary_source,no,La presencia regional de e-distribución no prueba la distribuidora concreta de este municipio.
aragon,municipality:teruel::alfambra,Alfambra,Teruel,wave_1,"E-Distribución Redes Digitales, S.L.U.",,regional_context_only,edistribucion_aragon_official,4,docs/research/distributor_regional_audits/edistribucion_local_exception_hunt_by_dataset/aragon.csv;docs/research/distributor_regional_audits/edistribucion_local_exception_hunt_v1024.csv;docs/research/distributor_regional_audits/remaining_regional_distributor_candidates_v1023.csv;docs/research/distributor_regional_audits/remaining_regional_review_queue_by_dataset/aragon.csv,needs_municipal_primary_source,no,La presencia regional de e-distribución no prueba la distribuidora concreta de este municipio.
aragon,municipality:teruel::aliaga,Aliaga,Teruel,wave_1,"E-Distribución Redes Digitales, S.L.U.",,regional_context_only,edistribucion_aragon_official,4,docs/research/distributor_regional_audits/edistribucion_local_exception_hunt_by_dataset/aragon.csv;docs/research/distributor_regional_audits/edistribucion_local_exception_hunt_v1024.csv;docs/research/distributor_regional_audits/remaining_regional_distributor_candidates_v1023.csv;docs/research/distributor_regional_audits/remaining_regional_review_queue_by_dataset/aragon.csv,needs_municipal_primary_source,no,La presencia regional de e-distribución no prueba la distribuidora concreta de este municipio.
aragon,municipality:teruel::allepuz,Allepuz,Teruel,wave_1,"E-Distribución Redes Digitales, S.L.U.",,regional_context_only,edistribucion_aragon_official,4,docs/research/distributor_regional_audits/edistribucion_local_exception_hunt_by_dataset/aragon.csv;docs/research/distributor_regional_audits/edistribucion_local_exception_hunt_v1024.csv;docs/research/distributor_regional_audits/remaining_regional_distributor_candidates_v1023.csv;docs/research/distributor_regional_audits/remaining_regional_review_queue_by_dataset/aragon.csv,needs_municipal_primary_source,no,La presencia regional de e-distribución no prueba la distribuidora concreta de este municipio.
aragon,municipality:teruel::alloza,Alloza,Teruel,wave_1,"E-Distribución Redes Digitales, S.L.U.",,regional_context_only,edistribucion_aragon_official,4,docs/research/distributor_regional_audits/edistribucion_local_exception_hunt_by_dataset/aragon.csv;docs/research/distributor_regional_audits/edistribucion_local_exception_hunt_v1024.csv;docs/research/distributor_regional_audits/remaining_regional_distributor_candidates_v1023.csv;docs/research/distributor_regional_audits/remaining_regional_review_queue_by_dataset/aragon.csv,needs_municipal_primary_source,no,La presencia regional de e-distribución no prueba la distribuidora concreta de este municipio.
aragon,municipality:teruel::allueva,Allueva,Teruel,wave_1,"E-Distribución Redes Digitales, S.L.U.",,regional_context_only,edistribucion_aragon_official,4,docs/research/distributor_regional_audits/edistribucion_local_exception_hunt_by_dataset/aragon.csv;docs/research/distributor_regional_audits/edistribucion_local_exception_hunt_v1024.csv;docs/research/distributor_regional_audits/remaining_regional_distributor_candidates_v1023.csv;docs/research/distributor_regional_audits/remaining_regional_review_queue_by_dataset/aragon.csv,needs_municipal_primary_source,no,La presencia regional de e-distribución no prueba la distribuidora concreta de este municipio.
aragon,municipality:teruel::almohaja,Almohaja,Teruel,wave_1,"E-Distribución Redes Digitales, S.L.U.",,regional_context_only,edistribucion_aragon_official,4,docs/research/distributor_regional_audits/edistribucion_local_exception_hunt_by_dataset/aragon.csv;docs/research/distributor_regional_audits/edistribucion_local_exception_hunt_v1024.csv;docs/research/distributor_regional_audits/remaining_regional_distributor_candidates_v1023.csv;docs/research/distributor_regional_audits/remaining_regional_review_queue_by_dataset/aragon.csv,needs_municipal_primary_source,no,La presencia regional de e-distribución no prueba la distribuidora concreta de este municipio.
aragon,municipality:teruel::alobras,Alobras,Teruel,wave_1,"E-Distribución Redes Digitales, S.L.U.",,regional_context_only,edistribucion_aragon_official,4,docs/research/distributor_regional_audits/edistribucion_local_exception_hunt_by_dataset/aragon.csv;docs/research/distributor_regional_audits/edistribucion_local_exception_hunt_v1024.csv;docs/research/distributor_regional_audits/remaining_regional_distributor_candidates_v1023.csv;docs/research/distributor_regional_audits/remaining_regional_review_queue_by_dataset/aragon.csv,needs_municipal_primary_source,no,La presencia regional de e-distribución no prueba la distribuidora concreta de este municipio.
aragon,municipality:teruel::alpenes,Alpeñés,Teruel,wave_1,"E-Distribución Redes Digitales, S.L.U.",,regional_context_only,edistribucion_aragon_official,4,docs/research/distributor_regional_audits/edistribucion_local_exception_hunt_by_dataset/aragon.csv;docs/research/distributor_regional_audits/edistribucion_local_exception_hunt_v1024.csv;docs/research/distributor_regional_audits/remaining_regional_distributor_candidates_v1023.csv;docs/research/distributor_regional_audits/remaining_regional_review_queue_by_dataset/aragon.csv,needs_municipal_primary_source,no,La presencia regional de e-distribución no prueba la distribuidora concreta de este municipio.
aragon,municipality:teruel::anadon,Anadón,Teruel,wave_1,"E-Distribución Redes Digitales, S.L.U.",,regional_context_only,edistribucion_aragon_official,4,docs/research/distributor_regional_audits/edistribucion_local_exception_hunt_by_dataset/aragon.csv;docs/research/distributor_regional_audits/edistribucion_local_exception_hunt_v1024.csv;docs/research/distributor_regional_audits/remaining_regional_distributor_candidates_v1023.csv;docs/research/distributor_regional_audits/remaining_regional_review_queue_by_dataset/aragon.csv,needs_municipal_primary_source,no,La presencia regional de e-distribución no prueba la distribuidora concreta de este municipio.
aragon,municipality:teruel::andorra,Andorra,Teruel,wave_1,"E-Distribución Redes Digitales, S.L.U.",,regional_context_only,edistribucion_aragon_official,4,docs/research/distributor_regional_audits/edistribucion_local_exception_hunt_by_dataset/aragon.csv;docs/research/distributor_regional_audits/edistribucion_local_exception_hunt_v1024.csv;docs/research/distributor_regional_audits/remaining_regional_distributor_candidates_v1023.csv;docs/research/distributor_regional_audits/remaining_regional_review_queue_by_dataset/aragon.csv,needs_municipal_primary_source,no,La presencia regional de e-distribución no prueba la distribuidora concreta de este municipio.
aragon,municipality:teruel::arcos_de_las_salinas,Arcos de las Salinas,Teruel,wave_1,"E-Distribución Redes Digitales, S.L.U.",,regional_context_only,edistribucion_aragon_official,4,docs/research/distributor_regional_audits/edistribucion_local_exception_hunt_by_dataset/aragon.csv;docs/research/distributor_regional_audits/edistribucion_local_exception_hunt_v1024.csv;docs/research/distributor_regional_audits/remaining_regional_distributor_candidates_v1023.csv;docs/research/distributor_regional_audits/remaining_regional_review_queue_by_dataset/aragon.csv,needs_municipal_primary_source,no,La presencia regional de e-distribución no prueba la distribuidora concreta de este municipio.
aragon,municipality:teruel::arens_de_lledo,Arens de Lledó,Teruel,wave_1,"E-Distribución Redes Digitales, S.L.U.",,regional_context_only,edistribucion_aragon_official,4,docs/research/distributor_regional_audits/edistribucion_local_exception_hunt_by_dataset/aragon.csv;docs/research/distributor_regional_audits/edistribucion_local_exception_hunt_v1024.csv;docs/research/distributor_regional_audits/remaining_regional_distributor_candidates_v1023.csv;docs/research/distributor_regional_audits/remaining_regional_review_queue_by_dataset/aragon.csv,needs_municipal_primary_source,no,La presencia regional de e-distribución no prueba la distribuidora concreta de este municipio.
aragon,municipality:teruel::argente,Argente,Teruel,wave_1,"E-Distribución Redes Digitales, S.L.U.",,regional_context_only,edistribucion_aragon_official,4,docs/research/distributor_regional_audits/edistribucion_local_exception_hunt_by_dataset/aragon.csv;docs/research/distributor_regional_audits/edistribucion_local_exception_hunt_v1024.csv;docs/research/distributor_regional_audits/remaining_regional_distributor_candidates_v1023.csv;docs/research/distributor_regional_audits/remaining_regional_review_queue_by_dataset/aragon.csv,needs_municipal_primary_source,no,La presencia regional de e-distribución no prueba la distribuidora concreta de este municipio.
aragon,municipality:teruel::arino,Ariño,Teruel,wave_1,"E-Distribución Redes Digitales, S.L.U.",,regional_context_only,edistribucion_aragon_official,4,docs/research/distributor_regional_audits/edistribucion_local_exception_hunt_by_dataset/aragon.csv;docs/research/distributor_regional_audits/edistribucion_local_exception_hunt_v1024.csv;docs/research/distributor_regional_audits/remaining_regional_distributor_candidates_v1023.csv;docs/research/distributor_regional_audits/remaining_regional_review_queue_by_dataset/aragon.csv,needs_municipal_primary_source,no,La presencia regional de e-distribución no prueba la distribuidora concreta de este municipio.
aragon,municipality:teruel::azaila,Azaila,Teruel,wave_1,"E-Distribución Redes Digitales, S.L.U.",,regional_context_only,edistribucion_aragon_official,4,docs/research/distributor_regional_audits/edistribucion_local_exception_hunt_by_dataset/aragon.csv;docs/research/distributor_regional_audits/edistribucion_local_exception_hunt_v1024.csv;docs/research/distributor_regional_audits/remaining_regional_distributor_candidates_v1023.csv;docs/research/distributor_regional_audits/remaining_regional_review_queue_by_dataset/aragon.csv,needs_municipal_primary_source,no,La presencia regional de e-distribución no prueba la distribuidora concreta de este municipio.
aragon,municipality:teruel::barrachina,Barrachina,Teruel,wave_1,"E-Distribución Redes Digitales, S.L.U.",,regional_context_only,edistribucion_aragon_official,4,docs/research/distributor_regional_audits/edistribucion_local_exception_hunt_by_dataset/aragon.csv;docs/research/distributor_regional_audits/edistribucion_local_exception_hunt_v1024.csv;docs/research/distributor_regional_audits/remaining_regional_distributor_candidates_v1023.csv;docs/research/distributor_regional_audits/remaining_regional_review_queue_by_dataset/aragon.csv,needs_municipal_primary_source,no,La presencia regional de e-distribución no prueba la distribuidora concreta de este municipio.
aragon,municipality:teruel::banon,Bañón,Teruel,wave_1,"E-Distribución Redes Digitales, S.L.U.",,regional_context_only,edistribucion_aragon_official,4,docs/research/distributor_regional_audits/edistribucion_local_exception_hunt_by_dataset/aragon.csv;docs/research/distributor_regional_audits/edistribucion_local_exception_hunt_v1024.csv;docs/research/distributor_regional_audits/remaining_regional_distributor_candidates_v1023.csv;docs/research/distributor_regional_audits/remaining_regional_review_queue_by_dataset/aragon.csv,needs_municipal_primary_source,no,La presencia regional de e-distribución no prueba la distribuidora concreta de este municipio.
aragon,municipality:teruel::bea,Bea,Teruel,wave_1,"E-Distribución Redes Digitales, S.L.U.",,regional_context_only,edistribucion_aragon_official,4,docs/research/distributor_regional_audits/edistribucion_local_exception_hunt_by_dataset/aragon.csv;docs/research/distributor_regional_audits/edistribucion_local_exception_hunt_v1024.csv;docs/research/distributor_regional_audits/remaining_regional_distributor_candidates_v1023.csv;docs/research/distributor_regional_audits/remaining_regional_review_queue_by_dataset/aragon.csv,needs_municipal_primary_source,no,La presencia regional de e-distribución no prueba la distribuidora concreta de este municipio.
aragon,municipality:teruel::beceite,Beceite,Teruel,wave_1,"E-Distribución Redes Digitales, S.L.U.",,regional_context_only,edistribucion_aragon_official,4,docs/research/distributor_regional_audits/edistribucion_local_exception_hunt_by_dataset/aragon.csv;docs/research/distributor_regional_audits/edistribucion_local_exception_hunt_v1024.csv;docs/research/distributor_regional_audits/remaining_regional_distributor_candidates_v1023.csv;docs/research/distributor_regional_audits/remaining_regional_review_queue_by_dataset/aragon.csv,needs_municipal_primary_source,no,La presencia regional de e-distribución no prueba la distribuidora concreta de este municipio.
aragon,municipality:teruel::bello,Bello,Teruel,wave_1,"E-Distribución Redes Digitales, S.L.U.",,regional_context_only,edistribucion_aragon_official,4,docs/research/distributor_regional_audits/edistribucion_local_exception_hunt_by_dataset/aragon.csv;docs/research/distributor_regional_audits/edistribucion_local_exception_hunt_v1024.csv;docs/research/distributor_regional_audits/remaining_regional_distributor_candidates_v1023.csv;docs/research/distributor_regional_audits/remaining_regional_review_queue_by_dataset/aragon.csv,needs_municipal_primary_source,no,La presencia regional de e-distribución no prueba la distribuidora concreta de este municipio.
aragon,municipality:teruel::belmonte_de_san_jose,Belmonte de San José,Teruel,wave_1,"E-Distribución Redes Digitales, S.L.U.",,regional_context_only,edistribucion_aragon_official,4,docs/research/distributor_regional_audits/edistribucion_local_exception_hunt_by_dataset/aragon.csv;docs/research/distributor_regional_audits/edistribucion_local_exception_hunt_v1024.csv;docs/research/distributor_regional_audits/remaining_regional_distributor_candidates_v1023.csv;docs/research/distributor_regional_audits/remaining_regional_review_queue_by_dataset/aragon.csv,needs_municipal_primary_source,no,La presencia regional de e-distribución no prueba la distribuidora concreta de este municipio.
aragon,municipality:teruel::berge,Berge,Teruel,wave_1,"E-Distribución Redes Digitales, S.L.U.",,regional_context_only,edistribucion_aragon_official,4,docs/research/distributor_regional_audits/edistribucion_local_exception_hunt_by_dataset/aragon.csv;docs/research/distributor_regional_audits/edistribucion_local_exception_hunt_v1024.csv;docs/research/distributor_regional_audits/remaining_regional_distributor_candidates_v1023.csv;docs/research/distributor_regional_audits/remaining_regional_review_queue_by_dataset/aragon.csv,needs_municipal_primary_source,no,La presencia regional de e-distribución no prueba la distribuidora concreta de este municipio.
aragon,municipality:teruel::bezas,Bezas,Teruel,wave_1,"E-Distribución Redes Digitales, S.L.U.",,regional_context_only,edistribucion_aragon_official,4,docs/research/distributor_regional_audits/edistribucion_local_exception_hunt_by_dataset/aragon.csv;docs/research/distributor_regional_audits/edistribucion_local_exception_hunt_v1024.csv;docs/research/distributor_regional_audits/remaining_regional_distributor_candidates_v1023.csv;docs/research/distributor_regional_audits/remaining_regional_review_queue_by_dataset/aragon.csv,needs_municipal_primary_source,no,La presencia regional de e-distribución no prueba la distribuidora concreta de este municipio.
aragon,municipality:teruel::blancas,Blancas,Teruel,wave_1,"E-Distribución Redes Digitales, S.L.U.",,regional_context_only,edistribucion_aragon_official,4,docs/research/distributor_regional_audits/edistribucion_local_exception_hunt_by_dataset/aragon.csv;docs/research/distributor_regional_audits/edistribucion_local_exception_hunt_v1024.csv;docs/research/distributor_regional_audits/remaining_regional_distributor_candidates_v1023.csv;docs/research/distributor_regional_audits/remaining_regional_review_queue_by_dataset/aragon.csv,needs_municipal_primary_source,no,La presencia regional de e-distribución no prueba la distribuidora concreta de este municipio.
aragon,municipality:teruel::blesa,Blesa,Teruel,wave_1,"E-Distribución Redes Digitales, S.L.U.",,regional_context_only,edistribucion_aragon_official,4,docs/research/distributor_regional_audits/edistribucion_local_exception_hunt_by_dataset/aragon.csv;docs/research/distributor_regional_audits/edistribucion_local_exception_hunt_v1024.csv;docs/research/distributor_regional_audits/remaining_regional_distributor_candidates_v1023.csv;docs/research/distributor_regional_audits/remaining_regional_review_queue_by_dataset/aragon.csv,needs_municipal_primary_source,no,La presencia regional de e-distribución no prueba la distribuidora concreta de este municipio.
aragon,municipality:teruel::bordon,Bordón,Teruel,wave_1,"E-Distribución Redes Digitales, S.L.U.",,regional_context_only,edistribucion_aragon_official,4,docs/research/distributor_regional_audits/edistribucion_local_exception_hunt_by_dataset/aragon.csv;docs/research/distributor_regional_audits/edistribucion_local_exception_hunt_v1024.csv;docs/research/distributor_regional_audits/remaining_regional_distributor_candidates_v1023.csv;docs/research/distributor_regional_audits/remaining_regional_review_queue_by_dataset/aragon.csv,needs_municipal_primary_source,no,La presencia regional de e-distribución no prueba la distribuidora concreta de este municipio.
aragon,municipality:teruel::bronchales,Bronchales,Teruel,wave_1,"E-Distribución Redes Digitales, S.L.U.",,regional_context_only,edistribucion_aragon_official,4,docs/research/distributor_regional_audits/edistribucion_local_exception_hunt_by_dataset/aragon.csv;docs/research/distributor_regional_audits/edistribucion_local_exception_hunt_v1024.csv;docs/research/distributor_regional_audits/remaining_regional_distributor_candidates_v1023.csv;docs/research/distributor_regional_audits/remaining_regional_review_queue_by_dataset/aragon.csv,needs_municipal_primary_source,no,La presencia regional de e-distribución no prueba la distribuidora concreta de este municipio.
aragon,municipality:teruel::buena,Bueña,Teruel,wave_1,"E-Distribución Redes Digitales, S.L.U.",,regional_context_only,edistribucion_aragon_official,4,docs/research/distributor_regional_audits/edistribucion_local_exception_hunt_by_dataset/aragon.csv;docs/research/distributor_regional_audits/edistribucion_local_exception_hunt_v1024.csv;docs/research/distributor_regional_audits/remaining_regional_distributor_candidates_v1023.csv;docs/research/distributor_regional_audits/remaining_regional_review_queue_by_dataset/aragon.csv,needs_municipal_primary_source,no,La presencia regional de e-distribución no prueba la distribuidora concreta de este municipio.
aragon,municipality:teruel::burbaguena,Burbáguena,Teruel,wave_1,"E-Distribución Redes Digitales, S.L.U.",,regional_context_only,edistribucion_aragon_official,4,docs/research/distributor_regional_audits/edistribucion_local_exception_hunt_by_dataset/aragon.csv;docs/research/distributor_regional_audits/edistribucion_local_exception_hunt_v1024.csv;docs/research/distributor_regional_audits/remaining_regional_distributor_candidates_v1023.csv;docs/research/distributor_regional_audits/remaining_regional_review_queue_by_dataset/aragon.csv,needs_municipal_primary_source,no,La presencia regional de e-distribución no prueba la distribuidora concreta de este municipio.
aragon,municipality:teruel::badenas,Bádenas,Teruel,wave_1,"E-Distribución Redes Digitales, S.L.U.",,regional_context_only,edistribucion_aragon_official,4,docs/research/distributor_regional_audits/edistribucion_local_exception_hunt_by_dataset/aragon.csv;docs/research/distributor_regional_audits/edistribucion_local_exception_hunt_v1024.csv;docs/research/distributor_regional_audits/remaining_regional_distributor_candidates_v1023.csv;docs/research/distributor_regional_audits/remaining_regional_review_queue_by_dataset/aragon.csv,needs_municipal_primary_source,no,La presencia regional de e-distribución no prueba la distribuidora concreta de este municipio.
aragon,municipality:teruel::baguena,Báguena,Teruel,wave_1,"E-Distribución Redes Digitales, S.L.U.",,regional_context_only,edistribucion_aragon_official,4,docs/research/distributor_regional_audits/edistribucion_local_exception_hunt_by_dataset/aragon.csv;docs/research/distributor_regional_audits/edistribucion_local_exception_hunt_v1024.csv;docs/research/distributor_regional_audits/remaining_regional_distributor_candidates_v1023.csv;docs/research/distributor_regional_audits/remaining_regional_review_queue_by_dataset/aragon.csv,needs_municipal_primary_source,no,La presencia regional de e-distribución no prueba la distribuidora concreta de este municipio.
aragon,municipality:teruel::cabra_de_mora,Cabra de Mora,Teruel,wave_1,"E-Distribución Redes Digitales, S.L.U.",,regional_context_only,edistribucion_aragon_official,4,docs/research/distributor_regional_audits/edistribucion_local_exception_hunt_by_dataset/aragon.csv;docs/research/distributor_regional_audits/edistribucion_local_exception_hunt_v1024.csv;docs/research/distributor_regional_audits/remaining_regional_distributor_candidates_v1023.csv;docs/research/distributor_regional_audits/remaining_regional_review_queue_by_dataset/aragon.csv,needs_municipal_primary_source,no,La presencia regional de e-distribución no prueba la distribuidora concreta de este municipio.
aragon,municipality:teruel::calaceite,Calaceite,Teruel,wave_1,"E-Distribución Redes Digitales, S.L.U.",,regional_context_only,edistribucion_aragon_official,4,docs/research/distributor_regional_audits/edistribucion_local_exception_hunt_by_dataset/aragon.csv;docs/research/distributor_regional_audits/edistribucion_local_exception_hunt_v1024.csv;docs/research/distributor_regional_audits/remaining_regional_distributor_candidates_v1023.csv;docs/research/distributor_regional_audits/remaining_regional_review_queue_by_dataset/aragon.csv,needs_municipal_primary_source,no,La presencia regional de e-distribución no prueba la distribuidora concreta de este municipio.
aragon,municipality:teruel::calamocha,Calamocha,Teruel,wave_1,"E-Distribución Redes Digitales, S.L.U.",,regional_context_only,edistribucion_aragon_official,4,docs/research/distributor_regional_audits/edistribucion_local_exception_hunt_by_dataset/aragon.csv;docs/research/distributor_regional_audits/edistribucion_local_exception_hunt_v1024.csv;docs/research/distributor_regional_audits/remaining_regional_distributor_candidates_v1023.csv;docs/research/distributor_regional_audits/remaining_regional_review_queue_by_dataset/aragon.csv,needs_municipal_primary_source,no,La presencia regional de e-distribución no prueba la distribuidora concreta de este municipio.
aragon,municipality:teruel::calanda,Calanda,Teruel,wave_1,"E-Distribución Redes Digitales, S.L.U.",,regional_context_only,edistribucion_aragon_official,4,docs/research/distributor_regional_audits/edistribucion_local_exception_hunt_by_dataset/aragon.csv;docs/research/distributor_regional_audits/edistribucion_local_exception_hunt_v1024.csv;docs/research/distributor_regional_audits/remaining_regional_distributor_candidates_v1023.csv;docs/research/distributor_regional_audits/remaining_regional_review_queue_by_dataset/aragon.csv,needs_municipal_primary_source,no,La presencia regional de e-distribución no prueba la distribuidora concreta de este municipio.
aragon,municipality:teruel::calomarde,Calomarde,Teruel,wave_1,"E-Distribución Redes Digitales, S.L.U.",,regional_context_only,edistribucion_aragon_official,4,docs/research/distributor_regional_audits/edistribucion_local_exception_hunt_by_dataset/aragon.csv;docs/research/distributor_regional_audits/edistribucion_local_exception_hunt_v1024.csv;docs/research/distributor_regional_audits/remaining_regional_distributor_candidates_v1023.csv;docs/research/distributor_regional_audits/remaining_regional_review_queue_by_dataset/aragon.csv,needs_municipal_primary_source,no,La presencia regional de e-distribución no prueba la distribuidora concreta de este municipio.
aragon,municipality:teruel::camarena_de_la_sierra,Camarena de la Sierra,Teruel,wave_1,"E-Distribución Redes Digitales, S.L.U.",,regional_context_only,edistribucion_aragon_official,4,docs/research/distributor_regional_audits/edistribucion_local_exception_hunt_by_dataset/aragon.csv;docs/research/distributor_regional_audits/edistribucion_local_exception_hunt_v1024.csv;docs/research/distributor_regional_audits/remaining_regional_distributor_candidates_v1023.csv;docs/research/distributor_regional_audits/remaining_regional_review_queue_by_dataset/aragon.csv,needs_municipal_primary_source,no,La presencia regional de e-distribución no prueba la distribuidora concreta de este municipio.
aragon,municipality:teruel::camarillas,Camarillas,Teruel,wave_1,"E-Distribución Redes Digitales, S.L.U.",,regional_context_only,edistribucion_aragon_official,4,docs/research/distributor_regional_audits/edistribucion_local_exception_hunt_by_dataset/aragon.csv;docs/research/distributor_regional_audits/edistribucion_local_exception_hunt_v1024.csv;docs/research/distributor_regional_audits/remaining_regional_distributor_candidates_v1023.csv;docs/research/distributor_regional_audits/remaining_regional_review_queue_by_dataset/aragon.csv,needs_municipal_primary_source,no,La presencia regional de e-distribución no prueba la distribuidora concreta de este municipio.
aragon,municipality:teruel::camanas,Camañas,Teruel,wave_1,"E-Distribución Redes Digitales, S.L.U.",,regional_context_only,edistribucion_aragon_official,4,docs/research/distributor_regional_audits/edistribucion_local_exception_hunt_by_dataset/aragon.csv;docs/research/distributor_regional_audits/edistribucion_local_exception_hunt_v1024.csv;docs/research/distributor_regional_audits/remaining_regional_distributor_candidates_v1023.csv;docs/research/distributor_regional_audits/remaining_regional_review_queue_by_dataset/aragon.csv,needs_municipal_primary_source,no,La presencia regional de e-distribución no prueba la distribuidora concreta de este municipio.
aragon,municipality:teruel::caminreal,Caminreal,Teruel,wave_1,"E-Distribución Redes Digitales, S.L.U.",,regional_context_only,edistribucion_aragon_official,4,docs/research/distributor_regional_audits/edistribucion_local_exception_hunt_by_dataset/aragon.csv;docs/research/distributor_regional_audits/edistribucion_local_exception_hunt_v1024.csv;docs/research/distributor_regional_audits/remaining_regional_distributor_candidates_v1023.csv;docs/research/distributor_regional_audits/remaining_regional_review_queue_by_dataset/aragon.csv,needs_municipal_primary_source,no,La presencia regional de e-distribución no prueba la distribuidora concreta de este municipio.
aragon,municipality:teruel::cantavieja,Cantavieja,Teruel,wave_1,"E-Distribución Redes Digitales, S.L.U.",,regional_context_only,edistribucion_aragon_official,4,docs/research/distributor_regional_audits/edistribucion_local_exception_hunt_by_dataset/aragon.csv;docs/research/distributor_regional_audits/edistribucion_local_exception_hunt_v1024.csv;docs/research/distributor_regional_audits/remaining_regional_distributor_candidates_v1023.csv;docs/research/distributor_regional_audits/remaining_regional_review_queue_by_dataset/aragon.csv,needs_municipal_primary_source,no,La presencia regional de e-distribución no prueba la distribuidora concreta de este municipio.
aragon,municipality:teruel::cascante_del_rio,Cascante del Río,Teruel,wave_1,"E-Distribución Redes Digitales, S.L.U.",,regional_context_only,edistribucion_aragon_official,4,docs/research/distributor_regional_audits/edistribucion_local_exception_hunt_by_dataset/aragon.csv;docs/research/distributor_regional_audits/edistribucion_local_exception_hunt_v1024.csv;docs/research/distributor_regional_audits/remaining_regional_distributor_candidates_v1023.csv;docs/research/distributor_regional_audits/remaining_regional_review_queue_by_dataset/aragon.csv,needs_municipal_primary_source,no,La presencia regional de e-distribución no prueba la distribuidora concreta de este municipio.
aragon,municipality:teruel::castejon_de_tornos,Castejón de Tornos,Teruel,wave_1,"E-Distribución Redes Digitales, S.L.U.",,regional_context_only,edistribucion_aragon_official,4,docs/research/distributor_regional_audits/edistribucion_local_exception_hunt_by_dataset/aragon.csv;docs/research/distributor_regional_audits/edistribucion_local_exception_hunt_v1024.csv;docs/research/distributor_regional_audits/remaining_regional_distributor_candidates_v1023.csv;docs/research/distributor_regional_audits/remaining_regional_review_queue_by_dataset/aragon.csv,needs_municipal_primary_source,no,La presencia regional de e-distribución no prueba la distribuidora concreta de este municipio.
aragon,municipality:teruel::castel_de_cabra,Castel de Cabra,Teruel,wave_1,"E-Distribución Redes Digitales, S.L.U.",,regional_context_only,edistribucion_aragon_official,4,docs/research/distributor_regional_audits/edistribucion_local_exception_hunt_by_dataset/aragon.csv;docs/research/distributor_regional_audits/edistribucion_local_exception_hunt_v1024.csv;docs/research/distributor_regional_audits/remaining_regional_distributor_candidates_v1023.csv;docs/research/distributor_regional_audits/remaining_regional_review_queue_by_dataset/aragon.csv,needs_municipal_primary_source,no,La presencia regional de e-distribución no prueba la distribuidora concreta de este municipio.
aragon,municipality:teruel::castellote,Castellote,Teruel,wave_1,"E-Distribución Redes Digitales, S.L.U.",,regional_context_only,edistribucion_aragon_official,4,docs/research/distributor_regional_audits/edistribucion_local_exception_hunt_by_dataset/aragon.csv;docs/research/distributor_regional_audits/edistribucion_local_exception_hunt_v1024.csv;docs/research/distributor_regional_audits/remaining_regional_distributor_candidates_v1023.csv;docs/research/distributor_regional_audits/remaining_regional_review_queue_by_dataset/aragon.csv,needs_municipal_primary_source,no,La presencia regional de e-distribución no prueba la distribuidora concreta de este municipio.
aragon,municipality:teruel::castelnou,Castelnou,Teruel,wave_1,"E-Distribución Redes Digitales, S.L.U.",,regional_context_only,edistribucion_aragon_official,4,docs/research/distributor_regional_audits/edistribucion_local_exception_hunt_by_dataset/aragon.csv;docs/research/distributor_regional_audits/edistribucion_local_exception_hunt_v1024.csv;docs/research/distributor_regional_audits/remaining_regional_distributor_candidates_v1023.csv;docs/research/distributor_regional_audits/remaining_regional_review_queue_by_dataset/aragon.csv,needs_municipal_primary_source,no,La presencia regional de e-distribución no prueba la distribuidora concreta de este municipio.
aragon,municipality:teruel::castelseras,Castelserás,Teruel,wave_1,"E-Distribución Redes Digitales, S.L.U.",,regional_context_only,edistribucion_aragon_official,4,docs/research/distributor_regional_audits/edistribucion_local_exception_hunt_by_dataset/aragon.csv;docs/research/distributor_regional_audits/edistribucion_local_exception_hunt_v1024.csv;docs/research/distributor_regional_audits/remaining_regional_distributor_candidates_v1023.csv;docs/research/distributor_regional_audits/remaining_regional_review_queue_by_dataset/aragon.csv,needs_municipal_primary_source,no,La presencia regional de e-distribución no prueba la distribuidora concreta de este municipio.
aragon,municipality:teruel::canada_vellida,Cañada Vellida,Teruel,wave_1,"E-Distribución Redes Digitales, S.L.U.",,regional_context_only,edistribucion_aragon_official,4,docs/research/distributor_regional_audits/edistribucion_local_exception_hunt_by_dataset/aragon.csv;docs/research/distributor_regional_audits/edistribucion_local_exception_hunt_v1024.csv;docs/research/distributor_regional_audits/remaining_regional_distributor_candidates_v1023.csv;docs/research/distributor_regional_audits/remaining_regional_review_queue_by_dataset/aragon.csv,needs_municipal_primary_source,no,La presencia regional de e-distribución no prueba la distribuidora concreta de este municipio.
aragon,municipality:teruel::canada_de_benatanduz,Cañada de Benatanduz,Teruel,wave_1,"E-Distribución Redes Digitales, S.L.U.",,regional_context_only,edistribucion_aragon_official,4,docs/research/distributor_regional_audits/edistribucion_local_exception_hunt_by_dataset/aragon.csv;docs/research/distributor_regional_audits/edistribucion_local_exception_hunt_v1024.csv;docs/research/distributor_regional_audits/remaining_regional_distributor_candidates_v1023.csv;docs/research/distributor_regional_audits/remaining_regional_review_queue_by_dataset/aragon.csv,needs_municipal_primary_source,no,La presencia regional de e-distribución no prueba la distribuidora concreta de este municipio.
aragon,municipality:teruel::canizar_del_olivar,Cañizar del Olivar,Teruel,wave_1,"E-Distribución Redes Digitales, S.L.U.",,regional_context_only,edistribucion_aragon_official,4,docs/research/distributor_regional_audits/edistribucion_local_exception_hunt_by_dataset/aragon.csv;docs/research/distributor_regional_audits/edistribucion_local_exception_hunt_v1024.csv;docs/research/distributor_regional_audits/remaining_regional_distributor_candidates_v1023.csv;docs/research/distributor_regional_audits/remaining_regional_review_queue_by_dataset/aragon.csv,needs_municipal_primary_source,no,La presencia regional de e-distribución no prueba la distribuidora concreta de este municipio.
aragon,municipality:teruel::cedrillas,Cedrillas,Teruel,wave_1,"E-Distribución Redes Digitales, S.L.U.",,regional_context_only,edistribucion_aragon_official,4,docs/research/distributor_regional_audits/edistribucion_local_exception_hunt_by_dataset/aragon.csv;docs/research/distributor_regional_audits/edistribucion_local_exception_hunt_v1024.csv;docs/research/distributor_regional_audits/remaining_regional_distributor_candidates_v1023.csv;docs/research/distributor_regional_audits/remaining_regional_review_queue_by_dataset/aragon.csv,needs_municipal_primary_source,no,La presencia regional de e-distribución no prueba la distribuidora concreta de este municipio.
aragon,municipality:teruel::celadas,Celadas,Teruel,wave_1,"E-Distribución Redes Digitales, S.L.U.",,regional_context_only,edistribucion_aragon_official,4,docs/research/distributor_regional_audits/edistribucion_local_exception_hunt_by_dataset/aragon.csv;docs/research/distributor_regional_audits/edistribucion_local_exception_hunt_v1024.csv;docs/research/distributor_regional_audits/remaining_regional_distributor_candidates_v1023.csv;docs/research/distributor_regional_audits/remaining_regional_review_queue_by_dataset/aragon.csv,needs_municipal_primary_source,no,La presencia regional de e-distribución no prueba la distribuidora concreta de este municipio.
aragon,municipality:teruel::cella,Cella,Teruel,wave_1,"E-Distribución Redes Digitales, S.L.U.",,regional_context_only,edistribucion_aragon_official,4,docs/research/distributor_regional_audits/edistribucion_local_exception_hunt_by_dataset/aragon.csv;docs/research/distributor_regional_audits/edistribucion_local_exception_hunt_v1024.csv;docs/research/distributor_regional_audits/remaining_regional_distributor_candidates_v1023.csv;docs/research/distributor_regional_audits/remaining_regional_review_queue_by_dataset/aragon.csv,needs_municipal_primary_source,no,La presencia regional de e-distribución no prueba la distribuidora concreta de este municipio.
aragon,municipality:teruel::comunidad_de_la_pardina_del_mercadal,Comunidad de la Pardina del Mercadal,Teruel,wave_1,"E-Distribución Redes Digitales, S.L.U.",,regional_context_only,edistribucion_aragon_official,4,docs/research/distributor_regional_audits/edistribucion_local_exception_hunt_by_dataset/aragon.csv;docs/research/distributor_regional_audits/edistribucion_local_exception_hunt_v1024.csv;docs/research/distributor_regional_audits/remaining_regional_distributor_candidates_v1023.csv;docs/research/distributor_regional_audits/remaining_regional_review_queue_by_dataset/aragon.csv,needs_municipal_primary_source,no,La presencia regional de e-distribución no prueba la distribuidora concreta de este municipio.
aragon,municipality:teruel::corbalan,Corbalán,Teruel,wave_1,"E-Distribución Redes Digitales, S.L.U.",,regional_context_only,edistribucion_aragon_official,4,docs/research/distributor_regional_audits/edistribucion_local_exception_hunt_by_dataset/aragon.csv;docs/research/distributor_regional_audits/edistribucion_local_exception_hunt_v1024.csv;docs/research/distributor_regional_audits/remaining_regional_distributor_candidates_v1023.csv;docs/research/distributor_regional_audits/remaining_regional_review_queue_by_dataset/aragon.csv,needs_municipal_primary_source,no,La presencia regional de e-distribución no prueba la distribuidora concreta de este municipio.
aragon,municipality:teruel::cortes_de_aragon,Cortes de Aragón,Teruel,wave_1,"E-Distribución Redes Digitales, S.L.U.",,regional_context_only,edistribucion_aragon_official,4,docs/research/distributor_regional_audits/edistribucion_local_exception_hunt_by_dataset/aragon.csv;docs/research/distributor_regional_audits/edistribucion_local_exception_hunt_v1024.csv;docs/research/distributor_regional_audits/remaining_regional_distributor_candidates_v1023.csv;docs/research/distributor_regional_audits/remaining_regional_review_queue_by_dataset/aragon.csv,needs_municipal_primary_source,no,La presencia regional de e-distribución no prueba la distribuidora concreta de este municipio.
aragon,municipality:teruel::cosa,Cosa,Teruel,wave_1,"E-Distribución Redes Digitales, S.L.U.",,regional_context_only,edistribucion_aragon_official,4,docs/research/distributor_regional_audits/edistribucion_local_exception_hunt_by_dataset/aragon.csv;docs/research/distributor_regional_audits/edistribucion_local_exception_hunt_v1024.csv;docs/research/distributor_regional_audits/remaining_regional_distributor_candidates_v1023.csv;docs/research/distributor_regional_audits/remaining_regional_review_queue_by_dataset/aragon.csv,needs_municipal_primary_source,no,La presencia regional de e-distribución no prueba la distribuidora concreta de este municipio.
aragon,municipality:teruel::cretas,Cretas,Teruel,wave_1,"E-Distribución Redes Digitales, S.L.U.",,regional_context_only,edistribucion_aragon_official,4,docs/research/distributor_regional_audits/edistribucion_local_exception_hunt_by_dataset/aragon.csv;docs/research/distributor_regional_audits/edistribucion_local_exception_hunt_v1024.csv;docs/research/distributor_regional_audits/remaining_regional_distributor_candidates_v1023.csv;docs/research/distributor_regional_audits/remaining_regional_review_queue_by_dataset/aragon.csv,needs_municipal_primary_source,no,La presencia regional de e-distribución no prueba la distribuidora concreta de este municipio.
aragon,municipality:teruel::crivillen,Crivillén,Teruel,wave_1,"E-Distribución Redes Digitales, S.L.U.",,regional_context_only,edistribucion_aragon_official,4,docs/research/distributor_regional_audits/edistribucion_local_exception_hunt_by_dataset/aragon.csv;docs/research/distributor_regional_audits/edistribucion_local_exception_hunt_v1024.csv;docs/research/distributor_regional_audits/remaining_regional_distributor_candidates_v1023.csv;docs/research/distributor_regional_audits/remaining_regional_review_queue_by_dataset/aragon.csv,needs_municipal_primary_source,no,La presencia regional de e-distribución no prueba la distribuidora concreta de este municipio.
aragon,municipality:teruel::cubla,Cubla,Teruel,wave_1,"E-Distribución Redes Digitales, S.L.U.",,regional_context_only,edistribucion_aragon_official,4,docs/research/distributor_regional_audits/edistribucion_local_exception_hunt_by_dataset/aragon.csv;docs/research/distributor_regional_audits/edistribucion_local_exception_hunt_v1024.csv;docs/research/distributor_regional_audits/remaining_regional_distributor_candidates_v1023.csv;docs/research/distributor_regional_audits/remaining_regional_review_queue_by_dataset/aragon.csv,needs_municipal_primary_source,no,La presencia regional de e-distribución no prueba la distribuidora concreta de este municipio.
aragon,municipality:teruel::cucalon,Cucalón,Teruel,wave_1,"E-Distribución Redes Digitales, S.L.U.",,regional_context_only,edistribucion_aragon_official,4,docs/research/distributor_regional_audits/edistribucion_local_exception_hunt_by_dataset/aragon.csv;docs/research/distributor_regional_audits/edistribucion_local_exception_hunt_v1024.csv;docs/research/distributor_regional_audits/remaining_regional_distributor_candidates_v1023.csv;docs/research/distributor_regional_audits/remaining_regional_review_queue_by_dataset/aragon.csv,needs_municipal_primary_source,no,La presencia regional de e-distribución no prueba la distribuidora concreta de este municipio.
aragon,municipality:teruel::cuevas_labradas,Cuevas Labradas,Teruel,wave_1,"E-Distribución Redes Digitales, S.L.U.",,regional_context_only,edistribucion_aragon_official,4,docs/research/distributor_regional_audits/edistribucion_local_exception_hunt_by_dataset/aragon.csv;docs/research/distributor_regional_audits/edistribucion_local_exception_hunt_v1024.csv;docs/research/distributor_regional_audits/remaining_regional_distributor_candidates_v1023.csv;docs/research/distributor_regional_audits/remaining_regional_review_queue_by_dataset/aragon.csv,needs_municipal_primary_source,no,La presencia regional de e-distribución no prueba la distribuidora concreta de este municipio.
aragon,municipality:teruel::cuevas_de_almuden,Cuevas de Almudén,Teruel,wave_1,"E-Distribución Redes Digitales, S.L.U.",,regional_context_only,edistribucion_aragon_official,4,docs/research/distributor_regional_audits/edistribucion_local_exception_hunt_by_dataset/aragon.csv;docs/research/distributor_regional_audits/edistribucion_local_exception_hunt_v1024.csv;docs/research/distributor_regional_audits/remaining_regional_distributor_candidates_v1023.csv;docs/research/distributor_regional_audits/remaining_regional_review_queue_by_dataset/aragon.csv,needs_municipal_primary_source,no,La presencia regional de e-distribución no prueba la distribuidora concreta de este municipio.
aragon,municipality:teruel::ejulve,Ejulve,Teruel,wave_1,"E-Distribución Redes Digitales, S.L.U.",,regional_context_only,edistribucion_aragon_official,4,docs/research/distributor_regional_audits/edistribucion_local_exception_hunt_by_dataset/aragon.csv;docs/research/distributor_regional_audits/edistribucion_local_exception_hunt_v1024.csv;docs/research/distributor_regional_audits/remaining_regional_distributor_candidates_v1023.csv;docs/research/distributor_regional_audits/remaining_regional_review_queue_by_dataset/aragon.csv,needs_municipal_primary_source,no,La presencia regional de e-distribución no prueba la distribuidora concreta de este municipio.
aragon,municipality:teruel::el_castellar,El Castellar,Teruel,wave_1,"E-Distribución Redes Digitales, S.L.U.",,regional_context_only,edistribucion_aragon_official,4,docs/research/distributor_regional_audits/edistribucion_local_exception_hunt_by_dataset/aragon.csv;docs/research/distributor_regional_audits/edistribucion_local_exception_hunt_v1024.csv;docs/research/distributor_regional_audits/remaining_regional_distributor_candidates_v1023.csv;docs/research/distributor_regional_audits/remaining_regional_review_queue_by_dataset/aragon.csv,needs_municipal_primary_source,no,La presencia regional de e-distribución no prueba la distribuidora concreta de este municipio.
aragon,municipality:teruel::el_cuervo,El Cuervo,Teruel,wave_1,"E-Distribución Redes Digitales, S.L.U.",,regional_context_only,edistribucion_aragon_official,4,docs/research/distributor_regional_audits/edistribucion_local_exception_hunt_by_dataset/aragon.csv;docs/research/distributor_regional_audits/edistribucion_local_exception_hunt_v1024.csv;docs/research/distributor_regional_audits/remaining_regional_distributor_candidates_v1023.csv;docs/research/distributor_regional_audits/remaining_regional_review_queue_by_dataset/aragon.csv,needs_municipal_primary_source,no,La presencia regional de e-distribución no prueba la distribuidora concreta de este municipio.
aragon,municipality:teruel::el_franco,El Franco,Teruel,wave_1,"E-Distribución Redes Digitales, S.L.U.",,regional_context_only,edistribucion_aragon_official,4,docs/research/distributor_regional_audits/edistribucion_local_exception_hunt_by_dataset/aragon.csv;docs/research/distributor_regional_audits/edistribucion_local_exception_hunt_v1024.csv;docs/research/distributor_regional_audits/remaining_regional_distributor_candidates_v1023.csv;docs/research/distributor_regional_audits/remaining_regional_review_queue_by_dataset/aragon.csv,needs_municipal_primary_source,no,La presencia regional de e-distribución no prueba la distribuidora concreta de este municipio.
aragon,municipality:teruel::el_pobo,El Pobo,Teruel,wave_1,"E-Distribución Redes Digitales, S.L.U.",,regional_context_only,edistribucion_aragon_official,4,docs/research/distributor_regional_audits/edistribucion_local_exception_hunt_by_dataset/aragon.csv;docs/research/distributor_regional_audits/edistribucion_local_exception_hunt_v1024.csv;docs/research/distributor_regional_audits/remaining_regional_distributor_candidates_v1023.csv;docs/research/distributor_regional_audits/remaining_regional_review_queue_by_dataset/aragon.csv,needs_municipal_primary_source,no,La presencia regional de e-distribución no prueba la distribuidora concreta de este municipio.
aragon,municipality:teruel::el_vallecillo,El Vallecillo,Teruel,wave_1,"E-Distribución Redes Digitales, S.L.U.",,regional_context_only,edistribucion_aragon_official,4,docs/research/distributor_regional_audits/edistribucion_local_exception_hunt_by_dataset/aragon.csv;docs/research/distributor_regional_audits/edistribucion_local_exception_hunt_v1024.csv;docs/research/distributor_regional_audits/remaining_regional_distributor_candidates_v1023.csv;docs/research/distributor_regional_audits/remaining_regional_review_queue_by_dataset/aragon.csv,needs_municipal_primary_source,no,La presencia regional de e-distribución no prueba la distribuidora concreta de este municipio.
aragon,municipality:teruel::escorihuela,Escorihuela,Teruel,wave_1,"E-Distribución Redes Digitales, S.L.U.",,regional_context_only,edistribucion_aragon_official,4,docs/research/distributor_regional_audits/edistribucion_local_exception_hunt_by_dataset/aragon.csv;docs/research/distributor_regional_audits/edistribucion_local_exception_hunt_v1024.csv;docs/research/distributor_regional_audits/remaining_regional_distributor_candidates_v1023.csv;docs/research/distributor_regional_audits/remaining_regional_review_queue_by_dataset/aragon.csv,needs_municipal_primary_source,no,La presencia regional de e-distribución no prueba la distribuidora concreta de este municipio.
aragon,municipality:teruel::escucha,Escucha,Teruel,wave_1,"E-Distribución Redes Digitales, S.L.U.",,regional_context_only,edistribucion_aragon_official,4,docs/research/distributor_regional_audits/edistribucion_local_exception_hunt_by_dataset/aragon.csv;docs/research/distributor_regional_audits/edistribucion_local_exception_hunt_v1024.csv;docs/research/distributor_regional_audits/remaining_regional_distributor_candidates_v1023.csv;docs/research/distributor_regional_audits/remaining_regional_review_queue_by_dataset/aragon.csv,needs_municipal_primary_source,no,La presencia regional de e-distribución no prueba la distribuidora concreta de este municipio.
aragon,municipality:teruel::estercuel,Estercuel,Teruel,wave_1,"E-Distribución Redes Digitales, S.L.U.",,regional_context_only,edistribucion_aragon_official,4,docs/research/distributor_regional_audits/edistribucion_local_exception_hunt_by_dataset/aragon.csv;docs/research/distributor_regional_audits/edistribucion_local_exception_hunt_v1024.csv;docs/research/distributor_regional_audits/remaining_regional_distributor_candidates_v1023.csv;docs/research/distributor_regional_audits/remaining_regional_review_queue_by_dataset/aragon.csv,needs_municipal_primary_source,no,La presencia regional de e-distribución no prueba la distribuidora concreta de este municipio.
aragon,municipality:teruel::ferreruela_de_huerva,Ferreruela de Huerva,Teruel,wave_1,"E-Distribución Redes Digitales, S.L.U.",,regional_context_only,edistribucion_aragon_official,4,docs/research/distributor_regional_audits/edistribucion_local_exception_hunt_by_dataset/aragon.csv;docs/research/distributor_regional_audits/edistribucion_local_exception_hunt_v1024.csv;docs/research/distributor_regional_audits/remaining_regional_distributor_candidates_v1023.csv;docs/research/distributor_regional_audits/remaining_regional_review_queue_by_dataset/aragon.csv,needs_municipal_primary_source,no,La presencia regional de e-distribución no prueba la distribuidora concreta de este municipio.
aragon,municipality:teruel::fonfria,Fonfría,Teruel,wave_1,"E-Distribución Redes Digitales, S.L.U.",,regional_context_only,edistribucion_aragon_official,4,docs/research/distributor_regional_audits/edistribucion_local_exception_hunt_by_dataset/aragon.csv;docs/research/distributor_regional_audits/edistribucion_local_exception_hunt_v1024.csv;docs/research/distributor_regional_audits/remaining_regional_distributor_candidates_v1023.csv;docs/research/distributor_regional_audits/remaining_regional_review_queue_by_dataset/aragon.csv,needs_municipal_primary_source,no,La presencia regional de e-distribución no prueba la distribuidora concreta de este municipio.
aragon,municipality:teruel::formiche_alto,Formiche Alto,Teruel,wave_1,"E-Distribución Redes Digitales, S.L.U.",,regional_context_only,edistribucion_aragon_official,4,docs/research/distributor_regional_audits/edistribucion_local_exception_hunt_by_dataset/aragon.csv;docs/research/distributor_regional_audits/edistribucion_local_exception_hunt_v1024.csv;docs/research/distributor_regional_audits/remaining_regional_distributor_candidates_v1023.csv;docs/research/distributor_regional_audits/remaining_regional_review_queue_by_dataset/aragon.csv,needs_municipal_primary_source,no,La presencia regional de e-distribución no prueba la distribuidora concreta de este municipio.
aragon,municipality:teruel::fortanete,Fortanete,Teruel,wave_1,"E-Distribución Redes Digitales, S.L.U.",,regional_context_only,edistribucion_aragon_official,4,docs/research/distributor_regional_audits/edistribucion_local_exception_hunt_by_dataset/aragon.csv;docs/research/distributor_regional_audits/edistribucion_local_exception_hunt_v1024.csv;docs/research/distributor_regional_audits/remaining_regional_distributor_candidates_v1023.csv;docs/research/distributor_regional_audits/remaining_regional_review_queue_by_dataset/aragon.csv,needs_municipal_primary_source,no,La presencia regional de e-distribución no prueba la distribuidora concreta de este municipio.
aragon,municipality:teruel::foz_calanda,Foz-Calanda,Teruel,wave_1,"E-Distribución Redes Digitales, S.L.U.",,regional_context_only,edistribucion_aragon_official,4,docs/research/distributor_regional_audits/edistribucion_local_exception_hunt_by_dataset/aragon.csv;docs/research/distributor_regional_audits/edistribucion_local_exception_hunt_v1024.csv;docs/research/distributor_regional_audits/remaining_regional_distributor_candidates_v1023.csv;docs/research/distributor_regional_audits/remaining_regional_review_queue_by_dataset/aragon.csv,needs_municipal_primary_source,no,La presencia regional de e-distribución no prueba la distribuidora concreta de este municipio.
aragon,municipality:teruel::frias_de_albarracin,Frías de Albarracín,Teruel,wave_1,"E-Distribución Redes Digitales, S.L.U.",,regional_context_only,edistribucion_aragon_official,4,docs/research/distributor_regional_audits/edistribucion_local_exception_hunt_by_dataset/aragon.csv;docs/research/distributor_regional_audits/edistribucion_local_exception_hunt_v1024.csv;docs/research/distributor_regional_audits/remaining_regional_distributor_candidates_v1023.csv;docs/research/distributor_regional_audits/remaining_regional_review_queue_by_dataset/aragon.csv,needs_municipal_primary_source,no,La presencia regional de e-distribución no prueba la distribuidora concreta de este municipio.
aragon,municipality:teruel::fuenferrada,Fuenferrada,Teruel,wave_1,"E-Distribución Redes Digitales, S.L.U.",,regional_context_only,edistribucion_aragon_official,4,docs/research/distributor_regional_audits/edistribucion_local_exception_hunt_by_dataset/aragon.csv;docs/research/distributor_regional_audits/edistribucion_local_exception_hunt_v1024.csv;docs/research/distributor_regional_audits/remaining_regional_distributor_candidates_v1023.csv;docs/research/distributor_regional_audits/remaining_regional_review_queue_by_dataset/aragon.csv,needs_municipal_primary_source,no,La presencia regional de e-distribución no prueba la distribuidora concreta de este municipio.
aragon,municipality:teruel::fuentes_calientes,Fuentes Calientes,Teruel,wave_1,"E-Distribución Redes Digitales, S.L.U.",,regional_context_only,edistribucion_aragon_official,4,docs/research/distributor_regional_audits/edistribucion_local_exception_hunt_by_dataset/aragon.csv;docs/research/distributor_regional_audits/edistribucion_local_exception_hunt_v1024.csv;docs/research/distributor_regional_audits/remaining_regional_distributor_candidates_v1023.csv;docs/research/distributor_regional_audits/remaining_regional_review_queue_by_dataset/aragon.csv,needs_municipal_primary_source,no,La presencia regional de e-distribución no prueba la distribuidora concreta de este municipio.
aragon,municipality:teruel::fuentes_claras,Fuentes Claras,Teruel,wave_1,"E-Distribución Redes Digitales, S.L.U.",,regional_context_only,edistribucion_aragon_official,4,docs/research/distributor_regional_audits/edistribucion_local_exception_hunt_by_dataset/aragon.csv;docs/research/distributor_regional_audits/edistribucion_local_exception_hunt_v1024.csv;docs/research/distributor_regional_audits/remaining_regional_distributor_candidates_v1023.csv;docs/research/distributor_regional_audits/remaining_regional_review_queue_by_dataset/aragon.csv,needs_municipal_primary_source,no,La presencia regional de e-distribución no prueba la distribuidora concreta de este municipio.
aragon,municipality:teruel::fuentes_de_rubielos,Fuentes de Rubielos,Teruel,wave_1,"E-Distribución Redes Digitales, S.L.U.",,regional_context_only,edistribucion_aragon_official,4,docs/research/distributor_regional_audits/edistribucion_local_exception_hunt_by_dataset/aragon.csv;docs/research/distributor_regional_audits/edistribucion_local_exception_hunt_v1024.csv;docs/research/distributor_regional_audits/remaining_regional_distributor_candidates_v1023.csv;docs/research/distributor_regional_audits/remaining_regional_review_queue_by_dataset/aragon.csv,needs_municipal_primary_source,no,La presencia regional de e-distribución no prueba la distribuidora concreta de este municipio.
aragon,municipality:teruel::fuentespalda,Fuentespalda,Teruel,wave_1,"E-Distribución Redes Digitales, S.L.U.",,regional_context_only,edistribucion_aragon_official,4,docs/research/distributor_regional_audits/edistribucion_local_exception_hunt_by_dataset/aragon.csv;docs/research/distributor_regional_audits/edistribucion_local_exception_hunt_v1024.csv;docs/research/distributor_regional_audits/remaining_regional_distributor_candidates_v1023.csv;docs/research/distributor_regional_audits/remaining_regional_review_queue_by_dataset/aragon.csv,needs_municipal_primary_source,no,La presencia regional de e-distribución no prueba la distribuidora concreta de este municipio.
aragon,municipality:teruel::fornoles,Fórnoles,Teruel,wave_1,"E-Distribución Redes Digitales, S.L.U.",,regional_context_only,edistribucion_aragon_official,4,docs/research/distributor_regional_audits/edistribucion_local_exception_hunt_by_dataset/aragon.csv;docs/research/distributor_regional_audits/edistribucion_local_exception_hunt_v1024.csv;docs/research/distributor_regional_audits/remaining_regional_distributor_candidates_v1023.csv;docs/research/distributor_regional_audits/remaining_regional_review_queue_by_dataset/aragon.csv,needs_municipal_primary_source,no,La presencia regional de e-distribución no prueba la distribuidora concreta de este municipio.
aragon,municipality:teruel::galve,Galve,Teruel,wave_1,"E-Distribución Redes Digitales, S.L.U.",,regional_context_only,edistribucion_aragon_official,4,docs/research/distributor_regional_audits/edistribucion_local_exception_hunt_by_dataset/aragon.csv;docs/research/distributor_regional_audits/edistribucion_local_exception_hunt_v1024.csv;docs/research/distributor_regional_audits/remaining_regional_distributor_candidates_v1023.csv;docs/research/distributor_regional_audits/remaining_regional_review_queue_by_dataset/aragon.csv,needs_municipal_primary_source,no,La presencia regional de e-distribución no prueba la distribuidora concreta de este municipio.
aragon,municipality:teruel::gargallo,Gargallo,Teruel,wave_1,"E-Distribución Redes Digitales, S.L.U.",,regional_context_only,edistribucion_aragon_official,4,docs/research/distributor_regional_audits/edistribucion_local_exception_hunt_by_dataset/aragon.csv;docs/research/distributor_regional_audits/edistribucion_local_exception_hunt_v1024.csv;docs/research/distributor_regional_audits/remaining_regional_distributor_candidates_v1023.csv;docs/research/distributor_regional_audits/remaining_regional_review_queue_by_dataset/aragon.csv,needs_municipal_primary_source,no,La presencia regional de e-distribución no prueba la distribuidora concreta de este municipio.
aragon,municipality:teruel::gea_de_albarracin,Gea de Albarracín,Teruel,wave_1,"E-Distribución Redes Digitales, S.L.U.",,regional_context_only,edistribucion_aragon_official,4,docs/research/distributor_regional_audits/edistribucion_local_exception_hunt_by_dataset/aragon.csv;docs/research/distributor_regional_audits/edistribucion_local_exception_hunt_v1024.csv;docs/research/distributor_regional_audits/remaining_regional_distributor_candidates_v1023.csv;docs/research/distributor_regional_audits/remaining_regional_review_queue_by_dataset/aragon.csv,needs_municipal_primary_source,no,La presencia regional de e-distribución no prueba la distribuidora concreta de este municipio.
aragon,municipality:teruel::griegos,Griegos,Teruel,wave_1,"E-Distribución Redes Digitales, S.L.U.",,regional_context_only,edistribucion_aragon_official,4,docs/research/distributor_regional_audits/edistribucion_local_exception_hunt_by_dataset/aragon.csv;docs/research/distributor_regional_audits/edistribucion_local_exception_hunt_v1024.csv;docs/research/distributor_regional_audits/remaining_regional_distributor_candidates_v1023.csv;docs/research/distributor_regional_audits/remaining_regional_review_queue_by_dataset/aragon.csv,needs_municipal_primary_source,no,La presencia regional de e-distribución no prueba la distribuidora concreta de este municipio.
aragon,municipality:teruel::guadalaviar,Guadalaviar,Teruel,wave_1,"E-Distribución Redes Digitales, S.L.U.",,regional_context_only,edistribucion_aragon_official,4,docs/research/distributor_regional_audits/edistribucion_local_exception_hunt_by_dataset/aragon.csv;docs/research/distributor_regional_audits/edistribucion_local_exception_hunt_v1024.csv;docs/research/distributor_regional_audits/remaining_regional_distributor_candidates_v1023.csv;docs/research/distributor_regional_audits/remaining_regional_review_queue_by_dataset/aragon.csv,needs_municipal_primary_source,no,La presencia regional de e-distribución no prueba la distribuidora concreta de este municipio.
aragon,municipality:teruel::gudar,Gúdar,Teruel,wave_1,"E-Distribución Redes Digitales, S.L.U.",,regional_context_only,edistribucion_aragon_official,4,docs/research/distributor_regional_audits/edistribucion_local_exception_hunt_by_dataset/aragon.csv;docs/research/distributor_regional_audits/edistribucion_local_exception_hunt_v1024.csv;docs/research/distributor_regional_audits/remaining_regional_distributor_candidates_v1023.csv;docs/research/distributor_regional_audits/remaining_regional_review_queue_by_dataset/aragon.csv,needs_municipal_primary_source,no,La presencia regional de e-distribución no prueba la distribuidora concreta de este municipio.
aragon,municipality:teruel::hinojosa_de_jarque,Hinojosa de Jarque,Teruel,wave_1,"E-Distribución Redes Digitales, S.L.U.",,regional_context_only,edistribucion_aragon_official,4,docs/research/distributor_regional_audits/edistribucion_local_exception_hunt_by_dataset/aragon.csv;docs/research/distributor_regional_audits/edistribucion_local_exception_hunt_v1024.csv;docs/research/distributor_regional_audits/remaining_regional_distributor_candidates_v1023.csv;docs/research/distributor_regional_audits/remaining_regional_review_queue_by_dataset/aragon.csv,needs_municipal_primary_source,no,La presencia regional de e-distribución no prueba la distribuidora concreta de este municipio.
aragon,municipality:teruel::huesa_del_comun,Huesa del Común,Teruel,wave_1,"E-Distribución Redes Digitales, S.L.U.",,regional_context_only,edistribucion_aragon_official,4,docs/research/distributor_regional_audits/edistribucion_local_exception_hunt_by_dataset/aragon.csv;docs/research/distributor_regional_audits/edistribucion_local_exception_hunt_v1024.csv;docs/research/distributor_regional_audits/remaining_regional_distributor_candidates_v1023.csv;docs/research/distributor_regional_audits/remaining_regional_review_queue_by_dataset/aragon.csv,needs_municipal_primary_source,no,La presencia regional de e-distribución no prueba la distribuidora concreta de este municipio.
aragon,municipality:teruel::hijar,Híjar,Teruel,wave_1,"E-Distribución Redes Digitales, S.L.U.",,regional_context_only,edistribucion_aragon_official,4,docs/research/distributor_regional_audits/edistribucion_local_exception_hunt_by_dataset/aragon.csv;docs/research/distributor_regional_audits/edistribucion_local_exception_hunt_v1024.csv;docs/research/distributor_regional_audits/remaining_regional_distributor_candidates_v1023.csv;docs/research/distributor_regional_audits/remaining_regional_review_queue_by_dataset/aragon.csv,needs_municipal_primary_source,no,La presencia regional de e-distribución no prueba la distribuidora concreta de este municipio.
aragon,municipality:teruel::jabaloyas,Jabaloyas,Teruel,wave_1,"E-Distribución Redes Digitales, S.L.U.",,regional_context_only,edistribucion_aragon_official,4,docs/research/distributor_regional_audits/edistribucion_local_exception_hunt_by_dataset/aragon.csv;docs/research/distributor_regional_audits/edistribucion_local_exception_hunt_v1024.csv;docs/research/distributor_regional_audits/remaining_regional_distributor_candidates_v1023.csv;docs/research/distributor_regional_audits/remaining_regional_review_queue_by_dataset/aragon.csv,needs_municipal_primary_source,no,La presencia regional de e-distribución no prueba la distribuidora concreta de este municipio.
aragon,municipality:teruel::jarque_de_la_val,Jarque de la Val,Teruel,wave_1,"E-Distribución Redes Digitales, S.L.U.",,regional_context_only,edistribucion_aragon_official,4,docs/research/distributor_regional_audits/edistribucion_local_exception_hunt_by_dataset/aragon.csv;docs/research/distributor_regional_audits/edistribucion_local_exception_hunt_v1024.csv;docs/research/distributor_regional_audits/remaining_regional_distributor_candidates_v1023.csv;docs/research/distributor_regional_audits/remaining_regional_review_queue_by_dataset/aragon.csv,needs_municipal_primary_source,no,La presencia regional de e-distribución no prueba la distribuidora concreta de este municipio.
aragon,municipality:teruel::jatiel,Jatiel,Teruel,wave_1,"E-Distribución Redes Digitales, S.L.U.",,regional_context_only,edistribucion_aragon_official,4,docs/research/distributor_regional_audits/edistribucion_local_exception_hunt_by_dataset/aragon.csv;docs/research/distributor_regional_audits/edistribucion_local_exception_hunt_v1024.csv;docs/research/distributor_regional_audits/remaining_regional_distributor_candidates_v1023.csv;docs/research/distributor_regional_audits/remaining_regional_review_queue_by_dataset/aragon.csv,needs_municipal_primary_source,no,La presencia regional de e-distribución no prueba la distribuidora concreta de este municipio.
aragon,municipality:teruel::jorcas,Jorcas,Teruel,wave_1,"E-Distribución Redes Digitales, S.L.U.",,regional_context_only,edistribucion_aragon_official,4,docs/research/distributor_regional_audits/edistribucion_local_exception_hunt_by_dataset/aragon.csv;docs/research/distributor_regional_audits/edistribucion_local_exception_hunt_v1024.csv;docs/research/distributor_regional_audits/remaining_regional_distributor_candidates_v1023.csv;docs/research/distributor_regional_audits/remaining_regional_review_queue_by_dataset/aragon.csv,needs_municipal_primary_source,no,La presencia regional de e-distribución no prueba la distribuidora concreta de este municipio.
aragon,municipality:teruel::josa,Josa,Teruel,wave_1,"E-Distribución Redes Digitales, S.L.U.",,regional_context_only,edistribucion_aragon_official,4,docs/research/distributor_regional_audits/edistribucion_local_exception_hunt_by_dataset/aragon.csv;docs/research/distributor_regional_audits/edistribucion_local_exception_hunt_v1024.csv;docs/research/distributor_regional_audits/remaining_regional_distributor_candidates_v1023.csv;docs/research/distributor_regional_audits/remaining_regional_review_queue_by_dataset/aragon.csv,needs_municipal_primary_source,no,La presencia regional de e-distribución no prueba la distribuidora concreta de este municipio.
aragon,municipality:teruel::la_canada_de_verich,La Cañada de Verich,Teruel,wave_1,"E-Distribución Redes Digitales, S.L.U.",,regional_context_only,edistribucion_aragon_official,4,docs/research/distributor_regional_audits/edistribucion_local_exception_hunt_by_dataset/aragon.csv;docs/research/distributor_regional_audits/edistribucion_local_exception_hunt_v1024.csv;docs/research/distributor_regional_audits/remaining_regional_distributor_candidates_v1023.csv;docs/research/distributor_regional_audits/remaining_regional_review_queue_by_dataset/aragon.csv,needs_municipal_primary_source,no,La presencia regional de e-distribución no prueba la distribuidora concreta de este municipio.
aragon,municipality:teruel::la_cerollera,La Cerollera,Teruel,wave_1,"E-Distribución Redes Digitales, S.L.U.",,regional_context_only,edistribucion_aragon_official,4,docs/research/distributor_regional_audits/edistribucion_local_exception_hunt_by_dataset/aragon.csv;docs/research/distributor_regional_audits/edistribucion_local_exception_hunt_v1024.csv;docs/research/distributor_regional_audits/remaining_regional_distributor_candidates_v1023.csv;docs/research/distributor_regional_audits/remaining_regional_review_queue_by_dataset/aragon.csv,needs_municipal_primary_source,no,La presencia regional de e-distribución no prueba la distribuidora concreta de este municipio.
aragon,municipality:teruel::la_codonera,La Codoñera,Teruel,wave_1,"E-Distribución Redes Digitales, S.L.U.",,regional_context_only,edistribucion_aragon_official,4,docs/research/distributor_regional_audits/edistribucion_local_exception_hunt_by_dataset/aragon.csv;docs/research/distributor_regional_audits/edistribucion_local_exception_hunt_v1024.csv;docs/research/distributor_regional_audits/remaining_regional_distributor_candidates_v1023.csv;docs/research/distributor_regional_audits/remaining_regional_review_queue_by_dataset/aragon.csv,needs_municipal_primary_source,no,La presencia regional de e-distribución no prueba la distribuidora concreta de este municipio.
aragon,municipality:teruel::la_cuba,La Cuba,Teruel,wave_1,"E-Distribución Redes Digitales, S.L.U.",,regional_context_only,edistribucion_aragon_official,4,docs/research/distributor_regional_audits/edistribucion_local_exception_hunt_by_dataset/aragon.csv;docs/research/distributor_regional_audits/edistribucion_local_exception_hunt_v1024.csv;docs/research/distributor_regional_audits/remaining_regional_distributor_candidates_v1023.csv;docs/research/distributor_regional_audits/remaining_regional_review_queue_by_dataset/aragon.csv,needs_municipal_primary_source,no,La presencia regional de e-distribución no prueba la distribuidora concreta de este municipio.
aragon,municipality:teruel::la_fresneda,La Fresneda,Teruel,wave_1,"E-Distribución Redes Digitales, S.L.U.",,regional_context_only,edistribucion_aragon_official,4,docs/research/distributor_regional_audits/edistribucion_local_exception_hunt_by_dataset/aragon.csv;docs/research/distributor_regional_audits/edistribucion_local_exception_hunt_v1024.csv;docs/research/distributor_regional_audits/remaining_regional_distributor_candidates_v1023.csv;docs/research/distributor_regional_audits/remaining_regional_review_queue_by_dataset/aragon.csv,needs_municipal_primary_source,no,La presencia regional de e-distribución no prueba la distribuidora concreta de este municipio.
aragon,municipality:teruel::la_ginebrosa,La Ginebrosa,Teruel,wave_1,"E-Distribución Redes Digitales, S.L.U.",,regional_context_only,edistribucion_aragon_official,4,docs/research/distributor_regional_audits/edistribucion_local_exception_hunt_by_dataset/aragon.csv;docs/research/distributor_regional_audits/edistribucion_local_exception_hunt_v1024.csv;docs/research/distributor_regional_audits/remaining_regional_distributor_candidates_v1023.csv;docs/research/distributor_regional_audits/remaining_regional_review_queue_by_dataset/aragon.csv,needs_municipal_primary_source,no,La presencia regional de e-distribución no prueba la distribuidora concreta de este municipio.
aragon,municipality:teruel::la_hoz_de_la_vieja,La Hoz de la Vieja,Teruel,wave_1,"E-Distribución Redes Digitales, S.L.U.",,regional_context_only,edistribucion_aragon_official,4,docs/research/distributor_regional_audits/edistribucion_local_exception_hunt_by_dataset/aragon.csv;docs/research/distributor_regional_audits/edistribucion_local_exception_hunt_v1024.csv;docs/research/distributor_regional_audits/remaining_regional_distributor_candidates_v1023.csv;docs/research/distributor_regional_audits/remaining_regional_review_queue_by_dataset/aragon.csv,needs_municipal_primary_source,no,La presencia regional de e-distribución no prueba la distribuidora concreta de este municipio.
aragon,municipality:teruel::la_iglesuela_del_cid,La Iglesuela del Cid,Teruel,wave_1,"E-Distribución Redes Digitales, S.L.U.",,regional_context_only,edistribucion_aragon_official,4,docs/research/distributor_regional_audits/edistribucion_local_exception_hunt_by_dataset/aragon.csv;docs/research/distributor_regional_audits/edistribucion_local_exception_hunt_v1024.csv;docs/research/distributor_regional_audits/remaining_regional_distributor_candidates_v1023.csv;docs/research/distributor_regional_audits/remaining_regional_review_queue_by_dataset/aragon.csv,needs_municipal_primary_source,no,La presencia regional de e-distribución no prueba la distribuidora concreta de este municipio.
aragon,municipality:teruel::la_mata_de_los_olmos,La Mata de los Olmos,Teruel,wave_1,"E-Distribución Redes Digitales, S.L.U.",,regional_context_only,edistribucion_aragon_official,4,docs/research/distributor_regional_audits/edistribucion_local_exception_hunt_by_dataset/aragon.csv;docs/research/distributor_regional_audits/edistribucion_local_exception_hunt_v1024.csv;docs/research/distributor_regional_audits/remaining_regional_distributor_candidates_v1023.csv;docs/research/distributor_regional_audits/remaining_regional_review_queue_by_dataset/aragon.csv,needs_municipal_primary_source,no,La presencia regional de e-distribución no prueba la distribuidora concreta de este municipio.
aragon,municipality:teruel::la_portellada,La Portellada,Teruel,wave_1,"E-Distribución Redes Digitales, S.L.U.",,regional_context_only,edistribucion_aragon_official,4,docs/research/distributor_regional_audits/edistribucion_local_exception_hunt_by_dataset/aragon.csv;docs/research/distributor_regional_audits/edistribucion_local_exception_hunt_v1024.csv;docs/research/distributor_regional_audits/remaining_regional_distributor_candidates_v1023.csv;docs/research/distributor_regional_audits/remaining_regional_review_queue_by_dataset/aragon.csv,needs_municipal_primary_source,no,La presencia regional de e-distribución no prueba la distribuidora concreta de este municipio.
aragon,municipality:teruel::la_puebla_de_hijar,La Puebla de Híjar,Teruel,wave_1,"E-Distribución Redes Digitales, S.L.U.",,regional_context_only,edistribucion_aragon_official,4,docs/research/distributor_regional_audits/edistribucion_local_exception_hunt_by_dataset/aragon.csv;docs/research/distributor_regional_audits/edistribucion_local_exception_hunt_v1024.csv;docs/research/distributor_regional_audits/remaining_regional_distributor_candidates_v1023.csv;docs/research/distributor_regional_audits/remaining_regional_review_queue_by_dataset/aragon.csv,needs_municipal_primary_source,no,La presencia regional de e-distribución no prueba la distribuidora concreta de este municipio.
aragon,municipality:teruel::la_puebla_de_valverde,La Puebla de Valverde,Teruel,wave_1,"E-Distribución Redes Digitales, S.L.U.",,regional_context_only,edistribucion_aragon_official,4,docs/research/distributor_regional_audits/edistribucion_local_exception_hunt_by_dataset/aragon.csv;docs/research/distributor_regional_audits/edistribucion_local_exception_hunt_v1024.csv;docs/research/distributor_regional_audits/remaining_regional_distributor_candidates_v1023.csv;docs/research/distributor_regional_audits/remaining_regional_review_queue_by_dataset/aragon.csv,needs_municipal_primary_source,no,La presencia regional de e-distribución no prueba la distribuidora concreta de este municipio.
aragon,municipality:teruel::la_zoma,La Zoma,Teruel,wave_1,"E-Distribución Redes Digitales, S.L.U.",,regional_context_only,edistribucion_aragon_official,4,docs/research/distributor_regional_audits/edistribucion_local_exception_hunt_by_dataset/aragon.csv;docs/research/distributor_regional_audits/edistribucion_local_exception_hunt_v1024.csv;docs/research/distributor_regional_audits/remaining_regional_distributor_candidates_v1023.csv;docs/research/distributor_regional_audits/remaining_regional_review_queue_by_dataset/aragon.csv,needs_municipal_primary_source,no,La presencia regional de e-distribución no prueba la distribuidora concreta de este municipio.
aragon,municipality:teruel::lagueruela,Lagueruela,Teruel,wave_1,"E-Distribución Redes Digitales, S.L.U.",,regional_context_only,edistribucion_aragon_official,4,docs/research/distributor_regional_audits/edistribucion_local_exception_hunt_by_dataset/aragon.csv;docs/research/distributor_regional_audits/edistribucion_local_exception_hunt_v1024.csv;docs/research/distributor_regional_audits/remaining_regional_distributor_candidates_v1023.csv;docs/research/distributor_regional_audits/remaining_regional_review_queue_by_dataset/aragon.csv,needs_municipal_primary_source,no,La presencia regional de e-distribución no prueba la distribuidora concreta de este municipio.
aragon,municipality:teruel::lanzuela,Lanzuela,Teruel,wave_1,"E-Distribución Redes Digitales, S.L.U.",,regional_context_only,edistribucion_aragon_official,4,docs/research/distributor_regional_audits/edistribucion_local_exception_hunt_by_dataset/aragon.csv;docs/research/distributor_regional_audits/edistribucion_local_exception_hunt_v1024.csv;docs/research/distributor_regional_audits/remaining_regional_distributor_candidates_v1023.csv;docs/research/distributor_regional_audits/remaining_regional_review_queue_by_dataset/aragon.csv,needs_municipal_primary_source,no,La presencia regional de e-distribución no prueba la distribuidora concreta de este municipio.
aragon,municipality:teruel::las_parras_de_castellote,Las Parras de Castellote,Teruel,wave_1,"E-Distribución Redes Digitales, S.L.U.",,regional_context_only,edistribucion_aragon_official,4,docs/research/distributor_regional_audits/edistribucion_local_exception_hunt_by_dataset/aragon.csv;docs/research/distributor_regional_audits/edistribucion_local_exception_hunt_v1024.csv;docs/research/distributor_regional_audits/remaining_regional_distributor_candidates_v1023.csv;docs/research/distributor_regional_audits/remaining_regional_review_queue_by_dataset/aragon.csv,needs_municipal_primary_source,no,La presencia regional de e-distribución no prueba la distribuidora concreta de este municipio.
aragon,municipality:teruel::libros,Libros,Teruel,wave_1,"E-Distribución Redes Digitales, S.L.U.",,regional_context_only,edistribucion_aragon_official,4,docs/research/distributor_regional_audits/edistribucion_local_exception_hunt_by_dataset/aragon.csv;docs/research/distributor_regional_audits/edistribucion_local_exception_hunt_v1024.csv;docs/research/distributor_regional_audits/remaining_regional_distributor_candidates_v1023.csv;docs/research/distributor_regional_audits/remaining_regional_review_queue_by_dataset/aragon.csv,needs_municipal_primary_source,no,La presencia regional de e-distribución no prueba la distribuidora concreta de este municipio.
aragon,municipality:teruel::lidon,Lidón,Teruel,wave_1,"E-Distribución Redes Digitales, S.L.U.",,regional_context_only,edistribucion_aragon_official,4,docs/research/distributor_regional_audits/edistribucion_local_exception_hunt_by_dataset/aragon.csv;docs/research/distributor_regional_audits/edistribucion_local_exception_hunt_v1024.csv;docs/research/distributor_regional_audits/remaining_regional_distributor_candidates_v1023.csv;docs/research/distributor_regional_audits/remaining_regional_review_queue_by_dataset/aragon.csv,needs_municipal_primary_source,no,La presencia regional de e-distribución no prueba la distribuidora concreta de este municipio.
aragon,municipality:teruel::linares_de_mora,Linares de Mora,Teruel,wave_1,"E-Distribución Redes Digitales, S.L.U.",,regional_context_only,edistribucion_aragon_official,4,docs/research/distributor_regional_audits/edistribucion_local_exception_hunt_by_dataset/aragon.csv;docs/research/distributor_regional_audits/edistribucion_local_exception_hunt_v1024.csv;docs/research/distributor_regional_audits/remaining_regional_distributor_candidates_v1023.csv;docs/research/distributor_regional_audits/remaining_regional_review_queue_by_dataset/aragon.csv,needs_municipal_primary_source,no,La presencia regional de e-distribución no prueba la distribuidora concreta de este municipio.
aragon,municipality:teruel::lledo,Lledó,Teruel,wave_1,"E-Distribución Redes Digitales, S.L.U.",,regional_context_only,edistribucion_aragon_official,4,docs/research/distributor_regional_audits/edistribucion_local_exception_hunt_by_dataset/aragon.csv;docs/research/distributor_regional_audits/edistribucion_local_exception_hunt_v1024.csv;docs/research/distributor_regional_audits/remaining_regional_distributor_candidates_v1023.csv;docs/research/distributor_regional_audits/remaining_regional_review_queue_by_dataset/aragon.csv,needs_municipal_primary_source,no,La presencia regional de e-distribución no prueba la distribuidora concreta de este municipio.
aragon,municipality:teruel::los_olmos,Los Olmos,Teruel,wave_1,"E-Distribución Redes Digitales, S.L.U.",,regional_context_only,edistribucion_aragon_official,4,docs/research/distributor_regional_audits/edistribucion_local_exception_hunt_by_dataset/aragon.csv;docs/research/distributor_regional_audits/edistribucion_local_exception_hunt_v1024.csv;docs/research/distributor_regional_audits/remaining_regional_distributor_candidates_v1023.csv;docs/research/distributor_regional_audits/remaining_regional_review_queue_by_dataset/aragon.csv,needs_municipal_primary_source,no,La presencia regional de e-distribución no prueba la distribuidora concreta de este municipio.
aragon,municipality:teruel::loscos,Loscos,Teruel,wave_1,"E-Distribución Redes Digitales, S.L.U.",,regional_context_only,edistribucion_aragon_official,4,docs/research/distributor_regional_audits/edistribucion_local_exception_hunt_by_dataset/aragon.csv;docs/research/distributor_regional_audits/edistribucion_local_exception_hunt_v1024.csv;docs/research/distributor_regional_audits/remaining_regional_distributor_candidates_v1023.csv;docs/research/distributor_regional_audits/remaining_regional_review_queue_by_dataset/aragon.csv,needs_municipal_primary_source,no,La presencia regional de e-distribución no prueba la distribuidora concreta de este municipio.
aragon,municipality:teruel::maicas,Maicas,Teruel,wave_1,"E-Distribución Redes Digitales, S.L.U.",,regional_context_only,edistribucion_aragon_official,4,docs/research/distributor_regional_audits/edistribucion_local_exception_hunt_by_dataset/aragon.csv;docs/research/distributor_regional_audits/edistribucion_local_exception_hunt_v1024.csv;docs/research/distributor_regional_audits/remaining_regional_distributor_candidates_v1023.csv;docs/research/distributor_regional_audits/remaining_regional_review_queue_by_dataset/aragon.csv,needs_municipal_primary_source,no,La presencia regional de e-distribución no prueba la distribuidora concreta de este municipio.
aragon,municipality:teruel::manzanera,Manzanera,Teruel,wave_1,"E-Distribución Redes Digitales, S.L.U.",,regional_context_only,edistribucion_aragon_official,4,docs/research/distributor_regional_audits/edistribucion_local_exception_hunt_by_dataset/aragon.csv;docs/research/distributor_regional_audits/edistribucion_local_exception_hunt_v1024.csv;docs/research/distributor_regional_audits/remaining_regional_distributor_candidates_v1023.csv;docs/research/distributor_regional_audits/remaining_regional_review_queue_by_dataset/aragon.csv,needs_municipal_primary_source,no,La presencia regional de e-distribución no prueba la distribuidora concreta de este municipio.
aragon,municipality:teruel::martin_del_rio,Martín del Río,Teruel,wave_1,"E-Distribución Redes Digitales, S.L.U.",,regional_context_only,edistribucion_aragon_official,4,docs/research/distributor_regional_audits/edistribucion_local_exception_hunt_by_dataset/aragon.csv;docs/research/distributor_regional_audits/edistribucion_local_exception_hunt_v1024.csv;docs/research/distributor_regional_audits/remaining_regional_distributor_candidates_v1023.csv;docs/research/distributor_regional_audits/remaining_regional_review_queue_by_dataset/aragon.csv,needs_municipal_primary_source,no,La presencia regional de e-distribución no prueba la distribuidora concreta de este municipio.
aragon,municipality:teruel::mas_de_las_matas,Mas de las Matas,Teruel,wave_1,"E-Distribución Redes Digitales, S.L.U.",,regional_context_only,edistribucion_aragon_official,4,docs/research/distributor_regional_audits/edistribucion_local_exception_hunt_by_dataset/aragon.csv;docs/research/distributor_regional_audits/edistribucion_local_exception_hunt_v1024.csv;docs/research/distributor_regional_audits/remaining_regional_distributor_candidates_v1023.csv;docs/research/distributor_regional_audits/remaining_regional_review_queue_by_dataset/aragon.csv,needs_municipal_primary_source,no,La presencia regional de e-distribución no prueba la distribuidora concreta de este municipio.
aragon,municipality:teruel::mazaleon,Mazaleón,Teruel,wave_1,"E-Distribución Redes Digitales, S.L.U.",,regional_context_only,edistribucion_aragon_official,4,docs/research/distributor_regional_audits/edistribucion_local_exception_hunt_by_dataset/aragon.csv;docs/research/distributor_regional_audits/edistribucion_local_exception_hunt_v1024.csv;docs/research/distributor_regional_audits/remaining_regional_distributor_candidates_v1023.csv;docs/research/distributor_regional_audits/remaining_regional_review_queue_by_dataset/aragon.csv,needs_municipal_primary_source,no,La presencia regional de e-distribución no prueba la distribuidora concreta de este municipio.
aragon,municipality:teruel::mezquita_de_jarque,Mezquita de Jarque,Teruel,wave_1,"E-Distribución Redes Digitales, S.L.U.",,regional_context_only,edistribucion_aragon_official,4,docs/research/distributor_regional_audits/edistribucion_local_exception_hunt_by_dataset/aragon.csv;docs/research/distributor_regional_audits/edistribucion_local_exception_hunt_v1024.csv;docs/research/distributor_regional_audits/remaining_regional_distributor_candidates_v1023.csv;docs/research/distributor_regional_audits/remaining_regional_review_queue_by_dataset/aragon.csv,needs_municipal_primary_source,no,La presencia regional de e-distribución no prueba la distribuidora concreta de este municipio.
aragon,municipality:teruel::mirambel,Mirambel,Teruel,wave_1,"E-Distribución Redes Digitales, S.L.U.",,regional_context_only,edistribucion_aragon_official,4,docs/research/distributor_regional_audits/edistribucion_local_exception_hunt_by_dataset/aragon.csv;docs/research/distributor_regional_audits/edistribucion_local_exception_hunt_v1024.csv;docs/research/distributor_regional_audits/remaining_regional_distributor_candidates_v1023.csv;docs/research/distributor_regional_audits/remaining_regional_review_queue_by_dataset/aragon.csv,needs_municipal_primary_source,no,La presencia regional de e-distribución no prueba la distribuidora concreta de este municipio.
aragon,municipality:teruel::miravete_de_la_sierra,Miravete de la Sierra,Teruel,wave_1,"E-Distribución Redes Digitales, S.L.U.",,regional_context_only,edistribucion_aragon_official,4,docs/research/distributor_regional_audits/edistribucion_local_exception_hunt_by_dataset/aragon.csv;docs/research/distributor_regional_audits/edistribucion_local_exception_hunt_v1024.csv;docs/research/distributor_regional_audits/remaining_regional_distributor_candidates_v1023.csv;docs/research/distributor_regional_audits/remaining_regional_review_queue_by_dataset/aragon.csv,needs_municipal_primary_source,no,La presencia regional de e-distribución no prueba la distribuidora concreta de este municipio.
aragon,municipality:teruel::molinos,Molinos,Teruel,wave_1,"E-Distribución Redes Digitales, S.L.U.",,regional_context_only,edistribucion_aragon_official,4,docs/research/distributor_regional_audits/edistribucion_local_exception_hunt_by_dataset/aragon.csv;docs/research/distributor_regional_audits/edistribucion_local_exception_hunt_v1024.csv;docs/research/distributor_regional_audits/remaining_regional_distributor_candidates_v1023.csv;docs/research/distributor_regional_audits/remaining_regional_review_queue_by_dataset/aragon.csv,needs_municipal_primary_source,no,La presencia regional de e-distribución no prueba la distribuidora concreta de este municipio.
aragon,municipality:teruel::monforte_de_moyuela,Monforte de Moyuela,Teruel,wave_1,"E-Distribución Redes Digitales, S.L.U.",,regional_context_only,edistribucion_aragon_official,4,docs/research/distributor_regional_audits/edistribucion_local_exception_hunt_by_dataset/aragon.csv;docs/research/distributor_regional_audits/edistribucion_local_exception_hunt_v1024.csv;docs/research/distributor_regional_audits/remaining_regional_distributor_candidates_v1023.csv;docs/research/distributor_regional_audits/remaining_regional_review_queue_by_dataset/aragon.csv,needs_municipal_primary_source,no,La presencia regional de e-distribución no prueba la distribuidora concreta de este municipio.
aragon,municipality:teruel::monreal_del_campo,Monreal del Campo,Teruel,wave_1,"E-Distribución Redes Digitales, S.L.U.",,regional_context_only,edistribucion_aragon_official,4,docs/research/distributor_regional_audits/edistribucion_local_exception_hunt_by_dataset/aragon.csv;docs/research/distributor_regional_audits/edistribucion_local_exception_hunt_v1024.csv;docs/research/distributor_regional_audits/remaining_regional_distributor_candidates_v1023.csv;docs/research/distributor_regional_audits/remaining_regional_review_queue_by_dataset/aragon.csv,needs_municipal_primary_source,no,La presencia regional de e-distribución no prueba la distribuidora concreta de este municipio.
aragon,municipality:teruel::monroyo,Monroyo,Teruel,wave_1,"E-Distribución Redes Digitales, S.L.U.",,regional_context_only,edistribucion_aragon_official,4,docs/research/distributor_regional_audits/edistribucion_local_exception_hunt_by_dataset/aragon.csv;docs/research/distributor_regional_audits/edistribucion_local_exception_hunt_v1024.csv;docs/research/distributor_regional_audits/remaining_regional_distributor_candidates_v1023.csv;docs/research/distributor_regional_audits/remaining_regional_review_queue_by_dataset/aragon.csv,needs_municipal_primary_source,no,La presencia regional de e-distribución no prueba la distribuidora concreta de este municipio.
aragon,municipality:teruel::montalban,Montalbán,Teruel,wave_1,"E-Distribución Redes Digitales, S.L.U.",,regional_context_only,edistribucion_aragon_official,4,docs/research/distributor_regional_audits/edistribucion_local_exception_hunt_by_dataset/aragon.csv;docs/research/distributor_regional_audits/edistribucion_local_exception_hunt_v1024.csv;docs/research/distributor_regional_audits/remaining_regional_distributor_candidates_v1023.csv;docs/research/distributor_regional_audits/remaining_regional_review_queue_by_dataset/aragon.csv,needs_municipal_primary_source,no,La presencia regional de e-distribución no prueba la distribuidora concreta de este municipio.
aragon,municipality:teruel::monteagudo_del_castillo,Monteagudo del Castillo,Teruel,wave_1,"E-Distribución Redes Digitales, S.L.U.",,regional_context_only,edistribucion_aragon_official,4,docs/research/distributor_regional_audits/edistribucion_local_exception_hunt_by_dataset/aragon.csv;docs/research/distributor_regional_audits/edistribucion_local_exception_hunt_v1024.csv;docs/research/distributor_regional_audits/remaining_regional_distributor_candidates_v1023.csv;docs/research/distributor_regional_audits/remaining_regional_review_queue_by_dataset/aragon.csv,needs_municipal_primary_source,no,La presencia regional de e-distribución no prueba la distribuidora concreta de este municipio.
aragon,municipality:teruel::monterde_de_albarracin,Monterde de Albarracín,Teruel,wave_1,"E-Distribución Redes Digitales, S.L.U.",,regional_context_only,edistribucion_aragon_official,4,docs/research/distributor_regional_audits/edistribucion_local_exception_hunt_by_dataset/aragon.csv;docs/research/distributor_regional_audits/edistribucion_local_exception_hunt_v1024.csv;docs/research/distributor_regional_audits/remaining_regional_distributor_candidates_v1023.csv;docs/research/distributor_regional_audits/remaining_regional_review_queue_by_dataset/aragon.csv,needs_municipal_primary_source,no,La presencia regional de e-distribución no prueba la distribuidora concreta de este municipio.
aragon,municipality:teruel::mora_de_rubielos,Mora de Rubielos,Teruel,wave_1,"E-Distribución Redes Digitales, S.L.U.",,regional_context_only,edistribucion_aragon_official,4,docs/research/distributor_regional_audits/edistribucion_local_exception_hunt_by_dataset/aragon.csv;docs/research/distributor_regional_audits/edistribucion_local_exception_hunt_v1024.csv;docs/research/distributor_regional_audits/remaining_regional_distributor_candidates_v1023.csv;docs/research/distributor_regional_audits/remaining_regional_review_queue_by_dataset/aragon.csv,needs_municipal_primary_source,no,La presencia regional de e-distribución no prueba la distribuidora concreta de este municipio.
aragon,municipality:teruel::moscardon,Moscardón,Teruel,wave_1,"E-Distribución Redes Digitales, S.L.U.",,regional_context_only,edistribucion_aragon_official,4,docs/research/distributor_regional_audits/edistribucion_local_exception_hunt_by_dataset/aragon.csv;docs/research/distributor_regional_audits/edistribucion_local_exception_hunt_v1024.csv;docs/research/distributor_regional_audits/remaining_regional_distributor_candidates_v1023.csv;docs/research/distributor_regional_audits/remaining_regional_review_queue_by_dataset/aragon.csv,needs_municipal_primary_source,no,La presencia regional de e-distribución no prueba la distribuidora concreta de este municipio.
aragon,municipality:teruel::mosqueruela,Mosqueruela,Teruel,wave_1,"E-Distribución Redes Digitales, S.L.U.",,regional_context_only,edistribucion_aragon_official,4,docs/research/distributor_regional_audits/edistribucion_local_exception_hunt_by_dataset/aragon.csv;docs/research/distributor_regional_audits/edistribucion_local_exception_hunt_v1024.csv;docs/research/distributor_regional_audits/remaining_regional_distributor_candidates_v1023.csv;docs/research/distributor_regional_audits/remaining_regional_review_queue_by_dataset/aragon.csv,needs_municipal_primary_source,no,La presencia regional de e-distribución no prueba la distribuidora concreta de este municipio.
aragon,municipality:teruel::muniesa,Muniesa,Teruel,wave_1,"E-Distribución Redes Digitales, S.L.U.",,regional_context_only,edistribucion_aragon_official,4,docs/research/distributor_regional_audits/edistribucion_local_exception_hunt_by_dataset/aragon.csv;docs/research/distributor_regional_audits/edistribucion_local_exception_hunt_v1024.csv;docs/research/distributor_regional_audits/remaining_regional_distributor_candidates_v1023.csv;docs/research/distributor_regional_audits/remaining_regional_review_queue_by_dataset/aragon.csv,needs_municipal_primary_source,no,La presencia regional de e-distribución no prueba la distribuidora concreta de este municipio.
aragon,municipality:teruel::noguera_de_albarracin,Noguera de Albarracín,Teruel,wave_1,"E-Distribución Redes Digitales, S.L.U.",,regional_context_only,edistribucion_aragon_official,4,docs/research/distributor_regional_audits/edistribucion_local_exception_hunt_by_dataset/aragon.csv;docs/research/distributor_regional_audits/edistribucion_local_exception_hunt_v1024.csv;docs/research/distributor_regional_audits/remaining_regional_distributor_candidates_v1023.csv;docs/research/distributor_regional_audits/remaining_regional_review_queue_by_dataset/aragon.csv,needs_municipal_primary_source,no,La presencia regional de e-distribución no prueba la distribuidora concreta de este municipio.
aragon,municipality:teruel::nogueras,Nogueras,Teruel,wave_1,"E-Distribución Redes Digitales, S.L.U.",,regional_context_only,edistribucion_aragon_official,4,docs/research/distributor_regional_audits/edistribucion_local_exception_hunt_by_dataset/aragon.csv;docs/research/distributor_regional_audits/edistribucion_local_exception_hunt_v1024.csv;docs/research/distributor_regional_audits/remaining_regional_distributor_candidates_v1023.csv;docs/research/distributor_regional_audits/remaining_regional_review_queue_by_dataset/aragon.csv,needs_municipal_primary_source,no,La presencia regional de e-distribución no prueba la distribuidora concreta de este municipio.
aragon,municipality:teruel::nogueruelas,Nogueruelas,Teruel,wave_1,"E-Distribución Redes Digitales, S.L.U.",,regional_context_only,edistribucion_aragon_official,4,docs/research/distributor_regional_audits/edistribucion_local_exception_hunt_by_dataset/aragon.csv;docs/research/distributor_regional_audits/edistribucion_local_exception_hunt_v1024.csv;docs/research/distributor_regional_audits/remaining_regional_distributor_candidates_v1023.csv;docs/research/distributor_regional_audits/remaining_regional_review_queue_by_dataset/aragon.csv,needs_municipal_primary_source,no,La presencia regional de e-distribución no prueba la distribuidora concreta de este municipio.
aragon,municipality:teruel::obon,Obón,Teruel,wave_1,"E-Distribución Redes Digitales, S.L.U.",,regional_context_only,edistribucion_aragon_official,4,docs/research/distributor_regional_audits/edistribucion_local_exception_hunt_by_dataset/aragon.csv;docs/research/distributor_regional_audits/edistribucion_local_exception_hunt_v1024.csv;docs/research/distributor_regional_audits/remaining_regional_distributor_candidates_v1023.csv;docs/research/distributor_regional_audits/remaining_regional_review_queue_by_dataset/aragon.csv,needs_municipal_primary_source,no,La presencia regional de e-distribución no prueba la distribuidora concreta de este municipio.
aragon,municipality:teruel::odon,Odón,Teruel,wave_1,"E-Distribución Redes Digitales, S.L.U.",,regional_context_only,edistribucion_aragon_official,4,docs/research/distributor_regional_audits/edistribucion_local_exception_hunt_by_dataset/aragon.csv;docs/research/distributor_regional_audits/edistribucion_local_exception_hunt_v1024.csv;docs/research/distributor_regional_audits/remaining_regional_distributor_candidates_v1023.csv;docs/research/distributor_regional_audits/remaining_regional_review_queue_by_dataset/aragon.csv,needs_municipal_primary_source,no,La presencia regional de e-distribución no prueba la distribuidora concreta de este municipio.
aragon,municipality:teruel::ojos_negros,Ojos Negros,Teruel,wave_1,"E-Distribución Redes Digitales, S.L.U.",,regional_context_only,edistribucion_aragon_official,4,docs/research/distributor_regional_audits/edistribucion_local_exception_hunt_by_dataset/aragon.csv;docs/research/distributor_regional_audits/edistribucion_local_exception_hunt_v1024.csv;docs/research/distributor_regional_audits/remaining_regional_distributor_candidates_v1023.csv;docs/research/distributor_regional_audits/remaining_regional_review_queue_by_dataset/aragon.csv,needs_municipal_primary_source,no,La presencia regional de e-distribución no prueba la distribuidora concreta de este municipio.
aragon,municipality:teruel::olba,Olba,Teruel,wave_1,"E-Distribución Redes Digitales, S.L.U.",,regional_context_only,edistribucion_aragon_official,4,docs/research/distributor_regional_audits/edistribucion_local_exception_hunt_by_dataset/aragon.csv;docs/research/distributor_regional_audits/edistribucion_local_exception_hunt_v1024.csv;docs/research/distributor_regional_audits/remaining_regional_distributor_candidates_v1023.csv;docs/research/distributor_regional_audits/remaining_regional_review_queue_by_dataset/aragon.csv,needs_municipal_primary_source,no,La presencia regional de e-distribución no prueba la distribuidora concreta de este municipio.
aragon,municipality:teruel::oliete,Oliete,Teruel,wave_1,"E-Distribución Redes Digitales, S.L.U.",,regional_context_only,edistribucion_aragon_official,4,docs/research/distributor_regional_audits/edistribucion_local_exception_hunt_by_dataset/aragon.csv;docs/research/distributor_regional_audits/edistribucion_local_exception_hunt_v1024.csv;docs/research/distributor_regional_audits/remaining_regional_distributor_candidates_v1023.csv;docs/research/distributor_regional_audits/remaining_regional_review_queue_by_dataset/aragon.csv,needs_municipal_primary_source,no,La presencia regional de e-distribución no prueba la distribuidora concreta de este municipio.
aragon,municipality:teruel::orihuela_del_tremedal,Orihuela del Tremedal,Teruel,wave_1,"E-Distribución Redes Digitales, S.L.U.",,regional_context_only,edistribucion_aragon_official,4,docs/research/distributor_regional_audits/edistribucion_local_exception_hunt_by_dataset/aragon.csv;docs/research/distributor_regional_audits/edistribucion_local_exception_hunt_v1024.csv;docs/research/distributor_regional_audits/remaining_regional_distributor_candidates_v1023.csv;docs/research/distributor_regional_audits/remaining_regional_review_queue_by_dataset/aragon.csv,needs_municipal_primary_source,no,La presencia regional de e-distribución no prueba la distribuidora concreta de este municipio.
aragon,municipality:teruel::orrios,Orrios,Teruel,wave_1,"E-Distribución Redes Digitales, S.L.U.",,regional_context_only,edistribucion_aragon_official,4,docs/research/distributor_regional_audits/edistribucion_local_exception_hunt_by_dataset/aragon.csv;docs/research/distributor_regional_audits/edistribucion_local_exception_hunt_v1024.csv;docs/research/distributor_regional_audits/remaining_regional_distributor_candidates_v1023.csv;docs/research/distributor_regional_audits/remaining_regional_review_queue_by_dataset/aragon.csv,needs_municipal_primary_source,no,La presencia regional de e-distribución no prueba la distribuidora concreta de este municipio.
aragon,municipality:teruel::palomar_de_arroyos,Palomar de Arroyos,Teruel,wave_1,"E-Distribución Redes Digitales, S.L.U.",,regional_context_only,edistribucion_aragon_official,4,docs/research/distributor_regional_audits/edistribucion_local_exception_hunt_by_dataset/aragon.csv;docs/research/distributor_regional_audits/edistribucion_local_exception_hunt_v1024.csv;docs/research/distributor_regional_audits/remaining_regional_distributor_candidates_v1023.csv;docs/research/distributor_regional_audits/remaining_regional_review_queue_by_dataset/aragon.csv,needs_municipal_primary_source,no,La presencia regional de e-distribución no prueba la distribuidora concreta de este municipio.
aragon,municipality:teruel::pancrudo,Pancrudo,Teruel,wave_1,"E-Distribución Redes Digitales, S.L.U.",,regional_context_only,edistribucion_aragon_official,4,docs/research/distributor_regional_audits/edistribucion_local_exception_hunt_by_dataset/aragon.csv;docs/research/distributor_regional_audits/edistribucion_local_exception_hunt_v1024.csv;docs/research/distributor_regional_audits/remaining_regional_distributor_candidates_v1023.csv;docs/research/distributor_regional_audits/remaining_regional_review_queue_by_dataset/aragon.csv,needs_municipal_primary_source,no,La presencia regional de e-distribución no prueba la distribuidora concreta de este municipio.
aragon,municipality:teruel::peracense,Peracense,Teruel,wave_1,"E-Distribución Redes Digitales, S.L.U.",,regional_context_only,edistribucion_aragon_official,4,docs/research/distributor_regional_audits/edistribucion_local_exception_hunt_by_dataset/aragon.csv;docs/research/distributor_regional_audits/edistribucion_local_exception_hunt_v1024.csv;docs/research/distributor_regional_audits/remaining_regional_distributor_candidates_v1023.csv;docs/research/distributor_regional_audits/remaining_regional_review_queue_by_dataset/aragon.csv,needs_municipal_primary_source,no,La presencia regional de e-distribución no prueba la distribuidora concreta de este municipio.
aragon,municipality:teruel::peralejos,Peralejos,Teruel,wave_1,"E-Distribución Redes Digitales, S.L.U.",,regional_context_only,edistribucion_aragon_official,4,docs/research/distributor_regional_audits/edistribucion_local_exception_hunt_by_dataset/aragon.csv;docs/research/distributor_regional_audits/edistribucion_local_exception_hunt_v1024.csv;docs/research/distributor_regional_audits/remaining_regional_distributor_candidates_v1023.csv;docs/research/distributor_regional_audits/remaining_regional_review_queue_by_dataset/aragon.csv,needs_municipal_primary_source,no,La presencia regional de e-distribución no prueba la distribuidora concreta de este municipio.
aragon,municipality:teruel::perales_del_alfambra,Perales del Alfambra,Teruel,wave_1,"E-Distribución Redes Digitales, S.L.U.",,regional_context_only,edistribucion_aragon_official,4,docs/research/distributor_regional_audits/edistribucion_local_exception_hunt_by_dataset/aragon.csv;docs/research/distributor_regional_audits/edistribucion_local_exception_hunt_v1024.csv;docs/research/distributor_regional_audits/remaining_regional_distributor_candidates_v1023.csv;docs/research/distributor_regional_audits/remaining_regional_review_queue_by_dataset/aragon.csv,needs_municipal_primary_source,no,La presencia regional de e-distribución no prueba la distribuidora concreta de este municipio.
aragon,municipality:teruel::penarroya_de_tastavins,Peñarroya de Tastavins,Teruel,wave_1,"E-Distribución Redes Digitales, S.L.U.",,regional_context_only,edistribucion_aragon_official,4,docs/research/distributor_regional_audits/edistribucion_local_exception_hunt_by_dataset/aragon.csv;docs/research/distributor_regional_audits/edistribucion_local_exception_hunt_v1024.csv;docs/research/distributor_regional_audits/remaining_regional_distributor_candidates_v1023.csv;docs/research/distributor_regional_audits/remaining_regional_review_queue_by_dataset/aragon.csv,needs_municipal_primary_source,no,La presencia regional de e-distribución no prueba la distribuidora concreta de este municipio.
aragon,municipality:teruel::pitarque,Pitarque,Teruel,wave_1,"E-Distribución Redes Digitales, S.L.U.",,regional_context_only,edistribucion_aragon_official,4,docs/research/distributor_regional_audits/edistribucion_local_exception_hunt_by_dataset/aragon.csv;docs/research/distributor_regional_audits/edistribucion_local_exception_hunt_v1024.csv;docs/research/distributor_regional_audits/remaining_regional_distributor_candidates_v1023.csv;docs/research/distributor_regional_audits/remaining_regional_review_queue_by_dataset/aragon.csv,needs_municipal_primary_source,no,La presencia regional de e-distribución no prueba la distribuidora concreta de este municipio.
aragon,municipality:teruel::plou,Plou,Teruel,wave_1,"E-Distribución Redes Digitales, S.L.U.",,regional_context_only,edistribucion_aragon_official,4,docs/research/distributor_regional_audits/edistribucion_local_exception_hunt_by_dataset/aragon.csv;docs/research/distributor_regional_audits/edistribucion_local_exception_hunt_v1024.csv;docs/research/distributor_regional_audits/remaining_regional_distributor_candidates_v1023.csv;docs/research/distributor_regional_audits/remaining_regional_review_queue_by_dataset/aragon.csv,needs_municipal_primary_source,no,La presencia regional de e-distribución no prueba la distribuidora concreta de este municipio.
aragon,municipality:teruel::pozondon,Pozondón,Teruel,wave_1,"E-Distribución Redes Digitales, S.L.U.",,regional_context_only,edistribucion_aragon_official,4,docs/research/distributor_regional_audits/edistribucion_local_exception_hunt_by_dataset/aragon.csv;docs/research/distributor_regional_audits/edistribucion_local_exception_hunt_v1024.csv;docs/research/distributor_regional_audits/remaining_regional_distributor_candidates_v1023.csv;docs/research/distributor_regional_audits/remaining_regional_review_queue_by_dataset/aragon.csv,needs_municipal_primary_source,no,La presencia regional de e-distribución no prueba la distribuidora concreta de este municipio.
aragon,municipality:teruel::pozuel_del_campo,Pozuel del Campo,Teruel,wave_1,"E-Distribución Redes Digitales, S.L.U.",,regional_context_only,edistribucion_aragon_official,4,docs/research/distributor_regional_audits/edistribucion_local_exception_hunt_by_dataset/aragon.csv;docs/research/distributor_regional_audits/edistribucion_local_exception_hunt_v1024.csv;docs/research/distributor_regional_audits/remaining_regional_distributor_candidates_v1023.csv;docs/research/distributor_regional_audits/remaining_regional_review_queue_by_dataset/aragon.csv,needs_municipal_primary_source,no,La presencia regional de e-distribución no prueba la distribuidora concreta de este municipio.
aragon,municipality:teruel::puertomingalvo,Puertomingalvo,Teruel,wave_1,"E-Distribución Redes Digitales, S.L.U.",,regional_context_only,edistribucion_aragon_official,4,docs/research/distributor_regional_audits/edistribucion_local_exception_hunt_by_dataset/aragon.csv;docs/research/distributor_regional_audits/edistribucion_local_exception_hunt_v1024.csv;docs/research/distributor_regional_audits/remaining_regional_distributor_candidates_v1023.csv;docs/research/distributor_regional_audits/remaining_regional_review_queue_by_dataset/aragon.csv,needs_municipal_primary_source,no,La presencia regional de e-distribución no prueba la distribuidora concreta de este municipio.
aragon,municipality:teruel::rillo,Rillo,Teruel,wave_1,"E-Distribución Redes Digitales, S.L.U.",,regional_context_only,edistribucion_aragon_official,4,docs/research/distributor_regional_audits/edistribucion_local_exception_hunt_by_dataset/aragon.csv;docs/research/distributor_regional_audits/edistribucion_local_exception_hunt_v1024.csv;docs/research/distributor_regional_audits/remaining_regional_distributor_candidates_v1023.csv;docs/research/distributor_regional_audits/remaining_regional_review_queue_by_dataset/aragon.csv,needs_municipal_primary_source,no,La presencia regional de e-distribución no prueba la distribuidora concreta de este municipio.
aragon,municipality:teruel::riodeva,Riodeva,Teruel,wave_1,"E-Distribución Redes Digitales, S.L.U.",,regional_context_only,edistribucion_aragon_official,4,docs/research/distributor_regional_audits/edistribucion_local_exception_hunt_by_dataset/aragon.csv;docs/research/distributor_regional_audits/edistribucion_local_exception_hunt_v1024.csv;docs/research/distributor_regional_audits/remaining_regional_distributor_candidates_v1023.csv;docs/research/distributor_regional_audits/remaining_regional_review_queue_by_dataset/aragon.csv,needs_municipal_primary_source,no,La presencia regional de e-distribución no prueba la distribuidora concreta de este municipio.
aragon,municipality:teruel::royuela,Royuela,Teruel,wave_1,"E-Distribución Redes Digitales, S.L.U.",,regional_context_only,edistribucion_aragon_official,4,docs/research/distributor_regional_audits/edistribucion_local_exception_hunt_by_dataset/aragon.csv;docs/research/distributor_regional_audits/edistribucion_local_exception_hunt_v1024.csv;docs/research/distributor_regional_audits/remaining_regional_distributor_candidates_v1023.csv;docs/research/distributor_regional_audits/remaining_regional_review_queue_by_dataset/aragon.csv,needs_municipal_primary_source,no,La presencia regional de e-distribución no prueba la distribuidora concreta de este municipio.
aragon,municipality:teruel::rubiales,Rubiales,Teruel,wave_1,"E-Distribución Redes Digitales, S.L.U.",,regional_context_only,edistribucion_aragon_official,4,docs/research/distributor_regional_audits/edistribucion_local_exception_hunt_by_dataset/aragon.csv;docs/research/distributor_regional_audits/edistribucion_local_exception_hunt_v1024.csv;docs/research/distributor_regional_audits/remaining_regional_distributor_candidates_v1023.csv;docs/research/distributor_regional_audits/remaining_regional_review_queue_by_dataset/aragon.csv,needs_municipal_primary_source,no,La presencia regional de e-distribución no prueba la distribuidora concreta de este municipio.
aragon,municipality:teruel::rubielos_de_mora,Rubielos de Mora,Teruel,wave_1,"E-Distribución Redes Digitales, S.L.U.",,regional_context_only,edistribucion_aragon_official,4,docs/research/distributor_regional_audits/edistribucion_local_exception_hunt_by_dataset/aragon.csv;docs/research/distributor_regional_audits/edistribucion_local_exception_hunt_v1024.csv;docs/research/distributor_regional_audits/remaining_regional_distributor_candidates_v1023.csv;docs/research/distributor_regional_audits/remaining_regional_review_queue_by_dataset/aragon.csv,needs_municipal_primary_source,no,La presencia regional de e-distribución no prueba la distribuidora concreta de este municipio.
aragon,municipality:teruel::rubielos_de_la_cerida,Rubielos de la Cérida,Teruel,wave_1,"E-Distribución Redes Digitales, S.L.U.",,regional_context_only,edistribucion_aragon_official,4,docs/research/distributor_regional_audits/edistribucion_local_exception_hunt_by_dataset/aragon.csv;docs/research/distributor_regional_audits/edistribucion_local_exception_hunt_v1024.csv;docs/research/distributor_regional_audits/remaining_regional_distributor_candidates_v1023.csv;docs/research/distributor_regional_audits/remaining_regional_review_queue_by_dataset/aragon.csv,needs_municipal_primary_source,no,La presencia regional de e-distribución no prueba la distribuidora concreta de este municipio.
aragon,municipality:teruel::rafales,Ráfales,Teruel,wave_1,"E-Distribución Redes Digitales, S.L.U.",,regional_context_only,edistribucion_aragon_official,4,docs/research/distributor_regional_audits/edistribucion_local_exception_hunt_by_dataset/aragon.csv;docs/research/distributor_regional_audits/edistribucion_local_exception_hunt_v1024.csv;docs/research/distributor_regional_audits/remaining_regional_distributor_candidates_v1023.csv;docs/research/distributor_regional_audits/remaining_regional_review_queue_by_dataset/aragon.csv,needs_municipal_primary_source,no,La presencia regional de e-distribución no prueba la distribuidora concreta de este municipio.
aragon,municipality:teruel::rodenas,Ródenas,Teruel,wave_1,"E-Distribución Redes Digitales, S.L.U.",,regional_context_only,edistribucion_aragon_official,4,docs/research/distributor_regional_audits/edistribucion_local_exception_hunt_by_dataset/aragon.csv;docs/research/distributor_regional_audits/edistribucion_local_exception_hunt_v1024.csv;docs/research/distributor_regional_audits/remaining_regional_distributor_candidates_v1023.csv;docs/research/distributor_regional_audits/remaining_regional_review_queue_by_dataset/aragon.csv,needs_municipal_primary_source,no,La presencia regional de e-distribución no prueba la distribuidora concreta de este municipio.
aragon,municipality:teruel::salcedillo,Salcedillo,Teruel,wave_1,"E-Distribución Redes Digitales, S.L.U.",,regional_context_only,edistribucion_aragon_official,4,docs/research/distributor_regional_audits/edistribucion_local_exception_hunt_by_dataset/aragon.csv;docs/research/distributor_regional_audits/edistribucion_local_exception_hunt_v1024.csv;docs/research/distributor_regional_audits/remaining_regional_distributor_candidates_v1023.csv;docs/research/distributor_regional_audits/remaining_regional_review_queue_by_dataset/aragon.csv,needs_municipal_primary_source,no,La presencia regional de e-distribución no prueba la distribuidora concreta de este municipio.
aragon,municipality:teruel::saldon,Saldón,Teruel,wave_1,"E-Distribución Redes Digitales, S.L.U.",,regional_context_only,edistribucion_aragon_official,4,docs/research/distributor_regional_audits/edistribucion_local_exception_hunt_by_dataset/aragon.csv;docs/research/distributor_regional_audits/edistribucion_local_exception_hunt_v1024.csv;docs/research/distributor_regional_audits/remaining_regional_distributor_candidates_v1023.csv;docs/research/distributor_regional_audits/remaining_regional_review_queue_by_dataset/aragon.csv,needs_municipal_primary_source,no,La presencia regional de e-distribución no prueba la distribuidora concreta de este municipio.
aragon,municipality:teruel::samper_de_calanda,Samper de Calanda,Teruel,wave_1,"E-Distribución Redes Digitales, S.L.U.",,regional_context_only,edistribucion_aragon_official,4,docs/research/distributor_regional_audits/edistribucion_local_exception_hunt_by_dataset/aragon.csv;docs/research/distributor_regional_audits/edistribucion_local_exception_hunt_v1024.csv;docs/research/distributor_regional_audits/remaining_regional_distributor_candidates_v1023.csv;docs/research/distributor_regional_audits/remaining_regional_review_queue_by_dataset/aragon.csv,needs_municipal_primary_source,no,La presencia regional de e-distribución no prueba la distribuidora concreta de este municipio.
aragon,municipality:teruel::san_agustin,San Agustín,Teruel,wave_1,"E-Distribución Redes Digitales, S.L.U.",,regional_context_only,edistribucion_aragon_official,4,docs/research/distributor_regional_audits/edistribucion_local_exception_hunt_by_dataset/aragon.csv;docs/research/distributor_regional_audits/edistribucion_local_exception_hunt_v1024.csv;docs/research/distributor_regional_audits/remaining_regional_distributor_candidates_v1023.csv;docs/research/distributor_regional_audits/remaining_regional_review_queue_by_dataset/aragon.csv,needs_municipal_primary_source,no,La presencia regional de e-distribución no prueba la distribuidora concreta de este municipio.
aragon,municipality:teruel::san_martin_del_rio,San Martín del Río,Teruel,wave_1,"E-Distribución Redes Digitales, S.L.U.",,regional_context_only,edistribucion_aragon_official,4,docs/research/distributor_regional_audits/edistribucion_local_exception_hunt_by_dataset/aragon.csv;docs/research/distributor_regional_audits/edistribucion_local_exception_hunt_v1024.csv;docs/research/distributor_regional_audits/remaining_regional_distributor_candidates_v1023.csv;docs/research/distributor_regional_audits/remaining_regional_review_queue_by_dataset/aragon.csv,needs_municipal_primary_source,no,La presencia regional de e-distribución no prueba la distribuidora concreta de este municipio.
aragon,municipality:teruel::santa_cruz_de_nogueras,Santa Cruz de Nogueras,Teruel,wave_1,"E-Distribución Redes Digitales, S.L.U.",,regional_context_only,edistribucion_aragon_official,4,docs/research/distributor_regional_audits/edistribucion_local_exception_hunt_by_dataset/aragon.csv;docs/research/distributor_regional_audits/edistribucion_local_exception_hunt_v1024.csv;docs/research/distributor_regional_audits/remaining_regional_distributor_candidates_v1023.csv;docs/research/distributor_regional_audits/remaining_regional_review_queue_by_dataset/aragon.csv,needs_municipal_primary_source,no,La presencia regional de e-distribución no prueba la distribuidora concreta de este municipio.
aragon,municipality:teruel::santa_eulalia,Santa Eulalia,Teruel,wave_1,"E-Distribución Redes Digitales, S.L.U.",,regional_context_only,edistribucion_aragon_official,4,docs/research/distributor_regional_audits/edistribucion_local_exception_hunt_by_dataset/aragon.csv;docs/research/distributor_regional_audits/edistribucion_local_exception_hunt_v1024.csv;docs/research/distributor_regional_audits/remaining_regional_distributor_candidates_v1023.csv;docs/research/distributor_regional_audits/remaining_regional_review_queue_by_dataset/aragon.csv,needs_municipal_primary_source,no,La presencia regional de e-distribución no prueba la distribuidora concreta de este municipio.
aragon,municipality:teruel::sarrion,Sarrión,Teruel,wave_1,"E-Distribución Redes Digitales, S.L.U.",,regional_context_only,edistribucion_aragon_official,4,docs/research/distributor_regional_audits/edistribucion_local_exception_hunt_by_dataset/aragon.csv;docs/research/distributor_regional_audits/edistribucion_local_exception_hunt_v1024.csv;docs/research/distributor_regional_audits/remaining_regional_distributor_candidates_v1023.csv;docs/research/distributor_regional_audits/remaining_regional_review_queue_by_dataset/aragon.csv,needs_municipal_primary_source,no,La presencia regional de e-distribución no prueba la distribuidora concreta de este municipio.
aragon,municipality:teruel::segura_de_los_banos,Segura de los Baños,Teruel,wave_1,"E-Distribución Redes Digitales, S.L.U.",,regional_context_only,edistribucion_aragon_official,4,docs/research/distributor_regional_audits/edistribucion_local_exception_hunt_by_dataset/aragon.csv;docs/research/distributor_regional_audits/edistribucion_local_exception_hunt_v1024.csv;docs/research/distributor_regional_audits/remaining_regional_distributor_candidates_v1023.csv;docs/research/distributor_regional_audits/remaining_regional_review_queue_by_dataset/aragon.csv,needs_municipal_primary_source,no,La presencia regional de e-distribución no prueba la distribuidora concreta de este municipio.
aragon,municipality:teruel::seno,Seno,Teruel,wave_1,"E-Distribución Redes Digitales, S.L.U.",,regional_context_only,edistribucion_aragon_official,4,docs/research/distributor_regional_audits/edistribucion_local_exception_hunt_by_dataset/aragon.csv;docs/research/distributor_regional_audits/edistribucion_local_exception_hunt_v1024.csv;docs/research/distributor_regional_audits/remaining_regional_distributor_candidates_v1023.csv;docs/research/distributor_regional_audits/remaining_regional_review_queue_by_dataset/aragon.csv,needs_municipal_primary_source,no,La presencia regional de e-distribución no prueba la distribuidora concreta de este municipio.
aragon,municipality:teruel::singra,Singra,Teruel,wave_1,"E-Distribución Redes Digitales, S.L.U.",,regional_context_only,edistribucion_aragon_official,4,docs/research/distributor_regional_audits/edistribucion_local_exception_hunt_by_dataset/aragon.csv;docs/research/distributor_regional_audits/edistribucion_local_exception_hunt_v1024.csv;docs/research/distributor_regional_audits/remaining_regional_distributor_candidates_v1023.csv;docs/research/distributor_regional_audits/remaining_regional_review_queue_by_dataset/aragon.csv,needs_municipal_primary_source,no,La presencia regional de e-distribución no prueba la distribuidora concreta de este municipio.
aragon,municipality:teruel::terriente,Terriente,Teruel,wave_1,"E-Distribución Redes Digitales, S.L.U.",,regional_context_only,edistribucion_aragon_official,4,docs/research/distributor_regional_audits/edistribucion_local_exception_hunt_by_dataset/aragon.csv;docs/research/distributor_regional_audits/edistribucion_local_exception_hunt_v1024.csv;docs/research/distributor_regional_audits/remaining_regional_distributor_candidates_v1023.csv;docs/research/distributor_regional_audits/remaining_regional_review_queue_by_dataset/aragon.csv,needs_municipal_primary_source,no,La presencia regional de e-distribución no prueba la distribuidora concreta de este municipio.
aragon,municipality:teruel::teruel,Teruel,Teruel,wave_1,"E-Distribución Redes Digitales, S.L.U.",,regional_context_only,edistribucion_aragon_official,4,docs/research/distributor_regional_audits/edistribucion_local_exception_hunt_by_dataset/aragon.csv;docs/research/distributor_regional_audits/edistribucion_local_exception_hunt_v1024.csv;docs/research/distributor_regional_audits/remaining_regional_distributor_candidates_v1023.csv;docs/research/distributor_regional_audits/remaining_regional_review_queue_by_dataset/aragon.csv,needs_municipal_primary_source,no,La presencia regional de e-distribución no prueba la distribuidora concreta de este municipio.
aragon,municipality:teruel::toril_y_masegoso,Toril y Masegoso,Teruel,wave_1,"E-Distribución Redes Digitales, S.L.U.",,regional_context_only,edistribucion_aragon_official,4,docs/research/distributor_regional_audits/edistribucion_local_exception_hunt_by_dataset/aragon.csv;docs/research/distributor_regional_audits/edistribucion_local_exception_hunt_v1024.csv;docs/research/distributor_regional_audits/remaining_regional_distributor_candidates_v1023.csv;docs/research/distributor_regional_audits/remaining_regional_review_queue_by_dataset/aragon.csv,needs_municipal_primary_source,no,La presencia regional de e-distribución no prueba la distribuidora concreta de este municipio.
aragon,municipality:teruel::tormon,Tormón,Teruel,wave_1,"E-Distribución Redes Digitales, S.L.U.",,regional_context_only,edistribucion_aragon_official,4,docs/research/distributor_regional_audits/edistribucion_local_exception_hunt_by_dataset/aragon.csv;docs/research/distributor_regional_audits/edistribucion_local_exception_hunt_v1024.csv;docs/research/distributor_regional_audits/remaining_regional_distributor_candidates_v1023.csv;docs/research/distributor_regional_audits/remaining_regional_review_queue_by_dataset/aragon.csv,needs_municipal_primary_source,no,La presencia regional de e-distribución no prueba la distribuidora concreta de este municipio.
aragon,municipality:teruel::tornos,Tornos,Teruel,wave_1,"E-Distribución Redes Digitales, S.L.U.",,regional_context_only,edistribucion_aragon_official,4,docs/research/distributor_regional_audits/edistribucion_local_exception_hunt_by_dataset/aragon.csv;docs/research/distributor_regional_audits/edistribucion_local_exception_hunt_v1024.csv;docs/research/distributor_regional_audits/remaining_regional_distributor_candidates_v1023.csv;docs/research/distributor_regional_audits/remaining_regional_review_queue_by_dataset/aragon.csv,needs_municipal_primary_source,no,La presencia regional de e-distribución no prueba la distribuidora concreta de este municipio.
aragon,municipality:teruel::torralba_de_los_sisones,Torralba de los Sisones,Teruel,wave_1,"E-Distribución Redes Digitales, S.L.U.",,regional_context_only,edistribucion_aragon_official,4,docs/research/distributor_regional_audits/edistribucion_local_exception_hunt_by_dataset/aragon.csv;docs/research/distributor_regional_audits/edistribucion_local_exception_hunt_v1024.csv;docs/research/distributor_regional_audits/remaining_regional_distributor_candidates_v1023.csv;docs/research/distributor_regional_audits/remaining_regional_review_queue_by_dataset/aragon.csv,needs_municipal_primary_source,no,La presencia regional de e-distribución no prueba la distribuidora concreta de este municipio.
aragon,municipality:teruel::torre_de_arcas,Torre de Arcas,Teruel,wave_1,"E-Distribución Redes Digitales, S.L.U.",,regional_context_only,edistribucion_aragon_official,4,docs/research/distributor_regional_audits/edistribucion_local_exception_hunt_by_dataset/aragon.csv;docs/research/distributor_regional_audits/edistribucion_local_exception_hunt_v1024.csv;docs/research/distributor_regional_audits/remaining_regional_distributor_candidates_v1023.csv;docs/research/distributor_regional_audits/remaining_regional_review_queue_by_dataset/aragon.csv,needs_municipal_primary_source,no,La presencia regional de e-distribución no prueba la distribuidora concreta de este municipio.
aragon,municipality:teruel::torre_de_las_arcas,Torre de las Arcas,Teruel,wave_1,"E-Distribución Redes Digitales, S.L.U.",,regional_context_only,edistribucion_aragon_official,4,docs/research/distributor_regional_audits/edistribucion_local_exception_hunt_by_dataset/aragon.csv;docs/research/distributor_regional_audits/edistribucion_local_exception_hunt_v1024.csv;docs/research/distributor_regional_audits/remaining_regional_distributor_candidates_v1023.csv;docs/research/distributor_regional_audits/remaining_regional_review_queue_by_dataset/aragon.csv,needs_municipal_primary_source,no,La presencia regional de e-distribución no prueba la distribuidora concreta de este municipio.
aragon,municipality:teruel::torre_del_compte,Torre del Compte,Teruel,wave_1,"E-Distribución Redes Digitales, S.L.U.",,regional_context_only,edistribucion_aragon_official,4,docs/research/distributor_regional_audits/edistribucion_local_exception_hunt_by_dataset/aragon.csv;docs/research/distributor_regional_audits/edistribucion_local_exception_hunt_v1024.csv;docs/research/distributor_regional_audits/remaining_regional_distributor_candidates_v1023.csv;docs/research/distributor_regional_audits/remaining_regional_review_queue_by_dataset/aragon.csv,needs_municipal_primary_source,no,La presencia regional de e-distribución no prueba la distribuidora concreta de este municipio.
aragon,municipality:teruel::torre_los_negros,Torre los Negros,Teruel,wave_1,"E-Distribución Redes Digitales, S.L.U.",,regional_context_only,edistribucion_aragon_official,4,docs/research/distributor_regional_audits/edistribucion_local_exception_hunt_by_dataset/aragon.csv;docs/research/distributor_regional_audits/edistribucion_local_exception_hunt_v1024.csv;docs/research/distributor_regional_audits/remaining_regional_distributor_candidates_v1023.csv;docs/research/distributor_regional_audits/remaining_regional_review_queue_by_dataset/aragon.csv,needs_municipal_primary_source,no,La presencia regional de e-distribución no prueba la distribuidora concreta de este municipio.
aragon,municipality:teruel::torrecilla_de_alcaniz,Torrecilla de Alcañiz,Teruel,wave_1,"E-Distribución Redes Digitales, S.L.U.",,regional_context_only,edistribucion_aragon_official,4,docs/research/distributor_regional_audits/edistribucion_local_exception_hunt_by_dataset/aragon.csv;docs/research/distributor_regional_audits/edistribucion_local_exception_hunt_v1024.csv;docs/research/distributor_regional_audits/remaining_regional_distributor_candidates_v1023.csv;docs/research/distributor_regional_audits/remaining_regional_review_queue_by_dataset/aragon.csv,needs_municipal_primary_source,no,La presencia regional de e-distribución no prueba la distribuidora concreta de este municipio.
aragon,municipality:teruel::torrecilla_del_rebollar,Torrecilla del Rebollar,Teruel,wave_1,"E-Distribución Redes Digitales, S.L.U.",,regional_context_only,edistribucion_aragon_official,4,docs/research/distributor_regional_audits/edistribucion_local_exception_hunt_by_dataset/aragon.csv;docs/research/distributor_regional_audits/edistribucion_local_exception_hunt_v1024.csv;docs/research/distributor_regional_audits/remaining_regional_distributor_candidates_v1023.csv;docs/research/distributor_regional_audits/remaining_regional_review_queue_by_dataset/aragon.csv,needs_municipal_primary_source,no,La presencia regional de e-distribución no prueba la distribuidora concreta de este municipio.
aragon,municipality:teruel::torrelacarcel,Torrelacárcel,Teruel,wave_1,"E-Distribución Redes Digitales, S.L.U.",,regional_context_only,edistribucion_aragon_official,4,docs/research/distributor_regional_audits/edistribucion_local_exception_hunt_by_dataset/aragon.csv;docs/research/distributor_regional_audits/edistribucion_local_exception_hunt_v1024.csv;docs/research/distributor_regional_audits/remaining_regional_distributor_candidates_v1023.csv;docs/research/distributor_regional_audits/remaining_regional_review_queue_by_dataset/aragon.csv,needs_municipal_primary_source,no,La presencia regional de e-distribución no prueba la distribuidora concreta de este municipio.
aragon,municipality:teruel::torremocha_de_jiloca,Torremocha de Jiloca,Teruel,wave_1,"E-Distribución Redes Digitales, S.L.U.",,regional_context_only,edistribucion_aragon_official,4,docs/research/distributor_regional_audits/edistribucion_local_exception_hunt_by_dataset/aragon.csv;docs/research/distributor_regional_audits/edistribucion_local_exception_hunt_v1024.csv;docs/research/distributor_regional_audits/remaining_regional_distributor_candidates_v1023.csv;docs/research/distributor_regional_audits/remaining_regional_review_queue_by_dataset/aragon.csv,needs_municipal_primary_source,no,La presencia regional de e-distribución no prueba la distribuidora concreta de este municipio.
aragon,municipality:teruel::torres_de_albarracin,Torres de Albarracín,Teruel,wave_1,"E-Distribución Redes Digitales, S.L.U.",,regional_context_only,edistribucion_aragon_official,4,docs/research/distributor_regional_audits/edistribucion_local_exception_hunt_by_dataset/aragon.csv;docs/research/distributor_regional_audits/edistribucion_local_exception_hunt_v1024.csv;docs/research/distributor_regional_audits/remaining_regional_distributor_candidates_v1023.csv;docs/research/distributor_regional_audits/remaining_regional_review_queue_by_dataset/aragon.csv,needs_municipal_primary_source,no,La presencia regional de e-distribución no prueba la distribuidora concreta de este municipio.
aragon,municipality:teruel::torrevelilla,Torrevelilla,Teruel,wave_1,"E-Distribución Redes Digitales, S.L.U.",,regional_context_only,edistribucion_aragon_official,4,docs/research/distributor_regional_audits/edistribucion_local_exception_hunt_by_dataset/aragon.csv;docs/research/distributor_regional_audits/edistribucion_local_exception_hunt_v1024.csv;docs/research/distributor_regional_audits/remaining_regional_distributor_candidates_v1023.csv;docs/research/distributor_regional_audits/remaining_regional_review_queue_by_dataset/aragon.csv,needs_municipal_primary_source,no,La presencia regional de e-distribución no prueba la distribuidora concreta de este municipio.
aragon,municipality:teruel::torrijas,Torrijas,Teruel,wave_1,"E-Distribución Redes Digitales, S.L.U.",,regional_context_only,edistribucion_aragon_official,4,docs/research/distributor_regional_audits/edistribucion_local_exception_hunt_by_dataset/aragon.csv;docs/research/distributor_regional_audits/edistribucion_local_exception_hunt_v1024.csv;docs/research/distributor_regional_audits/remaining_regional_distributor_candidates_v1023.csv;docs/research/distributor_regional_audits/remaining_regional_review_queue_by_dataset/aragon.csv,needs_municipal_primary_source,no,La presencia regional de e-distribución no prueba la distribuidora concreta de este municipio.
aragon,municipality:teruel::torrijo_del_campo,Torrijo del Campo,Teruel,wave_1,"E-Distribución Redes Digitales, S.L.U.",,regional_context_only,edistribucion_aragon_official,4,docs/research/distributor_regional_audits/edistribucion_local_exception_hunt_by_dataset/aragon.csv;docs/research/distributor_regional_audits/edistribucion_local_exception_hunt_v1024.csv;docs/research/distributor_regional_audits/remaining_regional_distributor_candidates_v1023.csv;docs/research/distributor_regional_audits/remaining_regional_review_queue_by_dataset/aragon.csv,needs_municipal_primary_source,no,La presencia regional de e-distribución no prueba la distribuidora concreta de este municipio.
aragon,municipality:teruel::tramacastiel,Tramacastiel,Teruel,wave_1,"E-Distribución Redes Digitales, S.L.U.",,regional_context_only,edistribucion_aragon_official,4,docs/research/distributor_regional_audits/edistribucion_local_exception_hunt_by_dataset/aragon.csv;docs/research/distributor_regional_audits/edistribucion_local_exception_hunt_v1024.csv;docs/research/distributor_regional_audits/remaining_regional_distributor_candidates_v1023.csv;docs/research/distributor_regional_audits/remaining_regional_review_queue_by_dataset/aragon.csv,needs_municipal_primary_source,no,La presencia regional de e-distribución no prueba la distribuidora concreta de este municipio.
aragon,municipality:teruel::tramacastilla,Tramacastilla,Teruel,wave_1,"E-Distribución Redes Digitales, S.L.U.",,regional_context_only,edistribucion_aragon_official,4,docs/research/distributor_regional_audits/edistribucion_local_exception_hunt_by_dataset/aragon.csv;docs/research/distributor_regional_audits/edistribucion_local_exception_hunt_v1024.csv;docs/research/distributor_regional_audits/remaining_regional_distributor_candidates_v1023.csv;docs/research/distributor_regional_audits/remaining_regional_review_queue_by_dataset/aragon.csv,needs_municipal_primary_source,no,La presencia regional de e-distribución no prueba la distribuidora concreta de este municipio.
aragon,municipality:teruel::tronchon,Tronchón,Teruel,wave_1,"E-Distribución Redes Digitales, S.L.U.",,regional_context_only,edistribucion_aragon_official,4,docs/research/distributor_regional_audits/edistribucion_local_exception_hunt_by_dataset/aragon.csv;docs/research/distributor_regional_audits/edistribucion_local_exception_hunt_v1024.csv;docs/research/distributor_regional_audits/remaining_regional_distributor_candidates_v1023.csv;docs/research/distributor_regional_audits/remaining_regional_review_queue_by_dataset/aragon.csv,needs_municipal_primary_source,no,La presencia regional de e-distribución no prueba la distribuidora concreta de este municipio.
aragon,municipality:teruel::urrea_de_gaen,Urrea de Gaén,Teruel,wave_1,"E-Distribución Redes Digitales, S.L.U.",,regional_context_only,edistribucion_aragon_official,4,docs/research/distributor_regional_audits/edistribucion_local_exception_hunt_by_dataset/aragon.csv;docs/research/distributor_regional_audits/edistribucion_local_exception_hunt_v1024.csv;docs/research/distributor_regional_audits/remaining_regional_distributor_candidates_v1023.csv;docs/research/distributor_regional_audits/remaining_regional_review_queue_by_dataset/aragon.csv,needs_municipal_primary_source,no,La presencia regional de e-distribución no prueba la distribuidora concreta de este municipio.
aragon,municipality:teruel::utrillas,Utrillas,Teruel,wave_1,"E-Distribución Redes Digitales, S.L.U.",,regional_context_only,edistribucion_aragon_official,4,docs/research/distributor_regional_audits/edistribucion_local_exception_hunt_by_dataset/aragon.csv;docs/research/distributor_regional_audits/edistribucion_local_exception_hunt_v1024.csv;docs/research/distributor_regional_audits/remaining_regional_distributor_candidates_v1023.csv;docs/research/distributor_regional_audits/remaining_regional_review_queue_by_dataset/aragon.csv,needs_municipal_primary_source,no,La presencia regional de e-distribución no prueba la distribuidora concreta de este municipio.
aragon,municipality:teruel::valacloche,Valacloche,Teruel,wave_1,"E-Distribución Redes Digitales, S.L.U.",,regional_context_only,edistribucion_aragon_official,4,docs/research/distributor_regional_audits/edistribucion_local_exception_hunt_by_dataset/aragon.csv;docs/research/distributor_regional_audits/edistribucion_local_exception_hunt_v1024.csv;docs/research/distributor_regional_audits/remaining_regional_distributor_candidates_v1023.csv;docs/research/distributor_regional_audits/remaining_regional_review_queue_by_dataset/aragon.csv,needs_municipal_primary_source,no,La presencia regional de e-distribución no prueba la distribuidora concreta de este municipio.
aragon,municipality:teruel::valbona,Valbona,Teruel,wave_1,"E-Distribución Redes Digitales, S.L.U.",,regional_context_only,edistribucion_aragon_official,4,docs/research/distributor_regional_audits/edistribucion_local_exception_hunt_by_dataset/aragon.csv;docs/research/distributor_regional_audits/edistribucion_local_exception_hunt_v1024.csv;docs/research/distributor_regional_audits/remaining_regional_distributor_candidates_v1023.csv;docs/research/distributor_regional_audits/remaining_regional_review_queue_by_dataset/aragon.csv,needs_municipal_primary_source,no,La presencia regional de e-distribución no prueba la distribuidora concreta de este municipio.
aragon,municipality:teruel::valdealgorfa,Valdealgorfa,Teruel,wave_1,"E-Distribución Redes Digitales, S.L.U.",,regional_context_only,edistribucion_aragon_official,4,docs/research/distributor_regional_audits/edistribucion_local_exception_hunt_by_dataset/aragon.csv;docs/research/distributor_regional_audits/edistribucion_local_exception_hunt_v1024.csv;docs/research/distributor_regional_audits/remaining_regional_distributor_candidates_v1023.csv;docs/research/distributor_regional_audits/remaining_regional_review_queue_by_dataset/aragon.csv,needs_municipal_primary_source,no,La presencia regional de e-distribución no prueba la distribuidora concreta de este municipio.
aragon,municipality:teruel::valdecuenca,Valdecuenca,Teruel,wave_1,"E-Distribución Redes Digitales, S.L.U.",,regional_context_only,edistribucion_aragon_official,4,docs/research/distributor_regional_audits/edistribucion_local_exception_hunt_by_dataset/aragon.csv;docs/research/distributor_regional_audits/edistribucion_local_exception_hunt_v1024.csv;docs/research/distributor_regional_audits/remaining_regional_distributor_candidates_v1023.csv;docs/research/distributor_regional_audits/remaining_regional_review_queue_by_dataset/aragon.csv,needs_municipal_primary_source,no,La presencia regional de e-distribución no prueba la distribuidora concreta de este municipio.
aragon,municipality:teruel::valdelinares,Valdelinares,Teruel,wave_1,"E-Distribución Redes Digitales, S.L.U.",,regional_context_only,edistribucion_aragon_official,4,docs/research/distributor_regional_audits/edistribucion_local_exception_hunt_by_dataset/aragon.csv;docs/research/distributor_regional_audits/edistribucion_local_exception_hunt_v1024.csv;docs/research/distributor_regional_audits/remaining_regional_distributor_candidates_v1023.csv;docs/research/distributor_regional_audits/remaining_regional_review_queue_by_dataset/aragon.csv,needs_municipal_primary_source,no,La presencia regional de e-distribución no prueba la distribuidora concreta de este municipio.
aragon,municipality:teruel::valdeltormo,Valdeltormo,Teruel,wave_1,"E-Distribución Redes Digitales, S.L.U.",,regional_context_only,edistribucion_aragon_official,4,docs/research/distributor_regional_audits/edistribucion_local_exception_hunt_by_dataset/aragon.csv;docs/research/distributor_regional_audits/edistribucion_local_exception_hunt_v1024.csv;docs/research/distributor_regional_audits/remaining_regional_distributor_candidates_v1023.csv;docs/research/distributor_regional_audits/remaining_regional_review_queue_by_dataset/aragon.csv,needs_municipal_primary_source,no,La presencia regional de e-distribución no prueba la distribuidora concreta de este municipio.
aragon,municipality:teruel::valderrobres,Valderrobres,Teruel,wave_1,"E-Distribución Redes Digitales, S.L.U.",,regional_context_only,edistribucion_aragon_official,4,docs/research/distributor_regional_audits/edistribucion_local_exception_hunt_by_dataset/aragon.csv;docs/research/distributor_regional_audits/edistribucion_local_exception_hunt_v1024.csv;docs/research/distributor_regional_audits/remaining_regional_distributor_candidates_v1023.csv;docs/research/distributor_regional_audits/remaining_regional_review_queue_by_dataset/aragon.csv,needs_municipal_primary_source,no,La presencia regional de e-distribución no prueba la distribuidora concreta de este municipio.
aragon,municipality:teruel::valjunquera,Valjunquera,Teruel,wave_1,"E-Distribución Redes Digitales, S.L.U.",,regional_context_only,edistribucion_aragon_official,4,docs/research/distributor_regional_audits/edistribucion_local_exception_hunt_by_dataset/aragon.csv;docs/research/distributor_regional_audits/edistribucion_local_exception_hunt_v1024.csv;docs/research/distributor_regional_audits/remaining_regional_distributor_candidates_v1023.csv;docs/research/distributor_regional_audits/remaining_regional_review_queue_by_dataset/aragon.csv,needs_municipal_primary_source,no,La presencia regional de e-distribución no prueba la distribuidora concreta de este municipio.
aragon,municipality:teruel::veguillas_de_la_sierra,Veguillas de la Sierra,Teruel,wave_1,"E-Distribución Redes Digitales, S.L.U.",,regional_context_only,edistribucion_aragon_official,4,docs/research/distributor_regional_audits/edistribucion_local_exception_hunt_by_dataset/aragon.csv;docs/research/distributor_regional_audits/edistribucion_local_exception_hunt_v1024.csv;docs/research/distributor_regional_audits/remaining_regional_distributor_candidates_v1023.csv;docs/research/distributor_regional_audits/remaining_regional_review_queue_by_dataset/aragon.csv,needs_municipal_primary_source,no,La presencia regional de e-distribución no prueba la distribuidora concreta de este municipio.
aragon,municipality:teruel::villafranca_del_campo,Villafranca del Campo,Teruel,wave_1,"E-Distribución Redes Digitales, S.L.U.",,regional_context_only,edistribucion_aragon_official,4,docs/research/distributor_regional_audits/edistribucion_local_exception_hunt_by_dataset/aragon.csv;docs/research/distributor_regional_audits/edistribucion_local_exception_hunt_v1024.csv;docs/research/distributor_regional_audits/remaining_regional_distributor_candidates_v1023.csv;docs/research/distributor_regional_audits/remaining_regional_review_queue_by_dataset/aragon.csv,needs_municipal_primary_source,no,La presencia regional de e-distribución no prueba la distribuidora concreta de este municipio.
aragon,municipality:teruel::villahermosa_del_campo,Villahermosa del Campo,Teruel,wave_1,"E-Distribución Redes Digitales, S.L.U.",,regional_context_only,edistribucion_aragon_official,4,docs/research/distributor_regional_audits/edistribucion_local_exception_hunt_by_dataset/aragon.csv;docs/research/distributor_regional_audits/edistribucion_local_exception_hunt_v1024.csv;docs/research/distributor_regional_audits/remaining_regional_distributor_candidates_v1023.csv;docs/research/distributor_regional_audits/remaining_regional_review_queue_by_dataset/aragon.csv,needs_municipal_primary_source,no,La presencia regional de e-distribución no prueba la distribuidora concreta de este municipio.
aragon,municipality:teruel::villanueva_del_rebollar_de_la_sierra,Villanueva del Rebollar de la Sierra,Teruel,wave_1,"E-Distribución Redes Digitales, S.L.U.",,regional_context_only,edistribucion_aragon_official,4,docs/research/distributor_regional_audits/edistribucion_local_exception_hunt_by_dataset/aragon.csv;docs/research/distributor_regional_audits/edistribucion_local_exception_hunt_v1024.csv;docs/research/distributor_regional_audits/remaining_regional_distributor_candidates_v1023.csv;docs/research/distributor_regional_audits/remaining_regional_review_queue_by_dataset/aragon.csv,needs_municipal_primary_source,no,La presencia regional de e-distribución no prueba la distribuidora concreta de este municipio.
aragon,municipality:teruel::villar_del_cobo,Villar del Cobo,Teruel,wave_1,"E-Distribución Redes Digitales, S.L.U.",,regional_context_only,edistribucion_aragon_official,4,docs/research/distributor_regional_audits/edistribucion_local_exception_hunt_by_dataset/aragon.csv;docs/research/distributor_regional_audits/edistribucion_local_exception_hunt_v1024.csv;docs/research/distributor_regional_audits/remaining_regional_distributor_candidates_v1023.csv;docs/research/distributor_regional_audits/remaining_regional_review_queue_by_dataset/aragon.csv,needs_municipal_primary_source,no,La presencia regional de e-distribución no prueba la distribuidora concreta de este municipio.
aragon,municipality:teruel::villar_del_salz,Villar del Salz,Teruel,wave_1,"E-Distribución Redes Digitales, S.L.U.",,regional_context_only,edistribucion_aragon_official,4,docs/research/distributor_regional_audits/edistribucion_local_exception_hunt_by_dataset/aragon.csv;docs/research/distributor_regional_audits/edistribucion_local_exception_hunt_v1024.csv;docs/research/distributor_regional_audits/remaining_regional_distributor_candidates_v1023.csv;docs/research/distributor_regional_audits/remaining_regional_review_queue_by_dataset/aragon.csv,needs_municipal_primary_source,no,La presencia regional de e-distribución no prueba la distribuidora concreta de este municipio.
aragon,municipality:teruel::villarluengo,Villarluengo,Teruel,wave_1,"E-Distribución Redes Digitales, S.L.U.",,regional_context_only,edistribucion_aragon_official,4,docs/research/distributor_regional_audits/edistribucion_local_exception_hunt_by_dataset/aragon.csv;docs/research/distributor_regional_audits/edistribucion_local_exception_hunt_v1024.csv;docs/research/distributor_regional_audits/remaining_regional_distributor_candidates_v1023.csv;docs/research/distributor_regional_audits/remaining_regional_review_queue_by_dataset/aragon.csv,needs_municipal_primary_source,no,La presencia regional de e-distribución no prueba la distribuidora concreta de este municipio.
aragon,municipality:teruel::villarquemado,Villarquemado,Teruel,wave_1,"E-Distribución Redes Digitales, S.L.U.",,regional_context_only,edistribucion_aragon_official,4,docs/research/distributor_regional_audits/edistribucion_local_exception_hunt_by_dataset/aragon.csv;docs/research/distributor_regional_audits/edistribucion_local_exception_hunt_v1024.csv;docs/research/distributor_regional_audits/remaining_regional_distributor_candidates_v1023.csv;docs/research/distributor_regional_audits/remaining_regional_review_queue_by_dataset/aragon.csv,needs_municipal_primary_source,no,La presencia regional de e-distribución no prueba la distribuidora concreta de este municipio.
aragon,municipality:teruel::villarroya_de_los_pinares,Villarroya de los Pinares,Teruel,wave_1,"E-Distribución Redes Digitales, S.L.U.",,regional_context_only,edistribucion_aragon_official,4,docs/research/distributor_regional_audits/edistribucion_local_exception_hunt_by_dataset/aragon.csv;docs/research/distributor_regional_audits/edistribucion_local_exception_hunt_v1024.csv;docs/research/distributor_regional_audits/remaining_regional_distributor_candidates_v1023.csv;docs/research/distributor_regional_audits/remaining_regional_review_queue_by_dataset/aragon.csv,needs_municipal_primary_source,no,La presencia regional de e-distribución no prueba la distribuidora concreta de este municipio.
aragon,municipality:teruel::villastar,Villastar,Teruel,wave_1,"E-Distribución Redes Digitales, S.L.U.",,regional_context_only,edistribucion_aragon_official,4,docs/research/distributor_regional_audits/edistribucion_local_exception_hunt_by_dataset/aragon.csv;docs/research/distributor_regional_audits/edistribucion_local_exception_hunt_v1024.csv;docs/research/distributor_regional_audits/remaining_regional_distributor_candidates_v1023.csv;docs/research/distributor_regional_audits/remaining_regional_review_queue_by_dataset/aragon.csv,needs_municipal_primary_source,no,La presencia regional de e-distribución no prueba la distribuidora concreta de este municipio.
aragon,municipality:teruel::villel,Villel,Teruel,wave_1,"E-Distribución Redes Digitales, S.L.U.",,regional_context_only,edistribucion_aragon_official,4,docs/research/distributor_regional_audits/edistribucion_local_exception_hunt_by_dataset/aragon.csv;docs/research/distributor_regional_audits/edistribucion_local_exception_hunt_v1024.csv;docs/research/distributor_regional_audits/remaining_regional_distributor_candidates_v1023.csv;docs/research/distributor_regional_audits/remaining_regional_review_queue_by_dataset/aragon.csv,needs_municipal_primary_source,no,La presencia regional de e-distribución no prueba la distribuidora concreta de este municipio.
aragon,municipality:teruel::vinaceite,Vinaceite,Teruel,wave_1,"E-Distribución Redes Digitales, S.L.U.",,regional_context_only,edistribucion_aragon_official,4,docs/research/distributor_regional_audits/edistribucion_local_exception_hunt_by_dataset/aragon.csv;docs/research/distributor_regional_audits/edistribucion_local_exception_hunt_v1024.csv;docs/research/distributor_regional_audits/remaining_regional_distributor_candidates_v1023.csv;docs/research/distributor_regional_audits/remaining_regional_review_queue_by_dataset/aragon.csv,needs_municipal_primary_source,no,La presencia regional de e-distribución no prueba la distribuidora concreta de este municipio.
aragon,municipality:teruel::visiedo,Visiedo,Teruel,wave_1,"E-Distribución Redes Digitales, S.L.U.",,regional_context_only,edistribucion_aragon_official,4,docs/research/distributor_regional_audits/edistribucion_local_exception_hunt_by_dataset/aragon.csv;docs/research/distributor_regional_audits/edistribucion_local_exception_hunt_v1024.csv;docs/research/distributor_regional_audits/remaining_regional_distributor_candidates_v1023.csv;docs/research/distributor_regional_audits/remaining_regional_review_queue_by_dataset/aragon.csv,needs_municipal_primary_source,no,La presencia regional de e-distribución no prueba la distribuidora concreta de este municipio.
aragon,municipality:teruel::vivel_del_rio_martin,Vivel del Río Martín,Teruel,wave_1,"E-Distribución Redes Digitales, S.L.U.",,regional_context_only,edistribucion_aragon_official,4,docs/research/distributor_regional_audits/edistribucion_local_exception_hunt_by_dataset/aragon.csv;docs/research/distributor_regional_audits/edistribucion_local_exception_hunt_v1024.csv;docs/research/distributor_regional_audits/remaining_regional_distributor_candidates_v1023.csv;docs/research/distributor_regional_audits/remaining_regional_review_queue_by_dataset/aragon.csv,needs_municipal_primary_source,no,La presencia regional de e-distribución no prueba la distribuidora concreta de este municipio.
aragon,municipality:zaragoza::abanto,Abanto,Zaragoza,wave_1,"E-Distribución Redes Digitales, S.L.U.",,regional_context_only,edistribucion_aragon_official,4,docs/research/distributor_regional_audits/edistribucion_local_exception_hunt_by_dataset/aragon.csv;docs/research/distributor_regional_audits/edistribucion_local_exception_hunt_v1024.csv;docs/research/distributor_regional_audits/remaining_regional_distributor_candidates_v1023.csv;docs/research/distributor_regional_audits/remaining_regional_review_queue_by_dataset/aragon.csv,needs_municipal_primary_source,no,La presencia regional de e-distribución no prueba la distribuidora concreta de este municipio.
aragon,municipality:zaragoza::acered,Acered,Zaragoza,wave_1,"E-Distribución Redes Digitales, S.L.U.",,regional_context_only,edistribucion_aragon_official,4,docs/research/distributor_regional_audits/edistribucion_local_exception_hunt_by_dataset/aragon.csv;docs/research/distributor_regional_audits/edistribucion_local_exception_hunt_v1024.csv;docs/research/distributor_regional_audits/remaining_regional_distributor_candidates_v1023.csv;docs/research/distributor_regional_audits/remaining_regional_review_queue_by_dataset/aragon.csv,needs_municipal_primary_source,no,La presencia regional de e-distribución no prueba la distribuidora concreta de este municipio.
aragon,municipality:zaragoza::aguaron,Aguarón,Zaragoza,wave_1,"E-Distribución Redes Digitales, S.L.U.",,regional_context_only,edistribucion_aragon_official,4,docs/research/distributor_regional_audits/edistribucion_local_exception_hunt_by_dataset/aragon.csv;docs/research/distributor_regional_audits/edistribucion_local_exception_hunt_v1024.csv;docs/research/distributor_regional_audits/remaining_regional_distributor_candidates_v1023.csv;docs/research/distributor_regional_audits/remaining_regional_review_queue_by_dataset/aragon.csv,needs_municipal_primary_source,no,La presencia regional de e-distribución no prueba la distribuidora concreta de este municipio.
aragon,municipality:zaragoza::aguilon,Aguilón,Zaragoza,wave_1,"E-Distribución Redes Digitales, S.L.U.",,regional_context_only,edistribucion_aragon_official,4,docs/research/distributor_regional_audits/edistribucion_local_exception_hunt_by_dataset/aragon.csv;docs/research/distributor_regional_audits/edistribucion_local_exception_hunt_v1024.csv;docs/research/distributor_regional_audits/remaining_regional_distributor_candidates_v1023.csv;docs/research/distributor_regional_audits/remaining_regional_review_queue_by_dataset/aragon.csv,needs_municipal_primary_source,no,La presencia regional de e-distribución no prueba la distribuidora concreta de este municipio.
aragon,municipality:zaragoza::agon,Agón,Zaragoza,wave_1,"E-Distribución Redes Digitales, S.L.U.",,regional_context_only,edistribucion_aragon_official,4,docs/research/distributor_regional_audits/edistribucion_local_exception_hunt_by_dataset/aragon.csv;docs/research/distributor_regional_audits/edistribucion_local_exception_hunt_v1024.csv;docs/research/distributor_regional_audits/remaining_regional_distributor_candidates_v1023.csv;docs/research/distributor_regional_audits/remaining_regional_review_queue_by_dataset/aragon.csv,needs_municipal_primary_source,no,La presencia regional de e-distribución no prueba la distribuidora concreta de este municipio.
aragon,municipality:zaragoza::ainzon,Ainzón,Zaragoza,wave_1,"E-Distribución Redes Digitales, S.L.U.",,regional_context_only,edistribucion_aragon_official,4,docs/research/distributor_regional_audits/edistribucion_local_exception_hunt_by_dataset/aragon.csv;docs/research/distributor_regional_audits/edistribucion_local_exception_hunt_v1024.csv;docs/research/distributor_regional_audits/remaining_regional_distributor_candidates_v1023.csv;docs/research/distributor_regional_audits/remaining_regional_review_queue_by_dataset/aragon.csv,needs_municipal_primary_source,no,La presencia regional de e-distribución no prueba la distribuidora concreta de este municipio.
aragon,municipality:zaragoza::aladren,Aladrén,Zaragoza,wave_1,"E-Distribución Redes Digitales, S.L.U.",,regional_context_only,edistribucion_aragon_official,4,docs/research/distributor_regional_audits/edistribucion_local_exception_hunt_by_dataset/aragon.csv;docs/research/distributor_regional_audits/edistribucion_local_exception_hunt_v1024.csv;docs/research/distributor_regional_audits/remaining_regional_distributor_candidates_v1023.csv;docs/research/distributor_regional_audits/remaining_regional_review_queue_by_dataset/aragon.csv,needs_municipal_primary_source,no,La presencia regional de e-distribución no prueba la distribuidora concreta de este municipio.
aragon,municipality:zaragoza::alagon,Alagón,Zaragoza,wave_1,"E-Distribución Redes Digitales, S.L.U.",,regional_context_only,edistribucion_aragon_official,4,docs/research/distributor_regional_audits/edistribucion_local_exception_hunt_by_dataset/aragon.csv;docs/research/distributor_regional_audits/edistribucion_local_exception_hunt_v1024.csv;docs/research/distributor_regional_audits/remaining_regional_distributor_candidates_v1023.csv;docs/research/distributor_regional_audits/remaining_regional_review_queue_by_dataset/aragon.csv,needs_municipal_primary_source,no,La presencia regional de e-distribución no prueba la distribuidora concreta de este municipio.
aragon,municipality:zaragoza::alarba,Alarba,Zaragoza,wave_1,"E-Distribución Redes Digitales, S.L.U.",,regional_context_only,edistribucion_aragon_official,4,docs/research/distributor_regional_audits/edistribucion_local_exception_hunt_by_dataset/aragon.csv;docs/research/distributor_regional_audits/edistribucion_local_exception_hunt_v1024.csv;docs/research/distributor_regional_audits/remaining_regional_distributor_candidates_v1023.csv;docs/research/distributor_regional_audits/remaining_regional_review_queue_by_dataset/aragon.csv,needs_municipal_primary_source,no,La presencia regional de e-distribución no prueba la distribuidora concreta de este municipio.
aragon,municipality:zaragoza::alberite_de_san_juan,Alberite de San Juan,Zaragoza,wave_1,"E-Distribución Redes Digitales, S.L.U.",,regional_context_only,edistribucion_aragon_official,4,docs/research/distributor_regional_audits/edistribucion_local_exception_hunt_by_dataset/aragon.csv;docs/research/distributor_regional_audits/edistribucion_local_exception_hunt_v1024.csv;docs/research/distributor_regional_audits/remaining_regional_distributor_candidates_v1023.csv;docs/research/distributor_regional_audits/remaining_regional_review_queue_by_dataset/aragon.csv,needs_municipal_primary_source,no,La presencia regional de e-distribución no prueba la distribuidora concreta de este municipio.
aragon,municipality:zaragoza::albeta,Albeta,Zaragoza,wave_1,"E-Distribución Redes Digitales, S.L.U.",,regional_context_only,edistribucion_aragon_official,4,docs/research/distributor_regional_audits/edistribucion_local_exception_hunt_by_dataset/aragon.csv;docs/research/distributor_regional_audits/edistribucion_local_exception_hunt_v1024.csv;docs/research/distributor_regional_audits/remaining_regional_distributor_candidates_v1023.csv;docs/research/distributor_regional_audits/remaining_regional_review_queue_by_dataset/aragon.csv,needs_municipal_primary_source,no,La presencia regional de e-distribución no prueba la distribuidora concreta de este municipio.
aragon,municipality:zaragoza::alborge,Alborge,Zaragoza,wave_1,"E-Distribución Redes Digitales, S.L.U.",,regional_context_only,edistribucion_aragon_official,4,docs/research/distributor_regional_audits/edistribucion_local_exception_hunt_by_dataset/aragon.csv;docs/research/distributor_regional_audits/edistribucion_local_exception_hunt_v1024.csv;docs/research/distributor_regional_audits/remaining_regional_distributor_candidates_v1023.csv;docs/research/distributor_regional_audits/remaining_regional_review_queue_by_dataset/aragon.csv,needs_municipal_primary_source,no,La presencia regional de e-distribución no prueba la distribuidora concreta de este municipio.
aragon,municipality:zaragoza::alcala_de_ebro,Alcalá de Ebro,Zaragoza,wave_1,"E-Distribución Redes Digitales, S.L.U.",,regional_context_only,edistribucion_aragon_official,4,docs/research/distributor_regional_audits/edistribucion_local_exception_hunt_by_dataset/aragon.csv;docs/research/distributor_regional_audits/edistribucion_local_exception_hunt_v1024.csv;docs/research/distributor_regional_audits/remaining_regional_distributor_candidates_v1023.csv;docs/research/distributor_regional_audits/remaining_regional_review_queue_by_dataset/aragon.csv,needs_municipal_primary_source,no,La presencia regional de e-distribución no prueba la distribuidora concreta de este municipio.
aragon,municipality:zaragoza::alcala_de_moncayo,Alcalá de Moncayo,Zaragoza,wave_1,"E-Distribución Redes Digitales, S.L.U.",,regional_context_only,edistribucion_aragon_official,4,docs/research/distributor_regional_audits/edistribucion_local_exception_hunt_by_dataset/aragon.csv;docs/research/distributor_regional_audits/edistribucion_local_exception_hunt_v1024.csv;docs/research/distributor_regional_audits/remaining_regional_distributor_candidates_v1023.csv;docs/research/distributor_regional_audits/remaining_regional_review_queue_by_dataset/aragon.csv,needs_municipal_primary_source,no,La presencia regional de e-distribución no prueba la distribuidora concreta de este municipio.
aragon,municipality:zaragoza::alconchel_de_ariza,Alconchel de Ariza,Zaragoza,wave_1,"E-Distribución Redes Digitales, S.L.U.",,regional_context_only,edistribucion_aragon_official,4,docs/research/distributor_regional_audits/edistribucion_local_exception_hunt_by_dataset/aragon.csv;docs/research/distributor_regional_audits/edistribucion_local_exception_hunt_v1024.csv;docs/research/distributor_regional_audits/remaining_regional_distributor_candidates_v1023.csv;docs/research/distributor_regional_audits/remaining_regional_review_queue_by_dataset/aragon.csv,needs_municipal_primary_source,no,La presencia regional de e-distribución no prueba la distribuidora concreta de este municipio.
aragon,municipality:zaragoza::aldehuela_de_liestos,Aldehuela de Liestos,Zaragoza,wave_1,"E-Distribución Redes Digitales, S.L.U.",,regional_context_only,edistribucion_aragon_official,4,docs/research/distributor_regional_audits/edistribucion_local_exception_hunt_by_dataset/aragon.csv;docs/research/distributor_regional_audits/edistribucion_local_exception_hunt_v1024.csv;docs/research/distributor_regional_audits/remaining_regional_distributor_candidates_v1023.csv;docs/research/distributor_regional_audits/remaining_regional_review_queue_by_dataset/aragon.csv,needs_municipal_primary_source,no,La presencia regional de e-distribución no prueba la distribuidora concreta de este municipio.
aragon,municipality:zaragoza::alfajarin,Alfajarín,Zaragoza,wave_1,"E-Distribución Redes Digitales, S.L.U.",,regional_context_only,edistribucion_aragon_official,4,docs/research/distributor_regional_audits/edistribucion_local_exception_hunt_by_dataset/aragon.csv;docs/research/distributor_regional_audits/edistribucion_local_exception_hunt_v1024.csv;docs/research/distributor_regional_audits/remaining_regional_distributor_candidates_v1023.csv;docs/research/distributor_regional_audits/remaining_regional_review_queue_by_dataset/aragon.csv,needs_municipal_primary_source,no,La presencia regional de e-distribución no prueba la distribuidora concreta de este municipio.
aragon,municipality:zaragoza::alfamen,Alfamén,Zaragoza,wave_1,"E-Distribución Redes Digitales, S.L.U.",,regional_context_only,edistribucion_aragon_official,4,docs/research/distributor_regional_audits/edistribucion_local_exception_hunt_by_dataset/aragon.csv;docs/research/distributor_regional_audits/edistribucion_local_exception_hunt_v1024.csv;docs/research/distributor_regional_audits/remaining_regional_distributor_candidates_v1023.csv;docs/research/distributor_regional_audits/remaining_regional_review_queue_by_dataset/aragon.csv,needs_municipal_primary_source,no,La presencia regional de e-distribución no prueba la distribuidora concreta de este municipio.
aragon,municipality:zaragoza::alforque,Alforque,Zaragoza,wave_1,"E-Distribución Redes Digitales, S.L.U.",,regional_context_only,edistribucion_aragon_official,4,docs/research/distributor_regional_audits/edistribucion_local_exception_hunt_by_dataset/aragon.csv;docs/research/distributor_regional_audits/edistribucion_local_exception_hunt_v1024.csv;docs/research/distributor_regional_audits/remaining_regional_distributor_candidates_v1023.csv;docs/research/distributor_regional_audits/remaining_regional_review_queue_by_dataset/aragon.csv,needs_municipal_primary_source,no,La presencia regional de e-distribución no prueba la distribuidora concreta de este municipio.
aragon,municipality:zaragoza::alhama_de_aragon,Alhama de Aragón,Zaragoza,wave_1,"E-Distribución Redes Digitales, S.L.U.",,regional_context_only,edistribucion_aragon_official,4,docs/research/distributor_regional_audits/edistribucion_local_exception_hunt_by_dataset/aragon.csv;docs/research/distributor_regional_audits/edistribucion_local_exception_hunt_v1024.csv;docs/research/distributor_regional_audits/remaining_regional_distributor_candidates_v1023.csv;docs/research/distributor_regional_audits/remaining_regional_review_queue_by_dataset/aragon.csv,needs_municipal_primary_source,no,La presencia regional de e-distribución no prueba la distribuidora concreta de este municipio.
aragon,municipality:zaragoza::almochuel,Almochuel,Zaragoza,wave_1,"E-Distribución Redes Digitales, S.L.U.",,regional_context_only,edistribucion_aragon_official,4,docs/research/distributor_regional_audits/edistribucion_local_exception_hunt_by_dataset/aragon.csv;docs/research/distributor_regional_audits/edistribucion_local_exception_hunt_v1024.csv;docs/research/distributor_regional_audits/remaining_regional_distributor_candidates_v1023.csv;docs/research/distributor_regional_audits/remaining_regional_review_queue_by_dataset/aragon.csv,needs_municipal_primary_source,no,La presencia regional de e-distribución no prueba la distribuidora concreta de este municipio.
aragon,municipality:zaragoza::almonacid_de_la_cuba,Almonacid de la Cuba,Zaragoza,wave_1,"E-Distribución Redes Digitales, S.L.U.",,regional_context_only,edistribucion_aragon_official,4,docs/research/distributor_regional_audits/edistribucion_local_exception_hunt_by_dataset/aragon.csv;docs/research/distributor_regional_audits/edistribucion_local_exception_hunt_v1024.csv;docs/research/distributor_regional_audits/remaining_regional_distributor_candidates_v1023.csv;docs/research/distributor_regional_audits/remaining_regional_review_queue_by_dataset/aragon.csv,needs_municipal_primary_source,no,La presencia regional de e-distribución no prueba la distribuidora concreta de este municipio.
aragon,municipality:zaragoza::almonacid_de_la_sierra,Almonacid de la Sierra,Zaragoza,wave_1,"E-Distribución Redes Digitales, S.L.U.",,regional_context_only,edistribucion_aragon_official,4,docs/research/distributor_regional_audits/edistribucion_local_exception_hunt_by_dataset/aragon.csv;docs/research/distributor_regional_audits/edistribucion_local_exception_hunt_v1024.csv;docs/research/distributor_regional_audits/remaining_regional_distributor_candidates_v1023.csv;docs/research/distributor_regional_audits/remaining_regional_review_queue_by_dataset/aragon.csv,needs_municipal_primary_source,no,La presencia regional de e-distribución no prueba la distribuidora concreta de este municipio.
aragon,municipality:zaragoza::alpartir,Alpartir,Zaragoza,wave_1,"E-Distribución Redes Digitales, S.L.U.",,regional_context_only,edistribucion_aragon_official,4,docs/research/distributor_regional_audits/edistribucion_local_exception_hunt_by_dataset/aragon.csv;docs/research/distributor_regional_audits/edistribucion_local_exception_hunt_v1024.csv;docs/research/distributor_regional_audits/remaining_regional_distributor_candidates_v1023.csv;docs/research/distributor_regional_audits/remaining_regional_review_queue_by_dataset/aragon.csv,needs_municipal_primary_source,no,La presencia regional de e-distribución no prueba la distribuidora concreta de este municipio.
aragon,municipality:zaragoza::ambel,Ambel,Zaragoza,wave_1,"E-Distribución Redes Digitales, S.L.U.",,regional_context_only,edistribucion_aragon_official,4,docs/research/distributor_regional_audits/edistribucion_local_exception_hunt_by_dataset/aragon.csv;docs/research/distributor_regional_audits/edistribucion_local_exception_hunt_v1024.csv;docs/research/distributor_regional_audits/remaining_regional_distributor_candidates_v1023.csv;docs/research/distributor_regional_audits/remaining_regional_review_queue_by_dataset/aragon.csv,needs_municipal_primary_source,no,La presencia regional de e-distribución no prueba la distribuidora concreta de este municipio.
aragon,municipality:zaragoza::anento,Anento,Zaragoza,wave_1,"E-Distribución Redes Digitales, S.L.U.",,regional_context_only,edistribucion_aragon_official,4,docs/research/distributor_regional_audits/edistribucion_local_exception_hunt_by_dataset/aragon.csv;docs/research/distributor_regional_audits/edistribucion_local_exception_hunt_v1024.csv;docs/research/distributor_regional_audits/remaining_regional_distributor_candidates_v1023.csv;docs/research/distributor_regional_audits/remaining_regional_review_queue_by_dataset/aragon.csv,needs_municipal_primary_source,no,La presencia regional de e-distribución no prueba la distribuidora concreta de este municipio.
aragon,municipality:zaragoza::aninon,Aniñón,Zaragoza,wave_1,"E-Distribución Redes Digitales, S.L.U.",,regional_context_only,edistribucion_aragon_official,4,docs/research/distributor_regional_audits/edistribucion_local_exception_hunt_by_dataset/aragon.csv;docs/research/distributor_regional_audits/edistribucion_local_exception_hunt_v1024.csv;docs/research/distributor_regional_audits/remaining_regional_distributor_candidates_v1023.csv;docs/research/distributor_regional_audits/remaining_regional_review_queue_by_dataset/aragon.csv,needs_municipal_primary_source,no,La presencia regional de e-distribución no prueba la distribuidora concreta de este municipio.
aragon,municipality:zaragoza::aranda_de_moncayo,Aranda de Moncayo,Zaragoza,wave_1,"E-Distribución Redes Digitales, S.L.U.",,regional_context_only,edistribucion_aragon_official,4,docs/research/distributor_regional_audits/edistribucion_local_exception_hunt_by_dataset/aragon.csv;docs/research/distributor_regional_audits/edistribucion_local_exception_hunt_v1024.csv;docs/research/distributor_regional_audits/remaining_regional_distributor_candidates_v1023.csv;docs/research/distributor_regional_audits/remaining_regional_review_queue_by_dataset/aragon.csv,needs_municipal_primary_source,no,La presencia regional de e-distribución no prueba la distribuidora concreta de este municipio.
aragon,municipality:zaragoza::ardisa,Ardisa,Zaragoza,wave_1,"E-Distribución Redes Digitales, S.L.U.",,regional_context_only,edistribucion_aragon_official,4,docs/research/distributor_regional_audits/edistribucion_local_exception_hunt_by_dataset/aragon.csv;docs/research/distributor_regional_audits/edistribucion_local_exception_hunt_v1024.csv;docs/research/distributor_regional_audits/remaining_regional_distributor_candidates_v1023.csv;docs/research/distributor_regional_audits/remaining_regional_review_queue_by_dataset/aragon.csv,needs_municipal_primary_source,no,La presencia regional de e-distribución no prueba la distribuidora concreta de este municipio.
aragon,municipality:zaragoza::ariza,Ariza,Zaragoza,wave_1,"E-Distribución Redes Digitales, S.L.U.",,regional_context_only,edistribucion_aragon_official,4,docs/research/distributor_regional_audits/edistribucion_local_exception_hunt_by_dataset/aragon.csv;docs/research/distributor_regional_audits/edistribucion_local_exception_hunt_v1024.csv;docs/research/distributor_regional_audits/remaining_regional_distributor_candidates_v1023.csv;docs/research/distributor_regional_audits/remaining_regional_review_queue_by_dataset/aragon.csv,needs_municipal_primary_source,no,La presencia regional de e-distribución no prueba la distribuidora concreta de este municipio.
aragon,municipality:zaragoza::artieda,Artieda,Zaragoza,wave_1,"E-Distribución Redes Digitales, S.L.U.",,regional_context_only,edistribucion_aragon_official,4,docs/research/distributor_regional_audits/edistribucion_local_exception_hunt_by_dataset/aragon.csv;docs/research/distributor_regional_audits/edistribucion_local_exception_hunt_v1024.csv;docs/research/distributor_regional_audits/remaining_regional_distributor_candidates_v1023.csv;docs/research/distributor_regional_audits/remaining_regional_review_queue_by_dataset/aragon.csv,needs_municipal_primary_source,no,La presencia regional de e-distribución no prueba la distribuidora concreta de este municipio.
aragon,municipality:zaragoza::arandiga,Arándiga,Zaragoza,wave_1,"E-Distribución Redes Digitales, S.L.U.",,regional_context_only,edistribucion_aragon_official,4,docs/research/distributor_regional_audits/edistribucion_local_exception_hunt_by_dataset/aragon.csv;docs/research/distributor_regional_audits/edistribucion_local_exception_hunt_v1024.csv;docs/research/distributor_regional_audits/remaining_regional_distributor_candidates_v1023.csv;docs/research/distributor_regional_audits/remaining_regional_review_queue_by_dataset/aragon.csv,needs_municipal_primary_source,no,La presencia regional de e-distribución no prueba la distribuidora concreta de este municipio.
aragon,municipality:zaragoza::asin,Asín,Zaragoza,wave_1,"E-Distribución Redes Digitales, S.L.U.",,regional_context_only,edistribucion_aragon_official,4,docs/research/distributor_regional_audits/edistribucion_local_exception_hunt_by_dataset/aragon.csv;docs/research/distributor_regional_audits/edistribucion_local_exception_hunt_v1024.csv;docs/research/distributor_regional_audits/remaining_regional_distributor_candidates_v1023.csv;docs/research/distributor_regional_audits/remaining_regional_review_queue_by_dataset/aragon.csv,needs_municipal_primary_source,no,La presencia regional de e-distribución no prueba la distribuidora concreta de este municipio.
aragon,municipality:zaragoza::atea,Atea,Zaragoza,wave_1,"E-Distribución Redes Digitales, S.L.U.",,regional_context_only,edistribucion_aragon_official,4,docs/research/distributor_regional_audits/edistribucion_local_exception_hunt_by_dataset/aragon.csv;docs/research/distributor_regional_audits/edistribucion_local_exception_hunt_v1024.csv;docs/research/distributor_regional_audits/remaining_regional_distributor_candidates_v1023.csv;docs/research/distributor_regional_audits/remaining_regional_review_queue_by_dataset/aragon.csv,needs_municipal_primary_source,no,La presencia regional de e-distribución no prueba la distribuidora concreta de este municipio.
aragon,municipality:zaragoza::ateca,Ateca,Zaragoza,wave_1,"E-Distribución Redes Digitales, S.L.U.",,regional_context_only,edistribucion_aragon_official,4,docs/research/distributor_regional_audits/edistribucion_local_exception_hunt_by_dataset/aragon.csv;docs/research/distributor_regional_audits/edistribucion_local_exception_hunt_v1024.csv;docs/research/distributor_regional_audits/remaining_regional_distributor_candidates_v1023.csv;docs/research/distributor_regional_audits/remaining_regional_review_queue_by_dataset/aragon.csv,needs_municipal_primary_source,no,La presencia regional de e-distribución no prueba la distribuidora concreta de este municipio.
aragon,municipality:zaragoza::azuara,Azuara,Zaragoza,wave_1,"E-Distribución Redes Digitales, S.L.U.",,regional_context_only,edistribucion_aragon_official,4,docs/research/distributor_regional_audits/edistribucion_local_exception_hunt_by_dataset/aragon.csv;docs/research/distributor_regional_audits/edistribucion_local_exception_hunt_v1024.csv;docs/research/distributor_regional_audits/remaining_regional_distributor_candidates_v1023.csv;docs/research/distributor_regional_audits/remaining_regional_review_queue_by_dataset/aragon.csv,needs_municipal_primary_source,no,La presencia regional de e-distribución no prueba la distribuidora concreta de este municipio.
aragon,municipality:zaragoza::anon_de_moncayo,Añón de Moncayo,Zaragoza,wave_1,"E-Distribución Redes Digitales, S.L.U.",,regional_context_only,edistribucion_aragon_official,4,docs/research/distributor_regional_audits/edistribucion_local_exception_hunt_by_dataset/aragon.csv;docs/research/distributor_regional_audits/edistribucion_local_exception_hunt_v1024.csv;docs/research/distributor_regional_audits/remaining_regional_distributor_candidates_v1023.csv;docs/research/distributor_regional_audits/remaining_regional_review_queue_by_dataset/aragon.csv,needs_municipal_primary_source,no,La presencia regional de e-distribución no prueba la distribuidora concreta de este municipio.
aragon,municipality:zaragoza::badules,Badules,Zaragoza,wave_1,"E-Distribución Redes Digitales, S.L.U.",,regional_context_only,edistribucion_aragon_official,4,docs/research/distributor_regional_audits/edistribucion_local_exception_hunt_by_dataset/aragon.csv;docs/research/distributor_regional_audits/edistribucion_local_exception_hunt_v1024.csv;docs/research/distributor_regional_audits/remaining_regional_distributor_candidates_v1023.csv;docs/research/distributor_regional_audits/remaining_regional_review_queue_by_dataset/aragon.csv,needs_municipal_primary_source,no,La presencia regional de e-distribución no prueba la distribuidora concreta de este municipio.
aragon,municipality:zaragoza::bagues,Bagüés,Zaragoza,wave_1,"E-Distribución Redes Digitales, S.L.U.",,regional_context_only,edistribucion_aragon_official,4,docs/research/distributor_regional_audits/edistribucion_local_exception_hunt_by_dataset/aragon.csv;docs/research/distributor_regional_audits/edistribucion_local_exception_hunt_v1024.csv;docs/research/distributor_regional_audits/remaining_regional_distributor_candidates_v1023.csv;docs/research/distributor_regional_audits/remaining_regional_review_queue_by_dataset/aragon.csv,needs_municipal_primary_source,no,La presencia regional de e-distribución no prueba la distribuidora concreta de este municipio.
aragon,municipality:zaragoza::balconchan,Balconchán,Zaragoza,wave_1,"E-Distribución Redes Digitales, S.L.U.",,regional_context_only,edistribucion_aragon_official,4,docs/research/distributor_regional_audits/edistribucion_local_exception_hunt_by_dataset/aragon.csv;docs/research/distributor_regional_audits/edistribucion_local_exception_hunt_v1024.csv;docs/research/distributor_regional_audits/remaining_regional_distributor_candidates_v1023.csv;docs/research/distributor_regional_audits/remaining_regional_review_queue_by_dataset/aragon.csv,needs_municipal_primary_source,no,La presencia regional de e-distribución no prueba la distribuidora concreta de este municipio.
aragon,municipality:zaragoza::bardallur,Bardallur,Zaragoza,wave_1,"E-Distribución Redes Digitales, S.L.U.",,regional_context_only,edistribucion_aragon_official,4,docs/research/distributor_regional_audits/edistribucion_local_exception_hunt_by_dataset/aragon.csv;docs/research/distributor_regional_audits/edistribucion_local_exception_hunt_v1024.csv;docs/research/distributor_regional_audits/remaining_regional_distributor_candidates_v1023.csv;docs/research/distributor_regional_audits/remaining_regional_review_queue_by_dataset/aragon.csv,needs_municipal_primary_source,no,La presencia regional de e-distribución no prueba la distribuidora concreta de este municipio.
aragon,municipality:zaragoza::belchite,Belchite,Zaragoza,wave_1,"E-Distribución Redes Digitales, S.L.U.",,regional_context_only,edistribucion_aragon_official,4,docs/research/distributor_regional_audits/edistribucion_local_exception_hunt_by_dataset/aragon.csv;docs/research/distributor_regional_audits/edistribucion_local_exception_hunt_v1024.csv;docs/research/distributor_regional_audits/remaining_regional_distributor_candidates_v1023.csv;docs/research/distributor_regional_audits/remaining_regional_review_queue_by_dataset/aragon.csv,needs_municipal_primary_source,no,La presencia regional de e-distribución no prueba la distribuidora concreta de este municipio.
aragon,municipality:zaragoza::belmonte_de_gracian,Belmonte de Gracián,Zaragoza,wave_1,"E-Distribución Redes Digitales, S.L.U.",,regional_context_only,edistribucion_aragon_official,4,docs/research/distributor_regional_audits/edistribucion_local_exception_hunt_by_dataset/aragon.csv;docs/research/distributor_regional_audits/edistribucion_local_exception_hunt_v1024.csv;docs/research/distributor_regional_audits/remaining_regional_distributor_candidates_v1023.csv;docs/research/distributor_regional_audits/remaining_regional_review_queue_by_dataset/aragon.csv,needs_municipal_primary_source,no,La presencia regional de e-distribución no prueba la distribuidora concreta de este municipio.
aragon,municipality:zaragoza::berdejo,Berdejo,Zaragoza,wave_1,"E-Distribución Redes Digitales, S.L.U.",,regional_context_only,edistribucion_aragon_official,4,docs/research/distributor_regional_audits/edistribucion_local_exception_hunt_by_dataset/aragon.csv;docs/research/distributor_regional_audits/edistribucion_local_exception_hunt_v1024.csv;docs/research/distributor_regional_audits/remaining_regional_distributor_candidates_v1023.csv;docs/research/distributor_regional_audits/remaining_regional_review_queue_by_dataset/aragon.csv,needs_municipal_primary_source,no,La presencia regional de e-distribución no prueba la distribuidora concreta de este municipio.
aragon,municipality:zaragoza::berrueco,Berrueco,Zaragoza,wave_1,"E-Distribución Redes Digitales, S.L.U.",,regional_context_only,edistribucion_aragon_official,4,docs/research/distributor_regional_audits/edistribucion_local_exception_hunt_by_dataset/aragon.csv;docs/research/distributor_regional_audits/edistribucion_local_exception_hunt_v1024.csv;docs/research/distributor_regional_audits/remaining_regional_distributor_candidates_v1023.csv;docs/research/distributor_regional_audits/remaining_regional_review_queue_by_dataset/aragon.csv,needs_municipal_primary_source,no,La presencia regional de e-distribución no prueba la distribuidora concreta de este municipio.
aragon,municipality:zaragoza::biel,Biel,Zaragoza,wave_1,"E-Distribución Redes Digitales, S.L.U.",,regional_context_only,edistribucion_aragon_official,4,docs/research/distributor_regional_audits/edistribucion_local_exception_hunt_by_dataset/aragon.csv;docs/research/distributor_regional_audits/edistribucion_local_exception_hunt_v1024.csv;docs/research/distributor_regional_audits/remaining_regional_distributor_candidates_v1023.csv;docs/research/distributor_regional_audits/remaining_regional_review_queue_by_dataset/aragon.csv,needs_municipal_primary_source,no,La presencia regional de e-distribución no prueba la distribuidora concreta de este municipio.
aragon,municipality:zaragoza::bijuesca,Bijuesca,Zaragoza,wave_1,"E-Distribución Redes Digitales, S.L.U.",,regional_context_only,edistribucion_aragon_official,4,docs/research/distributor_regional_audits/edistribucion_local_exception_hunt_by_dataset/aragon.csv;docs/research/distributor_regional_audits/edistribucion_local_exception_hunt_v1024.csv;docs/research/distributor_regional_audits/remaining_regional_distributor_candidates_v1023.csv;docs/research/distributor_regional_audits/remaining_regional_review_queue_by_dataset/aragon.csv,needs_municipal_primary_source,no,La presencia regional de e-distribución no prueba la distribuidora concreta de este municipio.
aragon,municipality:zaragoza::biota,Biota,Zaragoza,wave_1,"E-Distribución Redes Digitales, S.L.U.",,regional_context_only,edistribucion_aragon_official,4,docs/research/distributor_regional_audits/edistribucion_local_exception_hunt_by_dataset/aragon.csv;docs/research/distributor_regional_audits/edistribucion_local_exception_hunt_v1024.csv;docs/research/distributor_regional_audits/remaining_regional_distributor_candidates_v1023.csv;docs/research/distributor_regional_audits/remaining_regional_review_queue_by_dataset/aragon.csv,needs_municipal_primary_source,no,La presencia regional de e-distribución no prueba la distribuidora concreta de este municipio.
aragon,municipality:zaragoza::bisimbre,Bisimbre,Zaragoza,wave_1,"E-Distribución Redes Digitales, S.L.U.",,regional_context_only,edistribucion_aragon_official,4,docs/research/distributor_regional_audits/edistribucion_local_exception_hunt_by_dataset/aragon.csv;docs/research/distributor_regional_audits/edistribucion_local_exception_hunt_v1024.csv;docs/research/distributor_regional_audits/remaining_regional_distributor_candidates_v1023.csv;docs/research/distributor_regional_audits/remaining_regional_review_queue_by_dataset/aragon.csv,needs_municipal_primary_source,no,La presencia regional de e-distribución no prueba la distribuidora concreta de este municipio.
aragon,municipality:zaragoza::boquineni,Boquiñeni,Zaragoza,wave_1,"E-Distribución Redes Digitales, S.L.U.",,regional_context_only,edistribucion_aragon_official,4,docs/research/distributor_regional_audits/edistribucion_local_exception_hunt_by_dataset/aragon.csv;docs/research/distributor_regional_audits/edistribucion_local_exception_hunt_v1024.csv;docs/research/distributor_regional_audits/remaining_regional_distributor_candidates_v1023.csv;docs/research/distributor_regional_audits/remaining_regional_review_queue_by_dataset/aragon.csv,needs_municipal_primary_source,no,La presencia regional de e-distribución no prueba la distribuidora concreta de este municipio.
aragon,municipality:zaragoza::bordalba,Bordalba,Zaragoza,wave_1,"E-Distribución Redes Digitales, S.L.U.",,regional_context_only,edistribucion_aragon_official,4,docs/research/distributor_regional_audits/edistribucion_local_exception_hunt_by_dataset/aragon.csv;docs/research/distributor_regional_audits/edistribucion_local_exception_hunt_v1024.csv;docs/research/distributor_regional_audits/remaining_regional_distributor_candidates_v1023.csv;docs/research/distributor_regional_audits/remaining_regional_review_queue_by_dataset/aragon.csv,needs_municipal_primary_source,no,La presencia regional de e-distribución no prueba la distribuidora concreta de este municipio.
aragon,municipality:zaragoza::borja,Borja,Zaragoza,wave_1,"E-Distribución Redes Digitales, S.L.U.",,regional_context_only,edistribucion_aragon_official,4,docs/research/distributor_regional_audits/edistribucion_local_exception_hunt_by_dataset/aragon.csv;docs/research/distributor_regional_audits/edistribucion_local_exception_hunt_v1024.csv;docs/research/distributor_regional_audits/remaining_regional_distributor_candidates_v1023.csv;docs/research/distributor_regional_audits/remaining_regional_review_queue_by_dataset/aragon.csv,needs_municipal_primary_source,no,La presencia regional de e-distribución no prueba la distribuidora concreta de este municipio.
aragon,municipality:zaragoza::botorrita,Botorrita,Zaragoza,wave_1,"E-Distribución Redes Digitales, S.L.U.",,regional_context_only,edistribucion_aragon_official,4,docs/research/distributor_regional_audits/edistribucion_local_exception_hunt_by_dataset/aragon.csv;docs/research/distributor_regional_audits/edistribucion_local_exception_hunt_v1024.csv;docs/research/distributor_regional_audits/remaining_regional_distributor_candidates_v1023.csv;docs/research/distributor_regional_audits/remaining_regional_review_queue_by_dataset/aragon.csv,needs_municipal_primary_source,no,La presencia regional de e-distribución no prueba la distribuidora concreta de este municipio.
aragon,municipality:zaragoza::brea_de_aragon,Brea de Aragón,Zaragoza,wave_1,"E-Distribución Redes Digitales, S.L.U.",,regional_context_only,edistribucion_aragon_official,4,docs/research/distributor_regional_audits/edistribucion_local_exception_hunt_by_dataset/aragon.csv;docs/research/distributor_regional_audits/edistribucion_local_exception_hunt_v1024.csv;docs/research/distributor_regional_audits/remaining_regional_distributor_candidates_v1023.csv;docs/research/distributor_regional_audits/remaining_regional_review_queue_by_dataset/aragon.csv,needs_municipal_primary_source,no,La presencia regional de e-distribución no prueba la distribuidora concreta de este municipio.
aragon,municipality:zaragoza::bubierca,Bubierca,Zaragoza,wave_1,"E-Distribución Redes Digitales, S.L.U.",,regional_context_only,edistribucion_aragon_official,4,docs/research/distributor_regional_audits/edistribucion_local_exception_hunt_by_dataset/aragon.csv;docs/research/distributor_regional_audits/edistribucion_local_exception_hunt_v1024.csv;docs/research/distributor_regional_audits/remaining_regional_distributor_candidates_v1023.csv;docs/research/distributor_regional_audits/remaining_regional_review_queue_by_dataset/aragon.csv,needs_municipal_primary_source,no,La presencia regional de e-distribución no prueba la distribuidora concreta de este municipio.
aragon,municipality:zaragoza::bujaraloz,Bujaraloz,Zaragoza,wave_1,"E-Distribución Redes Digitales, S.L.U.",,regional_context_only,edistribucion_aragon_official,4,docs/research/distributor_regional_audits/edistribucion_local_exception_hunt_by_dataset/aragon.csv;docs/research/distributor_regional_audits/edistribucion_local_exception_hunt_v1024.csv;docs/research/distributor_regional_audits/remaining_regional_distributor_candidates_v1023.csv;docs/research/distributor_regional_audits/remaining_regional_review_queue_by_dataset/aragon.csv,needs_municipal_primary_source,no,La presencia regional de e-distribución no prueba la distribuidora concreta de este municipio.
aragon,municipality:zaragoza::bulbuente,Bulbuente,Zaragoza,wave_1,"E-Distribución Redes Digitales, S.L.U.",,regional_context_only,edistribucion_aragon_official,4,docs/research/distributor_regional_audits/edistribucion_local_exception_hunt_by_dataset/aragon.csv;docs/research/distributor_regional_audits/edistribucion_local_exception_hunt_v1024.csv;docs/research/distributor_regional_audits/remaining_regional_distributor_candidates_v1023.csv;docs/research/distributor_regional_audits/remaining_regional_review_queue_by_dataset/aragon.csv,needs_municipal_primary_source,no,La presencia regional de e-distribución no prueba la distribuidora concreta de este municipio.
aragon,municipality:zaragoza::bureta,Bureta,Zaragoza,wave_1,"E-Distribución Redes Digitales, S.L.U.",,regional_context_only,edistribucion_aragon_official,4,docs/research/distributor_regional_audits/edistribucion_local_exception_hunt_by_dataset/aragon.csv;docs/research/distributor_regional_audits/edistribucion_local_exception_hunt_v1024.csv;docs/research/distributor_regional_audits/remaining_regional_distributor_candidates_v1023.csv;docs/research/distributor_regional_audits/remaining_regional_review_queue_by_dataset/aragon.csv,needs_municipal_primary_source,no,La presencia regional de e-distribución no prueba la distribuidora concreta de este municipio.
aragon,municipality:zaragoza::barboles,Bárboles,Zaragoza,wave_1,"E-Distribución Redes Digitales, S.L.U.",,regional_context_only,edistribucion_aragon_official,4,docs/research/distributor_regional_audits/edistribucion_local_exception_hunt_by_dataset/aragon.csv;docs/research/distributor_regional_audits/edistribucion_local_exception_hunt_v1024.csv;docs/research/distributor_regional_audits/remaining_regional_distributor_candidates_v1023.csv;docs/research/distributor_regional_audits/remaining_regional_review_queue_by_dataset/aragon.csv,needs_municipal_primary_source,no,La presencia regional de e-distribución no prueba la distribuidora concreta de este municipio.
aragon,municipality:zaragoza::cabanas_de_ebro,Cabañas de Ebro,Zaragoza,wave_1,"E-Distribución Redes Digitales, S.L.U.",,regional_context_only,edistribucion_aragon_official,4,docs/research/distributor_regional_audits/edistribucion_local_exception_hunt_by_dataset/aragon.csv;docs/research/distributor_regional_audits/edistribucion_local_exception_hunt_v1024.csv;docs/research/distributor_regional_audits/remaining_regional_distributor_candidates_v1023.csv;docs/research/distributor_regional_audits/remaining_regional_review_queue_by_dataset/aragon.csv,needs_municipal_primary_source,no,La presencia regional de e-distribución no prueba la distribuidora concreta de este municipio.
aragon,municipality:zaragoza::cabolafuente,Cabolafuente,Zaragoza,wave_1,"E-Distribución Redes Digitales, S.L.U.",,regional_context_only,edistribucion_aragon_official,4,docs/research/distributor_regional_audits/edistribucion_local_exception_hunt_by_dataset/aragon.csv;docs/research/distributor_regional_audits/edistribucion_local_exception_hunt_v1024.csv;docs/research/distributor_regional_audits/remaining_regional_distributor_candidates_v1023.csv;docs/research/distributor_regional_audits/remaining_regional_review_queue_by_dataset/aragon.csv,needs_municipal_primary_source,no,La presencia regional de e-distribución no prueba la distribuidora concreta de este municipio.
aragon,municipality:zaragoza::cadrete,Cadrete,Zaragoza,wave_1,"E-Distribución Redes Digitales, S.L.U.",,regional_context_only,edistribucion_aragon_official,4,docs/research/distributor_regional_audits/edistribucion_local_exception_hunt_by_dataset/aragon.csv;docs/research/distributor_regional_audits/edistribucion_local_exception_hunt_v1024.csv;docs/research/distributor_regional_audits/remaining_regional_distributor_candidates_v1023.csv;docs/research/distributor_regional_audits/remaining_regional_review_queue_by_dataset/aragon.csv,needs_municipal_primary_source,no,La presencia regional de e-distribución no prueba la distribuidora concreta de este municipio.
aragon,municipality:zaragoza::calatayud,Calatayud,Zaragoza,wave_1,"E-Distribución Redes Digitales, S.L.U.",,regional_context_only,edistribucion_aragon_official,4,docs/research/distributor_regional_audits/edistribucion_local_exception_hunt_by_dataset/aragon.csv;docs/research/distributor_regional_audits/edistribucion_local_exception_hunt_v1024.csv;docs/research/distributor_regional_audits/remaining_regional_distributor_candidates_v1023.csv;docs/research/distributor_regional_audits/remaining_regional_review_queue_by_dataset/aragon.csv,needs_municipal_primary_source,no,La presencia regional de e-distribución no prueba la distribuidora concreta de este municipio.
aragon,municipality:zaragoza::calatorao,Calatorao,Zaragoza,wave_1,"E-Distribución Redes Digitales, S.L.U.",,regional_context_only,edistribucion_aragon_official,4,docs/research/distributor_regional_audits/edistribucion_local_exception_hunt_by_dataset/aragon.csv;docs/research/distributor_regional_audits/edistribucion_local_exception_hunt_v1024.csv;docs/research/distributor_regional_audits/remaining_regional_distributor_candidates_v1023.csv;docs/research/distributor_regional_audits/remaining_regional_review_queue_by_dataset/aragon.csv,needs_municipal_primary_source,no,La presencia regional de e-distribución no prueba la distribuidora concreta de este municipio.
aragon,municipality:zaragoza::calcena,Calcena,Zaragoza,wave_1,"E-Distribución Redes Digitales, S.L.U.",,regional_context_only,edistribucion_aragon_official,4,docs/research/distributor_regional_audits/edistribucion_local_exception_hunt_by_dataset/aragon.csv;docs/research/distributor_regional_audits/edistribucion_local_exception_hunt_v1024.csv;docs/research/distributor_regional_audits/remaining_regional_distributor_candidates_v1023.csv;docs/research/distributor_regional_audits/remaining_regional_review_queue_by_dataset/aragon.csv,needs_municipal_primary_source,no,La presencia regional de e-distribución no prueba la distribuidora concreta de este municipio.
aragon,municipality:zaragoza::calmarza,Calmarza,Zaragoza,wave_1,"E-Distribución Redes Digitales, S.L.U.",,regional_context_only,edistribucion_aragon_official,4,docs/research/distributor_regional_audits/edistribucion_local_exception_hunt_by_dataset/aragon.csv;docs/research/distributor_regional_audits/edistribucion_local_exception_hunt_v1024.csv;docs/research/distributor_regional_audits/remaining_regional_distributor_candidates_v1023.csv;docs/research/distributor_regional_audits/remaining_regional_review_queue_by_dataset/aragon.csv,needs_municipal_primary_source,no,La presencia regional de e-distribución no prueba la distribuidora concreta de este municipio.
aragon,municipality:zaragoza::campillo_de_aragon,Campillo de Aragón,Zaragoza,wave_1,"E-Distribución Redes Digitales, S.L.U.",,regional_context_only,edistribucion_aragon_official,4,docs/research/distributor_regional_audits/edistribucion_local_exception_hunt_by_dataset/aragon.csv;docs/research/distributor_regional_audits/edistribucion_local_exception_hunt_v1024.csv;docs/research/distributor_regional_audits/remaining_regional_distributor_candidates_v1023.csv;docs/research/distributor_regional_audits/remaining_regional_review_queue_by_dataset/aragon.csv,needs_municipal_primary_source,no,La presencia regional de e-distribución no prueba la distribuidora concreta de este municipio.
aragon,municipality:zaragoza::carenas,Carenas,Zaragoza,wave_1,"E-Distribución Redes Digitales, S.L.U.",,regional_context_only,edistribucion_aragon_official,4,docs/research/distributor_regional_audits/edistribucion_local_exception_hunt_by_dataset/aragon.csv;docs/research/distributor_regional_audits/edistribucion_local_exception_hunt_v1024.csv;docs/research/distributor_regional_audits/remaining_regional_distributor_candidates_v1023.csv;docs/research/distributor_regional_audits/remaining_regional_review_queue_by_dataset/aragon.csv,needs_municipal_primary_source,no,La presencia regional de e-distribución no prueba la distribuidora concreta de este municipio.
aragon,municipality:zaragoza::carinena,Cariñena,Zaragoza,wave_1,"E-Distribución Redes Digitales, S.L.U.",,regional_context_only,edistribucion_aragon_official,4,docs/research/distributor_regional_audits/edistribucion_local_exception_hunt_by_dataset/aragon.csv;docs/research/distributor_regional_audits/edistribucion_local_exception_hunt_v1024.csv;docs/research/distributor_regional_audits/remaining_regional_distributor_candidates_v1023.csv;docs/research/distributor_regional_audits/remaining_regional_review_queue_by_dataset/aragon.csv,needs_municipal_primary_source,no,La presencia regional de e-distribución no prueba la distribuidora concreta de este municipio.
aragon,municipality:zaragoza::caspe,Caspe,Zaragoza,wave_1,"E-Distribución Redes Digitales, S.L.U.",,regional_context_only,edistribucion_aragon_official,4,docs/research/distributor_regional_audits/edistribucion_local_exception_hunt_by_dataset/aragon.csv;docs/research/distributor_regional_audits/edistribucion_local_exception_hunt_v1024.csv;docs/research/distributor_regional_audits/remaining_regional_distributor_candidates_v1023.csv;docs/research/distributor_regional_audits/remaining_regional_review_queue_by_dataset/aragon.csv,needs_municipal_primary_source,no,La presencia regional de e-distribución no prueba la distribuidora concreta de este municipio.
aragon,municipality:zaragoza::castejon_de_alarba,Castejón de Alarba,Zaragoza,wave_1,"E-Distribución Redes Digitales, S.L.U.",,regional_context_only,edistribucion_aragon_official,4,docs/research/distributor_regional_audits/edistribucion_local_exception_hunt_by_dataset/aragon.csv;docs/research/distributor_regional_audits/edistribucion_local_exception_hunt_v1024.csv;docs/research/distributor_regional_audits/remaining_regional_distributor_candidates_v1023.csv;docs/research/distributor_regional_audits/remaining_regional_review_queue_by_dataset/aragon.csv,needs_municipal_primary_source,no,La presencia regional de e-distribución no prueba la distribuidora concreta de este municipio.
aragon,municipality:zaragoza::castejon_de_valdejasa,Castejón de Valdejasa,Zaragoza,wave_1,"E-Distribución Redes Digitales, S.L.U.",,regional_context_only,edistribucion_aragon_official,4,docs/research/distributor_regional_audits/edistribucion_local_exception_hunt_by_dataset/aragon.csv;docs/research/distributor_regional_audits/edistribucion_local_exception_hunt_v1024.csv;docs/research/distributor_regional_audits/remaining_regional_distributor_candidates_v1023.csv;docs/research/distributor_regional_audits/remaining_regional_review_queue_by_dataset/aragon.csv,needs_municipal_primary_source,no,La presencia regional de e-distribución no prueba la distribuidora concreta de este municipio.
aragon,municipality:zaragoza::castejon_de_las_armas,Castejón de las Armas,Zaragoza,wave_1,"E-Distribución Redes Digitales, S.L.U.",,regional_context_only,edistribucion_aragon_official,4,docs/research/distributor_regional_audits/edistribucion_local_exception_hunt_by_dataset/aragon.csv;docs/research/distributor_regional_audits/edistribucion_local_exception_hunt_v1024.csv;docs/research/distributor_regional_audits/remaining_regional_distributor_candidates_v1023.csv;docs/research/distributor_regional_audits/remaining_regional_review_queue_by_dataset/aragon.csv,needs_municipal_primary_source,no,La presencia regional de e-distribución no prueba la distribuidora concreta de este municipio.
aragon,municipality:zaragoza::castiliscar,Castiliscar,Zaragoza,wave_1,"E-Distribución Redes Digitales, S.L.U.",,regional_context_only,edistribucion_aragon_official,4,docs/research/distributor_regional_audits/edistribucion_local_exception_hunt_by_dataset/aragon.csv;docs/research/distributor_regional_audits/edistribucion_local_exception_hunt_v1024.csv;docs/research/distributor_regional_audits/remaining_regional_distributor_candidates_v1023.csv;docs/research/distributor_regional_audits/remaining_regional_review_queue_by_dataset/aragon.csv,needs_municipal_primary_source,no,La presencia regional de e-distribución no prueba la distribuidora concreta de este municipio.
aragon,municipality:zaragoza::cervera_de_la_canada,Cervera de la Cañada,Zaragoza,wave_1,"E-Distribución Redes Digitales, S.L.U.",,regional_context_only,edistribucion_aragon_official,4,docs/research/distributor_regional_audits/edistribucion_local_exception_hunt_by_dataset/aragon.csv;docs/research/distributor_regional_audits/edistribucion_local_exception_hunt_v1024.csv;docs/research/distributor_regional_audits/remaining_regional_distributor_candidates_v1023.csv;docs/research/distributor_regional_audits/remaining_regional_review_queue_by_dataset/aragon.csv,needs_municipal_primary_source,no,La presencia regional de e-distribución no prueba la distribuidora concreta de este municipio.
aragon,municipality:zaragoza::cerveruela,Cerveruela,Zaragoza,wave_1,"E-Distribución Redes Digitales, S.L.U.",,regional_context_only,edistribucion_aragon_official,4,docs/research/distributor_regional_audits/edistribucion_local_exception_hunt_by_dataset/aragon.csv;docs/research/distributor_regional_audits/edistribucion_local_exception_hunt_v1024.csv;docs/research/distributor_regional_audits/remaining_regional_distributor_candidates_v1023.csv;docs/research/distributor_regional_audits/remaining_regional_review_queue_by_dataset/aragon.csv,needs_municipal_primary_source,no,La presencia regional de e-distribución no prueba la distribuidora concreta de este municipio.
aragon,municipality:zaragoza::cetina,Cetina,Zaragoza,wave_1,"E-Distribución Redes Digitales, S.L.U.",,regional_context_only,edistribucion_aragon_official,4,docs/research/distributor_regional_audits/edistribucion_local_exception_hunt_by_dataset/aragon.csv;docs/research/distributor_regional_audits/edistribucion_local_exception_hunt_v1024.csv;docs/research/distributor_regional_audits/remaining_regional_distributor_candidates_v1023.csv;docs/research/distributor_regional_audits/remaining_regional_review_queue_by_dataset/aragon.csv,needs_municipal_primary_source,no,La presencia regional de e-distribución no prueba la distribuidora concreta de este municipio.
aragon,municipality:zaragoza::chiprana,Chiprana,Zaragoza,wave_1,"E-Distribución Redes Digitales, S.L.U.",,regional_context_only,edistribucion_aragon_official,4,docs/research/distributor_regional_audits/edistribucion_local_exception_hunt_by_dataset/aragon.csv;docs/research/distributor_regional_audits/edistribucion_local_exception_hunt_v1024.csv;docs/research/distributor_regional_audits/remaining_regional_distributor_candidates_v1023.csv;docs/research/distributor_regional_audits/remaining_regional_review_queue_by_dataset/aragon.csv,needs_municipal_primary_source,no,La presencia regional de e-distribución no prueba la distribuidora concreta de este municipio.
aragon,municipality:zaragoza::chodes,Chodes,Zaragoza,wave_1,"E-Distribución Redes Digitales, S.L.U.",,regional_context_only,edistribucion_aragon_official,4,docs/research/distributor_regional_audits/edistribucion_local_exception_hunt_by_dataset/aragon.csv;docs/research/distributor_regional_audits/edistribucion_local_exception_hunt_v1024.csv;docs/research/distributor_regional_audits/remaining_regional_distributor_candidates_v1023.csv;docs/research/distributor_regional_audits/remaining_regional_review_queue_by_dataset/aragon.csv,needs_municipal_primary_source,no,La presencia regional de e-distribución no prueba la distribuidora concreta de este municipio.
aragon,municipality:zaragoza::cimballa,Cimballa,Zaragoza,wave_1,"E-Distribución Redes Digitales, S.L.U.",,regional_context_only,edistribucion_aragon_official,4,docs/research/distributor_regional_audits/edistribucion_local_exception_hunt_by_dataset/aragon.csv;docs/research/distributor_regional_audits/edistribucion_local_exception_hunt_v1024.csv;docs/research/distributor_regional_audits/remaining_regional_distributor_candidates_v1023.csv;docs/research/distributor_regional_audits/remaining_regional_review_queue_by_dataset/aragon.csv,needs_municipal_primary_source,no,La presencia regional de e-distribución no prueba la distribuidora concreta de este municipio.
aragon,municipality:zaragoza::cinco_olivas,Cinco Olivas,Zaragoza,wave_1,"E-Distribución Redes Digitales, S.L.U.",,regional_context_only,edistribucion_aragon_official,4,docs/research/distributor_regional_audits/edistribucion_local_exception_hunt_by_dataset/aragon.csv;docs/research/distributor_regional_audits/edistribucion_local_exception_hunt_v1024.csv;docs/research/distributor_regional_audits/remaining_regional_distributor_candidates_v1023.csv;docs/research/distributor_regional_audits/remaining_regional_review_queue_by_dataset/aragon.csv,needs_municipal_primary_source,no,La presencia regional de e-distribución no prueba la distribuidora concreta de este municipio.
aragon,municipality:zaragoza::clares_de_ribota,Clarés de Ribota,Zaragoza,wave_1,"E-Distribución Redes Digitales, S.L.U.",,regional_context_only,edistribucion_aragon_official,4,docs/research/distributor_regional_audits/edistribucion_local_exception_hunt_by_dataset/aragon.csv;docs/research/distributor_regional_audits/edistribucion_local_exception_hunt_v1024.csv;docs/research/distributor_regional_audits/remaining_regional_distributor_candidates_v1023.csv;docs/research/distributor_regional_audits/remaining_regional_review_queue_by_dataset/aragon.csv,needs_municipal_primary_source,no,La presencia regional de e-distribución no prueba la distribuidora concreta de este municipio.
aragon,municipality:zaragoza::codo,Codo,Zaragoza,wave_1,"E-Distribución Redes Digitales, S.L.U.",,regional_context_only,edistribucion_aragon_official,4,docs/research/distributor_regional_audits/edistribucion_local_exception_hunt_by_dataset/aragon.csv;docs/research/distributor_regional_audits/edistribucion_local_exception_hunt_v1024.csv;docs/research/distributor_regional_audits/remaining_regional_distributor_candidates_v1023.csv;docs/research/distributor_regional_audits/remaining_regional_review_queue_by_dataset/aragon.csv,needs_municipal_primary_source,no,La presencia regional de e-distribución no prueba la distribuidora concreta de este municipio.
aragon,municipality:zaragoza::codos,Codos,Zaragoza,wave_1,"E-Distribución Redes Digitales, S.L.U.",,regional_context_only,edistribucion_aragon_official,4,docs/research/distributor_regional_audits/edistribucion_local_exception_hunt_by_dataset/aragon.csv;docs/research/distributor_regional_audits/edistribucion_local_exception_hunt_v1024.csv;docs/research/distributor_regional_audits/remaining_regional_distributor_candidates_v1023.csv;docs/research/distributor_regional_audits/remaining_regional_review_queue_by_dataset/aragon.csv,needs_municipal_primary_source,no,La presencia regional de e-distribución no prueba la distribuidora concreta de este municipio.
aragon,municipality:zaragoza::contamina,Contamina,Zaragoza,wave_1,"E-Distribución Redes Digitales, S.L.U.",,regional_context_only,edistribucion_aragon_official,4,docs/research/distributor_regional_audits/edistribucion_local_exception_hunt_by_dataset/aragon.csv;docs/research/distributor_regional_audits/edistribucion_local_exception_hunt_v1024.csv;docs/research/distributor_regional_audits/remaining_regional_distributor_candidates_v1023.csv;docs/research/distributor_regional_audits/remaining_regional_review_queue_by_dataset/aragon.csv,needs_municipal_primary_source,no,La presencia regional de e-distribución no prueba la distribuidora concreta de este municipio.
aragon,municipality:zaragoza::cosuenda,Cosuenda,Zaragoza,wave_1,"E-Distribución Redes Digitales, S.L.U.",,regional_context_only,edistribucion_aragon_official,4,docs/research/distributor_regional_audits/edistribucion_local_exception_hunt_by_dataset/aragon.csv;docs/research/distributor_regional_audits/edistribucion_local_exception_hunt_v1024.csv;docs/research/distributor_regional_audits/remaining_regional_distributor_candidates_v1023.csv;docs/research/distributor_regional_audits/remaining_regional_review_queue_by_dataset/aragon.csv,needs_municipal_primary_source,no,La presencia regional de e-distribución no prueba la distribuidora concreta de este municipio.
aragon,municipality:zaragoza::cuarte_de_huerva,Cuarte de Huerva,Zaragoza,wave_1,"E-Distribución Redes Digitales, S.L.U.",,regional_context_only,edistribucion_aragon_official,4,docs/research/distributor_regional_audits/edistribucion_local_exception_hunt_by_dataset/aragon.csv;docs/research/distributor_regional_audits/edistribucion_local_exception_hunt_v1024.csv;docs/research/distributor_regional_audits/remaining_regional_distributor_candidates_v1023.csv;docs/research/distributor_regional_audits/remaining_regional_review_queue_by_dataset/aragon.csv,needs_municipal_primary_source,no,La presencia regional de e-distribución no prueba la distribuidora concreta de este municipio.
aragon,municipality:zaragoza::cubel,Cubel,Zaragoza,wave_1,"E-Distribución Redes Digitales, S.L.U.",,regional_context_only,edistribucion_aragon_official,4,docs/research/distributor_regional_audits/edistribucion_local_exception_hunt_by_dataset/aragon.csv;docs/research/distributor_regional_audits/edistribucion_local_exception_hunt_v1024.csv;docs/research/distributor_regional_audits/remaining_regional_distributor_candidates_v1023.csv;docs/research/distributor_regional_audits/remaining_regional_review_queue_by_dataset/aragon.csv,needs_municipal_primary_source,no,La presencia regional de e-distribución no prueba la distribuidora concreta de este municipio.
aragon,municipality:zaragoza::daroca,Daroca,Zaragoza,wave_1,"E-Distribución Redes Digitales, S.L.U.",,regional_context_only,edistribucion_aragon_official,4,docs/research/distributor_regional_audits/edistribucion_local_exception_hunt_by_dataset/aragon.csv;docs/research/distributor_regional_audits/edistribucion_local_exception_hunt_v1024.csv;docs/research/distributor_regional_audits/remaining_regional_distributor_candidates_v1023.csv;docs/research/distributor_regional_audits/remaining_regional_review_queue_by_dataset/aragon.csv,needs_municipal_primary_source,no,La presencia regional de e-distribución no prueba la distribuidora concreta de este municipio.
aragon,municipality:zaragoza::ejea_de_los_caballeros,Ejea de los Caballeros,Zaragoza,wave_1,"E-Distribución Redes Digitales, S.L.U.",,regional_context_only,edistribucion_aragon_official,4,docs/research/distributor_regional_audits/edistribucion_local_exception_hunt_by_dataset/aragon.csv;docs/research/distributor_regional_audits/edistribucion_local_exception_hunt_v1024.csv;docs/research/distributor_regional_audits/remaining_regional_distributor_candidates_v1023.csv;docs/research/distributor_regional_audits/remaining_regional_review_queue_by_dataset/aragon.csv,needs_municipal_primary_source,no,La presencia regional de e-distribución no prueba la distribuidora concreta de este municipio.
aragon,municipality:zaragoza::el_burgo_de_ebro,El Burgo de Ebro,Zaragoza,wave_1,"E-Distribución Redes Digitales, S.L.U.",,regional_context_only,edistribucion_aragon_official,4,docs/research/distributor_regional_audits/edistribucion_local_exception_hunt_by_dataset/aragon.csv;docs/research/distributor_regional_audits/edistribucion_local_exception_hunt_v1024.csv;docs/research/distributor_regional_audits/remaining_regional_distributor_candidates_v1023.csv;docs/research/distributor_regional_audits/remaining_regional_review_queue_by_dataset/aragon.csv,needs_municipal_primary_source,no,La presencia regional de e-distribución no prueba la distribuidora concreta de este municipio.
aragon,municipality:zaragoza::el_buste,El Buste,Zaragoza,wave_1,"E-Distribución Redes Digitales, S.L.U.",,regional_context_only,edistribucion_aragon_official,4,docs/research/distributor_regional_audits/edistribucion_local_exception_hunt_by_dataset/aragon.csv;docs/research/distributor_regional_audits/edistribucion_local_exception_hunt_v1024.csv;docs/research/distributor_regional_audits/remaining_regional_distributor_candidates_v1023.csv;docs/research/distributor_regional_audits/remaining_regional_review_queue_by_dataset/aragon.csv,needs_municipal_primary_source,no,La presencia regional de e-distribución no prueba la distribuidora concreta de este municipio.
aragon,municipality:zaragoza::el_frago,El Frago,Zaragoza,wave_1,"E-Distribución Redes Digitales, S.L.U.",,regional_context_only,edistribucion_aragon_official,4,docs/research/distributor_regional_audits/edistribucion_local_exception_hunt_by_dataset/aragon.csv;docs/research/distributor_regional_audits/edistribucion_local_exception_hunt_v1024.csv;docs/research/distributor_regional_audits/remaining_regional_distributor_candidates_v1023.csv;docs/research/distributor_regional_audits/remaining_regional_review_queue_by_dataset/aragon.csv,needs_municipal_primary_source,no,La presencia regional de e-distribución no prueba la distribuidora concreta de este municipio.
aragon,municipality:zaragoza::el_frasno,El Frasno,Zaragoza,wave_1,"E-Distribución Redes Digitales, S.L.U.",,regional_context_only,edistribucion_aragon_official,4,docs/research/distributor_regional_audits/edistribucion_local_exception_hunt_by_dataset/aragon.csv;docs/research/distributor_regional_audits/edistribucion_local_exception_hunt_v1024.csv;docs/research/distributor_regional_audits/remaining_regional_distributor_candidates_v1023.csv;docs/research/distributor_regional_audits/remaining_regional_review_queue_by_dataset/aragon.csv,needs_municipal_primary_source,no,La presencia regional de e-distribución no prueba la distribuidora concreta de este municipio.
aragon,municipality:zaragoza::embid_de_ariza,Embid de Ariza,Zaragoza,wave_1,"E-Distribución Redes Digitales, S.L.U.",,regional_context_only,edistribucion_aragon_official,4,docs/research/distributor_regional_audits/edistribucion_local_exception_hunt_by_dataset/aragon.csv;docs/research/distributor_regional_audits/edistribucion_local_exception_hunt_v1024.csv;docs/research/distributor_regional_audits/remaining_regional_distributor_candidates_v1023.csv;docs/research/distributor_regional_audits/remaining_regional_review_queue_by_dataset/aragon.csv,needs_municipal_primary_source,no,La presencia regional de e-distribución no prueba la distribuidora concreta de este municipio.
aragon,municipality:zaragoza::encinacorba,Encinacorba,Zaragoza,wave_1,"E-Distribución Redes Digitales, S.L.U.",,regional_context_only,edistribucion_aragon_official,4,docs/research/distributor_regional_audits/edistribucion_local_exception_hunt_by_dataset/aragon.csv;docs/research/distributor_regional_audits/edistribucion_local_exception_hunt_v1024.csv;docs/research/distributor_regional_audits/remaining_regional_distributor_candidates_v1023.csv;docs/research/distributor_regional_audits/remaining_regional_review_queue_by_dataset/aragon.csv,needs_municipal_primary_source,no,La presencia regional de e-distribución no prueba la distribuidora concreta de este municipio.
aragon,municipality:zaragoza::erla,Erla,Zaragoza,wave_1,"E-Distribución Redes Digitales, S.L.U.",,regional_context_only,edistribucion_aragon_official,4,docs/research/distributor_regional_audits/edistribucion_local_exception_hunt_by_dataset/aragon.csv;docs/research/distributor_regional_audits/edistribucion_local_exception_hunt_v1024.csv;docs/research/distributor_regional_audits/remaining_regional_distributor_candidates_v1023.csv;docs/research/distributor_regional_audits/remaining_regional_review_queue_by_dataset/aragon.csv,needs_municipal_primary_source,no,La presencia regional de e-distribución no prueba la distribuidora concreta de este municipio.
aragon,municipality:zaragoza::escatron,Escatrón,Zaragoza,wave_1,"E-Distribución Redes Digitales, S.L.U.",,regional_context_only,edistribucion_aragon_official,4,docs/research/distributor_regional_audits/edistribucion_local_exception_hunt_by_dataset/aragon.csv;docs/research/distributor_regional_audits/edistribucion_local_exception_hunt_v1024.csv;docs/research/distributor_regional_audits/remaining_regional_distributor_candidates_v1023.csv;docs/research/distributor_regional_audits/remaining_regional_review_queue_by_dataset/aragon.csv,needs_municipal_primary_source,no,La presencia regional de e-distribución no prueba la distribuidora concreta de este municipio.
aragon,municipality:zaragoza::fabara,Fabara,Zaragoza,wave_1,"E-Distribución Redes Digitales, S.L.U.",,regional_context_only,edistribucion_aragon_official,4,docs/research/distributor_regional_audits/edistribucion_local_exception_hunt_by_dataset/aragon.csv;docs/research/distributor_regional_audits/edistribucion_local_exception_hunt_v1024.csv;docs/research/distributor_regional_audits/remaining_regional_distributor_candidates_v1023.csv;docs/research/distributor_regional_audits/remaining_regional_review_queue_by_dataset/aragon.csv,needs_municipal_primary_source,no,La presencia regional de e-distribución no prueba la distribuidora concreta de este municipio.
aragon,municipality:zaragoza::farlete,Farlete,Zaragoza,wave_1,"E-Distribución Redes Digitales, S.L.U.",,regional_context_only,edistribucion_aragon_official,4,docs/research/distributor_regional_audits/edistribucion_local_exception_hunt_by_dataset/aragon.csv;docs/research/distributor_regional_audits/edistribucion_local_exception_hunt_v1024.csv;docs/research/distributor_regional_audits/remaining_regional_distributor_candidates_v1023.csv;docs/research/distributor_regional_audits/remaining_regional_review_queue_by_dataset/aragon.csv,needs_municipal_primary_source,no,La presencia regional de e-distribución no prueba la distribuidora concreta de este municipio.
aragon,municipality:zaragoza::fayon,Fayón,Zaragoza,wave_1,"E-Distribución Redes Digitales, S.L.U.",,regional_context_only,edistribucion_aragon_official,4,docs/research/distributor_regional_audits/edistribucion_local_exception_hunt_by_dataset/aragon.csv;docs/research/distributor_regional_audits/edistribucion_local_exception_hunt_v1024.csv;docs/research/distributor_regional_audits/remaining_regional_distributor_candidates_v1023.csv;docs/research/distributor_regional_audits/remaining_regional_review_queue_by_dataset/aragon.csv,needs_municipal_primary_source,no,La presencia regional de e-distribución no prueba la distribuidora concreta de este municipio.
aragon,municipality:zaragoza::figueruelas,Figueruelas,Zaragoza,wave_1,"E-Distribución Redes Digitales, S.L.U.",,regional_context_only,edistribucion_aragon_official,4,docs/research/distributor_regional_audits/edistribucion_local_exception_hunt_by_dataset/aragon.csv;docs/research/distributor_regional_audits/edistribucion_local_exception_hunt_v1024.csv;docs/research/distributor_regional_audits/remaining_regional_distributor_candidates_v1023.csv;docs/research/distributor_regional_audits/remaining_regional_review_queue_by_dataset/aragon.csv,needs_municipal_primary_source,no,La presencia regional de e-distribución no prueba la distribuidora concreta de este municipio.
aragon,municipality:zaragoza::fombuena,Fombuena,Zaragoza,wave_1,"E-Distribución Redes Digitales, S.L.U.",,regional_context_only,edistribucion_aragon_official,4,docs/research/distributor_regional_audits/edistribucion_local_exception_hunt_by_dataset/aragon.csv;docs/research/distributor_regional_audits/edistribucion_local_exception_hunt_v1024.csv;docs/research/distributor_regional_audits/remaining_regional_distributor_candidates_v1023.csv;docs/research/distributor_regional_audits/remaining_regional_review_queue_by_dataset/aragon.csv,needs_municipal_primary_source,no,La presencia regional de e-distribución no prueba la distribuidora concreta de este municipio.
aragon,municipality:zaragoza::frescano,Fréscano,Zaragoza,wave_1,"E-Distribución Redes Digitales, S.L.U.",,regional_context_only,edistribucion_aragon_official,4,docs/research/distributor_regional_audits/edistribucion_local_exception_hunt_by_dataset/aragon.csv;docs/research/distributor_regional_audits/edistribucion_local_exception_hunt_v1024.csv;docs/research/distributor_regional_audits/remaining_regional_distributor_candidates_v1023.csv;docs/research/distributor_regional_audits/remaining_regional_review_queue_by_dataset/aragon.csv,needs_municipal_primary_source,no,La presencia regional de e-distribución no prueba la distribuidora concreta de este municipio.
aragon,municipality:zaragoza::fuendejalon,Fuendejalón,Zaragoza,wave_1,"E-Distribución Redes Digitales, S.L.U.",,regional_context_only,edistribucion_aragon_official,4,docs/research/distributor_regional_audits/edistribucion_local_exception_hunt_by_dataset/aragon.csv;docs/research/distributor_regional_audits/edistribucion_local_exception_hunt_v1024.csv;docs/research/distributor_regional_audits/remaining_regional_distributor_candidates_v1023.csv;docs/research/distributor_regional_audits/remaining_regional_review_queue_by_dataset/aragon.csv,needs_municipal_primary_source,no,La presencia regional de e-distribución no prueba la distribuidora concreta de este municipio.
aragon,municipality:zaragoza::fuendetodos,Fuendetodos,Zaragoza,wave_1,"E-Distribución Redes Digitales, S.L.U.",,regional_context_only,edistribucion_aragon_official,4,docs/research/distributor_regional_audits/edistribucion_local_exception_hunt_by_dataset/aragon.csv;docs/research/distributor_regional_audits/edistribucion_local_exception_hunt_v1024.csv;docs/research/distributor_regional_audits/remaining_regional_distributor_candidates_v1023.csv;docs/research/distributor_regional_audits/remaining_regional_review_queue_by_dataset/aragon.csv,needs_municipal_primary_source,no,La presencia regional de e-distribución no prueba la distribuidora concreta de este municipio.
aragon,municipality:zaragoza::fuentes_de_ebro,Fuentes de Ebro,Zaragoza,wave_1,"E-Distribución Redes Digitales, S.L.U.",,regional_context_only,edistribucion_aragon_official,4,docs/research/distributor_regional_audits/edistribucion_local_exception_hunt_by_dataset/aragon.csv;docs/research/distributor_regional_audits/edistribucion_local_exception_hunt_v1024.csv;docs/research/distributor_regional_audits/remaining_regional_distributor_candidates_v1023.csv;docs/research/distributor_regional_audits/remaining_regional_review_queue_by_dataset/aragon.csv,needs_municipal_primary_source,no,La presencia regional de e-distribución no prueba la distribuidora concreta de este municipio.
aragon,municipality:zaragoza::fuentes_de_jiloca,Fuentes de Jiloca,Zaragoza,wave_1,"E-Distribución Redes Digitales, S.L.U.",,regional_context_only,edistribucion_aragon_official,4,docs/research/distributor_regional_audits/edistribucion_local_exception_hunt_by_dataset/aragon.csv;docs/research/distributor_regional_audits/edistribucion_local_exception_hunt_v1024.csv;docs/research/distributor_regional_audits/remaining_regional_distributor_candidates_v1023.csv;docs/research/distributor_regional_audits/remaining_regional_review_queue_by_dataset/aragon.csv,needs_municipal_primary_source,no,La presencia regional de e-distribución no prueba la distribuidora concreta de este municipio.
aragon,municipality:zaragoza::gallocanta,Gallocanta,Zaragoza,wave_1,"E-Distribución Redes Digitales, S.L.U.",,regional_context_only,edistribucion_aragon_official,4,docs/research/distributor_regional_audits/edistribucion_local_exception_hunt_by_dataset/aragon.csv;docs/research/distributor_regional_audits/edistribucion_local_exception_hunt_v1024.csv;docs/research/distributor_regional_audits/remaining_regional_distributor_candidates_v1023.csv;docs/research/distributor_regional_audits/remaining_regional_review_queue_by_dataset/aragon.csv,needs_municipal_primary_source,no,La presencia regional de e-distribución no prueba la distribuidora concreta de este municipio.
aragon,municipality:zaragoza::gallur,Gallur,Zaragoza,wave_1,"E-Distribución Redes Digitales, S.L.U.",,regional_context_only,edistribucion_aragon_official,4,docs/research/distributor_regional_audits/edistribucion_local_exception_hunt_by_dataset/aragon.csv;docs/research/distributor_regional_audits/edistribucion_local_exception_hunt_v1024.csv;docs/research/distributor_regional_audits/remaining_regional_distributor_candidates_v1023.csv;docs/research/distributor_regional_audits/remaining_regional_review_queue_by_dataset/aragon.csv,needs_municipal_primary_source,no,La presencia regional de e-distribución no prueba la distribuidora concreta de este municipio.
aragon,municipality:zaragoza::gelsa,Gelsa,Zaragoza,wave_1,"E-Distribución Redes Digitales, S.L.U.",,regional_context_only,edistribucion_aragon_official,4,docs/research/distributor_regional_audits/edistribucion_local_exception_hunt_by_dataset/aragon.csv;docs/research/distributor_regional_audits/edistribucion_local_exception_hunt_v1024.csv;docs/research/distributor_regional_audits/remaining_regional_distributor_candidates_v1023.csv;docs/research/distributor_regional_audits/remaining_regional_review_queue_by_dataset/aragon.csv,needs_municipal_primary_source,no,La presencia regional de e-distribución no prueba la distribuidora concreta de este municipio.
aragon,municipality:zaragoza::godojos,Godojos,Zaragoza,wave_1,"E-Distribución Redes Digitales, S.L.U.",,regional_context_only,edistribucion_aragon_official,4,docs/research/distributor_regional_audits/edistribucion_local_exception_hunt_by_dataset/aragon.csv;docs/research/distributor_regional_audits/edistribucion_local_exception_hunt_v1024.csv;docs/research/distributor_regional_audits/remaining_regional_distributor_candidates_v1023.csv;docs/research/distributor_regional_audits/remaining_regional_review_queue_by_dataset/aragon.csv,needs_municipal_primary_source,no,La presencia regional de e-distribución no prueba la distribuidora concreta de este municipio.
aragon,municipality:zaragoza::gotor,Gotor,Zaragoza,wave_1,"E-Distribución Redes Digitales, S.L.U.",,regional_context_only,edistribucion_aragon_official,4,docs/research/distributor_regional_audits/edistribucion_local_exception_hunt_by_dataset/aragon.csv;docs/research/distributor_regional_audits/edistribucion_local_exception_hunt_v1024.csv;docs/research/distributor_regional_audits/remaining_regional_distributor_candidates_v1023.csv;docs/research/distributor_regional_audits/remaining_regional_review_queue_by_dataset/aragon.csv,needs_municipal_primary_source,no,La presencia regional de e-distribución no prueba la distribuidora concreta de este municipio.
aragon,municipality:zaragoza::grisel,Grisel,Zaragoza,wave_1,"E-Distribución Redes Digitales, S.L.U.",,regional_context_only,edistribucion_aragon_official,4,docs/research/distributor_regional_audits/edistribucion_local_exception_hunt_by_dataset/aragon.csv;docs/research/distributor_regional_audits/edistribucion_local_exception_hunt_v1024.csv;docs/research/distributor_regional_audits/remaining_regional_distributor_candidates_v1023.csv;docs/research/distributor_regional_audits/remaining_regional_review_queue_by_dataset/aragon.csv,needs_municipal_primary_source,no,La presencia regional de e-distribución no prueba la distribuidora concreta de este municipio.
aragon,municipality:zaragoza::grisen,Grisén,Zaragoza,wave_1,"E-Distribución Redes Digitales, S.L.U.",,regional_context_only,edistribucion_aragon_official,4,docs/research/distributor_regional_audits/edistribucion_local_exception_hunt_by_dataset/aragon.csv;docs/research/distributor_regional_audits/edistribucion_local_exception_hunt_v1024.csv;docs/research/distributor_regional_audits/remaining_regional_distributor_candidates_v1023.csv;docs/research/distributor_regional_audits/remaining_regional_review_queue_by_dataset/aragon.csv,needs_municipal_primary_source,no,La presencia regional de e-distribución no prueba la distribuidora concreta de este municipio.
aragon,municipality:zaragoza::herrera_de_los_navarros,Herrera de los Navarros,Zaragoza,wave_1,"E-Distribución Redes Digitales, S.L.U.",,regional_context_only,edistribucion_aragon_official,4,docs/research/distributor_regional_audits/edistribucion_local_exception_hunt_by_dataset/aragon.csv;docs/research/distributor_regional_audits/edistribucion_local_exception_hunt_v1024.csv;docs/research/distributor_regional_audits/remaining_regional_distributor_candidates_v1023.csv;docs/research/distributor_regional_audits/remaining_regional_review_queue_by_dataset/aragon.csv,needs_municipal_primary_source,no,La presencia regional de e-distribución no prueba la distribuidora concreta de este municipio.
aragon,municipality:zaragoza::ibdes,Ibdes,Zaragoza,wave_1,"E-Distribución Redes Digitales, S.L.U.",,regional_context_only,edistribucion_aragon_official,4,docs/research/distributor_regional_audits/edistribucion_local_exception_hunt_by_dataset/aragon.csv;docs/research/distributor_regional_audits/edistribucion_local_exception_hunt_v1024.csv;docs/research/distributor_regional_audits/remaining_regional_distributor_candidates_v1023.csv;docs/research/distributor_regional_audits/remaining_regional_review_queue_by_dataset/aragon.csv,needs_municipal_primary_source,no,La presencia regional de e-distribución no prueba la distribuidora concreta de este municipio.
aragon,municipality:zaragoza::illueca,Illueca,Zaragoza,wave_1,"E-Distribución Redes Digitales, S.L.U.",,regional_context_only,edistribucion_aragon_official,4,docs/research/distributor_regional_audits/edistribucion_local_exception_hunt_by_dataset/aragon.csv;docs/research/distributor_regional_audits/edistribucion_local_exception_hunt_v1024.csv;docs/research/distributor_regional_audits/remaining_regional_distributor_candidates_v1023.csv;docs/research/distributor_regional_audits/remaining_regional_review_queue_by_dataset/aragon.csv,needs_municipal_primary_source,no,La presencia regional de e-distribución no prueba la distribuidora concreta de este municipio.
aragon,municipality:zaragoza::isuerre,Isuerre,Zaragoza,wave_1,"E-Distribución Redes Digitales, S.L.U.",,regional_context_only,edistribucion_aragon_official,4,docs/research/distributor_regional_audits/edistribucion_local_exception_hunt_by_dataset/aragon.csv;docs/research/distributor_regional_audits/edistribucion_local_exception_hunt_v1024.csv;docs/research/distributor_regional_audits/remaining_regional_distributor_candidates_v1023.csv;docs/research/distributor_regional_audits/remaining_regional_review_queue_by_dataset/aragon.csv,needs_municipal_primary_source,no,La presencia regional de e-distribución no prueba la distribuidora concreta de este municipio.
aragon,municipality:zaragoza::jaraba,Jaraba,Zaragoza,wave_1,"E-Distribución Redes Digitales, S.L.U.",,regional_context_only,edistribucion_aragon_official,4,docs/research/distributor_regional_audits/edistribucion_local_exception_hunt_by_dataset/aragon.csv;docs/research/distributor_regional_audits/edistribucion_local_exception_hunt_v1024.csv;docs/research/distributor_regional_audits/remaining_regional_distributor_candidates_v1023.csv;docs/research/distributor_regional_audits/remaining_regional_review_queue_by_dataset/aragon.csv,needs_municipal_primary_source,no,La presencia regional de e-distribución no prueba la distribuidora concreta de este municipio.
aragon,municipality:zaragoza::jarque_de_moncayo,Jarque de Moncayo,Zaragoza,wave_1,"E-Distribución Redes Digitales, S.L.U.",,regional_context_only,edistribucion_aragon_official,4,docs/research/distributor_regional_audits/edistribucion_local_exception_hunt_by_dataset/aragon.csv;docs/research/distributor_regional_audits/edistribucion_local_exception_hunt_v1024.csv;docs/research/distributor_regional_audits/remaining_regional_distributor_candidates_v1023.csv;docs/research/distributor_regional_audits/remaining_regional_review_queue_by_dataset/aragon.csv,needs_municipal_primary_source,no,La presencia regional de e-distribución no prueba la distribuidora concreta de este municipio.
aragon,municipality:zaragoza::jaulin,Jaulín,Zaragoza,wave_1,"E-Distribución Redes Digitales, S.L.U.",,regional_context_only,edistribucion_aragon_official,4,docs/research/distributor_regional_audits/edistribucion_local_exception_hunt_by_dataset/aragon.csv;docs/research/distributor_regional_audits/edistribucion_local_exception_hunt_v1024.csv;docs/research/distributor_regional_audits/remaining_regional_distributor_candidates_v1023.csv;docs/research/distributor_regional_audits/remaining_regional_review_queue_by_dataset/aragon.csv,needs_municipal_primary_source,no,La presencia regional de e-distribución no prueba la distribuidora concreta de este municipio.
aragon,municipality:zaragoza::la_almolda,La Almolda,Zaragoza,wave_1,"E-Distribución Redes Digitales, S.L.U.",,regional_context_only,edistribucion_aragon_official,4,docs/research/distributor_regional_audits/edistribucion_local_exception_hunt_by_dataset/aragon.csv;docs/research/distributor_regional_audits/edistribucion_local_exception_hunt_v1024.csv;docs/research/distributor_regional_audits/remaining_regional_distributor_candidates_v1023.csv;docs/research/distributor_regional_audits/remaining_regional_review_queue_by_dataset/aragon.csv,needs_municipal_primary_source,no,La presencia regional de e-distribución no prueba la distribuidora concreta de este municipio.
aragon,municipality:zaragoza::la_almunia_de_dona_godina,La Almunia de Doña Godina,Zaragoza,wave_1,"E-Distribución Redes Digitales, S.L.U.",,regional_context_only,edistribucion_aragon_official,4,docs/research/distributor_regional_audits/edistribucion_local_exception_hunt_by_dataset/aragon.csv;docs/research/distributor_regional_audits/edistribucion_local_exception_hunt_v1024.csv;docs/research/distributor_regional_audits/remaining_regional_distributor_candidates_v1023.csv;docs/research/distributor_regional_audits/remaining_regional_review_queue_by_dataset/aragon.csv,needs_municipal_primary_source,no,La presencia regional de e-distribución no prueba la distribuidora concreta de este municipio.
aragon,municipality:zaragoza::la_joyosa,La Joyosa,Zaragoza,wave_1,"E-Distribución Redes Digitales, S.L.U.",,regional_context_only,edistribucion_aragon_official,4,docs/research/distributor_regional_audits/edistribucion_local_exception_hunt_by_dataset/aragon.csv;docs/research/distributor_regional_audits/edistribucion_local_exception_hunt_v1024.csv;docs/research/distributor_regional_audits/remaining_regional_distributor_candidates_v1023.csv;docs/research/distributor_regional_audits/remaining_regional_review_queue_by_dataset/aragon.csv,needs_municipal_primary_source,no,La presencia regional de e-distribución no prueba la distribuidora concreta de este municipio.
aragon,municipality:zaragoza::la_muela,La Muela,Zaragoza,wave_1,"E-Distribución Redes Digitales, S.L.U.",,regional_context_only,edistribucion_aragon_official,4,docs/research/distributor_regional_audits/edistribucion_local_exception_hunt_by_dataset/aragon.csv;docs/research/distributor_regional_audits/edistribucion_local_exception_hunt_v1024.csv;docs/research/distributor_regional_audits/remaining_regional_distributor_candidates_v1023.csv;docs/research/distributor_regional_audits/remaining_regional_review_queue_by_dataset/aragon.csv,needs_municipal_primary_source,no,La presencia regional de e-distribución no prueba la distribuidora concreta de este municipio.
aragon,municipality:zaragoza::la_puebla_de_alfinden,La Puebla de Alfindén,Zaragoza,wave_1,"E-Distribución Redes Digitales, S.L.U.",,regional_context_only,edistribucion_aragon_official,4,docs/research/distributor_regional_audits/edistribucion_local_exception_hunt_by_dataset/aragon.csv;docs/research/distributor_regional_audits/edistribucion_local_exception_hunt_v1024.csv;docs/research/distributor_regional_audits/remaining_regional_distributor_candidates_v1023.csv;docs/research/distributor_regional_audits/remaining_regional_review_queue_by_dataset/aragon.csv,needs_municipal_primary_source,no,La presencia regional de e-distribución no prueba la distribuidora concreta de este municipio.
aragon,municipality:zaragoza::la_viluena,La Vilueña,Zaragoza,wave_1,"E-Distribución Redes Digitales, S.L.U.",,regional_context_only,edistribucion_aragon_official,4,docs/research/distributor_regional_audits/edistribucion_local_exception_hunt_by_dataset/aragon.csv;docs/research/distributor_regional_audits/edistribucion_local_exception_hunt_v1024.csv;docs/research/distributor_regional_audits/remaining_regional_distributor_candidates_v1023.csv;docs/research/distributor_regional_audits/remaining_regional_review_queue_by_dataset/aragon.csv,needs_municipal_primary_source,no,La presencia regional de e-distribución no prueba la distribuidora concreta de este municipio.
aragon,municipality:zaragoza::la_zaida,La Zaida,Zaragoza,wave_1,"E-Distribución Redes Digitales, S.L.U.",,regional_context_only,edistribucion_aragon_official,4,docs/research/distributor_regional_audits/edistribucion_local_exception_hunt_by_dataset/aragon.csv;docs/research/distributor_regional_audits/edistribucion_local_exception_hunt_v1024.csv;docs/research/distributor_regional_audits/remaining_regional_distributor_candidates_v1023.csv;docs/research/distributor_regional_audits/remaining_regional_review_queue_by_dataset/aragon.csv,needs_municipal_primary_source,no,La presencia regional de e-distribución no prueba la distribuidora concreta de este municipio.
aragon,municipality:zaragoza::lagata,Lagata,Zaragoza,wave_1,"E-Distribución Redes Digitales, S.L.U.",,regional_context_only,edistribucion_aragon_official,4,docs/research/distributor_regional_audits/edistribucion_local_exception_hunt_by_dataset/aragon.csv;docs/research/distributor_regional_audits/edistribucion_local_exception_hunt_v1024.csv;docs/research/distributor_regional_audits/remaining_regional_distributor_candidates_v1023.csv;docs/research/distributor_regional_audits/remaining_regional_review_queue_by_dataset/aragon.csv,needs_municipal_primary_source,no,La presencia regional de e-distribución no prueba la distribuidora concreta de este municipio.
aragon,municipality:zaragoza::langa_del_castillo,Langa del Castillo,Zaragoza,wave_1,"E-Distribución Redes Digitales, S.L.U.",,regional_context_only,edistribucion_aragon_official,4,docs/research/distributor_regional_audits/edistribucion_local_exception_hunt_by_dataset/aragon.csv;docs/research/distributor_regional_audits/edistribucion_local_exception_hunt_v1024.csv;docs/research/distributor_regional_audits/remaining_regional_distributor_candidates_v1023.csv;docs/research/distributor_regional_audits/remaining_regional_review_queue_by_dataset/aragon.csv,needs_municipal_primary_source,no,La presencia regional de e-distribución no prueba la distribuidora concreta de este municipio.
aragon,municipality:zaragoza::las_cuerlas,Las Cuerlas,Zaragoza,wave_1,"E-Distribución Redes Digitales, S.L.U.",,regional_context_only,edistribucion_aragon_official,4,docs/research/distributor_regional_audits/edistribucion_local_exception_hunt_by_dataset/aragon.csv;docs/research/distributor_regional_audits/edistribucion_local_exception_hunt_v1024.csv;docs/research/distributor_regional_audits/remaining_regional_distributor_candidates_v1023.csv;docs/research/distributor_regional_audits/remaining_regional_review_queue_by_dataset/aragon.csv,needs_municipal_primary_source,no,La presencia regional de e-distribución no prueba la distribuidora concreta de este municipio.
aragon,municipality:zaragoza::las_pedrosas,Las Pedrosas,Zaragoza,wave_1,"E-Distribución Redes Digitales, S.L.U.",,regional_context_only,edistribucion_aragon_official,4,docs/research/distributor_regional_audits/edistribucion_local_exception_hunt_by_dataset/aragon.csv;docs/research/distributor_regional_audits/edistribucion_local_exception_hunt_v1024.csv;docs/research/distributor_regional_audits/remaining_regional_distributor_candidates_v1023.csv;docs/research/distributor_regional_audits/remaining_regional_review_queue_by_dataset/aragon.csv,needs_municipal_primary_source,no,La presencia regional de e-distribución no prueba la distribuidora concreta de este municipio.
aragon,municipality:zaragoza::layana,Layana,Zaragoza,wave_1,"E-Distribución Redes Digitales, S.L.U.",,regional_context_only,edistribucion_aragon_official,4,docs/research/distributor_regional_audits/edistribucion_local_exception_hunt_by_dataset/aragon.csv;docs/research/distributor_regional_audits/edistribucion_local_exception_hunt_v1024.csv;docs/research/distributor_regional_audits/remaining_regional_distributor_candidates_v1023.csv;docs/research/distributor_regional_audits/remaining_regional_review_queue_by_dataset/aragon.csv,needs_municipal_primary_source,no,La presencia regional de e-distribución no prueba la distribuidora concreta de este municipio.
aragon,municipality:zaragoza::lechon,Lechón,Zaragoza,wave_1,"E-Distribución Redes Digitales, S.L.U.",,regional_context_only,edistribucion_aragon_official,4,docs/research/distributor_regional_audits/edistribucion_local_exception_hunt_by_dataset/aragon.csv;docs/research/distributor_regional_audits/edistribucion_local_exception_hunt_v1024.csv;docs/research/distributor_regional_audits/remaining_regional_distributor_candidates_v1023.csv;docs/research/distributor_regional_audits/remaining_regional_review_queue_by_dataset/aragon.csv,needs_municipal_primary_source,no,La presencia regional de e-distribución no prueba la distribuidora concreta de este municipio.
aragon,municipality:zaragoza::lecinena,Leciñena,Zaragoza,wave_1,"E-Distribución Redes Digitales, S.L.U.",,regional_context_only,edistribucion_aragon_official,4,docs/research/distributor_regional_audits/edistribucion_local_exception_hunt_by_dataset/aragon.csv;docs/research/distributor_regional_audits/edistribucion_local_exception_hunt_v1024.csv;docs/research/distributor_regional_audits/remaining_regional_distributor_candidates_v1023.csv;docs/research/distributor_regional_audits/remaining_regional_review_queue_by_dataset/aragon.csv,needs_municipal_primary_source,no,La presencia regional de e-distribución no prueba la distribuidora concreta de este municipio.
aragon,municipality:zaragoza::letux,Letux,Zaragoza,wave_1,"E-Distribución Redes Digitales, S.L.U.",,regional_context_only,edistribucion_aragon_official,4,docs/research/distributor_regional_audits/edistribucion_local_exception_hunt_by_dataset/aragon.csv;docs/research/distributor_regional_audits/edistribucion_local_exception_hunt_v1024.csv;docs/research/distributor_regional_audits/remaining_regional_distributor_candidates_v1023.csv;docs/research/distributor_regional_audits/remaining_regional_review_queue_by_dataset/aragon.csv,needs_municipal_primary_source,no,La presencia regional de e-distribución no prueba la distribuidora concreta de este municipio.
aragon,municipality:zaragoza::litago,Litago,Zaragoza,wave_1,"E-Distribución Redes Digitales, S.L.U.",,regional_context_only,edistribucion_aragon_official,4,docs/research/distributor_regional_audits/edistribucion_local_exception_hunt_by_dataset/aragon.csv;docs/research/distributor_regional_audits/edistribucion_local_exception_hunt_v1024.csv;docs/research/distributor_regional_audits/remaining_regional_distributor_candidates_v1023.csv;docs/research/distributor_regional_audits/remaining_regional_review_queue_by_dataset/aragon.csv,needs_municipal_primary_source,no,La presencia regional de e-distribución no prueba la distribuidora concreta de este municipio.
aragon,municipality:zaragoza::lituenigo,Lituénigo,Zaragoza,wave_1,"E-Distribución Redes Digitales, S.L.U.",,regional_context_only,edistribucion_aragon_official,4,docs/research/distributor_regional_audits/edistribucion_local_exception_hunt_by_dataset/aragon.csv;docs/research/distributor_regional_audits/edistribucion_local_exception_hunt_v1024.csv;docs/research/distributor_regional_audits/remaining_regional_distributor_candidates_v1023.csv;docs/research/distributor_regional_audits/remaining_regional_review_queue_by_dataset/aragon.csv,needs_municipal_primary_source,no,La presencia regional de e-distribución no prueba la distribuidora concreta de este municipio.
aragon,municipality:zaragoza::lobera_de_onsella,Lobera de Onsella,Zaragoza,wave_1,"E-Distribución Redes Digitales, S.L.U.",,regional_context_only,edistribucion_aragon_official,4,docs/research/distributor_regional_audits/edistribucion_local_exception_hunt_by_dataset/aragon.csv;docs/research/distributor_regional_audits/edistribucion_local_exception_hunt_v1024.csv;docs/research/distributor_regional_audits/remaining_regional_distributor_candidates_v1023.csv;docs/research/distributor_regional_audits/remaining_regional_review_queue_by_dataset/aragon.csv,needs_municipal_primary_source,no,La presencia regional de e-distribución no prueba la distribuidora concreta de este municipio.
aragon,municipality:zaragoza::longares,Longares,Zaragoza,wave_1,"E-Distribución Redes Digitales, S.L.U.",,regional_context_only,edistribucion_aragon_official,4,docs/research/distributor_regional_audits/edistribucion_local_exception_hunt_by_dataset/aragon.csv;docs/research/distributor_regional_audits/edistribucion_local_exception_hunt_v1024.csv;docs/research/distributor_regional_audits/remaining_regional_distributor_candidates_v1023.csv;docs/research/distributor_regional_audits/remaining_regional_review_queue_by_dataset/aragon.csv,needs_municipal_primary_source,no,La presencia regional de e-distribución no prueba la distribuidora concreta de este municipio.
aragon,municipality:zaragoza::longas,Longás,Zaragoza,wave_1,"E-Distribución Redes Digitales, S.L.U.",,regional_context_only,edistribucion_aragon_official,4,docs/research/distributor_regional_audits/edistribucion_local_exception_hunt_by_dataset/aragon.csv;docs/research/distributor_regional_audits/edistribucion_local_exception_hunt_v1024.csv;docs/research/distributor_regional_audits/remaining_regional_distributor_candidates_v1023.csv;docs/research/distributor_regional_audits/remaining_regional_review_queue_by_dataset/aragon.csv,needs_municipal_primary_source,no,La presencia regional de e-distribución no prueba la distribuidora concreta de este municipio.
aragon,municipality:zaragoza::los_fayos,Los Fayos,Zaragoza,wave_1,"E-Distribución Redes Digitales, S.L.U.",,regional_context_only,edistribucion_aragon_official,4,docs/research/distributor_regional_audits/edistribucion_local_exception_hunt_by_dataset/aragon.csv;docs/research/distributor_regional_audits/edistribucion_local_exception_hunt_v1024.csv;docs/research/distributor_regional_audits/remaining_regional_distributor_candidates_v1023.csv;docs/research/distributor_regional_audits/remaining_regional_review_queue_by_dataset/aragon.csv,needs_municipal_primary_source,no,La presencia regional de e-distribución no prueba la distribuidora concreta de este municipio.
aragon,municipality:zaragoza::los_pintanos,Los Pintanos,Zaragoza,wave_1,"E-Distribución Redes Digitales, S.L.U.",,regional_context_only,edistribucion_aragon_official,4,docs/research/distributor_regional_audits/edistribucion_local_exception_hunt_by_dataset/aragon.csv;docs/research/distributor_regional_audits/edistribucion_local_exception_hunt_v1024.csv;docs/research/distributor_regional_audits/remaining_regional_distributor_candidates_v1023.csv;docs/research/distributor_regional_audits/remaining_regional_review_queue_by_dataset/aragon.csv,needs_municipal_primary_source,no,La presencia regional de e-distribución no prueba la distribuidora concreta de este municipio.
aragon,municipality:zaragoza::lucena_de_jalon,Lucena de Jalón,Zaragoza,wave_1,"E-Distribución Redes Digitales, S.L.U.",,regional_context_only,edistribucion_aragon_official,4,docs/research/distributor_regional_audits/edistribucion_local_exception_hunt_by_dataset/aragon.csv;docs/research/distributor_regional_audits/edistribucion_local_exception_hunt_v1024.csv;docs/research/distributor_regional_audits/remaining_regional_distributor_candidates_v1023.csv;docs/research/distributor_regional_audits/remaining_regional_review_queue_by_dataset/aragon.csv,needs_municipal_primary_source,no,La presencia regional de e-distribución no prueba la distribuidora concreta de este municipio.
aragon,municipality:zaragoza::luceni,Luceni,Zaragoza,wave_1,"E-Distribución Redes Digitales, S.L.U.",,regional_context_only,edistribucion_aragon_official,4,docs/research/distributor_regional_audits/edistribucion_local_exception_hunt_by_dataset/aragon.csv;docs/research/distributor_regional_audits/edistribucion_local_exception_hunt_v1024.csv;docs/research/distributor_regional_audits/remaining_regional_distributor_candidates_v1023.csv;docs/research/distributor_regional_audits/remaining_regional_review_queue_by_dataset/aragon.csv,needs_municipal_primary_source,no,La presencia regional de e-distribución no prueba la distribuidora concreta de este municipio.
aragon,municipality:zaragoza::luesia,Luesia,Zaragoza,wave_1,"E-Distribución Redes Digitales, S.L.U.",,regional_context_only,edistribucion_aragon_official,4,docs/research/distributor_regional_audits/edistribucion_local_exception_hunt_by_dataset/aragon.csv;docs/research/distributor_regional_audits/edistribucion_local_exception_hunt_v1024.csv;docs/research/distributor_regional_audits/remaining_regional_distributor_candidates_v1023.csv;docs/research/distributor_regional_audits/remaining_regional_review_queue_by_dataset/aragon.csv,needs_municipal_primary_source,no,La presencia regional de e-distribución no prueba la distribuidora concreta de este municipio.
aragon,municipality:zaragoza::luesma,Luesma,Zaragoza,wave_1,"E-Distribución Redes Digitales, S.L.U.",,regional_context_only,edistribucion_aragon_official,4,docs/research/distributor_regional_audits/edistribucion_local_exception_hunt_by_dataset/aragon.csv;docs/research/distributor_regional_audits/edistribucion_local_exception_hunt_v1024.csv;docs/research/distributor_regional_audits/remaining_regional_distributor_candidates_v1023.csv;docs/research/distributor_regional_audits/remaining_regional_review_queue_by_dataset/aragon.csv,needs_municipal_primary_source,no,La presencia regional de e-distribución no prueba la distribuidora concreta de este municipio.
aragon,municipality:zaragoza::lumpiaque,Lumpiaque,Zaragoza,wave_1,"E-Distribución Redes Digitales, S.L.U.",,regional_context_only,edistribucion_aragon_official,4,docs/research/distributor_regional_audits/edistribucion_local_exception_hunt_by_dataset/aragon.csv;docs/research/distributor_regional_audits/edistribucion_local_exception_hunt_v1024.csv;docs/research/distributor_regional_audits/remaining_regional_distributor_candidates_v1023.csv;docs/research/distributor_regional_audits/remaining_regional_review_queue_by_dataset/aragon.csv,needs_municipal_primary_source,no,La presencia regional de e-distribución no prueba la distribuidora concreta de este municipio.
aragon,municipality:zaragoza::luna,Luna,Zaragoza,wave_1,"E-Distribución Redes Digitales, S.L.U.",,regional_context_only,edistribucion_aragon_official,4,docs/research/distributor_regional_audits/edistribucion_local_exception_hunt_by_dataset/aragon.csv;docs/research/distributor_regional_audits/edistribucion_local_exception_hunt_v1024.csv;docs/research/distributor_regional_audits/remaining_regional_distributor_candidates_v1023.csv;docs/research/distributor_regional_audits/remaining_regional_review_queue_by_dataset/aragon.csv,needs_municipal_primary_source,no,La presencia regional de e-distribución no prueba la distribuidora concreta de este municipio.
aragon,municipality:zaragoza::lecera,Lécera,Zaragoza,wave_1,"E-Distribución Redes Digitales, S.L.U.",,regional_context_only,edistribucion_aragon_official,4,docs/research/distributor_regional_audits/edistribucion_local_exception_hunt_by_dataset/aragon.csv;docs/research/distributor_regional_audits/edistribucion_local_exception_hunt_v1024.csv;docs/research/distributor_regional_audits/remaining_regional_distributor_candidates_v1023.csv;docs/research/distributor_regional_audits/remaining_regional_review_queue_by_dataset/aragon.csv,needs_municipal_primary_source,no,La presencia regional de e-distribución no prueba la distribuidora concreta de este municipio.
aragon,municipality:zaragoza::maella,Maella,Zaragoza,wave_1,"E-Distribución Redes Digitales, S.L.U.",,regional_context_only,edistribucion_aragon_official,4,docs/research/distributor_regional_audits/edistribucion_local_exception_hunt_by_dataset/aragon.csv;docs/research/distributor_regional_audits/edistribucion_local_exception_hunt_v1024.csv;docs/research/distributor_regional_audits/remaining_regional_distributor_candidates_v1023.csv;docs/research/distributor_regional_audits/remaining_regional_review_queue_by_dataset/aragon.csv,needs_municipal_primary_source,no,La presencia regional de e-distribución no prueba la distribuidora concreta de este municipio.
aragon,municipality:zaragoza::magallon,Magallón,Zaragoza,wave_1,"E-Distribución Redes Digitales, S.L.U.",,regional_context_only,edistribucion_aragon_official,4,docs/research/distributor_regional_audits/edistribucion_local_exception_hunt_by_dataset/aragon.csv;docs/research/distributor_regional_audits/edistribucion_local_exception_hunt_v1024.csv;docs/research/distributor_regional_audits/remaining_regional_distributor_candidates_v1023.csv;docs/research/distributor_regional_audits/remaining_regional_review_queue_by_dataset/aragon.csv,needs_municipal_primary_source,no,La presencia regional de e-distribución no prueba la distribuidora concreta de este municipio.
aragon,municipality:zaragoza::mainar,Mainar,Zaragoza,wave_1,"E-Distribución Redes Digitales, S.L.U.",,regional_context_only,edistribucion_aragon_official,4,docs/research/distributor_regional_audits/edistribucion_local_exception_hunt_by_dataset/aragon.csv;docs/research/distributor_regional_audits/edistribucion_local_exception_hunt_v1024.csv;docs/research/distributor_regional_audits/remaining_regional_distributor_candidates_v1023.csv;docs/research/distributor_regional_audits/remaining_regional_review_queue_by_dataset/aragon.csv,needs_municipal_primary_source,no,La presencia regional de e-distribución no prueba la distribuidora concreta de este municipio.
aragon,municipality:zaragoza::malanquilla,Malanquilla,Zaragoza,wave_1,"E-Distribución Redes Digitales, S.L.U.",,regional_context_only,edistribucion_aragon_official,4,docs/research/distributor_regional_audits/edistribucion_local_exception_hunt_by_dataset/aragon.csv;docs/research/distributor_regional_audits/edistribucion_local_exception_hunt_v1024.csv;docs/research/distributor_regional_audits/remaining_regional_distributor_candidates_v1023.csv;docs/research/distributor_regional_audits/remaining_regional_review_queue_by_dataset/aragon.csv,needs_municipal_primary_source,no,La presencia regional de e-distribución no prueba la distribuidora concreta de este municipio.
aragon,municipality:zaragoza::malejan,Maleján,Zaragoza,wave_1,"E-Distribución Redes Digitales, S.L.U.",,regional_context_only,edistribucion_aragon_official,4,docs/research/distributor_regional_audits/edistribucion_local_exception_hunt_by_dataset/aragon.csv;docs/research/distributor_regional_audits/edistribucion_local_exception_hunt_v1024.csv;docs/research/distributor_regional_audits/remaining_regional_distributor_candidates_v1023.csv;docs/research/distributor_regional_audits/remaining_regional_review_queue_by_dataset/aragon.csv,needs_municipal_primary_source,no,La presencia regional de e-distribución no prueba la distribuidora concreta de este municipio.
aragon,municipality:zaragoza::mallen,Mallén,Zaragoza,wave_1,"E-Distribución Redes Digitales, S.L.U.",,regional_context_only,edistribucion_aragon_official,4,docs/research/distributor_regional_audits/edistribucion_local_exception_hunt_by_dataset/aragon.csv;docs/research/distributor_regional_audits/edistribucion_local_exception_hunt_v1024.csv;docs/research/distributor_regional_audits/remaining_regional_distributor_candidates_v1023.csv;docs/research/distributor_regional_audits/remaining_regional_review_queue_by_dataset/aragon.csv,needs_municipal_primary_source,no,La presencia regional de e-distribución no prueba la distribuidora concreta de este municipio.
aragon,municipality:zaragoza::maluenda,Maluenda,Zaragoza,wave_1,"E-Distribución Redes Digitales, S.L.U.",,regional_context_only,edistribucion_aragon_official,4,docs/research/distributor_regional_audits/edistribucion_local_exception_hunt_by_dataset/aragon.csv;docs/research/distributor_regional_audits/edistribucion_local_exception_hunt_v1024.csv;docs/research/distributor_regional_audits/remaining_regional_distributor_candidates_v1023.csv;docs/research/distributor_regional_audits/remaining_regional_review_queue_by_dataset/aragon.csv,needs_municipal_primary_source,no,La presencia regional de e-distribución no prueba la distribuidora concreta de este municipio.
aragon,municipality:zaragoza::malon,Malón,Zaragoza,wave_1,"E-Distribución Redes Digitales, S.L.U.",,regional_context_only,edistribucion_aragon_official,4,docs/research/distributor_regional_audits/edistribucion_local_exception_hunt_by_dataset/aragon.csv;docs/research/distributor_regional_audits/edistribucion_local_exception_hunt_v1024.csv;docs/research/distributor_regional_audits/remaining_regional_distributor_candidates_v1023.csv;docs/research/distributor_regional_audits/remaining_regional_review_queue_by_dataset/aragon.csv,needs_municipal_primary_source,no,La presencia regional de e-distribución no prueba la distribuidora concreta de este municipio.
aragon,municipality:zaragoza::manchones,Manchones,Zaragoza,wave_1,"E-Distribución Redes Digitales, S.L.U.",,regional_context_only,edistribucion_aragon_official,4,docs/research/distributor_regional_audits/edistribucion_local_exception_hunt_by_dataset/aragon.csv;docs/research/distributor_regional_audits/edistribucion_local_exception_hunt_v1024.csv;docs/research/distributor_regional_audits/remaining_regional_distributor_candidates_v1023.csv;docs/research/distributor_regional_audits/remaining_regional_review_queue_by_dataset/aragon.csv,needs_municipal_primary_source,no,La presencia regional de e-distribución no prueba la distribuidora concreta de este municipio.
aragon,municipality:zaragoza::mara,Mara,Zaragoza,wave_1,"E-Distribución Redes Digitales, S.L.U.",,regional_context_only,edistribucion_aragon_official,4,docs/research/distributor_regional_audits/edistribucion_local_exception_hunt_by_dataset/aragon.csv;docs/research/distributor_regional_audits/edistribucion_local_exception_hunt_v1024.csv;docs/research/distributor_regional_audits/remaining_regional_distributor_candidates_v1023.csv;docs/research/distributor_regional_audits/remaining_regional_review_queue_by_dataset/aragon.csv,needs_municipal_primary_source,no,La presencia regional de e-distribución no prueba la distribuidora concreta de este municipio.
aragon,municipality:zaragoza::marracos,Marracos,Zaragoza,wave_1,"E-Distribución Redes Digitales, S.L.U.",,regional_context_only,edistribucion_aragon_official,4,docs/research/distributor_regional_audits/edistribucion_local_exception_hunt_by_dataset/aragon.csv;docs/research/distributor_regional_audits/edistribucion_local_exception_hunt_v1024.csv;docs/research/distributor_regional_audits/remaining_regional_distributor_candidates_v1023.csv;docs/research/distributor_regional_audits/remaining_regional_review_queue_by_dataset/aragon.csv,needs_municipal_primary_source,no,La presencia regional de e-distribución no prueba la distribuidora concreta de este municipio.
aragon,municipality:zaragoza::maria_de_huerva,María de Huerva,Zaragoza,wave_1,"E-Distribución Redes Digitales, S.L.U.",,regional_context_only,edistribucion_aragon_official,4,docs/research/distributor_regional_audits/edistribucion_local_exception_hunt_by_dataset/aragon.csv;docs/research/distributor_regional_audits/edistribucion_local_exception_hunt_v1024.csv;docs/research/distributor_regional_audits/remaining_regional_distributor_candidates_v1023.csv;docs/research/distributor_regional_audits/remaining_regional_review_queue_by_dataset/aragon.csv,needs_municipal_primary_source,no,La presencia regional de e-distribución no prueba la distribuidora concreta de este municipio.
aragon,municipality:zaragoza::mediana_de_aragon,Mediana de Aragón,Zaragoza,wave_1,"E-Distribución Redes Digitales, S.L.U.",,regional_context_only,edistribucion_aragon_official,4,docs/research/distributor_regional_audits/edistribucion_local_exception_hunt_by_dataset/aragon.csv;docs/research/distributor_regional_audits/edistribucion_local_exception_hunt_v1024.csv;docs/research/distributor_regional_audits/remaining_regional_distributor_candidates_v1023.csv;docs/research/distributor_regional_audits/remaining_regional_review_queue_by_dataset/aragon.csv,needs_municipal_primary_source,no,La presencia regional de e-distribución no prueba la distribuidora concreta de este municipio.
aragon,municipality:zaragoza::mequinenza,Mequinenza,Zaragoza,wave_1,"E-Distribución Redes Digitales, S.L.U.",,regional_context_only,edistribucion_aragon_official,4,docs/research/distributor_regional_audits/edistribucion_local_exception_hunt_by_dataset/aragon.csv;docs/research/distributor_regional_audits/edistribucion_local_exception_hunt_v1024.csv;docs/research/distributor_regional_audits/remaining_regional_distributor_candidates_v1023.csv;docs/research/distributor_regional_audits/remaining_regional_review_queue_by_dataset/aragon.csv,needs_municipal_primary_source,no,La presencia regional de e-distribución no prueba la distribuidora concreta de este municipio.
aragon,municipality:zaragoza::mesones_de_isuela,Mesones de Isuela,Zaragoza,wave_1,"E-Distribución Redes Digitales, S.L.U.",,regional_context_only,edistribucion_aragon_official,4,docs/research/distributor_regional_audits/edistribucion_local_exception_hunt_by_dataset/aragon.csv;docs/research/distributor_regional_audits/edistribucion_local_exception_hunt_v1024.csv;docs/research/distributor_regional_audits/remaining_regional_distributor_candidates_v1023.csv;docs/research/distributor_regional_audits/remaining_regional_review_queue_by_dataset/aragon.csv,needs_municipal_primary_source,no,La presencia regional de e-distribución no prueba la distribuidora concreta de este municipio.
aragon,municipality:zaragoza::mezalocha,Mezalocha,Zaragoza,wave_1,"E-Distribución Redes Digitales, S.L.U.",,regional_context_only,edistribucion_aragon_official,4,docs/research/distributor_regional_audits/edistribucion_local_exception_hunt_by_dataset/aragon.csv;docs/research/distributor_regional_audits/edistribucion_local_exception_hunt_v1024.csv;docs/research/distributor_regional_audits/remaining_regional_distributor_candidates_v1023.csv;docs/research/distributor_regional_audits/remaining_regional_review_queue_by_dataset/aragon.csv,needs_municipal_primary_source,no,La presencia regional de e-distribución no prueba la distribuidora concreta de este municipio.
aragon,municipality:zaragoza::mianos,Mianos,Zaragoza,wave_1,"E-Distribución Redes Digitales, S.L.U.",,regional_context_only,edistribucion_aragon_official,4,docs/research/distributor_regional_audits/edistribucion_local_exception_hunt_by_dataset/aragon.csv;docs/research/distributor_regional_audits/edistribucion_local_exception_hunt_v1024.csv;docs/research/distributor_regional_audits/remaining_regional_distributor_candidates_v1023.csv;docs/research/distributor_regional_audits/remaining_regional_review_queue_by_dataset/aragon.csv,needs_municipal_primary_source,no,La presencia regional de e-distribución no prueba la distribuidora concreta de este municipio.
aragon,municipality:zaragoza::miedes_de_aragon,Miedes de Aragón,Zaragoza,wave_1,"E-Distribución Redes Digitales, S.L.U.",,regional_context_only,edistribucion_aragon_official,4,docs/research/distributor_regional_audits/edistribucion_local_exception_hunt_by_dataset/aragon.csv;docs/research/distributor_regional_audits/edistribucion_local_exception_hunt_v1024.csv;docs/research/distributor_regional_audits/remaining_regional_distributor_candidates_v1023.csv;docs/research/distributor_regional_audits/remaining_regional_review_queue_by_dataset/aragon.csv,needs_municipal_primary_source,no,La presencia regional de e-distribución no prueba la distribuidora concreta de este municipio.
aragon,municipality:zaragoza::monegrillo,Monegrillo,Zaragoza,wave_1,"E-Distribución Redes Digitales, S.L.U.",,regional_context_only,edistribucion_aragon_official,4,docs/research/distributor_regional_audits/edistribucion_local_exception_hunt_by_dataset/aragon.csv;docs/research/distributor_regional_audits/edistribucion_local_exception_hunt_v1024.csv;docs/research/distributor_regional_audits/remaining_regional_distributor_candidates_v1023.csv;docs/research/distributor_regional_audits/remaining_regional_review_queue_by_dataset/aragon.csv,needs_municipal_primary_source,no,La presencia regional de e-distribución no prueba la distribuidora concreta de este municipio.
aragon,municipality:zaragoza::moneva,Moneva,Zaragoza,wave_1,"E-Distribución Redes Digitales, S.L.U.",,regional_context_only,edistribucion_aragon_official,4,docs/research/distributor_regional_audits/edistribucion_local_exception_hunt_by_dataset/aragon.csv;docs/research/distributor_regional_audits/edistribucion_local_exception_hunt_v1024.csv;docs/research/distributor_regional_audits/remaining_regional_distributor_candidates_v1023.csv;docs/research/distributor_regional_audits/remaining_regional_review_queue_by_dataset/aragon.csv,needs_municipal_primary_source,no,La presencia regional de e-distribución no prueba la distribuidora concreta de este municipio.
aragon,municipality:zaragoza::monreal_de_ariza,Monreal de Ariza,Zaragoza,wave_1,"E-Distribución Redes Digitales, S.L.U.",,regional_context_only,edistribucion_aragon_official,4,docs/research/distributor_regional_audits/edistribucion_local_exception_hunt_by_dataset/aragon.csv;docs/research/distributor_regional_audits/edistribucion_local_exception_hunt_v1024.csv;docs/research/distributor_regional_audits/remaining_regional_distributor_candidates_v1023.csv;docs/research/distributor_regional_audits/remaining_regional_review_queue_by_dataset/aragon.csv,needs_municipal_primary_source,no,La presencia regional de e-distribución no prueba la distribuidora concreta de este municipio.
aragon,municipality:zaragoza::monterde,Monterde,Zaragoza,wave_1,"E-Distribución Redes Digitales, S.L.U.",,regional_context_only,edistribucion_aragon_official,4,docs/research/distributor_regional_audits/edistribucion_local_exception_hunt_by_dataset/aragon.csv;docs/research/distributor_regional_audits/edistribucion_local_exception_hunt_v1024.csv;docs/research/distributor_regional_audits/remaining_regional_distributor_candidates_v1023.csv;docs/research/distributor_regional_audits/remaining_regional_review_queue_by_dataset/aragon.csv,needs_municipal_primary_source,no,La presencia regional de e-distribución no prueba la distribuidora concreta de este municipio.
aragon,municipality:zaragoza::monton,Montón,Zaragoza,wave_1,"E-Distribución Redes Digitales, S.L.U.",,regional_context_only,edistribucion_aragon_official,4,docs/research/distributor_regional_audits/edistribucion_local_exception_hunt_by_dataset/aragon.csv;docs/research/distributor_regional_audits/edistribucion_local_exception_hunt_v1024.csv;docs/research/distributor_regional_audits/remaining_regional_distributor_candidates_v1023.csv;docs/research/distributor_regional_audits/remaining_regional_review_queue_by_dataset/aragon.csv,needs_municipal_primary_source,no,La presencia regional de e-distribución no prueba la distribuidora concreta de este municipio.
aragon,municipality:zaragoza::morata_de_jalon,Morata de Jalón,Zaragoza,wave_1,"E-Distribución Redes Digitales, S.L.U.",,regional_context_only,edistribucion_aragon_official,4,docs/research/distributor_regional_audits/edistribucion_local_exception_hunt_by_dataset/aragon.csv;docs/research/distributor_regional_audits/edistribucion_local_exception_hunt_v1024.csv;docs/research/distributor_regional_audits/remaining_regional_distributor_candidates_v1023.csv;docs/research/distributor_regional_audits/remaining_regional_review_queue_by_dataset/aragon.csv,needs_municipal_primary_source,no,La presencia regional de e-distribución no prueba la distribuidora concreta de este municipio.
aragon,municipality:zaragoza::morata_de_jiloca,Morata de Jiloca,Zaragoza,wave_1,"E-Distribución Redes Digitales, S.L.U.",,regional_context_only,edistribucion_aragon_official,4,docs/research/distributor_regional_audits/edistribucion_local_exception_hunt_by_dataset/aragon.csv;docs/research/distributor_regional_audits/edistribucion_local_exception_hunt_v1024.csv;docs/research/distributor_regional_audits/remaining_regional_distributor_candidates_v1023.csv;docs/research/distributor_regional_audits/remaining_regional_review_queue_by_dataset/aragon.csv,needs_municipal_primary_source,no,La presencia regional de e-distribución no prueba la distribuidora concreta de este municipio.
aragon,municipality:zaragoza::moros,Moros,Zaragoza,wave_1,"E-Distribución Redes Digitales, S.L.U.",,regional_context_only,edistribucion_aragon_official,4,docs/research/distributor_regional_audits/edistribucion_local_exception_hunt_by_dataset/aragon.csv;docs/research/distributor_regional_audits/edistribucion_local_exception_hunt_v1024.csv;docs/research/distributor_regional_audits/remaining_regional_distributor_candidates_v1023.csv;docs/research/distributor_regional_audits/remaining_regional_review_queue_by_dataset/aragon.csv,needs_municipal_primary_source,no,La presencia regional de e-distribución no prueba la distribuidora concreta de este municipio.
aragon,municipality:zaragoza::mores,Morés,Zaragoza,wave_1,"E-Distribución Redes Digitales, S.L.U.",,regional_context_only,edistribucion_aragon_official,4,docs/research/distributor_regional_audits/edistribucion_local_exception_hunt_by_dataset/aragon.csv;docs/research/distributor_regional_audits/edistribucion_local_exception_hunt_v1024.csv;docs/research/distributor_regional_audits/remaining_regional_distributor_candidates_v1023.csv;docs/research/distributor_regional_audits/remaining_regional_review_queue_by_dataset/aragon.csv,needs_municipal_primary_source,no,La presencia regional de e-distribución no prueba la distribuidora concreta de este municipio.
aragon,municipality:zaragoza::moyuela,Moyuela,Zaragoza,wave_1,"E-Distribución Redes Digitales, S.L.U.",,regional_context_only,edistribucion_aragon_official,4,docs/research/distributor_regional_audits/edistribucion_local_exception_hunt_by_dataset/aragon.csv;docs/research/distributor_regional_audits/edistribucion_local_exception_hunt_v1024.csv;docs/research/distributor_regional_audits/remaining_regional_distributor_candidates_v1023.csv;docs/research/distributor_regional_audits/remaining_regional_review_queue_by_dataset/aragon.csv,needs_municipal_primary_source,no,La presencia regional de e-distribución no prueba la distribuidora concreta de este municipio.
aragon,municipality:zaragoza::mozota,Mozota,Zaragoza,wave_1,"E-Distribución Redes Digitales, S.L.U.",,regional_context_only,edistribucion_aragon_official,4,docs/research/distributor_regional_audits/edistribucion_local_exception_hunt_by_dataset/aragon.csv;docs/research/distributor_regional_audits/edistribucion_local_exception_hunt_v1024.csv;docs/research/distributor_regional_audits/remaining_regional_distributor_candidates_v1023.csv;docs/research/distributor_regional_audits/remaining_regional_review_queue_by_dataset/aragon.csv,needs_municipal_primary_source,no,La presencia regional de e-distribución no prueba la distribuidora concreta de este municipio.
aragon,municipality:zaragoza::muel,Muel,Zaragoza,wave_1,"E-Distribución Redes Digitales, S.L.U.",,regional_context_only,edistribucion_aragon_official,4,docs/research/distributor_regional_audits/edistribucion_local_exception_hunt_by_dataset/aragon.csv;docs/research/distributor_regional_audits/edistribucion_local_exception_hunt_v1024.csv;docs/research/distributor_regional_audits/remaining_regional_distributor_candidates_v1023.csv;docs/research/distributor_regional_audits/remaining_regional_review_queue_by_dataset/aragon.csv,needs_municipal_primary_source,no,La presencia regional de e-distribución no prueba la distribuidora concreta de este municipio.
aragon,municipality:zaragoza::munebrega,Munébrega,Zaragoza,wave_1,"E-Distribución Redes Digitales, S.L.U.",,regional_context_only,edistribucion_aragon_official,4,docs/research/distributor_regional_audits/edistribucion_local_exception_hunt_by_dataset/aragon.csv;docs/research/distributor_regional_audits/edistribucion_local_exception_hunt_v1024.csv;docs/research/distributor_regional_audits/remaining_regional_distributor_candidates_v1023.csv;docs/research/distributor_regional_audits/remaining_regional_review_queue_by_dataset/aragon.csv,needs_municipal_primary_source,no,La presencia regional de e-distribución no prueba la distribuidora concreta de este municipio.
aragon,municipality:zaragoza::murero,Murero,Zaragoza,wave_1,"E-Distribución Redes Digitales, S.L.U.",,regional_context_only,edistribucion_aragon_official,4,docs/research/distributor_regional_audits/edistribucion_local_exception_hunt_by_dataset/aragon.csv;docs/research/distributor_regional_audits/edistribucion_local_exception_hunt_v1024.csv;docs/research/distributor_regional_audits/remaining_regional_distributor_candidates_v1023.csv;docs/research/distributor_regional_audits/remaining_regional_review_queue_by_dataset/aragon.csv,needs_municipal_primary_source,no,La presencia regional de e-distribución no prueba la distribuidora concreta de este municipio.
aragon,municipality:zaragoza::murillo_de_gallego,Murillo de Gállego,Zaragoza,wave_1,"E-Distribución Redes Digitales, S.L.U.",,regional_context_only,edistribucion_aragon_official,4,docs/research/distributor_regional_audits/edistribucion_local_exception_hunt_by_dataset/aragon.csv;docs/research/distributor_regional_audits/edistribucion_local_exception_hunt_v1024.csv;docs/research/distributor_regional_audits/remaining_regional_distributor_candidates_v1023.csv;docs/research/distributor_regional_audits/remaining_regional_review_queue_by_dataset/aragon.csv,needs_municipal_primary_source,no,La presencia regional de e-distribución no prueba la distribuidora concreta de este municipio.
aragon,municipality:zaragoza::navardun,Navardún,Zaragoza,wave_1,"E-Distribución Redes Digitales, S.L.U.",,regional_context_only,edistribucion_aragon_official,4,docs/research/distributor_regional_audits/edistribucion_local_exception_hunt_by_dataset/aragon.csv;docs/research/distributor_regional_audits/edistribucion_local_exception_hunt_v1024.csv;docs/research/distributor_regional_audits/remaining_regional_distributor_candidates_v1023.csv;docs/research/distributor_regional_audits/remaining_regional_review_queue_by_dataset/aragon.csv,needs_municipal_primary_source,no,La presencia regional de e-distribución no prueba la distribuidora concreta de este municipio.
aragon,municipality:zaragoza::niguella,Nigüella,Zaragoza,wave_1,"E-Distribución Redes Digitales, S.L.U.",,regional_context_only,edistribucion_aragon_official,4,docs/research/distributor_regional_audits/edistribucion_local_exception_hunt_by_dataset/aragon.csv;docs/research/distributor_regional_audits/edistribucion_local_exception_hunt_v1024.csv;docs/research/distributor_regional_audits/remaining_regional_distributor_candidates_v1023.csv;docs/research/distributor_regional_audits/remaining_regional_review_queue_by_dataset/aragon.csv,needs_municipal_primary_source,no,La presencia regional de e-distribución no prueba la distribuidora concreta de este municipio.
aragon,municipality:zaragoza::nombrevilla,Nombrevilla,Zaragoza,wave_1,"E-Distribución Redes Digitales, S.L.U.",,regional_context_only,edistribucion_aragon_official,4,docs/research/distributor_regional_audits/edistribucion_local_exception_hunt_by_dataset/aragon.csv;docs/research/distributor_regional_audits/edistribucion_local_exception_hunt_v1024.csv;docs/research/distributor_regional_audits/remaining_regional_distributor_candidates_v1023.csv;docs/research/distributor_regional_audits/remaining_regional_review_queue_by_dataset/aragon.csv,needs_municipal_primary_source,no,La presencia regional de e-distribución no prueba la distribuidora concreta de este municipio.
aragon,municipality:zaragoza::nonaspe,Nonaspe,Zaragoza,wave_1,"E-Distribución Redes Digitales, S.L.U.",,regional_context_only,edistribucion_aragon_official,4,docs/research/distributor_regional_audits/edistribucion_local_exception_hunt_by_dataset/aragon.csv;docs/research/distributor_regional_audits/edistribucion_local_exception_hunt_v1024.csv;docs/research/distributor_regional_audits/remaining_regional_distributor_candidates_v1023.csv;docs/research/distributor_regional_audits/remaining_regional_review_queue_by_dataset/aragon.csv,needs_municipal_primary_source,no,La presencia regional de e-distribución no prueba la distribuidora concreta de este municipio.
aragon,municipality:zaragoza::novallas,Novallas,Zaragoza,wave_1,"E-Distribución Redes Digitales, S.L.U.",,regional_context_only,edistribucion_aragon_official,4,docs/research/distributor_regional_audits/edistribucion_local_exception_hunt_by_dataset/aragon.csv;docs/research/distributor_regional_audits/edistribucion_local_exception_hunt_v1024.csv;docs/research/distributor_regional_audits/remaining_regional_distributor_candidates_v1023.csv;docs/research/distributor_regional_audits/remaining_regional_review_queue_by_dataset/aragon.csv,needs_municipal_primary_source,no,La presencia regional de e-distribución no prueba la distribuidora concreta de este municipio.
aragon,municipality:zaragoza::novillas,Novillas,Zaragoza,wave_1,"E-Distribución Redes Digitales, S.L.U.",,regional_context_only,edistribucion_aragon_official,4,docs/research/distributor_regional_audits/edistribucion_local_exception_hunt_by_dataset/aragon.csv;docs/research/distributor_regional_audits/edistribucion_local_exception_hunt_v1024.csv;docs/research/distributor_regional_audits/remaining_regional_distributor_candidates_v1023.csv;docs/research/distributor_regional_audits/remaining_regional_review_queue_by_dataset/aragon.csv,needs_municipal_primary_source,no,La presencia regional de e-distribución no prueba la distribuidora concreta de este municipio.
aragon,municipality:zaragoza::nuez_de_ebro,Nuez de Ebro,Zaragoza,wave_1,"E-Distribución Redes Digitales, S.L.U.",,regional_context_only,edistribucion_aragon_official,4,docs/research/distributor_regional_audits/edistribucion_local_exception_hunt_by_dataset/aragon.csv;docs/research/distributor_regional_audits/edistribucion_local_exception_hunt_v1024.csv;docs/research/distributor_regional_audits/remaining_regional_distributor_candidates_v1023.csv;docs/research/distributor_regional_audits/remaining_regional_review_queue_by_dataset/aragon.csv,needs_municipal_primary_source,no,La presencia regional de e-distribución no prueba la distribuidora concreta de este municipio.
aragon,municipality:zaragoza::nuevalos,Nuévalos,Zaragoza,wave_1,"E-Distribución Redes Digitales, S.L.U.",,regional_context_only,edistribucion_aragon_official,4,docs/research/distributor_regional_audits/edistribucion_local_exception_hunt_by_dataset/aragon.csv;docs/research/distributor_regional_audits/edistribucion_local_exception_hunt_v1024.csv;docs/research/distributor_regional_audits/remaining_regional_distributor_candidates_v1023.csv;docs/research/distributor_regional_audits/remaining_regional_review_queue_by_dataset/aragon.csv,needs_municipal_primary_source,no,La presencia regional de e-distribución no prueba la distribuidora concreta de este municipio.
aragon,municipality:zaragoza::olves,Olvés,Zaragoza,wave_1,"E-Distribución Redes Digitales, S.L.U.",,regional_context_only,edistribucion_aragon_official,4,docs/research/distributor_regional_audits/edistribucion_local_exception_hunt_by_dataset/aragon.csv;docs/research/distributor_regional_audits/edistribucion_local_exception_hunt_v1024.csv;docs/research/distributor_regional_audits/remaining_regional_distributor_candidates_v1023.csv;docs/research/distributor_regional_audits/remaining_regional_review_queue_by_dataset/aragon.csv,needs_municipal_primary_source,no,La presencia regional de e-distribución no prueba la distribuidora concreta de este municipio.
aragon,municipality:zaragoza::orcajo,Orcajo,Zaragoza,wave_1,"E-Distribución Redes Digitales, S.L.U.",,regional_context_only,edistribucion_aragon_official,4,docs/research/distributor_regional_audits/edistribucion_local_exception_hunt_by_dataset/aragon.csv;docs/research/distributor_regional_audits/edistribucion_local_exception_hunt_v1024.csv;docs/research/distributor_regional_audits/remaining_regional_distributor_candidates_v1023.csv;docs/research/distributor_regional_audits/remaining_regional_review_queue_by_dataset/aragon.csv,needs_municipal_primary_source,no,La presencia regional de e-distribución no prueba la distribuidora concreta de este municipio.
aragon,municipality:zaragoza::orera,Orera,Zaragoza,wave_1,"E-Distribución Redes Digitales, S.L.U.",,regional_context_only,edistribucion_aragon_official,4,docs/research/distributor_regional_audits/edistribucion_local_exception_hunt_by_dataset/aragon.csv;docs/research/distributor_regional_audits/edistribucion_local_exception_hunt_v1024.csv;docs/research/distributor_regional_audits/remaining_regional_distributor_candidates_v1023.csv;docs/research/distributor_regional_audits/remaining_regional_review_queue_by_dataset/aragon.csv,needs_municipal_primary_source,no,La presencia regional de e-distribución no prueba la distribuidora concreta de este municipio.
aragon,municipality:zaragoza::ores,Orés,Zaragoza,wave_1,"E-Distribución Redes Digitales, S.L.U.",,regional_context_only,edistribucion_aragon_official,4,docs/research/distributor_regional_audits/edistribucion_local_exception_hunt_by_dataset/aragon.csv;docs/research/distributor_regional_audits/edistribucion_local_exception_hunt_v1024.csv;docs/research/distributor_regional_audits/remaining_regional_distributor_candidates_v1023.csv;docs/research/distributor_regional_audits/remaining_regional_review_queue_by_dataset/aragon.csv,needs_municipal_primary_source,no,La presencia regional de e-distribución no prueba la distribuidora concreta de este municipio.
aragon,municipality:zaragoza::oseja,Oseja,Zaragoza,wave_1,"E-Distribución Redes Digitales, S.L.U.",,regional_context_only,edistribucion_aragon_official,4,docs/research/distributor_regional_audits/edistribucion_local_exception_hunt_by_dataset/aragon.csv;docs/research/distributor_regional_audits/edistribucion_local_exception_hunt_v1024.csv;docs/research/distributor_regional_audits/remaining_regional_distributor_candidates_v1023.csv;docs/research/distributor_regional_audits/remaining_regional_review_queue_by_dataset/aragon.csv,needs_municipal_primary_source,no,La presencia regional de e-distribución no prueba la distribuidora concreta de este municipio.
aragon,municipality:zaragoza::osera_de_ebro,Osera de Ebro,Zaragoza,wave_1,"E-Distribución Redes Digitales, S.L.U.",,regional_context_only,edistribucion_aragon_official,4,docs/research/distributor_regional_audits/edistribucion_local_exception_hunt_by_dataset/aragon.csv;docs/research/distributor_regional_audits/edistribucion_local_exception_hunt_v1024.csv;docs/research/distributor_regional_audits/remaining_regional_distributor_candidates_v1023.csv;docs/research/distributor_regional_audits/remaining_regional_review_queue_by_dataset/aragon.csv,needs_municipal_primary_source,no,La presencia regional de e-distribución no prueba la distribuidora concreta de este municipio.
aragon,municipality:zaragoza::paniza,Paniza,Zaragoza,wave_1,"E-Distribución Redes Digitales, S.L.U.",,regional_context_only,edistribucion_aragon_official,4,docs/research/distributor_regional_audits/edistribucion_local_exception_hunt_by_dataset/aragon.csv;docs/research/distributor_regional_audits/edistribucion_local_exception_hunt_v1024.csv;docs/research/distributor_regional_audits/remaining_regional_distributor_candidates_v1023.csv;docs/research/distributor_regional_audits/remaining_regional_review_queue_by_dataset/aragon.csv,needs_municipal_primary_source,no,La presencia regional de e-distribución no prueba la distribuidora concreta de este municipio.
aragon,municipality:zaragoza::paracuellos_de_jiloca,Paracuellos de Jiloca,Zaragoza,wave_1,"E-Distribución Redes Digitales, S.L.U.",,regional_context_only,edistribucion_aragon_official,4,docs/research/distributor_regional_audits/edistribucion_local_exception_hunt_by_dataset/aragon.csv;docs/research/distributor_regional_audits/edistribucion_local_exception_hunt_v1024.csv;docs/research/distributor_regional_audits/remaining_regional_distributor_candidates_v1023.csv;docs/research/distributor_regional_audits/remaining_regional_review_queue_by_dataset/aragon.csv,needs_municipal_primary_source,no,La presencia regional de e-distribución no prueba la distribuidora concreta de este municipio.
aragon,municipality:zaragoza::paracuellos_de_la_ribera,Paracuellos de la Ribera,Zaragoza,wave_1,"E-Distribución Redes Digitales, S.L.U.",,regional_context_only,edistribucion_aragon_official,4,docs/research/distributor_regional_audits/edistribucion_local_exception_hunt_by_dataset/aragon.csv;docs/research/distributor_regional_audits/edistribucion_local_exception_hunt_v1024.csv;docs/research/distributor_regional_audits/remaining_regional_distributor_candidates_v1023.csv;docs/research/distributor_regional_audits/remaining_regional_review_queue_by_dataset/aragon.csv,needs_municipal_primary_source,no,La presencia regional de e-distribución no prueba la distribuidora concreta de este municipio.
aragon,municipality:zaragoza::pastriz,Pastriz,Zaragoza,wave_1,"E-Distribución Redes Digitales, S.L.U.",,regional_context_only,edistribucion_aragon_official,4,docs/research/distributor_regional_audits/edistribucion_local_exception_hunt_by_dataset/aragon.csv;docs/research/distributor_regional_audits/edistribucion_local_exception_hunt_v1024.csv;docs/research/distributor_regional_audits/remaining_regional_distributor_candidates_v1023.csv;docs/research/distributor_regional_audits/remaining_regional_review_queue_by_dataset/aragon.csv,needs_municipal_primary_source,no,La presencia regional de e-distribución no prueba la distribuidora concreta de este municipio.
aragon,municipality:zaragoza::pedrola,Pedrola,Zaragoza,wave_1,"E-Distribución Redes Digitales, S.L.U.",,regional_context_only,edistribucion_aragon_official,4,docs/research/distributor_regional_audits/edistribucion_local_exception_hunt_by_dataset/aragon.csv;docs/research/distributor_regional_audits/edistribucion_local_exception_hunt_v1024.csv;docs/research/distributor_regional_audits/remaining_regional_distributor_candidates_v1023.csv;docs/research/distributor_regional_audits/remaining_regional_review_queue_by_dataset/aragon.csv,needs_municipal_primary_source,no,La presencia regional de e-distribución no prueba la distribuidora concreta de este municipio.
aragon,municipality:zaragoza::perdiguera,Perdiguera,Zaragoza,wave_1,"E-Distribución Redes Digitales, S.L.U.",,regional_context_only,edistribucion_aragon_official,4,docs/research/distributor_regional_audits/edistribucion_local_exception_hunt_by_dataset/aragon.csv;docs/research/distributor_regional_audits/edistribucion_local_exception_hunt_v1024.csv;docs/research/distributor_regional_audits/remaining_regional_distributor_candidates_v1023.csv;docs/research/distributor_regional_audits/remaining_regional_review_queue_by_dataset/aragon.csv,needs_municipal_primary_source,no,La presencia regional de e-distribución no prueba la distribuidora concreta de este municipio.
aragon,municipality:zaragoza::piedratajada,Piedratajada,Zaragoza,wave_1,"E-Distribución Redes Digitales, S.L.U.",,regional_context_only,edistribucion_aragon_official,4,docs/research/distributor_regional_audits/edistribucion_local_exception_hunt_by_dataset/aragon.csv;docs/research/distributor_regional_audits/edistribucion_local_exception_hunt_v1024.csv;docs/research/distributor_regional_audits/remaining_regional_distributor_candidates_v1023.csv;docs/research/distributor_regional_audits/remaining_regional_review_queue_by_dataset/aragon.csv,needs_municipal_primary_source,no,La presencia regional de e-distribución no prueba la distribuidora concreta de este municipio.
aragon,municipality:zaragoza::pina_de_ebro,Pina de Ebro,Zaragoza,wave_1,"E-Distribución Redes Digitales, S.L.U.",,regional_context_only,edistribucion_aragon_official,4,docs/research/distributor_regional_audits/edistribucion_local_exception_hunt_by_dataset/aragon.csv;docs/research/distributor_regional_audits/edistribucion_local_exception_hunt_v1024.csv;docs/research/distributor_regional_audits/remaining_regional_distributor_candidates_v1023.csv;docs/research/distributor_regional_audits/remaining_regional_review_queue_by_dataset/aragon.csv,needs_municipal_primary_source,no,La presencia regional de e-distribución no prueba la distribuidora concreta de este municipio.
aragon,municipality:zaragoza::pinseque,Pinseque,Zaragoza,wave_1,"E-Distribución Redes Digitales, S.L.U.",,regional_context_only,edistribucion_aragon_official,4,docs/research/distributor_regional_audits/edistribucion_local_exception_hunt_by_dataset/aragon.csv;docs/research/distributor_regional_audits/edistribucion_local_exception_hunt_v1024.csv;docs/research/distributor_regional_audits/remaining_regional_distributor_candidates_v1023.csv;docs/research/distributor_regional_audits/remaining_regional_review_queue_by_dataset/aragon.csv,needs_municipal_primary_source,no,La presencia regional de e-distribución no prueba la distribuidora concreta de este municipio.
aragon,municipality:zaragoza::plasencia_de_jalon,Plasencia de Jalón,Zaragoza,wave_1,"E-Distribución Redes Digitales, S.L.U.",,regional_context_only,edistribucion_aragon_official,4,docs/research/distributor_regional_audits/edistribucion_local_exception_hunt_by_dataset/aragon.csv;docs/research/distributor_regional_audits/edistribucion_local_exception_hunt_v1024.csv;docs/research/distributor_regional_audits/remaining_regional_distributor_candidates_v1023.csv;docs/research/distributor_regional_audits/remaining_regional_review_queue_by_dataset/aragon.csv,needs_municipal_primary_source,no,La presencia regional de e-distribución no prueba la distribuidora concreta de este municipio.
aragon,municipality:zaragoza::pleitas,Pleitas,Zaragoza,wave_1,"E-Distribución Redes Digitales, S.L.U.",,regional_context_only,edistribucion_aragon_official,4,docs/research/distributor_regional_audits/edistribucion_local_exception_hunt_by_dataset/aragon.csv;docs/research/distributor_regional_audits/edistribucion_local_exception_hunt_v1024.csv;docs/research/distributor_regional_audits/remaining_regional_distributor_candidates_v1023.csv;docs/research/distributor_regional_audits/remaining_regional_review_queue_by_dataset/aragon.csv,needs_municipal_primary_source,no,La presencia regional de e-distribución no prueba la distribuidora concreta de este municipio.
aragon,municipality:zaragoza::plenas,Plenas,Zaragoza,wave_1,"E-Distribución Redes Digitales, S.L.U.",,regional_context_only,edistribucion_aragon_official,4,docs/research/distributor_regional_audits/edistribucion_local_exception_hunt_by_dataset/aragon.csv;docs/research/distributor_regional_audits/edistribucion_local_exception_hunt_v1024.csv;docs/research/distributor_regional_audits/remaining_regional_distributor_candidates_v1023.csv;docs/research/distributor_regional_audits/remaining_regional_review_queue_by_dataset/aragon.csv,needs_municipal_primary_source,no,La presencia regional de e-distribución no prueba la distribuidora concreta de este municipio.
aragon,municipality:zaragoza::pomer,Pomer,Zaragoza,wave_1,"E-Distribución Redes Digitales, S.L.U.",,regional_context_only,edistribucion_aragon_official,4,docs/research/distributor_regional_audits/edistribucion_local_exception_hunt_by_dataset/aragon.csv;docs/research/distributor_regional_audits/edistribucion_local_exception_hunt_v1024.csv;docs/research/distributor_regional_audits/remaining_regional_distributor_candidates_v1023.csv;docs/research/distributor_regional_audits/remaining_regional_review_queue_by_dataset/aragon.csv,needs_municipal_primary_source,no,La presencia regional de e-distribución no prueba la distribuidora concreta de este municipio.
aragon,municipality:zaragoza::pozuel_de_ariza,Pozuel de Ariza,Zaragoza,wave_1,"E-Distribución Redes Digitales, S.L.U.",,regional_context_only,edistribucion_aragon_official,4,docs/research/distributor_regional_audits/edistribucion_local_exception_hunt_by_dataset/aragon.csv;docs/research/distributor_regional_audits/edistribucion_local_exception_hunt_v1024.csv;docs/research/distributor_regional_audits/remaining_regional_distributor_candidates_v1023.csv;docs/research/distributor_regional_audits/remaining_regional_review_queue_by_dataset/aragon.csv,needs_municipal_primary_source,no,La presencia regional de e-distribución no prueba la distribuidora concreta de este municipio.
aragon,municipality:zaragoza::pozuelo_de_aragon,Pozuelo de Aragón,Zaragoza,wave_1,"E-Distribución Redes Digitales, S.L.U.",,regional_context_only,edistribucion_aragon_official,4,docs/research/distributor_regional_audits/edistribucion_local_exception_hunt_by_dataset/aragon.csv;docs/research/distributor_regional_audits/edistribucion_local_exception_hunt_v1024.csv;docs/research/distributor_regional_audits/remaining_regional_distributor_candidates_v1023.csv;docs/research/distributor_regional_audits/remaining_regional_review_queue_by_dataset/aragon.csv,needs_municipal_primary_source,no,La presencia regional de e-distribución no prueba la distribuidora concreta de este municipio.
aragon,municipality:zaragoza::pradilla_de_ebro,Pradilla de Ebro,Zaragoza,wave_1,"E-Distribución Redes Digitales, S.L.U.",,regional_context_only,edistribucion_aragon_official,4,docs/research/distributor_regional_audits/edistribucion_local_exception_hunt_by_dataset/aragon.csv;docs/research/distributor_regional_audits/edistribucion_local_exception_hunt_v1024.csv;docs/research/distributor_regional_audits/remaining_regional_distributor_candidates_v1023.csv;docs/research/distributor_regional_audits/remaining_regional_review_queue_by_dataset/aragon.csv,needs_municipal_primary_source,no,La presencia regional de e-distribución no prueba la distribuidora concreta de este municipio.
aragon,municipality:zaragoza::puebla_de_alborton,Puebla de Albortón,Zaragoza,wave_1,"E-Distribución Redes Digitales, S.L.U.",,regional_context_only,edistribucion_aragon_official,4,docs/research/distributor_regional_audits/edistribucion_local_exception_hunt_by_dataset/aragon.csv;docs/research/distributor_regional_audits/edistribucion_local_exception_hunt_v1024.csv;docs/research/distributor_regional_audits/remaining_regional_distributor_candidates_v1023.csv;docs/research/distributor_regional_audits/remaining_regional_review_queue_by_dataset/aragon.csv,needs_municipal_primary_source,no,La presencia regional de e-distribución no prueba la distribuidora concreta de este municipio.
aragon,municipality:zaragoza::puendeluna,Puendeluna,Zaragoza,wave_1,"E-Distribución Redes Digitales, S.L.U.",,regional_context_only,edistribucion_aragon_official,4,docs/research/distributor_regional_audits/edistribucion_local_exception_hunt_by_dataset/aragon.csv;docs/research/distributor_regional_audits/edistribucion_local_exception_hunt_v1024.csv;docs/research/distributor_regional_audits/remaining_regional_distributor_candidates_v1023.csv;docs/research/distributor_regional_audits/remaining_regional_review_queue_by_dataset/aragon.csv,needs_municipal_primary_source,no,La presencia regional de e-distribución no prueba la distribuidora concreta de este municipio.
aragon,municipality:zaragoza::purujosa,Purujosa,Zaragoza,wave_1,"E-Distribución Redes Digitales, S.L.U.",,regional_context_only,edistribucion_aragon_official,4,docs/research/distributor_regional_audits/edistribucion_local_exception_hunt_by_dataset/aragon.csv;docs/research/distributor_regional_audits/edistribucion_local_exception_hunt_v1024.csv;docs/research/distributor_regional_audits/remaining_regional_distributor_candidates_v1023.csv;docs/research/distributor_regional_audits/remaining_regional_review_queue_by_dataset/aragon.csv,needs_municipal_primary_source,no,La presencia regional de e-distribución no prueba la distribuidora concreta de este municipio.
aragon,municipality:zaragoza::quinto,Quinto,Zaragoza,wave_1,"E-Distribución Redes Digitales, S.L.U.",,regional_context_only,edistribucion_aragon_official,4,docs/research/distributor_regional_audits/edistribucion_local_exception_hunt_by_dataset/aragon.csv;docs/research/distributor_regional_audits/edistribucion_local_exception_hunt_v1024.csv;docs/research/distributor_regional_audits/remaining_regional_distributor_candidates_v1023.csv;docs/research/distributor_regional_audits/remaining_regional_review_queue_by_dataset/aragon.csv,needs_municipal_primary_source,no,La presencia regional de e-distribución no prueba la distribuidora concreta de este municipio.
aragon,municipality:zaragoza::remolinos,Remolinos,Zaragoza,wave_1,"E-Distribución Redes Digitales, S.L.U.",,regional_context_only,edistribucion_aragon_official,4,docs/research/distributor_regional_audits/edistribucion_local_exception_hunt_by_dataset/aragon.csv;docs/research/distributor_regional_audits/edistribucion_local_exception_hunt_v1024.csv;docs/research/distributor_regional_audits/remaining_regional_distributor_candidates_v1023.csv;docs/research/distributor_regional_audits/remaining_regional_review_queue_by_dataset/aragon.csv,needs_municipal_primary_source,no,La presencia regional de e-distribución no prueba la distribuidora concreta de este municipio.
aragon,municipality:zaragoza::retascon,Retascón,Zaragoza,wave_1,"E-Distribución Redes Digitales, S.L.U.",,regional_context_only,edistribucion_aragon_official,4,docs/research/distributor_regional_audits/edistribucion_local_exception_hunt_by_dataset/aragon.csv;docs/research/distributor_regional_audits/edistribucion_local_exception_hunt_v1024.csv;docs/research/distributor_regional_audits/remaining_regional_distributor_candidates_v1023.csv;docs/research/distributor_regional_audits/remaining_regional_review_queue_by_dataset/aragon.csv,needs_municipal_primary_source,no,La presencia regional de e-distribución no prueba la distribuidora concreta de este municipio.
aragon,municipality:zaragoza::ricla,Ricla,Zaragoza,wave_1,"E-Distribución Redes Digitales, S.L.U.",,regional_context_only,edistribucion_aragon_official,4,docs/research/distributor_regional_audits/edistribucion_local_exception_hunt_by_dataset/aragon.csv;docs/research/distributor_regional_audits/edistribucion_local_exception_hunt_v1024.csv;docs/research/distributor_regional_audits/remaining_regional_distributor_candidates_v1023.csv;docs/research/distributor_regional_audits/remaining_regional_review_queue_by_dataset/aragon.csv,needs_municipal_primary_source,no,La presencia regional de e-distribución no prueba la distribuidora concreta de este municipio.
aragon,municipality:zaragoza::romanos,Romanos,Zaragoza,wave_1,"E-Distribución Redes Digitales, S.L.U.",,regional_context_only,edistribucion_aragon_official,4,docs/research/distributor_regional_audits/edistribucion_local_exception_hunt_by_dataset/aragon.csv;docs/research/distributor_regional_audits/edistribucion_local_exception_hunt_v1024.csv;docs/research/distributor_regional_audits/remaining_regional_distributor_candidates_v1023.csv;docs/research/distributor_regional_audits/remaining_regional_review_queue_by_dataset/aragon.csv,needs_municipal_primary_source,no,La presencia regional de e-distribución no prueba la distribuidora concreta de este municipio.
aragon,municipality:zaragoza::rueda_de_jalon,Rueda de Jalón,Zaragoza,wave_1,"E-Distribución Redes Digitales, S.L.U.",,regional_context_only,edistribucion_aragon_official,4,docs/research/distributor_regional_audits/edistribucion_local_exception_hunt_by_dataset/aragon.csv;docs/research/distributor_regional_audits/edistribucion_local_exception_hunt_v1024.csv;docs/research/distributor_regional_audits/remaining_regional_distributor_candidates_v1023.csv;docs/research/distributor_regional_audits/remaining_regional_review_queue_by_dataset/aragon.csv,needs_municipal_primary_source,no,La presencia regional de e-distribución no prueba la distribuidora concreta de este municipio.
aragon,municipality:zaragoza::ruesca,Ruesca,Zaragoza,wave_1,"E-Distribución Redes Digitales, S.L.U.",,regional_context_only,edistribucion_aragon_official,4,docs/research/distributor_regional_audits/edistribucion_local_exception_hunt_by_dataset/aragon.csv;docs/research/distributor_regional_audits/edistribucion_local_exception_hunt_v1024.csv;docs/research/distributor_regional_audits/remaining_regional_distributor_candidates_v1023.csv;docs/research/distributor_regional_audits/remaining_regional_review_queue_by_dataset/aragon.csv,needs_municipal_primary_source,no,La presencia regional de e-distribución no prueba la distribuidora concreta de este municipio.
aragon,municipality:zaragoza::sabinan,Sabiñán,Zaragoza,wave_1,"E-Distribución Redes Digitales, S.L.U.",,regional_context_only,edistribucion_aragon_official,4,docs/research/distributor_regional_audits/edistribucion_local_exception_hunt_by_dataset/aragon.csv;docs/research/distributor_regional_audits/edistribucion_local_exception_hunt_v1024.csv;docs/research/distributor_regional_audits/remaining_regional_distributor_candidates_v1023.csv;docs/research/distributor_regional_audits/remaining_regional_review_queue_by_dataset/aragon.csv,needs_municipal_primary_source,no,La presencia regional de e-distribución no prueba la distribuidora concreta de este municipio.
aragon,municipality:zaragoza::salillas_de_jalon,Salillas de Jalón,Zaragoza,wave_1,"E-Distribución Redes Digitales, S.L.U.",,regional_context_only,edistribucion_aragon_official,4,docs/research/distributor_regional_audits/edistribucion_local_exception_hunt_by_dataset/aragon.csv;docs/research/distributor_regional_audits/edistribucion_local_exception_hunt_v1024.csv;docs/research/distributor_regional_audits/remaining_regional_distributor_candidates_v1023.csv;docs/research/distributor_regional_audits/remaining_regional_review_queue_by_dataset/aragon.csv,needs_municipal_primary_source,no,La presencia regional de e-distribución no prueba la distribuidora concreta de este municipio.
aragon,municipality:zaragoza::salvatierra_de_esca,Salvatierra de Esca,Zaragoza,wave_1,"E-Distribución Redes Digitales, S.L.U.",,regional_context_only,edistribucion_aragon_official,4,docs/research/distributor_regional_audits/edistribucion_local_exception_hunt_by_dataset/aragon.csv;docs/research/distributor_regional_audits/edistribucion_local_exception_hunt_v1024.csv;docs/research/distributor_regional_audits/remaining_regional_distributor_candidates_v1023.csv;docs/research/distributor_regional_audits/remaining_regional_review_queue_by_dataset/aragon.csv,needs_municipal_primary_source,no,La presencia regional de e-distribución no prueba la distribuidora concreta de este municipio.
aragon,municipality:zaragoza::samper_del_salz,Samper del Salz,Zaragoza,wave_1,"E-Distribución Redes Digitales, S.L.U.",,regional_context_only,edistribucion_aragon_official,4,docs/research/distributor_regional_audits/edistribucion_local_exception_hunt_by_dataset/aragon.csv;docs/research/distributor_regional_audits/edistribucion_local_exception_hunt_v1024.csv;docs/research/distributor_regional_audits/remaining_regional_distributor_candidates_v1023.csv;docs/research/distributor_regional_audits/remaining_regional_review_queue_by_dataset/aragon.csv,needs_municipal_primary_source,no,La presencia regional de e-distribución no prueba la distribuidora concreta de este municipio.
aragon,municipality:zaragoza::san_martin_de_la_virgen_de_moncayo,San Martín de la Virgen de Moncayo,Zaragoza,wave_1,"E-Distribución Redes Digitales, S.L.U.",,regional_context_only,edistribucion_aragon_official,4,docs/research/distributor_regional_audits/edistribucion_local_exception_hunt_by_dataset/aragon.csv;docs/research/distributor_regional_audits/edistribucion_local_exception_hunt_v1024.csv;docs/research/distributor_regional_audits/remaining_regional_distributor_candidates_v1023.csv;docs/research/distributor_regional_audits/remaining_regional_review_queue_by_dataset/aragon.csv,needs_municipal_primary_source,no,La presencia regional de e-distribución no prueba la distribuidora concreta de este municipio.
aragon,municipality:zaragoza::san_mateo_de_gallego,San Mateo de Gállego,Zaragoza,wave_1,"E-Distribución Redes Digitales, S.L.U.",,regional_context_only,edistribucion_aragon_official,4,docs/research/distributor_regional_audits/edistribucion_local_exception_hunt_by_dataset/aragon.csv;docs/research/distributor_regional_audits/edistribucion_local_exception_hunt_v1024.csv;docs/research/distributor_regional_audits/remaining_regional_distributor_candidates_v1023.csv;docs/research/distributor_regional_audits/remaining_regional_review_queue_by_dataset/aragon.csv,needs_municipal_primary_source,no,La presencia regional de e-distribución no prueba la distribuidora concreta de este municipio.
aragon,municipality:zaragoza::santa_cruz_de_grio,Santa Cruz de Grío,Zaragoza,wave_1,"E-Distribución Redes Digitales, S.L.U.",,regional_context_only,edistribucion_aragon_official,4,docs/research/distributor_regional_audits/edistribucion_local_exception_hunt_by_dataset/aragon.csv;docs/research/distributor_regional_audits/edistribucion_local_exception_hunt_v1024.csv;docs/research/distributor_regional_audits/remaining_regional_distributor_candidates_v1023.csv;docs/research/distributor_regional_audits/remaining_regional_review_queue_by_dataset/aragon.csv,needs_municipal_primary_source,no,La presencia regional de e-distribución no prueba la distribuidora concreta de este municipio.
aragon,municipality:zaragoza::santa_cruz_de_moncayo,Santa Cruz de Moncayo,Zaragoza,wave_1,"E-Distribución Redes Digitales, S.L.U.",,regional_context_only,edistribucion_aragon_official,4,docs/research/distributor_regional_audits/edistribucion_local_exception_hunt_by_dataset/aragon.csv;docs/research/distributor_regional_audits/edistribucion_local_exception_hunt_v1024.csv;docs/research/distributor_regional_audits/remaining_regional_distributor_candidates_v1023.csv;docs/research/distributor_regional_audits/remaining_regional_review_queue_by_dataset/aragon.csv,needs_municipal_primary_source,no,La presencia regional de e-distribución no prueba la distribuidora concreta de este municipio.
aragon,municipality:zaragoza::santa_eulalia_de_gallego,Santa Eulalia de Gállego,Zaragoza,wave_1,"E-Distribución Redes Digitales, S.L.U.",,regional_context_only,edistribucion_aragon_official,4,docs/research/distributor_regional_audits/edistribucion_local_exception_hunt_by_dataset/aragon.csv;docs/research/distributor_regional_audits/edistribucion_local_exception_hunt_v1024.csv;docs/research/distributor_regional_audits/remaining_regional_distributor_candidates_v1023.csv;docs/research/distributor_regional_audits/remaining_regional_review_queue_by_dataset/aragon.csv,needs_municipal_primary_source,no,La presencia regional de e-distribución no prueba la distribuidora concreta de este municipio.
aragon,municipality:zaragoza::santed,Santed,Zaragoza,wave_1,"E-Distribución Redes Digitales, S.L.U.",,regional_context_only,edistribucion_aragon_official,4,docs/research/distributor_regional_audits/edistribucion_local_exception_hunt_by_dataset/aragon.csv;docs/research/distributor_regional_audits/edistribucion_local_exception_hunt_v1024.csv;docs/research/distributor_regional_audits/remaining_regional_distributor_candidates_v1023.csv;docs/research/distributor_regional_audits/remaining_regional_review_queue_by_dataset/aragon.csv,needs_municipal_primary_source,no,La presencia regional de e-distribución no prueba la distribuidora concreta de este municipio.
aragon,municipality:zaragoza::sediles,Sediles,Zaragoza,wave_1,"E-Distribución Redes Digitales, S.L.U.",,regional_context_only,edistribucion_aragon_official,4,docs/research/distributor_regional_audits/edistribucion_local_exception_hunt_by_dataset/aragon.csv;docs/research/distributor_regional_audits/edistribucion_local_exception_hunt_v1024.csv;docs/research/distributor_regional_audits/remaining_regional_distributor_candidates_v1023.csv;docs/research/distributor_regional_audits/remaining_regional_review_queue_by_dataset/aragon.csv,needs_municipal_primary_source,no,La presencia regional de e-distribución no prueba la distribuidora concreta de este municipio.
aragon,municipality:zaragoza::sestrica,Sestrica,Zaragoza,wave_1,"E-Distribución Redes Digitales, S.L.U.",,regional_context_only,edistribucion_aragon_official,4,docs/research/distributor_regional_audits/edistribucion_local_exception_hunt_by_dataset/aragon.csv;docs/research/distributor_regional_audits/edistribucion_local_exception_hunt_v1024.csv;docs/research/distributor_regional_audits/remaining_regional_distributor_candidates_v1023.csv;docs/research/distributor_regional_audits/remaining_regional_review_queue_by_dataset/aragon.csv,needs_municipal_primary_source,no,La presencia regional de e-distribución no prueba la distribuidora concreta de este municipio.
aragon,municipality:zaragoza::sierra_de_luna,Sierra de Luna,Zaragoza,wave_1,"E-Distribución Redes Digitales, S.L.U.",,regional_context_only,edistribucion_aragon_official,4,docs/research/distributor_regional_audits/edistribucion_local_exception_hunt_by_dataset/aragon.csv;docs/research/distributor_regional_audits/edistribucion_local_exception_hunt_v1024.csv;docs/research/distributor_regional_audits/remaining_regional_distributor_candidates_v1023.csv;docs/research/distributor_regional_audits/remaining_regional_review_queue_by_dataset/aragon.csv,needs_municipal_primary_source,no,La presencia regional de e-distribución no prueba la distribuidora concreta de este municipio.
aragon,municipality:zaragoza::sigues,Sigüés,Zaragoza,wave_1,"E-Distribución Redes Digitales, S.L.U.",,regional_context_only,edistribucion_aragon_official,4,docs/research/distributor_regional_audits/edistribucion_local_exception_hunt_by_dataset/aragon.csv;docs/research/distributor_regional_audits/edistribucion_local_exception_hunt_v1024.csv;docs/research/distributor_regional_audits/remaining_regional_distributor_candidates_v1023.csv;docs/research/distributor_regional_audits/remaining_regional_review_queue_by_dataset/aragon.csv,needs_municipal_primary_source,no,La presencia regional de e-distribución no prueba la distribuidora concreta de este municipio.
aragon,municipality:zaragoza::sisamon,Sisamón,Zaragoza,wave_1,"E-Distribución Redes Digitales, S.L.U.",,regional_context_only,edistribucion_aragon_official,4,docs/research/distributor_regional_audits/edistribucion_local_exception_hunt_by_dataset/aragon.csv;docs/research/distributor_regional_audits/edistribucion_local_exception_hunt_v1024.csv;docs/research/distributor_regional_audits/remaining_regional_distributor_candidates_v1023.csv;docs/research/distributor_regional_audits/remaining_regional_review_queue_by_dataset/aragon.csv,needs_municipal_primary_source,no,La presencia regional de e-distribución no prueba la distribuidora concreta de este municipio.
aragon,municipality:zaragoza::sobradiel,Sobradiel,Zaragoza,wave_1,"E-Distribución Redes Digitales, S.L.U.",,regional_context_only,edistribucion_aragon_official,4,docs/research/distributor_regional_audits/edistribucion_local_exception_hunt_by_dataset/aragon.csv;docs/research/distributor_regional_audits/edistribucion_local_exception_hunt_v1024.csv;docs/research/distributor_regional_audits/remaining_regional_distributor_candidates_v1023.csv;docs/research/distributor_regional_audits/remaining_regional_review_queue_by_dataset/aragon.csv,needs_municipal_primary_source,no,La presencia regional de e-distribución no prueba la distribuidora concreta de este municipio.
aragon,municipality:zaragoza::sos_del_rey_catolico,Sos del Rey Católico,Zaragoza,wave_1,"E-Distribución Redes Digitales, S.L.U.",,regional_context_only,edistribucion_aragon_official,4,docs/research/distributor_regional_audits/edistribucion_local_exception_hunt_by_dataset/aragon.csv;docs/research/distributor_regional_audits/edistribucion_local_exception_hunt_v1024.csv;docs/research/distributor_regional_audits/remaining_regional_distributor_candidates_v1023.csv;docs/research/distributor_regional_audits/remaining_regional_review_queue_by_dataset/aragon.csv,needs_municipal_primary_source,no,La presencia regional de e-distribución no prueba la distribuidora concreta de este municipio.
aragon,municipality:zaragoza::sadaba,Sádaba,Zaragoza,wave_1,"E-Distribución Redes Digitales, S.L.U.",,regional_context_only,edistribucion_aragon_official,4,docs/research/distributor_regional_audits/edistribucion_local_exception_hunt_by_dataset/aragon.csv;docs/research/distributor_regional_audits/edistribucion_local_exception_hunt_v1024.csv;docs/research/distributor_regional_audits/remaining_regional_distributor_candidates_v1023.csv;docs/research/distributor_regional_audits/remaining_regional_review_queue_by_dataset/aragon.csv,needs_municipal_primary_source,no,La presencia regional de e-distribución no prueba la distribuidora concreta de este municipio.
aragon,municipality:zaragoza::sastago,Sástago,Zaragoza,wave_1,"E-Distribución Redes Digitales, S.L.U.",,regional_context_only,edistribucion_aragon_official,4,docs/research/distributor_regional_audits/edistribucion_local_exception_hunt_by_dataset/aragon.csv;docs/research/distributor_regional_audits/edistribucion_local_exception_hunt_v1024.csv;docs/research/distributor_regional_audits/remaining_regional_distributor_candidates_v1023.csv;docs/research/distributor_regional_audits/remaining_regional_review_queue_by_dataset/aragon.csv,needs_municipal_primary_source,no,La presencia regional de e-distribución no prueba la distribuidora concreta de este municipio.
aragon,municipality:zaragoza::tabuenca,Tabuenca,Zaragoza,wave_1,"E-Distribución Redes Digitales, S.L.U.",,regional_context_only,edistribucion_aragon_official,4,docs/research/distributor_regional_audits/edistribucion_local_exception_hunt_by_dataset/aragon.csv;docs/research/distributor_regional_audits/edistribucion_local_exception_hunt_v1024.csv;docs/research/distributor_regional_audits/remaining_regional_distributor_candidates_v1023.csv;docs/research/distributor_regional_audits/remaining_regional_review_queue_by_dataset/aragon.csv,needs_municipal_primary_source,no,La presencia regional de e-distribución no prueba la distribuidora concreta de este municipio.
aragon,municipality:zaragoza::talamantes,Talamantes,Zaragoza,wave_1,"E-Distribución Redes Digitales, S.L.U.",,regional_context_only,edistribucion_aragon_official,4,docs/research/distributor_regional_audits/edistribucion_local_exception_hunt_by_dataset/aragon.csv;docs/research/distributor_regional_audits/edistribucion_local_exception_hunt_v1024.csv;docs/research/distributor_regional_audits/remaining_regional_distributor_candidates_v1023.csv;docs/research/distributor_regional_audits/remaining_regional_review_queue_by_dataset/aragon.csv,needs_municipal_primary_source,no,La presencia regional de e-distribución no prueba la distribuidora concreta de este municipio.
aragon,municipality:zaragoza::tarazona,Tarazona,Zaragoza,wave_1,"E-Distribución Redes Digitales, S.L.U.",,regional_context_only,edistribucion_aragon_official,4,docs/research/distributor_regional_audits/edistribucion_local_exception_hunt_by_dataset/aragon.csv;docs/research/distributor_regional_audits/edistribucion_local_exception_hunt_v1024.csv;docs/research/distributor_regional_audits/remaining_regional_distributor_candidates_v1023.csv;docs/research/distributor_regional_audits/remaining_regional_review_queue_by_dataset/aragon.csv,needs_municipal_primary_source,no,La presencia regional de e-distribución no prueba la distribuidora concreta de este municipio.
aragon,municipality:zaragoza::tauste,Tauste,Zaragoza,wave_1,"E-Distribución Redes Digitales, S.L.U.",,regional_context_only,edistribucion_aragon_official,4,docs/research/distributor_regional_audits/edistribucion_local_exception_hunt_by_dataset/aragon.csv;docs/research/distributor_regional_audits/edistribucion_local_exception_hunt_v1024.csv;docs/research/distributor_regional_audits/remaining_regional_distributor_candidates_v1023.csv;docs/research/distributor_regional_audits/remaining_regional_review_queue_by_dataset/aragon.csv,needs_municipal_primary_source,no,La presencia regional de e-distribución no prueba la distribuidora concreta de este municipio.
aragon,municipality:zaragoza::terrer,Terrer,Zaragoza,wave_1,"E-Distribución Redes Digitales, S.L.U.",,regional_context_only,edistribucion_aragon_official,4,docs/research/distributor_regional_audits/edistribucion_local_exception_hunt_by_dataset/aragon.csv;docs/research/distributor_regional_audits/edistribucion_local_exception_hunt_v1024.csv;docs/research/distributor_regional_audits/remaining_regional_distributor_candidates_v1023.csv;docs/research/distributor_regional_audits/remaining_regional_review_queue_by_dataset/aragon.csv,needs_municipal_primary_source,no,La presencia regional de e-distribución no prueba la distribuidora concreta de este municipio.
aragon,municipality:zaragoza::tierga,Tierga,Zaragoza,wave_1,"E-Distribución Redes Digitales, S.L.U.",,regional_context_only,edistribucion_aragon_official,4,docs/research/distributor_regional_audits/edistribucion_local_exception_hunt_by_dataset/aragon.csv;docs/research/distributor_regional_audits/edistribucion_local_exception_hunt_v1024.csv;docs/research/distributor_regional_audits/remaining_regional_distributor_candidates_v1023.csv;docs/research/distributor_regional_audits/remaining_regional_review_queue_by_dataset/aragon.csv,needs_municipal_primary_source,no,La presencia regional de e-distribución no prueba la distribuidora concreta de este municipio.
aragon,municipality:zaragoza::tobed,Tobed,Zaragoza,wave_1,"E-Distribución Redes Digitales, S.L.U.",,regional_context_only,edistribucion_aragon_official,4,docs/research/distributor_regional_audits/edistribucion_local_exception_hunt_by_dataset/aragon.csv;docs/research/distributor_regional_audits/edistribucion_local_exception_hunt_v1024.csv;docs/research/distributor_regional_audits/remaining_regional_distributor_candidates_v1023.csv;docs/research/distributor_regional_audits/remaining_regional_review_queue_by_dataset/aragon.csv,needs_municipal_primary_source,no,La presencia regional de e-distribución no prueba la distribuidora concreta de este municipio.
aragon,municipality:zaragoza::torralba_de_ribota,Torralba de Ribota,Zaragoza,wave_1,"E-Distribución Redes Digitales, S.L.U.",,regional_context_only,edistribucion_aragon_official,4,docs/research/distributor_regional_audits/edistribucion_local_exception_hunt_by_dataset/aragon.csv;docs/research/distributor_regional_audits/edistribucion_local_exception_hunt_v1024.csv;docs/research/distributor_regional_audits/remaining_regional_distributor_candidates_v1023.csv;docs/research/distributor_regional_audits/remaining_regional_review_queue_by_dataset/aragon.csv,needs_municipal_primary_source,no,La presencia regional de e-distribución no prueba la distribuidora concreta de este municipio.
aragon,municipality:zaragoza::torralba_de_los_frailes,Torralba de los Frailes,Zaragoza,wave_1,"E-Distribución Redes Digitales, S.L.U.",,regional_context_only,edistribucion_aragon_official,4,docs/research/distributor_regional_audits/edistribucion_local_exception_hunt_by_dataset/aragon.csv;docs/research/distributor_regional_audits/edistribucion_local_exception_hunt_v1024.csv;docs/research/distributor_regional_audits/remaining_regional_distributor_candidates_v1023.csv;docs/research/distributor_regional_audits/remaining_regional_review_queue_by_dataset/aragon.csv,needs_municipal_primary_source,no,La presencia regional de e-distribución no prueba la distribuidora concreta de este municipio.
aragon,municipality:zaragoza::torralbilla,Torralbilla,Zaragoza,wave_1,"E-Distribución Redes Digitales, S.L.U.",,regional_context_only,edistribucion_aragon_official,4,docs/research/distributor_regional_audits/edistribucion_local_exception_hunt_by_dataset/aragon.csv;docs/research/distributor_regional_audits/edistribucion_local_exception_hunt_v1024.csv;docs/research/distributor_regional_audits/remaining_regional_distributor_candidates_v1023.csv;docs/research/distributor_regional_audits/remaining_regional_review_queue_by_dataset/aragon.csv,needs_municipal_primary_source,no,La presencia regional de e-distribución no prueba la distribuidora concreta de este municipio.
aragon,municipality:zaragoza::torrehermosa,Torrehermosa,Zaragoza,wave_1,"E-Distribución Redes Digitales, S.L.U.",,regional_context_only,edistribucion_aragon_official,4,docs/research/distributor_regional_audits/edistribucion_local_exception_hunt_by_dataset/aragon.csv;docs/research/distributor_regional_audits/edistribucion_local_exception_hunt_v1024.csv;docs/research/distributor_regional_audits/remaining_regional_distributor_candidates_v1023.csv;docs/research/distributor_regional_audits/remaining_regional_review_queue_by_dataset/aragon.csv,needs_municipal_primary_source,no,La presencia regional de e-distribución no prueba la distribuidora concreta de este municipio.
aragon,municipality:zaragoza::torrelapaja,Torrelapaja,Zaragoza,wave_1,"E-Distribución Redes Digitales, S.L.U.",,regional_context_only,edistribucion_aragon_official,4,docs/research/distributor_regional_audits/edistribucion_local_exception_hunt_by_dataset/aragon.csv;docs/research/distributor_regional_audits/edistribucion_local_exception_hunt_v1024.csv;docs/research/distributor_regional_audits/remaining_regional_distributor_candidates_v1023.csv;docs/research/distributor_regional_audits/remaining_regional_review_queue_by_dataset/aragon.csv,needs_municipal_primary_source,no,La presencia regional de e-distribución no prueba la distribuidora concreta de este municipio.
aragon,municipality:zaragoza::torrellas,Torrellas,Zaragoza,wave_1,"E-Distribución Redes Digitales, S.L.U.",,regional_context_only,edistribucion_aragon_official,4,docs/research/distributor_regional_audits/edistribucion_local_exception_hunt_by_dataset/aragon.csv;docs/research/distributor_regional_audits/edistribucion_local_exception_hunt_v1024.csv;docs/research/distributor_regional_audits/remaining_regional_distributor_candidates_v1023.csv;docs/research/distributor_regional_audits/remaining_regional_review_queue_by_dataset/aragon.csv,needs_municipal_primary_source,no,La presencia regional de e-distribución no prueba la distribuidora concreta de este municipio.
aragon,municipality:zaragoza::torres_de_berrellen,Torres de Berrellén,Zaragoza,wave_1,"E-Distribución Redes Digitales, S.L.U.",,regional_context_only,edistribucion_aragon_official,4,docs/research/distributor_regional_audits/edistribucion_local_exception_hunt_by_dataset/aragon.csv;docs/research/distributor_regional_audits/edistribucion_local_exception_hunt_v1024.csv;docs/research/distributor_regional_audits/remaining_regional_distributor_candidates_v1023.csv;docs/research/distributor_regional_audits/remaining_regional_review_queue_by_dataset/aragon.csv,needs_municipal_primary_source,no,La presencia regional de e-distribución no prueba la distribuidora concreta de este municipio.
aragon,municipality:zaragoza::torrijo_de_la_canada,Torrijo de la Cañada,Zaragoza,wave_1,"E-Distribución Redes Digitales, S.L.U.",,regional_context_only,edistribucion_aragon_official,4,docs/research/distributor_regional_audits/edistribucion_local_exception_hunt_by_dataset/aragon.csv;docs/research/distributor_regional_audits/edistribucion_local_exception_hunt_v1024.csv;docs/research/distributor_regional_audits/remaining_regional_distributor_candidates_v1023.csv;docs/research/distributor_regional_audits/remaining_regional_review_queue_by_dataset/aragon.csv,needs_municipal_primary_source,no,La presencia regional de e-distribución no prueba la distribuidora concreta de este municipio.
aragon,municipality:zaragoza::tosos,Tosos,Zaragoza,wave_1,"E-Distribución Redes Digitales, S.L.U.",,regional_context_only,edistribucion_aragon_official,4,docs/research/distributor_regional_audits/edistribucion_local_exception_hunt_by_dataset/aragon.csv;docs/research/distributor_regional_audits/edistribucion_local_exception_hunt_v1024.csv;docs/research/distributor_regional_audits/remaining_regional_distributor_candidates_v1023.csv;docs/research/distributor_regional_audits/remaining_regional_review_queue_by_dataset/aragon.csv,needs_municipal_primary_source,no,La presencia regional de e-distribución no prueba la distribuidora concreta de este municipio.
aragon,municipality:zaragoza::trasmoz,Trasmoz,Zaragoza,wave_1,"E-Distribución Redes Digitales, S.L.U.",,regional_context_only,edistribucion_aragon_official,4,docs/research/distributor_regional_audits/edistribucion_local_exception_hunt_by_dataset/aragon.csv;docs/research/distributor_regional_audits/edistribucion_local_exception_hunt_v1024.csv;docs/research/distributor_regional_audits/remaining_regional_distributor_candidates_v1023.csv;docs/research/distributor_regional_audits/remaining_regional_review_queue_by_dataset/aragon.csv,needs_municipal_primary_source,no,La presencia regional de e-distribución no prueba la distribuidora concreta de este municipio.
aragon,municipality:zaragoza::trasobares,Trasobares,Zaragoza,wave_1,"E-Distribución Redes Digitales, S.L.U.",,regional_context_only,edistribucion_aragon_official,4,docs/research/distributor_regional_audits/edistribucion_local_exception_hunt_by_dataset/aragon.csv;docs/research/distributor_regional_audits/edistribucion_local_exception_hunt_v1024.csv;docs/research/distributor_regional_audits/remaining_regional_distributor_candidates_v1023.csv;docs/research/distributor_regional_audits/remaining_regional_review_queue_by_dataset/aragon.csv,needs_municipal_primary_source,no,La presencia regional de e-distribución no prueba la distribuidora concreta de este municipio.
aragon,municipality:zaragoza::uncastillo,Uncastillo,Zaragoza,wave_1,"E-Distribución Redes Digitales, S.L.U.",,regional_context_only,edistribucion_aragon_official,4,docs/research/distributor_regional_audits/edistribucion_local_exception_hunt_by_dataset/aragon.csv;docs/research/distributor_regional_audits/edistribucion_local_exception_hunt_v1024.csv;docs/research/distributor_regional_audits/remaining_regional_distributor_candidates_v1023.csv;docs/research/distributor_regional_audits/remaining_regional_review_queue_by_dataset/aragon.csv,needs_municipal_primary_source,no,La presencia regional de e-distribución no prueba la distribuidora concreta de este municipio.
aragon,municipality:zaragoza::undues_de_lerda,Undués de Lerda,Zaragoza,wave_1,"E-Distribución Redes Digitales, S.L.U.",,regional_context_only,edistribucion_aragon_official,4,docs/research/distributor_regional_audits/edistribucion_local_exception_hunt_by_dataset/aragon.csv;docs/research/distributor_regional_audits/edistribucion_local_exception_hunt_v1024.csv;docs/research/distributor_regional_audits/remaining_regional_distributor_candidates_v1023.csv;docs/research/distributor_regional_audits/remaining_regional_review_queue_by_dataset/aragon.csv,needs_municipal_primary_source,no,La presencia regional de e-distribución no prueba la distribuidora concreta de este municipio.
aragon,municipality:zaragoza::urrea_de_jalon,Urrea de Jalón,Zaragoza,wave_1,"E-Distribución Redes Digitales, S.L.U.",,regional_context_only,edistribucion_aragon_official,4,docs/research/distributor_regional_audits/edistribucion_local_exception_hunt_by_dataset/aragon.csv;docs/research/distributor_regional_audits/edistribucion_local_exception_hunt_v1024.csv;docs/research/distributor_regional_audits/remaining_regional_distributor_candidates_v1023.csv;docs/research/distributor_regional_audits/remaining_regional_review_queue_by_dataset/aragon.csv,needs_municipal_primary_source,no,La presencia regional de e-distribución no prueba la distribuidora concreta de este municipio.
aragon,municipality:zaragoza::urries,Urriés,Zaragoza,wave_1,"E-Distribución Redes Digitales, S.L.U.",,regional_context_only,edistribucion_aragon_official,4,docs/research/distributor_regional_audits/edistribucion_local_exception_hunt_by_dataset/aragon.csv;docs/research/distributor_regional_audits/edistribucion_local_exception_hunt_v1024.csv;docs/research/distributor_regional_audits/remaining_regional_distributor_candidates_v1023.csv;docs/research/distributor_regional_audits/remaining_regional_review_queue_by_dataset/aragon.csv,needs_municipal_primary_source,no,La presencia regional de e-distribución no prueba la distribuidora concreta de este municipio.
aragon,municipality:zaragoza::used,Used,Zaragoza,wave_1,"E-Distribución Redes Digitales, S.L.U.",,regional_context_only,edistribucion_aragon_official,4,docs/research/distributor_regional_audits/edistribucion_local_exception_hunt_by_dataset/aragon.csv;docs/research/distributor_regional_audits/edistribucion_local_exception_hunt_v1024.csv;docs/research/distributor_regional_audits/remaining_regional_distributor_candidates_v1023.csv;docs/research/distributor_regional_audits/remaining_regional_review_queue_by_dataset/aragon.csv,needs_municipal_primary_source,no,La presencia regional de e-distribución no prueba la distribuidora concreta de este municipio.
aragon,municipality:zaragoza::utebo,Utebo,Zaragoza,wave_1,"E-Distribución Redes Digitales, S.L.U.",,regional_context_only,edistribucion_aragon_official,4,docs/research/distributor_regional_audits/edistribucion_local_exception_hunt_by_dataset/aragon.csv;docs/research/distributor_regional_audits/edistribucion_local_exception_hunt_v1024.csv;docs/research/distributor_regional_audits/remaining_regional_distributor_candidates_v1023.csv;docs/research/distributor_regional_audits/remaining_regional_review_queue_by_dataset/aragon.csv,needs_municipal_primary_source,no,La presencia regional de e-distribución no prueba la distribuidora concreta de este municipio.
aragon,municipality:zaragoza::val_de_san_martin,Val de San Martín,Zaragoza,wave_1,"E-Distribución Redes Digitales, S.L.U.",,regional_context_only,edistribucion_aragon_official,4,docs/research/distributor_regional_audits/edistribucion_local_exception_hunt_by_dataset/aragon.csv;docs/research/distributor_regional_audits/edistribucion_local_exception_hunt_v1024.csv;docs/research/distributor_regional_audits/remaining_regional_distributor_candidates_v1023.csv;docs/research/distributor_regional_audits/remaining_regional_review_queue_by_dataset/aragon.csv,needs_municipal_primary_source,no,La presencia regional de e-distribución no prueba la distribuidora concreta de este municipio.
aragon,municipality:zaragoza::valdehorna,Valdehorna,Zaragoza,wave_1,"E-Distribución Redes Digitales, S.L.U.",,regional_context_only,edistribucion_aragon_official,4,docs/research/distributor_regional_audits/edistribucion_local_exception_hunt_by_dataset/aragon.csv;docs/research/distributor_regional_audits/edistribucion_local_exception_hunt_v1024.csv;docs/research/distributor_regional_audits/remaining_regional_distributor_candidates_v1023.csv;docs/research/distributor_regional_audits/remaining_regional_review_queue_by_dataset/aragon.csv,needs_municipal_primary_source,no,La presencia regional de e-distribución no prueba la distribuidora concreta de este municipio.
aragon,municipality:zaragoza::valmadrid,Valmadrid,Zaragoza,wave_1,"E-Distribución Redes Digitales, S.L.U.",,regional_context_only,edistribucion_aragon_official,4,docs/research/distributor_regional_audits/edistribucion_local_exception_hunt_by_dataset/aragon.csv;docs/research/distributor_regional_audits/edistribucion_local_exception_hunt_v1024.csv;docs/research/distributor_regional_audits/remaining_regional_distributor_candidates_v1023.csv;docs/research/distributor_regional_audits/remaining_regional_review_queue_by_dataset/aragon.csv,needs_municipal_primary_source,no,La presencia regional de e-distribución no prueba la distribuidora concreta de este municipio.
aragon,municipality:zaragoza::valpalmas,Valpalmas,Zaragoza,wave_1,"E-Distribución Redes Digitales, S.L.U.",,regional_context_only,edistribucion_aragon_official,4,docs/research/distributor_regional_audits/edistribucion_local_exception_hunt_by_dataset/aragon.csv;docs/research/distributor_regional_audits/edistribucion_local_exception_hunt_v1024.csv;docs/research/distributor_regional_audits/remaining_regional_distributor_candidates_v1023.csv;docs/research/distributor_regional_audits/remaining_regional_review_queue_by_dataset/aragon.csv,needs_municipal_primary_source,no,La presencia regional de e-distribución no prueba la distribuidora concreta de este municipio.
aragon,municipality:zaragoza::valtorres,Valtorres,Zaragoza,wave_1,"E-Distribución Redes Digitales, S.L.U.",,regional_context_only,edistribucion_aragon_official,4,docs/research/distributor_regional_audits/edistribucion_local_exception_hunt_by_dataset/aragon.csv;docs/research/distributor_regional_audits/edistribucion_local_exception_hunt_v1024.csv;docs/research/distributor_regional_audits/remaining_regional_distributor_candidates_v1023.csv;docs/research/distributor_regional_audits/remaining_regional_review_queue_by_dataset/aragon.csv,needs_municipal_primary_source,no,La presencia regional de e-distribución no prueba la distribuidora concreta de este municipio.
aragon,municipality:zaragoza::velilla_de_ebro,Velilla de Ebro,Zaragoza,wave_1,"E-Distribución Redes Digitales, S.L.U.",,regional_context_only,edistribucion_aragon_official,4,docs/research/distributor_regional_audits/edistribucion_local_exception_hunt_by_dataset/aragon.csv;docs/research/distributor_regional_audits/edistribucion_local_exception_hunt_v1024.csv;docs/research/distributor_regional_audits/remaining_regional_distributor_candidates_v1023.csv;docs/research/distributor_regional_audits/remaining_regional_review_queue_by_dataset/aragon.csv,needs_municipal_primary_source,no,La presencia regional de e-distribución no prueba la distribuidora concreta de este municipio.
aragon,municipality:zaragoza::velilla_de_jiloca,Velilla de Jiloca,Zaragoza,wave_1,"E-Distribución Redes Digitales, S.L.U.",,regional_context_only,edistribucion_aragon_official,4,docs/research/distributor_regional_audits/edistribucion_local_exception_hunt_by_dataset/aragon.csv;docs/research/distributor_regional_audits/edistribucion_local_exception_hunt_v1024.csv;docs/research/distributor_regional_audits/remaining_regional_distributor_candidates_v1023.csv;docs/research/distributor_regional_audits/remaining_regional_review_queue_by_dataset/aragon.csv,needs_municipal_primary_source,no,La presencia regional de e-distribución no prueba la distribuidora concreta de este municipio.
aragon,municipality:zaragoza::vera_de_moncayo,Vera de Moncayo,Zaragoza,wave_1,"E-Distribución Redes Digitales, S.L.U.",,regional_context_only,edistribucion_aragon_official,4,docs/research/distributor_regional_audits/edistribucion_local_exception_hunt_by_dataset/aragon.csv;docs/research/distributor_regional_audits/edistribucion_local_exception_hunt_v1024.csv;docs/research/distributor_regional_audits/remaining_regional_distributor_candidates_v1023.csv;docs/research/distributor_regional_audits/remaining_regional_review_queue_by_dataset/aragon.csv,needs_municipal_primary_source,no,La presencia regional de e-distribución no prueba la distribuidora concreta de este municipio.
aragon,municipality:zaragoza::vierlas,Vierlas,Zaragoza,wave_1,"E-Distribución Redes Digitales, S.L.U.",,regional_context_only,edistribucion_aragon_official,4,docs/research/distributor_regional_audits/edistribucion_local_exception_hunt_by_dataset/aragon.csv;docs/research/distributor_regional_audits/edistribucion_local_exception_hunt_v1024.csv;docs/research/distributor_regional_audits/remaining_regional_distributor_candidates_v1023.csv;docs/research/distributor_regional_audits/remaining_regional_review_queue_by_dataset/aragon.csv,needs_municipal_primary_source,no,La presencia regional de e-distribución no prueba la distribuidora concreta de este municipio.
aragon,municipality:zaragoza::villadoz,Villadoz,Zaragoza,wave_1,"E-Distribución Redes Digitales, S.L.U.",,regional_context_only,edistribucion_aragon_official,4,docs/research/distributor_regional_audits/edistribucion_local_exception_hunt_by_dataset/aragon.csv;docs/research/distributor_regional_audits/edistribucion_local_exception_hunt_v1024.csv;docs/research/distributor_regional_audits/remaining_regional_distributor_candidates_v1023.csv;docs/research/distributor_regional_audits/remaining_regional_review_queue_by_dataset/aragon.csv,needs_municipal_primary_source,no,La presencia regional de e-distribución no prueba la distribuidora concreta de este municipio.
aragon,municipality:zaragoza::villafeliche,Villafeliche,Zaragoza,wave_1,"E-Distribución Redes Digitales, S.L.U.",,regional_context_only,edistribucion_aragon_official,4,docs/research/distributor_regional_audits/edistribucion_local_exception_hunt_by_dataset/aragon.csv;docs/research/distributor_regional_audits/edistribucion_local_exception_hunt_v1024.csv;docs/research/distributor_regional_audits/remaining_regional_distributor_candidates_v1023.csv;docs/research/distributor_regional_audits/remaining_regional_review_queue_by_dataset/aragon.csv,needs_municipal_primary_source,no,La presencia regional de e-distribución no prueba la distribuidora concreta de este municipio.
aragon,municipality:zaragoza::villafranca_de_ebro,Villafranca de Ebro,Zaragoza,wave_1,"E-Distribución Redes Digitales, S.L.U.",,regional_context_only,edistribucion_aragon_official,4,docs/research/distributor_regional_audits/edistribucion_local_exception_hunt_by_dataset/aragon.csv;docs/research/distributor_regional_audits/edistribucion_local_exception_hunt_v1024.csv;docs/research/distributor_regional_audits/remaining_regional_distributor_candidates_v1023.csv;docs/research/distributor_regional_audits/remaining_regional_review_queue_by_dataset/aragon.csv,needs_municipal_primary_source,no,La presencia regional de e-distribución no prueba la distribuidora concreta de este municipio.
aragon,municipality:zaragoza::villalba_de_perejil,Villalba de Perejil,Zaragoza,wave_1,"E-Distribución Redes Digitales, S.L.U.",,regional_context_only,edistribucion_aragon_official,4,docs/research/distributor_regional_audits/edistribucion_local_exception_hunt_by_dataset/aragon.csv;docs/research/distributor_regional_audits/edistribucion_local_exception_hunt_v1024.csv;docs/research/distributor_regional_audits/remaining_regional_distributor_candidates_v1023.csv;docs/research/distributor_regional_audits/remaining_regional_review_queue_by_dataset/aragon.csv,needs_municipal_primary_source,no,La presencia regional de e-distribución no prueba la distribuidora concreta de este municipio.
aragon,municipality:zaragoza::villalengua,Villalengua,Zaragoza,wave_1,"E-Distribución Redes Digitales, S.L.U.",,regional_context_only,edistribucion_aragon_official,4,docs/research/distributor_regional_audits/edistribucion_local_exception_hunt_by_dataset/aragon.csv;docs/research/distributor_regional_audits/edistribucion_local_exception_hunt_v1024.csv;docs/research/distributor_regional_audits/remaining_regional_distributor_candidates_v1023.csv;docs/research/distributor_regional_audits/remaining_regional_review_queue_by_dataset/aragon.csv,needs_municipal_primary_source,no,La presencia regional de e-distribución no prueba la distribuidora concreta de este municipio.
aragon,municipality:zaragoza::villamayor_de_gallego,Villamayor de Gállego,Zaragoza,wave_1,"E-Distribución Redes Digitales, S.L.U.",,regional_context_only,edistribucion_aragon_official,4,docs/research/distributor_regional_audits/edistribucion_local_exception_hunt_by_dataset/aragon.csv;docs/research/distributor_regional_audits/edistribucion_local_exception_hunt_v1024.csv;docs/research/distributor_regional_audits/remaining_regional_distributor_candidates_v1023.csv;docs/research/distributor_regional_audits/remaining_regional_review_queue_by_dataset/aragon.csv,needs_municipal_primary_source,no,La presencia regional de e-distribución no prueba la distribuidora concreta de este municipio.
aragon,municipality:zaragoza::villanueva_de_gallego,Villanueva de Gállego,Zaragoza,wave_1,"E-Distribución Redes Digitales, S.L.U.",,regional_context_only,edistribucion_aragon_official,4,docs/research/distributor_regional_audits/edistribucion_local_exception_hunt_by_dataset/aragon.csv;docs/research/distributor_regional_audits/edistribucion_local_exception_hunt_v1024.csv;docs/research/distributor_regional_audits/remaining_regional_distributor_candidates_v1023.csv;docs/research/distributor_regional_audits/remaining_regional_review_queue_by_dataset/aragon.csv,needs_municipal_primary_source,no,La presencia regional de e-distribución no prueba la distribuidora concreta de este municipio.
aragon,municipality:zaragoza::villanueva_de_huerva,Villanueva de Huerva,Zaragoza,wave_1,"E-Distribución Redes Digitales, S.L.U.",,regional_context_only,edistribucion_aragon_official,4,docs/research/distributor_regional_audits/edistribucion_local_exception_hunt_by_dataset/aragon.csv;docs/research/distributor_regional_audits/edistribucion_local_exception_hunt_v1024.csv;docs/research/distributor_regional_audits/remaining_regional_distributor_candidates_v1023.csv;docs/research/distributor_regional_audits/remaining_regional_review_queue_by_dataset/aragon.csv,needs_municipal_primary_source,no,La presencia regional de e-distribución no prueba la distribuidora concreta de este municipio.
aragon,municipality:zaragoza::villanueva_de_jiloca,Villanueva de Jiloca,Zaragoza,wave_1,"E-Distribución Redes Digitales, S.L.U.",,regional_context_only,edistribucion_aragon_official,4,docs/research/distributor_regional_audits/edistribucion_local_exception_hunt_by_dataset/aragon.csv;docs/research/distributor_regional_audits/edistribucion_local_exception_hunt_v1024.csv;docs/research/distributor_regional_audits/remaining_regional_distributor_candidates_v1023.csv;docs/research/distributor_regional_audits/remaining_regional_review_queue_by_dataset/aragon.csv,needs_municipal_primary_source,no,La presencia regional de e-distribución no prueba la distribuidora concreta de este municipio.
aragon,municipality:zaragoza::villar_de_los_navarros,Villar de los Navarros,Zaragoza,wave_1,"E-Distribución Redes Digitales, S.L.U.",,regional_context_only,edistribucion_aragon_official,4,docs/research/distributor_regional_audits/edistribucion_local_exception_hunt_by_dataset/aragon.csv;docs/research/distributor_regional_audits/edistribucion_local_exception_hunt_v1024.csv;docs/research/distributor_regional_audits/remaining_regional_distributor_candidates_v1023.csv;docs/research/distributor_regional_audits/remaining_regional_review_queue_by_dataset/aragon.csv,needs_municipal_primary_source,no,La presencia regional de e-distribución no prueba la distribuidora concreta de este municipio.
aragon,municipality:zaragoza::villarreal_de_huerva,Villarreal de Huerva,Zaragoza,wave_1,"E-Distribución Redes Digitales, S.L.U.",,regional_context_only,edistribucion_aragon_official,4,docs/research/distributor_regional_audits/edistribucion_local_exception_hunt_by_dataset/aragon.csv;docs/research/distributor_regional_audits/edistribucion_local_exception_hunt_v1024.csv;docs/research/distributor_regional_audits/remaining_regional_distributor_candidates_v1023.csv;docs/research/distributor_regional_audits/remaining_regional_review_queue_by_dataset/aragon.csv,needs_municipal_primary_source,no,La presencia regional de e-distribución no prueba la distribuidora concreta de este municipio.
aragon,municipality:zaragoza::villarroya_de_la_sierra,Villarroya de la Sierra,Zaragoza,wave_1,"E-Distribución Redes Digitales, S.L.U.",,regional_context_only,edistribucion_aragon_official,4,docs/research/distributor_regional_audits/edistribucion_local_exception_hunt_by_dataset/aragon.csv;docs/research/distributor_regional_audits/edistribucion_local_exception_hunt_v1024.csv;docs/research/distributor_regional_audits/remaining_regional_distributor_candidates_v1023.csv;docs/research/distributor_regional_audits/remaining_regional_review_queue_by_dataset/aragon.csv,needs_municipal_primary_source,no,La presencia regional de e-distribución no prueba la distribuidora concreta de este municipio.
aragon,municipality:zaragoza::villarroya_del_campo,Villarroya del Campo,Zaragoza,wave_1,"E-Distribución Redes Digitales, S.L.U.",,regional_context_only,edistribucion_aragon_official,4,docs/research/distributor_regional_audits/edistribucion_local_exception_hunt_by_dataset/aragon.csv;docs/research/distributor_regional_audits/edistribucion_local_exception_hunt_v1024.csv;docs/research/distributor_regional_audits/remaining_regional_distributor_candidates_v1023.csv;docs/research/distributor_regional_audits/remaining_regional_review_queue_by_dataset/aragon.csv,needs_municipal_primary_source,no,La presencia regional de e-distribución no prueba la distribuidora concreta de este municipio.
aragon,municipality:zaragoza::vistabella,Vistabella,Zaragoza,wave_1,"E-Distribución Redes Digitales, S.L.U.",,regional_context_only,edistribucion_aragon_official,4,docs/research/distributor_regional_audits/edistribucion_local_exception_hunt_by_dataset/aragon.csv;docs/research/distributor_regional_audits/edistribucion_local_exception_hunt_v1024.csv;docs/research/distributor_regional_audits/remaining_regional_distributor_candidates_v1023.csv;docs/research/distributor_regional_audits/remaining_regional_review_queue_by_dataset/aragon.csv,needs_municipal_primary_source,no,La presencia regional de e-distribución no prueba la distribuidora concreta de este municipio.
aragon,municipality:zaragoza::zaragoza,Zaragoza,Zaragoza,wave_1,"E-Distribución Redes Digitales, S.L.U.",,regional_context_only,edistribucion_aragon_official,4,docs/research/distributor_regional_audits/edistribucion_local_exception_hunt_by_dataset/aragon.csv;docs/research/distributor_regional_audits/edistribucion_local_exception_hunt_v1024.csv;docs/research/distributor_regional_audits/remaining_regional_distributor_candidates_v1023.csv;docs/research/distributor_regional_audits/remaining_regional_review_queue_by_dataset/aragon.csv,needs_municipal_primary_source,no,La presencia regional de e-distribución no prueba la distribuidora concreta de este municipio.
aragon,municipality:zaragoza::zuera,Zuera,Zaragoza,wave_1,"E-Distribución Redes Digitales, S.L.U.",,regional_context_only,edistribucion_aragon_official,4,docs/research/distributor_regional_audits/edistribucion_local_exception_hunt_by_dataset/aragon.csv;docs/research/distributor_regional_audits/edistribucion_local_exception_hunt_v1024.csv;docs/research/distributor_regional_audits/remaining_regional_distributor_candidates_v1023.csv;docs/research/distributor_regional_audits/remaining_regional_review_queue_by_dataset/aragon.csv,needs_municipal_primary_source,no,La presencia regional de e-distribución no prueba la distribuidora concreta de este municipio.
aragon,municipality:zaragoza::epila,Épila,Zaragoza,wave_1,"E-Distribución Redes Digitales, S.L.U.",,regional_context_only,edistribucion_aragon_official,4,docs/research/distributor_regional_audits/edistribucion_local_exception_hunt_by_dataset/aragon.csv;docs/research/distributor_regional_audits/edistribucion_local_exception_hunt_v1024.csv;docs/research/distributor_regional_audits/remaining_regional_distributor_candidates_v1023.csv;docs/research/distributor_regional_audits/remaining_regional_review_queue_by_dataset/aragon.csv,needs_municipal_primary_source,no,La presencia regional de e-distribución no prueba la distribuidora concreta de este municipio.
