dataset_id,municipio,province,zone_id,candidate_distributor,candidate_confidence,review_status,bulk_import_allowed,source_name,source_url,source_type,already_productive,notes
castilla_la_mancha,Valdesotos,Guadalajara,municipality:guadalajara::valdesotos,multi-distribuidora: requiere revisión,needs_municipal_review,multi_distributor_region_needs_municipal_review,no,UFD — presencia regional + herramientas oficiales de consulta,https://www.ufd.es/quienes-somos/,official_public_source_or_review_tool,no,"UFD declara presencia regional, pero la comunidad puede tener solapes. Revisión municipal/provincial obligatoria."
castilla_la_mancha,Alovera,Guadalajara,municipality:guadalajara::alovera,multi-distribuidora: requiere revisión,needs_municipal_review,multi_distributor_region_needs_municipal_review,no,UFD — presencia regional + herramientas oficiales de consulta,https://www.ufd.es/quienes-somos/,official_public_source_or_review_tool,no,"UFD declara presencia regional, pero la comunidad puede tener solapes. Revisión municipal/provincial obligatoria."
castilla_la_mancha,Polán,Toledo,municipality:toledo::polan,multi-distribuidora: requiere revisión,needs_municipal_review,multi_distributor_region_needs_municipal_review,no,UFD — presencia regional + herramientas oficiales de consulta,https://www.ufd.es/quienes-somos/,official_public_source_or_review_tool,no,"UFD declara presencia regional, pero la comunidad puede tener solapes. Revisión municipal/provincial obligatoria."
castilla_la_mancha,Cabezarados,Ciudad Real,municipality:ciudad_real::cabezarados,multi-distribuidora: requiere revisión,needs_municipal_review,multi_distributor_region_needs_municipal_review,no,UFD — presencia regional + herramientas oficiales de consulta,https://www.ufd.es/quienes-somos/,official_public_source_or_review_tool,no,"UFD declara presencia regional, pero la comunidad puede tener solapes. Revisión municipal/provincial obligatoria."
castilla_la_mancha,Ruidera,Ciudad Real,municipality:ciudad_real::ruidera,multi-distribuidora: requiere revisión,needs_municipal_review,multi_distributor_region_needs_municipal_review,no,UFD — presencia regional + herramientas oficiales de consulta,https://www.ufd.es/quienes-somos/,official_public_source_or_review_tool,no,"UFD declara presencia regional, pero la comunidad puede tener solapes. Revisión municipal/provincial obligatoria."
castilla_la_mancha,Alaminos,Guadalajara,municipality:guadalajara::alaminos,multi-distribuidora: requiere revisión,needs_municipal_review,multi_distributor_region_needs_municipal_review,no,UFD — presencia regional + herramientas oficiales de consulta,https://www.ufd.es/quienes-somos/,official_public_source_or_review_tool,no,"UFD declara presencia regional, pero la comunidad puede tener solapes. Revisión municipal/provincial obligatoria."
castilla_la_mancha,Heras de Ayuso,Guadalajara,municipality:guadalajara::heras_de_ayuso,multi-distribuidora: requiere revisión,needs_municipal_review,multi_distributor_region_needs_municipal_review,no,UFD — presencia regional + herramientas oficiales de consulta,https://www.ufd.es/quienes-somos/,official_public_source_or_review_tool,no,"UFD declara presencia regional, pero la comunidad puede tener solapes. Revisión municipal/provincial obligatoria."
castilla_la_mancha,Chillarón de Cuenca,Cuenca,municipality:cuenca::chillaron_de_cuenca,multi-distribuidora: requiere revisión,needs_municipal_review,multi_distributor_region_needs_municipal_review,no,UFD — presencia regional + herramientas oficiales de consulta,https://www.ufd.es/quienes-somos/,official_public_source_or_review_tool,no,"UFD declara presencia regional, pero la comunidad puede tener solapes. Revisión municipal/provincial obligatoria."
castilla_la_mancha,Masegoso,Albacete,municipality:albacete::masegoso,multi-distribuidora: requiere revisión,needs_municipal_review,multi_distributor_region_needs_municipal_review,no,UFD — presencia regional + herramientas oficiales de consulta,https://www.ufd.es/quienes-somos/,official_public_source_or_review_tool,no,"UFD declara presencia regional, pero la comunidad puede tener solapes. Revisión municipal/provincial obligatoria."
castilla_la_mancha,Monreal del Llano,Cuenca,municipality:cuenca::monreal_del_llano,multi-distribuidora: requiere revisión,needs_municipal_review,multi_distributor_region_needs_municipal_review,no,UFD — presencia regional + herramientas oficiales de consulta,https://www.ufd.es/quienes-somos/,official_public_source_or_review_tool,no,"UFD declara presencia regional, pero la comunidad puede tener solapes. Revisión municipal/provincial obligatoria."
castilla_la_mancha,Cebolla,Toledo,municipality:toledo::cebolla,multi-distribuidora: requiere revisión,needs_municipal_review,multi_distributor_region_needs_municipal_review,no,UFD — presencia regional + herramientas oficiales de consulta,https://www.ufd.es/quienes-somos/,official_public_source_or_review_tool,no,"UFD declara presencia regional, pero la comunidad puede tener solapes. Revisión municipal/provincial obligatoria."
castilla_la_mancha,Arroyo de las Fraguas,Guadalajara,municipality:guadalajara::arroyo_de_las_fraguas,multi-distribuidora: requiere revisión,needs_municipal_review,multi_distributor_region_needs_municipal_review,no,UFD — presencia regional + herramientas oficiales de consulta,https://www.ufd.es/quienes-somos/,official_public_source_or_review_tool,no,"UFD declara presencia regional, pero la comunidad puede tener solapes. Revisión municipal/provincial obligatoria."
castilla_la_mancha,Salmerón,Guadalajara,municipality:guadalajara::salmeron,multi-distribuidora: requiere revisión,needs_municipal_review,multi_distributor_region_needs_municipal_review,no,UFD — presencia regional + herramientas oficiales de consulta,https://www.ufd.es/quienes-somos/,official_public_source_or_review_tool,no,"UFD declara presencia regional, pero la comunidad puede tener solapes. Revisión municipal/provincial obligatoria."
castilla_la_mancha,Palomeque,Toledo,municipality:toledo::palomeque,multi-distribuidora: requiere revisión,needs_municipal_review,multi_distributor_region_needs_municipal_review,no,UFD — presencia regional + herramientas oficiales de consulta,https://www.ufd.es/quienes-somos/,official_public_source_or_review_tool,no,"UFD declara presencia regional, pero la comunidad puede tener solapes. Revisión municipal/provincial obligatoria."
castilla_la_mancha,Alcalá de la Vega,Cuenca,municipality:cuenca::alcala_de_la_vega,multi-distribuidora: requiere revisión,needs_municipal_review,multi_distributor_region_needs_municipal_review,no,UFD — presencia regional + herramientas oficiales de consulta,https://www.ufd.es/quienes-somos/,official_public_source_or_review_tool,no,"UFD declara presencia regional, pero la comunidad puede tener solapes. Revisión municipal/provincial obligatoria."
castilla_la_mancha,Ledanca,Guadalajara,municipality:guadalajara::ledanca,multi-distribuidora: requiere revisión,needs_municipal_review,multi_distributor_region_needs_municipal_review,no,UFD — presencia regional + herramientas oficiales de consulta,https://www.ufd.es/quienes-somos/,official_public_source_or_review_tool,no,"UFD declara presencia regional, pero la comunidad puede tener solapes. Revisión municipal/provincial obligatoria."
castilla_la_mancha,Membrillera,Guadalajara,municipality:guadalajara::membrillera,multi-distribuidora: requiere revisión,needs_municipal_review,multi_distributor_region_needs_municipal_review,no,UFD — presencia regional + herramientas oficiales de consulta,https://www.ufd.es/quienes-somos/,official_public_source_or_review_tool,no,"UFD declara presencia regional, pero la comunidad puede tener solapes. Revisión municipal/provincial obligatoria."
castilla_la_mancha,Bonete,Albacete,municipality:albacete::bonete,multi-distribuidora: requiere revisión,needs_municipal_review,multi_distributor_region_needs_municipal_review,no,UFD — presencia regional + herramientas oficiales de consulta,https://www.ufd.es/quienes-somos/,official_public_source_or_review_tool,no,"UFD declara presencia regional, pero la comunidad puede tener solapes. Revisión municipal/provincial obligatoria."
castilla_la_mancha,Alique,Guadalajara,municipality:guadalajara::alique,multi-distribuidora: requiere revisión,needs_municipal_review,multi_distributor_region_needs_municipal_review,no,UFD — presencia regional + herramientas oficiales de consulta,https://www.ufd.es/quienes-somos/,official_public_source_or_review_tool,no,"UFD declara presencia regional, pero la comunidad puede tener solapes. Revisión municipal/provincial obligatoria."
castilla_la_mancha,Mora,Toledo,municipality:toledo::mora,multi-distribuidora: requiere revisión,needs_municipal_review,multi_distributor_region_needs_municipal_review,no,UFD — presencia regional + herramientas oficiales de consulta,https://www.ufd.es/quienes-somos/,official_public_source_or_review_tool,no,"UFD declara presencia regional, pero la comunidad puede tener solapes. Revisión municipal/provincial obligatoria."
castilla_la_mancha,El Cubillo de Uceda,Guadalajara,municipality:guadalajara::el_cubillo_de_uceda,multi-distribuidora: requiere revisión,needs_municipal_review,multi_distributor_region_needs_municipal_review,no,UFD — presencia regional + herramientas oficiales de consulta,https://www.ufd.es/quienes-somos/,official_public_source_or_review_tool,no,"UFD declara presencia regional, pero la comunidad puede tener solapes. Revisión municipal/provincial obligatoria."
castilla_la_mancha,Retuerta del Bullaque,Ciudad Real,municipality:ciudad_real::retuerta_del_bullaque,multi-distribuidora: requiere revisión,needs_municipal_review,multi_distributor_region_needs_municipal_review,no,UFD — presencia regional + herramientas oficiales de consulta,https://www.ufd.es/quienes-somos/,official_public_source_or_review_tool,no,"UFD declara presencia regional, pero la comunidad puede tener solapes. Revisión municipal/provincial obligatoria."
castilla_la_mancha,Alcocer,Guadalajara,municipality:guadalajara::alcocer,multi-distribuidora: requiere revisión,needs_municipal_review,multi_distributor_region_needs_municipal_review,no,UFD — presencia regional + herramientas oficiales de consulta,https://www.ufd.es/quienes-somos/,official_public_source_or_review_tool,no,"UFD declara presencia regional, pero la comunidad puede tener solapes. Revisión municipal/provincial obligatoria."
castilla_la_mancha,Beamud,Cuenca,municipality:cuenca::beamud,multi-distribuidora: requiere revisión,needs_municipal_review,multi_distributor_region_needs_municipal_review,no,UFD — presencia regional + herramientas oficiales de consulta,https://www.ufd.es/quienes-somos/,official_public_source_or_review_tool,no,"UFD declara presencia regional, pero la comunidad puede tener solapes. Revisión municipal/provincial obligatoria."
castilla_la_mancha,Villarejo de Montalbán,Toledo,municipality:toledo::villarejo_de_montalban,multi-distribuidora: requiere revisión,needs_municipal_review,multi_distributor_region_needs_municipal_review,no,UFD — presencia regional + herramientas oficiales de consulta,https://www.ufd.es/quienes-somos/,official_public_source_or_review_tool,no,"UFD declara presencia regional, pero la comunidad puede tener solapes. Revisión municipal/provincial obligatoria."
castilla_la_mancha,Rada de Haro,Cuenca,municipality:cuenca::rada_de_haro,multi-distribuidora: requiere revisión,needs_municipal_review,multi_distributor_region_needs_municipal_review,no,UFD — presencia regional + herramientas oficiales de consulta,https://www.ufd.es/quienes-somos/,official_public_source_or_review_tool,no,"UFD declara presencia regional, pero la comunidad puede tener solapes. Revisión municipal/provincial obligatoria."
castilla_la_mancha,Guadalajara,Guadalajara,municipality:guadalajara::guadalajara,multi-distribuidora: requiere revisión,needs_municipal_review,multi_distributor_region_needs_municipal_review,no,UFD — presencia regional + herramientas oficiales de consulta,https://www.ufd.es/quienes-somos/,official_public_source_or_review_tool,no,"UFD declara presencia regional, pero la comunidad puede tener solapes. Revisión municipal/provincial obligatoria."
castilla_la_mancha,Muduex,Guadalajara,municipality:guadalajara::muduex,multi-distribuidora: requiere revisión,needs_municipal_review,multi_distributor_region_needs_municipal_review,no,UFD — presencia regional + herramientas oficiales de consulta,https://www.ufd.es/quienes-somos/,official_public_source_or_review_tool,no,"UFD declara presencia regional, pero la comunidad puede tener solapes. Revisión municipal/provincial obligatoria."
castilla_la_mancha,Pardos,Guadalajara,municipality:guadalajara::pardos,multi-distribuidora: requiere revisión,needs_municipal_review,multi_distributor_region_needs_municipal_review,no,UFD — presencia regional + herramientas oficiales de consulta,https://www.ufd.es/quienes-somos/,official_public_source_or_review_tool,no,"UFD declara presencia regional, pero la comunidad puede tener solapes. Revisión municipal/provincial obligatoria."
castilla_la_mancha,Cobeja,Toledo,municipality:toledo::cobeja,multi-distribuidora: requiere revisión,needs_municipal_review,multi_distributor_region_needs_municipal_review,no,UFD — presencia regional + herramientas oficiales de consulta,https://www.ufd.es/quienes-somos/,official_public_source_or_review_tool,no,"UFD declara presencia regional, pero la comunidad puede tener solapes. Revisión municipal/provincial obligatoria."
castilla_la_mancha,Cañada del Hoyo,Cuenca,municipality:cuenca::canada_del_hoyo,multi-distribuidora: requiere revisión,needs_municipal_review,multi_distributor_region_needs_municipal_review,no,UFD — presencia regional + herramientas oficiales de consulta,https://www.ufd.es/quienes-somos/,official_public_source_or_review_tool,no,"UFD declara presencia regional, pero la comunidad puede tener solapes. Revisión municipal/provincial obligatoria."
castilla_la_mancha,Chiloeches,Guadalajara,municipality:guadalajara::chiloeches,multi-distribuidora: requiere revisión,needs_municipal_review,multi_distributor_region_needs_municipal_review,no,UFD — presencia regional + herramientas oficiales de consulta,https://www.ufd.es/quienes-somos/,official_public_source_or_review_tool,no,"UFD declara presencia regional, pero la comunidad puede tener solapes. Revisión municipal/provincial obligatoria."
castilla_la_mancha,Sayatón,Guadalajara,municipality:guadalajara::sayaton,multi-distribuidora: requiere revisión,needs_municipal_review,multi_distributor_region_needs_municipal_review,no,UFD — presencia regional + herramientas oficiales de consulta,https://www.ufd.es/quienes-somos/,official_public_source_or_review_tool,no,"UFD declara presencia regional, pero la comunidad puede tener solapes. Revisión municipal/provincial obligatoria."
castilla_la_mancha,Arrancacepas,Cuenca,municipality:cuenca::arrancacepas,multi-distribuidora: requiere revisión,needs_municipal_review,multi_distributor_region_needs_municipal_review,no,UFD — presencia regional + herramientas oficiales de consulta,https://www.ufd.es/quienes-somos/,official_public_source_or_review_tool,no,"UFD declara presencia regional, pero la comunidad puede tener solapes. Revisión municipal/provincial obligatoria."
castilla_la_mancha,Orea,Guadalajara,municipality:guadalajara::orea,multi-distribuidora: requiere revisión,needs_municipal_review,multi_distributor_region_needs_municipal_review,no,UFD — presencia regional + herramientas oficiales de consulta,https://www.ufd.es/quienes-somos/,official_public_source_or_review_tool,no,"UFD declara presencia regional, pero la comunidad puede tener solapes. Revisión municipal/provincial obligatoria."
castilla_la_mancha,Cantalojas,Guadalajara,municipality:guadalajara::cantalojas,multi-distribuidora: requiere revisión,needs_municipal_review,multi_distributor_region_needs_municipal_review,no,UFD — presencia regional + herramientas oficiales de consulta,https://www.ufd.es/quienes-somos/,official_public_source_or_review_tool,no,"UFD declara presencia regional, pero la comunidad puede tener solapes. Revisión municipal/provincial obligatoria."
castilla_la_mancha,Lagartera,Toledo,municipality:toledo::lagartera,multi-distribuidora: requiere revisión,needs_municipal_review,multi_distributor_region_needs_municipal_review,no,UFD — presencia regional + herramientas oficiales de consulta,https://www.ufd.es/quienes-somos/,official_public_source_or_review_tool,no,"UFD declara presencia regional, pero la comunidad puede tener solapes. Revisión municipal/provincial obligatoria."
castilla_la_mancha,Palomera,Cuenca,municipality:cuenca::palomera,multi-distribuidora: requiere revisión,needs_municipal_review,multi_distributor_region_needs_municipal_review,no,UFD — presencia regional + herramientas oficiales de consulta,https://www.ufd.es/quienes-somos/,official_public_source_or_review_tool,no,"UFD declara presencia regional, pero la comunidad puede tener solapes. Revisión municipal/provincial obligatoria."
castilla_la_mancha,Fuentelahiguera de Albatages,Guadalajara,municipality:guadalajara::fuentelahiguera_de_albatages,multi-distribuidora: requiere revisión,needs_municipal_review,multi_distributor_region_needs_municipal_review,no,UFD — presencia regional + herramientas oficiales de consulta,https://www.ufd.es/quienes-somos/,official_public_source_or_review_tool,no,"UFD declara presencia regional, pero la comunidad puede tener solapes. Revisión municipal/provincial obligatoria."
castilla_la_mancha,Mira,Cuenca,municipality:cuenca::mira,multi-distribuidora: requiere revisión,needs_municipal_review,multi_distributor_region_needs_municipal_review,no,UFD — presencia regional + herramientas oficiales de consulta,https://www.ufd.es/quienes-somos/,official_public_source_or_review_tool,no,"UFD declara presencia regional, pero la comunidad puede tener solapes. Revisión municipal/provincial obligatoria."
castilla_la_mancha,Cendejas de Enmedio,Guadalajara,municipality:guadalajara::cendejas_de_enmedio,multi-distribuidora: requiere revisión,needs_municipal_review,multi_distributor_region_needs_municipal_review,no,UFD — presencia regional + herramientas oficiales de consulta,https://www.ufd.es/quienes-somos/,official_public_source_or_review_tool,no,"UFD declara presencia regional, pero la comunidad puede tener solapes. Revisión municipal/provincial obligatoria."
castilla_la_mancha,Villamanrique,Ciudad Real,municipality:ciudad_real::villamanrique,multi-distribuidora: requiere revisión,needs_municipal_review,multi_distributor_region_needs_municipal_review,no,UFD — presencia regional + herramientas oficiales de consulta,https://www.ufd.es/quienes-somos/,official_public_source_or_review_tool,no,"UFD declara presencia regional, pero la comunidad puede tener solapes. Revisión municipal/provincial obligatoria."
castilla_la_mancha,Somolinos,Guadalajara,municipality:guadalajara::somolinos,multi-distribuidora: requiere revisión,needs_municipal_review,multi_distributor_region_needs_municipal_review,no,UFD — presencia regional + herramientas oficiales de consulta,https://www.ufd.es/quienes-somos/,official_public_source_or_review_tool,no,"UFD declara presencia regional, pero la comunidad puede tener solapes. Revisión municipal/provincial obligatoria."
castilla_la_mancha,Pulgar,Toledo,municipality:toledo::pulgar,multi-distribuidora: requiere revisión,needs_municipal_review,multi_distributor_region_needs_municipal_review,no,UFD — presencia regional + herramientas oficiales de consulta,https://www.ufd.es/quienes-somos/,official_public_source_or_review_tool,no,"UFD declara presencia regional, pero la comunidad puede tener solapes. Revisión municipal/provincial obligatoria."
castilla_la_mancha,San Martín de Boniches,Cuenca,municipality:cuenca::san_martin_de_boniches,multi-distribuidora: requiere revisión,needs_municipal_review,multi_distributor_region_needs_municipal_review,no,UFD — presencia regional + herramientas oficiales de consulta,https://www.ufd.es/quienes-somos/,official_public_source_or_review_tool,no,"UFD declara presencia regional, pero la comunidad puede tener solapes. Revisión municipal/provincial obligatoria."
castilla_la_mancha,Horcajo de Santiago,Cuenca,municipality:cuenca::horcajo_de_santiago,multi-distribuidora: requiere revisión,needs_municipal_review,multi_distributor_region_needs_municipal_review,no,UFD — presencia regional + herramientas oficiales de consulta,https://www.ufd.es/quienes-somos/,official_public_source_or_review_tool,no,"UFD declara presencia regional, pero la comunidad puede tener solapes. Revisión municipal/provincial obligatoria."
castilla_la_mancha,Buenaventura,Toledo,municipality:toledo::buenaventura,multi-distribuidora: requiere revisión,needs_municipal_review,multi_distributor_region_needs_municipal_review,no,UFD — presencia regional + herramientas oficiales de consulta,https://www.ufd.es/quienes-somos/,official_public_source_or_review_tool,no,"UFD declara presencia regional, pero la comunidad puede tener solapes. Revisión municipal/provincial obligatoria."
castilla_la_mancha,Villanueva de Bogas,Toledo,municipality:toledo::villanueva_de_bogas,multi-distribuidora: requiere revisión,needs_municipal_review,multi_distributor_region_needs_municipal_review,no,UFD — presencia regional + herramientas oficiales de consulta,https://www.ufd.es/quienes-somos/,official_public_source_or_review_tool,no,"UFD declara presencia regional, pero la comunidad puede tener solapes. Revisión municipal/provincial obligatoria."
castilla_la_mancha,Azuqueca de Henares,Guadalajara,municipality:guadalajara::azuqueca_de_henares,multi-distribuidora: requiere revisión,needs_municipal_review,multi_distributor_region_needs_municipal_review,no,UFD — presencia regional + herramientas oficiales de consulta,https://www.ufd.es/quienes-somos/,official_public_source_or_review_tool,no,"UFD declara presencia regional, pero la comunidad puede tener solapes. Revisión municipal/provincial obligatoria."
castilla_la_mancha,Hormigos,Toledo,municipality:toledo::hormigos,multi-distribuidora: requiere revisión,needs_municipal_review,multi_distributor_region_needs_municipal_review,no,UFD — presencia regional + herramientas oficiales de consulta,https://www.ufd.es/quienes-somos/,official_public_source_or_review_tool,no,"UFD declara presencia regional, pero la comunidad puede tener solapes. Revisión municipal/provincial obligatoria."
castilla_la_mancha,Durón,Guadalajara,municipality:guadalajara::duron,multi-distribuidora: requiere revisión,needs_municipal_review,multi_distributor_region_needs_municipal_review,no,UFD — presencia regional + herramientas oficiales de consulta,https://www.ufd.es/quienes-somos/,official_public_source_or_review_tool,no,"UFD declara presencia regional, pero la comunidad puede tener solapes. Revisión municipal/provincial obligatoria."
castilla_la_mancha,Villaverde de Guadalimar,Albacete,municipality:albacete::villaverde_de_guadalimar,multi-distribuidora: requiere revisión,needs_municipal_review,multi_distributor_region_needs_municipal_review,no,UFD — presencia regional + herramientas oficiales de consulta,https://www.ufd.es/quienes-somos/,official_public_source_or_review_tool,no,"UFD declara presencia regional, pero la comunidad puede tener solapes. Revisión municipal/provincial obligatoria."
castilla_la_mancha,Sotodosos,Guadalajara,municipality:guadalajara::sotodosos,multi-distribuidora: requiere revisión,needs_municipal_review,multi_distributor_region_needs_municipal_review,no,UFD — presencia regional + herramientas oficiales de consulta,https://www.ufd.es/quienes-somos/,official_public_source_or_review_tool,no,"UFD declara presencia regional, pero la comunidad puede tener solapes. Revisión municipal/provincial obligatoria."
castilla_la_mancha,Matillas,Guadalajara,municipality:guadalajara::matillas,multi-distribuidora: requiere revisión,needs_municipal_review,multi_distributor_region_needs_municipal_review,no,UFD — presencia regional + herramientas oficiales de consulta,https://www.ufd.es/quienes-somos/,official_public_source_or_review_tool,no,"UFD declara presencia regional, pero la comunidad puede tener solapes. Revisión municipal/provincial obligatoria."
castilla_la_mancha,Negredo,Guadalajara,municipality:guadalajara::negredo,multi-distribuidora: requiere revisión,needs_municipal_review,multi_distributor_region_needs_municipal_review,no,UFD — presencia regional + herramientas oficiales de consulta,https://www.ufd.es/quienes-somos/,official_public_source_or_review_tool,no,"UFD declara presencia regional, pero la comunidad puede tener solapes. Revisión municipal/provincial obligatoria."
castilla_la_mancha,Rueda de la Sierra,Guadalajara,municipality:guadalajara::rueda_de_la_sierra,multi-distribuidora: requiere revisión,needs_municipal_review,multi_distributor_region_needs_municipal_review,no,UFD — presencia regional + herramientas oficiales de consulta,https://www.ufd.es/quienes-somos/,official_public_source_or_review_tool,no,"UFD declara presencia regional, pero la comunidad puede tener solapes. Revisión municipal/provincial obligatoria."
castilla_la_mancha,Ciudad Real,Ciudad Real,municipality:ciudad_real::ciudad_real,multi-distribuidora: requiere revisión,needs_municipal_review,multi_distributor_region_needs_municipal_review,no,UFD — presencia regional + herramientas oficiales de consulta,https://www.ufd.es/quienes-somos/,official_public_source_or_review_tool,no,"UFD declara presencia regional, pero la comunidad puede tener solapes. Revisión municipal/provincial obligatoria."
castilla_la_mancha,Matarrubia,Guadalajara,municipality:guadalajara::matarrubia,multi-distribuidora: requiere revisión,needs_municipal_review,multi_distributor_region_needs_municipal_review,no,UFD — presencia regional + herramientas oficiales de consulta,https://www.ufd.es/quienes-somos/,official_public_source_or_review_tool,no,"UFD declara presencia regional, pero la comunidad puede tener solapes. Revisión municipal/provincial obligatoria."
castilla_la_mancha,Fontanarejo,Ciudad Real,municipality:ciudad_real::fontanarejo,multi-distribuidora: requiere revisión,needs_municipal_review,multi_distributor_region_needs_municipal_review,no,UFD — presencia regional + herramientas oficiales de consulta,https://www.ufd.es/quienes-somos/,official_public_source_or_review_tool,no,"UFD declara presencia regional, pero la comunidad puede tener solapes. Revisión municipal/provincial obligatoria."
castilla_la_mancha,Robledo del Mazo,Toledo,municipality:toledo::robledo_del_mazo,multi-distribuidora: requiere revisión,needs_municipal_review,multi_distributor_region_needs_municipal_review,no,UFD — presencia regional + herramientas oficiales de consulta,https://www.ufd.es/quienes-somos/,official_public_source_or_review_tool,no,"UFD declara presencia regional, pero la comunidad puede tener solapes. Revisión municipal/provincial obligatoria."
castilla_la_mancha,Almonacid de Toledo,Toledo,municipality:toledo::almonacid_de_toledo,multi-distribuidora: requiere revisión,needs_municipal_review,multi_distributor_region_needs_municipal_review,no,UFD — presencia regional + herramientas oficiales de consulta,https://www.ufd.es/quienes-somos/,official_public_source_or_review_tool,no,"UFD declara presencia regional, pero la comunidad puede tener solapes. Revisión municipal/provincial obligatoria."
castilla_la_mancha,Alcolea de las Peñas,Guadalajara,municipality:guadalajara::alcolea_de_las_penas,multi-distribuidora: requiere revisión,needs_municipal_review,multi_distributor_region_needs_municipal_review,no,UFD — presencia regional + herramientas oficiales de consulta,https://www.ufd.es/quienes-somos/,official_public_source_or_review_tool,no,"UFD declara presencia regional, pero la comunidad puede tener solapes. Revisión municipal/provincial obligatoria."
castilla_la_mancha,Villarta,Cuenca,municipality:cuenca::villarta,multi-distribuidora: requiere revisión,needs_municipal_review,multi_distributor_region_needs_municipal_review,no,UFD — presencia regional + herramientas oficiales de consulta,https://www.ufd.es/quienes-somos/,official_public_source_or_review_tool,no,"UFD declara presencia regional, pero la comunidad puede tener solapes. Revisión municipal/provincial obligatoria."
castilla_la_mancha,Gajanejos,Guadalajara,municipality:guadalajara::gajanejos,multi-distribuidora: requiere revisión,needs_municipal_review,multi_distributor_region_needs_municipal_review,no,UFD — presencia regional + herramientas oficiales de consulta,https://www.ufd.es/quienes-somos/,official_public_source_or_review_tool,no,"UFD declara presencia regional, pero la comunidad puede tener solapes. Revisión municipal/provincial obligatoria."
castilla_la_mancha,San Martín de Montalbán,Toledo,municipality:toledo::san_martin_de_montalban,multi-distribuidora: requiere revisión,needs_municipal_review,multi_distributor_region_needs_municipal_review,no,UFD — presencia regional + herramientas oficiales de consulta,https://www.ufd.es/quienes-somos/,official_public_source_or_review_tool,no,"UFD declara presencia regional, pero la comunidad puede tener solapes. Revisión municipal/provincial obligatoria."
castilla_la_mancha,Zaorejas,Guadalajara,municipality:guadalajara::zaorejas,multi-distribuidora: requiere revisión,needs_municipal_review,multi_distributor_region_needs_municipal_review,no,UFD — presencia regional + herramientas oficiales de consulta,https://www.ufd.es/quienes-somos/,official_public_source_or_review_tool,no,"UFD declara presencia regional, pero la comunidad puede tener solapes. Revisión municipal/provincial obligatoria."
castilla_la_mancha,Cotillas,Albacete,municipality:albacete::cotillas,multi-distribuidora: requiere revisión,needs_municipal_review,multi_distributor_region_needs_municipal_review,no,UFD — presencia regional + herramientas oficiales de consulta,https://www.ufd.es/quienes-somos/,official_public_source_or_review_tool,no,"UFD declara presencia regional, pero la comunidad puede tener solapes. Revisión municipal/provincial obligatoria."
castilla_la_mancha,Los Hinojosos,Cuenca,municipality:cuenca::los_hinojosos,multi-distribuidora: requiere revisión,needs_municipal_review,multi_distributor_region_needs_municipal_review,no,UFD — presencia regional + herramientas oficiales de consulta,https://www.ufd.es/quienes-somos/,official_public_source_or_review_tool,no,"UFD declara presencia regional, pero la comunidad puede tener solapes. Revisión municipal/provincial obligatoria."
castilla_la_mancha,Valdetórtola,Cuenca,municipality:cuenca::valdetortola,multi-distribuidora: requiere revisión,needs_municipal_review,multi_distributor_region_needs_municipal_review,no,UFD — presencia regional + herramientas oficiales de consulta,https://www.ufd.es/quienes-somos/,official_public_source_or_review_tool,no,"UFD declara presencia regional, pero la comunidad puede tener solapes. Revisión municipal/provincial obligatoria."
castilla_la_mancha,Los Yébenes,Toledo,municipality:toledo::los_yebenes,multi-distribuidora: requiere revisión,needs_municipal_review,multi_distributor_region_needs_municipal_review,no,UFD — presencia regional + herramientas oficiales de consulta,https://www.ufd.es/quienes-somos/,official_public_source_or_review_tool,no,"UFD declara presencia regional, pero la comunidad puede tener solapes. Revisión municipal/provincial obligatoria."
castilla_la_mancha,Fuentenava de Jábaga,Cuenca,municipality:cuenca::fuentenava_de_jabaga,multi-distribuidora: requiere revisión,needs_municipal_review,multi_distributor_region_needs_municipal_review,no,UFD — presencia regional + herramientas oficiales de consulta,https://www.ufd.es/quienes-somos/,official_public_source_or_review_tool,no,"UFD declara presencia regional, pero la comunidad puede tener solapes. Revisión municipal/provincial obligatoria."
castilla_la_mancha,Aliaguilla,Cuenca,municipality:cuenca::aliaguilla,multi-distribuidora: requiere revisión,needs_municipal_review,multi_distributor_region_needs_municipal_review,no,UFD — presencia regional + herramientas oficiales de consulta,https://www.ufd.es/quienes-somos/,official_public_source_or_review_tool,no,"UFD declara presencia regional, pero la comunidad puede tener solapes. Revisión municipal/provincial obligatoria."
castilla_la_mancha,Las Inviernas,Guadalajara,municipality:guadalajara::las_inviernas,multi-distribuidora: requiere revisión,needs_municipal_review,multi_distributor_region_needs_municipal_review,no,UFD — presencia regional + herramientas oficiales de consulta,https://www.ufd.es/quienes-somos/,official_public_source_or_review_tool,no,"UFD declara presencia regional, pero la comunidad puede tener solapes. Revisión municipal/provincial obligatoria."
castilla_la_mancha,Recas,Toledo,municipality:toledo::recas,multi-distribuidora: requiere revisión,needs_municipal_review,multi_distributor_region_needs_municipal_review,no,UFD — presencia regional + herramientas oficiales de consulta,https://www.ufd.es/quienes-somos/,official_public_source_or_review_tool,no,"UFD declara presencia regional, pero la comunidad puede tener solapes. Revisión municipal/provincial obligatoria."
castilla_la_mancha,Fuembellida,Guadalajara,municipality:guadalajara::fuembellida,multi-distribuidora: requiere revisión,needs_municipal_review,multi_distributor_region_needs_municipal_review,no,UFD — presencia regional + herramientas oficiales de consulta,https://www.ufd.es/quienes-somos/,official_public_source_or_review_tool,no,"UFD declara presencia regional, pero la comunidad puede tener solapes. Revisión municipal/provincial obligatoria."
castilla_la_mancha,Pajarón,Cuenca,municipality:cuenca::pajaron,multi-distribuidora: requiere revisión,needs_municipal_review,multi_distributor_region_needs_municipal_review,no,UFD — presencia regional + herramientas oficiales de consulta,https://www.ufd.es/quienes-somos/,official_public_source_or_review_tool,no,"UFD declara presencia regional, pero la comunidad puede tener solapes. Revisión municipal/provincial obligatoria."
castilla_la_mancha,Yélamos de Abajo,Guadalajara,municipality:guadalajara::yelamos_de_abajo,multi-distribuidora: requiere revisión,needs_municipal_review,multi_distributor_region_needs_municipal_review,no,UFD — presencia regional + herramientas oficiales de consulta,https://www.ufd.es/quienes-somos/,official_public_source_or_review_tool,no,"UFD declara presencia regional, pero la comunidad puede tener solapes. Revisión municipal/provincial obligatoria."
castilla_la_mancha,Anquela del Ducado,Guadalajara,municipality:guadalajara::anquela_del_ducado,multi-distribuidora: requiere revisión,needs_municipal_review,multi_distributor_region_needs_municipal_review,no,UFD — presencia regional + herramientas oficiales de consulta,https://www.ufd.es/quienes-somos/,official_public_source_or_review_tool,no,"UFD declara presencia regional, pero la comunidad puede tener solapes. Revisión municipal/provincial obligatoria."
castilla_la_mancha,Cogolludo,Guadalajara,municipality:guadalajara::cogolludo,multi-distribuidora: requiere revisión,needs_municipal_review,multi_distributor_region_needs_municipal_review,no,UFD — presencia regional + herramientas oficiales de consulta,https://www.ufd.es/quienes-somos/,official_public_source_or_review_tool,no,"UFD declara presencia regional, pero la comunidad puede tener solapes. Revisión municipal/provincial obligatoria."
castilla_la_mancha,Valverde de los Arroyos,Guadalajara,municipality:guadalajara::valverde_de_los_arroyos,multi-distribuidora: requiere revisión,needs_municipal_review,multi_distributor_region_needs_municipal_review,no,UFD — presencia regional + herramientas oficiales de consulta,https://www.ufd.es/quienes-somos/,official_public_source_or_review_tool,no,"UFD declara presencia regional, pero la comunidad puede tener solapes. Revisión municipal/provincial obligatoria."
castilla_la_mancha,Villatoya,Albacete,municipality:albacete::villatoya,multi-distribuidora: requiere revisión,needs_municipal_review,multi_distributor_region_needs_municipal_review,no,UFD — presencia regional + herramientas oficiales de consulta,https://www.ufd.es/quienes-somos/,official_public_source_or_review_tool,no,"UFD declara presencia regional, pero la comunidad puede tener solapes. Revisión municipal/provincial obligatoria."
castilla_la_mancha,Bargas,Toledo,municipality:toledo::bargas,multi-distribuidora: requiere revisión,needs_municipal_review,multi_distributor_region_needs_municipal_review,no,UFD — presencia regional + herramientas oficiales de consulta,https://www.ufd.es/quienes-somos/,official_public_source_or_review_tool,no,"UFD declara presencia regional, pero la comunidad puede tener solapes. Revisión municipal/provincial obligatoria."
castilla_la_mancha,Las Ventas de San Julián,Toledo,municipality:toledo::las_ventas_de_san_julian,multi-distribuidora: requiere revisión,needs_municipal_review,multi_distributor_region_needs_municipal_review,no,UFD — presencia regional + herramientas oficiales de consulta,https://www.ufd.es/quienes-somos/,official_public_source_or_review_tool,no,"UFD declara presencia regional, pero la comunidad puede tener solapes. Revisión municipal/provincial obligatoria."
castilla_la_mancha,Fuentelviejo,Guadalajara,municipality:guadalajara::fuentelviejo,multi-distribuidora: requiere revisión,needs_municipal_review,multi_distributor_region_needs_municipal_review,no,UFD — presencia regional + herramientas oficiales de consulta,https://www.ufd.es/quienes-somos/,official_public_source_or_review_tool,no,"UFD declara presencia regional, pero la comunidad puede tener solapes. Revisión municipal/provincial obligatoria."
castilla_la_mancha,Villaconejos de Trabaque,Cuenca,municipality:cuenca::villaconejos_de_trabaque,multi-distribuidora: requiere revisión,needs_municipal_review,multi_distributor_region_needs_municipal_review,no,UFD — presencia regional + herramientas oficiales de consulta,https://www.ufd.es/quienes-somos/,official_public_source_or_review_tool,no,"UFD declara presencia regional, pero la comunidad puede tener solapes. Revisión municipal/provincial obligatoria."
castilla_la_mancha,Las Valeras,Cuenca,municipality:cuenca::las_valeras,multi-distribuidora: requiere revisión,needs_municipal_review,multi_distributor_region_needs_municipal_review,no,UFD — presencia regional + herramientas oficiales de consulta,https://www.ufd.es/quienes-somos/,official_public_source_or_review_tool,no,"UFD declara presencia regional, pero la comunidad puede tener solapes. Revisión municipal/provincial obligatoria."
castilla_la_mancha,Aldeanueva de San Bartolomé,Toledo,municipality:toledo::aldeanueva_de_san_bartolome,multi-distribuidora: requiere revisión,needs_municipal_review,multi_distributor_region_needs_municipal_review,no,UFD — presencia regional + herramientas oficiales de consulta,https://www.ufd.es/quienes-somos/,official_public_source_or_review_tool,no,"UFD declara presencia regional, pero la comunidad puede tener solapes. Revisión municipal/provincial obligatoria."
castilla_la_mancha,Orgaz,Toledo,municipality:toledo::orgaz,multi-distribuidora: requiere revisión,needs_municipal_review,multi_distributor_region_needs_municipal_review,no,UFD — presencia regional + herramientas oficiales de consulta,https://www.ufd.es/quienes-somos/,official_public_source_or_review_tool,no,"UFD declara presencia regional, pero la comunidad puede tener solapes. Revisión municipal/provincial obligatoria."
castilla_la_mancha,Quero,Toledo,municipality:toledo::quero,multi-distribuidora: requiere revisión,needs_municipal_review,multi_distributor_region_needs_municipal_review,no,UFD — presencia regional + herramientas oficiales de consulta,https://www.ufd.es/quienes-somos/,official_public_source_or_review_tool,no,"UFD declara presencia regional, pero la comunidad puede tener solapes. Revisión municipal/provincial obligatoria."
castilla_la_mancha,Tortuera,Guadalajara,municipality:guadalajara::tortuera,multi-distribuidora: requiere revisión,needs_municipal_review,multi_distributor_region_needs_municipal_review,no,UFD — presencia regional + herramientas oficiales de consulta,https://www.ufd.es/quienes-somos/,official_public_source_or_review_tool,no,"UFD declara presencia regional, pero la comunidad puede tener solapes. Revisión municipal/provincial obligatoria."
castilla_la_mancha,Arbeteta,Guadalajara,municipality:guadalajara::arbeteta,multi-distribuidora: requiere revisión,needs_municipal_review,multi_distributor_region_needs_municipal_review,no,UFD — presencia regional + herramientas oficiales de consulta,https://www.ufd.es/quienes-somos/,official_public_source_or_review_tool,no,"UFD declara presencia regional, pero la comunidad puede tener solapes. Revisión municipal/provincial obligatoria."
castilla_la_mancha,Yémeda,Cuenca,municipality:cuenca::yemeda,multi-distribuidora: requiere revisión,needs_municipal_review,multi_distributor_region_needs_municipal_review,no,UFD — presencia regional + herramientas oficiales de consulta,https://www.ufd.es/quienes-somos/,official_public_source_or_review_tool,no,"UFD declara presencia regional, pero la comunidad puede tener solapes. Revisión municipal/provincial obligatoria."
castilla_la_mancha,Novés,Toledo,municipality:toledo::noves,multi-distribuidora: requiere revisión,needs_municipal_review,multi_distributor_region_needs_municipal_review,no,UFD — presencia regional + herramientas oficiales de consulta,https://www.ufd.es/quienes-somos/,official_public_source_or_review_tool,no,"UFD declara presencia regional, pero la comunidad puede tener solapes. Revisión municipal/provincial obligatoria."
castilla_la_mancha,Jadraque,Guadalajara,municipality:guadalajara::jadraque,multi-distribuidora: requiere revisión,needs_municipal_review,multi_distributor_region_needs_municipal_review,no,UFD — presencia regional + herramientas oficiales de consulta,https://www.ufd.es/quienes-somos/,official_public_source_or_review_tool,no,"UFD declara presencia regional, pero la comunidad puede tener solapes. Revisión municipal/provincial obligatoria."
castilla_la_mancha,Mandayona,Guadalajara,municipality:guadalajara::mandayona,multi-distribuidora: requiere revisión,needs_municipal_review,multi_distributor_region_needs_municipal_review,no,UFD — presencia regional + herramientas oficiales de consulta,https://www.ufd.es/quienes-somos/,official_public_source_or_review_tool,no,"UFD declara presencia regional, pero la comunidad puede tener solapes. Revisión municipal/provincial obligatoria."
castilla_la_mancha,Ujados,Guadalajara,municipality:guadalajara::ujados,multi-distribuidora: requiere revisión,needs_municipal_review,multi_distributor_region_needs_municipal_review,no,UFD — presencia regional + herramientas oficiales de consulta,https://www.ufd.es/quienes-somos/,official_public_source_or_review_tool,no,"UFD declara presencia regional, pero la comunidad puede tener solapes. Revisión municipal/provincial obligatoria."
castilla_la_mancha,Puebla de Don Rodrigo,Ciudad Real,municipality:ciudad_real::puebla_de_don_rodrigo,multi-distribuidora: requiere revisión,needs_municipal_review,multi_distributor_region_needs_municipal_review,no,UFD — presencia regional + herramientas oficiales de consulta,https://www.ufd.es/quienes-somos/,official_public_source_or_review_tool,no,"UFD declara presencia regional, pero la comunidad puede tener solapes. Revisión municipal/provincial obligatoria."
castilla_la_mancha,La Recueja,Albacete,municipality:albacete::la_recueja,multi-distribuidora: requiere revisión,needs_municipal_review,multi_distributor_region_needs_municipal_review,no,UFD — presencia regional + herramientas oficiales de consulta,https://www.ufd.es/quienes-somos/,official_public_source_or_review_tool,no,"UFD declara presencia regional, pero la comunidad puede tener solapes. Revisión municipal/provincial obligatoria."
castilla_la_mancha,Tartanedo,Guadalajara,municipality:guadalajara::tartanedo,multi-distribuidora: requiere revisión,needs_municipal_review,multi_distributor_region_needs_municipal_review,no,UFD — presencia regional + herramientas oficiales de consulta,https://www.ufd.es/quienes-somos/,official_public_source_or_review_tool,no,"UFD declara presencia regional, pero la comunidad puede tener solapes. Revisión municipal/provincial obligatoria."
castilla_la_mancha,Almagro,Ciudad Real,municipality:ciudad_real::almagro,multi-distribuidora: requiere revisión,needs_municipal_review,multi_distributor_region_needs_municipal_review,no,UFD — presencia regional + herramientas oficiales de consulta,https://www.ufd.es/quienes-somos/,official_public_source_or_review_tool,no,"UFD declara presencia regional, pero la comunidad puede tener solapes. Revisión municipal/provincial obligatoria."
castilla_la_mancha,El Recuenco,Guadalajara,municipality:guadalajara::el_recuenco,multi-distribuidora: requiere revisión,needs_municipal_review,multi_distributor_region_needs_municipal_review,no,UFD — presencia regional + herramientas oficiales de consulta,https://www.ufd.es/quienes-somos/,official_public_source_or_review_tool,no,"UFD declara presencia regional, pero la comunidad puede tener solapes. Revisión municipal/provincial obligatoria."
castilla_la_mancha,Hombrados,Guadalajara,municipality:guadalajara::hombrados,multi-distribuidora: requiere revisión,needs_municipal_review,multi_distributor_region_needs_municipal_review,no,UFD — presencia regional + herramientas oficiales de consulta,https://www.ufd.es/quienes-somos/,official_public_source_or_review_tool,no,"UFD declara presencia regional, pero la comunidad puede tener solapes. Revisión municipal/provincial obligatoria."
castilla_la_mancha,Arcas,Cuenca,municipality:cuenca::arcas,multi-distribuidora: requiere revisión,needs_municipal_review,multi_distributor_region_needs_municipal_review,no,UFD — presencia regional + herramientas oficiales de consulta,https://www.ufd.es/quienes-somos/,official_public_source_or_review_tool,no,"UFD declara presencia regional, pero la comunidad puede tener solapes. Revisión municipal/provincial obligatoria."
castilla_la_mancha,Casas de Ves,Albacete,municipality:albacete::casas_de_ves,multi-distribuidora: requiere revisión,needs_municipal_review,multi_distributor_region_needs_municipal_review,no,UFD — presencia regional + herramientas oficiales de consulta,https://www.ufd.es/quienes-somos/,official_public_source_or_review_tool,no,"UFD declara presencia regional, pero la comunidad puede tener solapes. Revisión municipal/provincial obligatoria."
castilla_la_mancha,Liétor,Albacete,municipality:albacete::lietor,multi-distribuidora: requiere revisión,needs_municipal_review,multi_distributor_region_needs_municipal_review,no,UFD — presencia regional + herramientas oficiales de consulta,https://www.ufd.es/quienes-somos/,official_public_source_or_review_tool,no,"UFD declara presencia regional, pero la comunidad puede tener solapes. Revisión municipal/provincial obligatoria."
castilla_la_mancha,Navas de Jorquera,Albacete,municipality:albacete::navas_de_jorquera,multi-distribuidora: requiere revisión,needs_municipal_review,multi_distributor_region_needs_municipal_review,no,UFD — presencia regional + herramientas oficiales de consulta,https://www.ufd.es/quienes-somos/,official_public_source_or_review_tool,no,"UFD declara presencia regional, pero la comunidad puede tener solapes. Revisión municipal/provincial obligatoria."
castilla_la_mancha,Pajaroncillo,Cuenca,municipality:cuenca::pajaroncillo,multi-distribuidora: requiere revisión,needs_municipal_review,multi_distributor_region_needs_municipal_review,no,UFD — presencia regional + herramientas oficiales de consulta,https://www.ufd.es/quienes-somos/,official_public_source_or_review_tool,no,"UFD declara presencia regional, pero la comunidad puede tener solapes. Revisión municipal/provincial obligatoria."
castilla_la_mancha,Hinojosa de San Vicente,Toledo,municipality:toledo::hinojosa_de_san_vicente,multi-distribuidora: requiere revisión,needs_municipal_review,multi_distributor_region_needs_municipal_review,no,UFD — presencia regional + herramientas oficiales de consulta,https://www.ufd.es/quienes-somos/,official_public_source_or_review_tool,no,"UFD declara presencia regional, pero la comunidad puede tener solapes. Revisión municipal/provincial obligatoria."
castilla_la_mancha,Taravilla,Guadalajara,municipality:guadalajara::taravilla,multi-distribuidora: requiere revisión,needs_municipal_review,multi_distributor_region_needs_municipal_review,no,UFD — presencia regional + herramientas oficiales de consulta,https://www.ufd.es/quienes-somos/,official_public_source_or_review_tool,no,"UFD declara presencia regional, pero la comunidad puede tener solapes. Revisión municipal/provincial obligatoria."
castilla_la_mancha,Cañada de Calatrava,Ciudad Real,municipality:ciudad_real::canada_de_calatrava,multi-distribuidora: requiere revisión,needs_municipal_review,multi_distributor_region_needs_municipal_review,no,UFD — presencia regional + herramientas oficiales de consulta,https://www.ufd.es/quienes-somos/,official_public_source_or_review_tool,no,"UFD declara presencia regional, pero la comunidad puede tener solapes. Revisión municipal/provincial obligatoria."
castilla_la_mancha,Almodóvar del Pinar,Cuenca,municipality:cuenca::almodovar_del_pinar,multi-distribuidora: requiere revisión,needs_municipal_review,multi_distributor_region_needs_municipal_review,no,UFD — presencia regional + herramientas oficiales de consulta,https://www.ufd.es/quienes-somos/,official_public_source_or_review_tool,no,"UFD declara presencia regional, pero la comunidad puede tener solapes. Revisión municipal/provincial obligatoria."
castilla_la_mancha,Guadamur,Toledo,municipality:toledo::guadamur,multi-distribuidora: requiere revisión,needs_municipal_review,multi_distributor_region_needs_municipal_review,no,UFD — presencia regional + herramientas oficiales de consulta,https://www.ufd.es/quienes-somos/,official_public_source_or_review_tool,no,"UFD declara presencia regional, pero la comunidad puede tener solapes. Revisión municipal/provincial obligatoria."
castilla_la_mancha,Illescas,Toledo,municipality:toledo::illescas,multi-distribuidora: requiere revisión,needs_municipal_review,multi_distributor_region_needs_municipal_review,no,UFD — presencia regional + herramientas oficiales de consulta,https://www.ufd.es/quienes-somos/,official_public_source_or_review_tool,no,"UFD declara presencia regional, pero la comunidad puede tener solapes. Revisión municipal/provincial obligatoria."
castilla_la_mancha,El Robledo,Ciudad Real,municipality:ciudad_real::el_robledo,multi-distribuidora: requiere revisión,needs_municipal_review,multi_distributor_region_needs_municipal_review,no,UFD — presencia regional + herramientas oficiales de consulta,https://www.ufd.es/quienes-somos/,official_public_source_or_review_tool,no,"UFD declara presencia regional, pero la comunidad puede tener solapes. Revisión municipal/provincial obligatoria."
castilla_la_mancha,Camuñas,Toledo,municipality:toledo::camunas,multi-distribuidora: requiere revisión,needs_municipal_review,multi_distributor_region_needs_municipal_review,no,UFD — presencia regional + herramientas oficiales de consulta,https://www.ufd.es/quienes-somos/,official_public_source_or_review_tool,no,"UFD declara presencia regional, pero la comunidad puede tener solapes. Revisión municipal/provincial obligatoria."
castilla_la_mancha,Navas de Estena,Ciudad Real,municipality:ciudad_real::navas_de_estena,multi-distribuidora: requiere revisión,needs_municipal_review,multi_distributor_region_needs_municipal_review,no,UFD — presencia regional + herramientas oficiales de consulta,https://www.ufd.es/quienes-somos/,official_public_source_or_review_tool,no,"UFD declara presencia regional, pero la comunidad puede tener solapes. Revisión municipal/provincial obligatoria."
castilla_la_mancha,Daimiel,Ciudad Real,municipality:ciudad_real::daimiel,multi-distribuidora: requiere revisión,needs_municipal_review,multi_distributor_region_needs_municipal_review,no,UFD — presencia regional + herramientas oficiales de consulta,https://www.ufd.es/quienes-somos/,official_public_source_or_review_tool,no,"UFD declara presencia regional, pero la comunidad puede tener solapes. Revisión municipal/provincial obligatoria."
castilla_la_mancha,Castejón,Cuenca,municipality:cuenca::castejon,multi-distribuidora: requiere revisión,needs_municipal_review,multi_distributor_region_needs_municipal_review,no,UFD — presencia regional + herramientas oficiales de consulta,https://www.ufd.es/quienes-somos/,official_public_source_or_review_tool,no,"UFD declara presencia regional, pero la comunidad puede tener solapes. Revisión municipal/provincial obligatoria."
castilla_la_mancha,Baños de Tajo,Guadalajara,municipality:guadalajara::banos_de_tajo,multi-distribuidora: requiere revisión,needs_municipal_review,multi_distributor_region_needs_municipal_review,no,UFD — presencia regional + herramientas oficiales de consulta,https://www.ufd.es/quienes-somos/,official_public_source_or_review_tool,no,"UFD declara presencia regional, pero la comunidad puede tener solapes. Revisión municipal/provincial obligatoria."
castilla_la_mancha,Alconchel de la Estrella,Cuenca,municipality:cuenca::alconchel_de_la_estrella,multi-distribuidora: requiere revisión,needs_municipal_review,multi_distributor_region_needs_municipal_review,no,UFD — presencia regional + herramientas oficiales de consulta,https://www.ufd.es/quienes-somos/,official_public_source_or_review_tool,no,"UFD declara presencia regional, pero la comunidad puede tener solapes. Revisión municipal/provincial obligatoria."
castilla_la_mancha,Mascaraque,Toledo,municipality:toledo::mascaraque,multi-distribuidora: requiere revisión,needs_municipal_review,multi_distributor_region_needs_municipal_review,no,UFD — presencia regional + herramientas oficiales de consulta,https://www.ufd.es/quienes-somos/,official_public_source_or_review_tool,no,"UFD declara presencia regional, pero la comunidad puede tener solapes. Revisión municipal/provincial obligatoria."
castilla_la_mancha,La Toba,Guadalajara,municipality:guadalajara::la_toba,multi-distribuidora: requiere revisión,needs_municipal_review,multi_distributor_region_needs_municipal_review,no,UFD — presencia regional + herramientas oficiales de consulta,https://www.ufd.es/quienes-somos/,official_public_source_or_review_tool,no,"UFD declara presencia regional, pero la comunidad puede tener solapes. Revisión municipal/provincial obligatoria."
castilla_la_mancha,Marjaliza,Toledo,municipality:toledo::marjaliza,multi-distribuidora: requiere revisión,needs_municipal_review,multi_distributor_region_needs_municipal_review,no,UFD — presencia regional + herramientas oficiales de consulta,https://www.ufd.es/quienes-somos/,official_public_source_or_review_tool,no,"UFD declara presencia regional, pero la comunidad puede tener solapes. Revisión municipal/provincial obligatoria."
castilla_la_mancha,Altarejos,Cuenca,municipality:cuenca::altarejos,multi-distribuidora: requiere revisión,needs_municipal_review,multi_distributor_region_needs_municipal_review,no,UFD — presencia regional + herramientas oficiales de consulta,https://www.ufd.es/quienes-somos/,official_public_source_or_review_tool,no,"UFD declara presencia regional, pero la comunidad puede tener solapes. Revisión municipal/provincial obligatoria."
castilla_la_mancha,Canalejas del Arroyo,Cuenca,municipality:cuenca::canalejas_del_arroyo,multi-distribuidora: requiere revisión,needs_municipal_review,multi_distributor_region_needs_municipal_review,no,UFD — presencia regional + herramientas oficiales de consulta,https://www.ufd.es/quienes-somos/,official_public_source_or_review_tool,no,"UFD declara presencia regional, pero la comunidad puede tener solapes. Revisión municipal/provincial obligatoria."
castilla_la_mancha,La Estrella,Toledo,municipality:toledo::la_estrella,multi-distribuidora: requiere revisión,needs_municipal_review,multi_distributor_region_needs_municipal_review,no,UFD — presencia regional + herramientas oficiales de consulta,https://www.ufd.es/quienes-somos/,official_public_source_or_review_tool,no,"UFD declara presencia regional, pero la comunidad puede tener solapes. Revisión municipal/provincial obligatoria."
castilla_la_mancha,Casas de Benítez,Cuenca,municipality:cuenca::casas_de_benitez,multi-distribuidora: requiere revisión,needs_municipal_review,multi_distributor_region_needs_municipal_review,no,UFD — presencia regional + herramientas oficiales de consulta,https://www.ufd.es/quienes-somos/,official_public_source_or_review_tool,no,"UFD declara presencia regional, pero la comunidad puede tener solapes. Revisión municipal/provincial obligatoria."
castilla_la_mancha,Luciana,Ciudad Real,municipality:ciudad_real::luciana,multi-distribuidora: requiere revisión,needs_municipal_review,multi_distributor_region_needs_municipal_review,no,UFD — presencia regional + herramientas oficiales de consulta,https://www.ufd.es/quienes-somos/,official_public_source_or_review_tool,no,"UFD declara presencia regional, pero la comunidad puede tener solapes. Revisión municipal/provincial obligatoria."
castilla_la_mancha,Casa de Uceda,Guadalajara,municipality:guadalajara::casa_de_uceda,multi-distribuidora: requiere revisión,needs_municipal_review,multi_distributor_region_needs_municipal_review,no,UFD — presencia regional + herramientas oficiales de consulta,https://www.ufd.es/quienes-somos/,official_public_source_or_review_tool,no,"UFD declara presencia regional, pero la comunidad puede tener solapes. Revisión municipal/provincial obligatoria."
castilla_la_mancha,Espinoso del Rey,Toledo,municipality:toledo::espinoso_del_rey,multi-distribuidora: requiere revisión,needs_municipal_review,multi_distributor_region_needs_municipal_review,no,UFD — presencia regional + herramientas oficiales de consulta,https://www.ufd.es/quienes-somos/,official_public_source_or_review_tool,no,"UFD declara presencia regional, pero la comunidad puede tener solapes. Revisión municipal/provincial obligatoria."
castilla_la_mancha,Alarilla,Guadalajara,municipality:guadalajara::alarilla,multi-distribuidora: requiere revisión,needs_municipal_review,multi_distributor_region_needs_municipal_review,no,UFD — presencia regional + herramientas oficiales de consulta,https://www.ufd.es/quienes-somos/,official_public_source_or_review_tool,no,"UFD declara presencia regional, pero la comunidad puede tener solapes. Revisión municipal/provincial obligatoria."
castilla_la_mancha,Torrecuadradilla,Guadalajara,municipality:guadalajara::torrecuadradilla,multi-distribuidora: requiere revisión,needs_municipal_review,multi_distributor_region_needs_municipal_review,no,UFD — presencia regional + herramientas oficiales de consulta,https://www.ufd.es/quienes-somos/,official_public_source_or_review_tool,no,"UFD declara presencia regional, pero la comunidad puede tener solapes. Revisión municipal/provincial obligatoria."
castilla_la_mancha,Almadenejos,Ciudad Real,municipality:ciudad_real::almadenejos,multi-distribuidora: requiere revisión,needs_municipal_review,multi_distributor_region_needs_municipal_review,no,UFD — presencia regional + herramientas oficiales de consulta,https://www.ufd.es/quienes-somos/,official_public_source_or_review_tool,no,"UFD declara presencia regional, pero la comunidad puede tener solapes. Revisión municipal/provincial obligatoria."
castilla_la_mancha,Landete,Cuenca,municipality:cuenca::landete,multi-distribuidora: requiere revisión,needs_municipal_review,multi_distributor_region_needs_municipal_review,no,UFD — presencia regional + herramientas oficiales de consulta,https://www.ufd.es/quienes-somos/,official_public_source_or_review_tool,no,"UFD declara presencia regional, pero la comunidad puede tener solapes. Revisión municipal/provincial obligatoria."
castilla_la_mancha,Milmarcos,Guadalajara,municipality:guadalajara::milmarcos,multi-distribuidora: requiere revisión,needs_municipal_review,multi_distributor_region_needs_municipal_review,no,UFD — presencia regional + herramientas oficiales de consulta,https://www.ufd.es/quienes-somos/,official_public_source_or_review_tool,no,"UFD declara presencia regional, pero la comunidad puede tener solapes. Revisión municipal/provincial obligatoria."
castilla_la_mancha,La Puebla de Almoradiel,Toledo,municipality:toledo::la_puebla_de_almoradiel,multi-distribuidora: requiere revisión,needs_municipal_review,multi_distributor_region_needs_municipal_review,no,UFD — presencia regional + herramientas oficiales de consulta,https://www.ufd.es/quienes-somos/,official_public_source_or_review_tool,no,"UFD declara presencia regional, pero la comunidad puede tener solapes. Revisión municipal/provincial obligatoria."
castilla_la_mancha,Santa Ana de Pusa,Toledo,municipality:toledo::santa_ana_de_pusa,multi-distribuidora: requiere revisión,needs_municipal_review,multi_distributor_region_needs_municipal_review,no,UFD — presencia regional + herramientas oficiales de consulta,https://www.ufd.es/quienes-somos/,official_public_source_or_review_tool,no,"UFD declara presencia regional, pero la comunidad puede tener solapes. Revisión municipal/provincial obligatoria."
castilla_la_mancha,Olivares de Júcar,Cuenca,municipality:cuenca::olivares_de_jucar,multi-distribuidora: requiere revisión,needs_municipal_review,multi_distributor_region_needs_municipal_review,no,UFD — presencia regional + herramientas oficiales de consulta,https://www.ufd.es/quienes-somos/,official_public_source_or_review_tool,no,"UFD declara presencia regional, pero la comunidad puede tener solapes. Revisión municipal/provincial obligatoria."
castilla_la_mancha,Boniches,Cuenca,municipality:cuenca::boniches,multi-distribuidora: requiere revisión,needs_municipal_review,multi_distributor_region_needs_municipal_review,no,UFD — presencia regional + herramientas oficiales de consulta,https://www.ufd.es/quienes-somos/,official_public_source_or_review_tool,no,"UFD declara presencia regional, pero la comunidad puede tener solapes. Revisión municipal/provincial obligatoria."
castilla_la_mancha,Barriopedro,Guadalajara,municipality:guadalajara::barriopedro,multi-distribuidora: requiere revisión,needs_municipal_review,multi_distributor_region_needs_municipal_review,no,UFD — presencia regional + herramientas oficiales de consulta,https://www.ufd.es/quienes-somos/,official_public_source_or_review_tool,no,"UFD declara presencia regional, pero la comunidad puede tener solapes. Revisión municipal/provincial obligatoria."
castilla_la_mancha,Hiendelaencina,Guadalajara,municipality:guadalajara::hiendelaencina,multi-distribuidora: requiere revisión,needs_municipal_review,multi_distributor_region_needs_municipal_review,no,UFD — presencia regional + herramientas oficiales de consulta,https://www.ufd.es/quienes-somos/,official_public_source_or_review_tool,no,"UFD declara presencia regional, pero la comunidad puede tener solapes. Revisión municipal/provincial obligatoria."
castilla_la_mancha,El Olivar,Guadalajara,municipality:guadalajara::el_olivar,multi-distribuidora: requiere revisión,needs_municipal_review,multi_distributor_region_needs_municipal_review,no,UFD — presencia regional + herramientas oficiales de consulta,https://www.ufd.es/quienes-somos/,official_public_source_or_review_tool,no,"UFD declara presencia regional, pero la comunidad puede tener solapes. Revisión municipal/provincial obligatoria."
castilla_la_mancha,Noblejas,Toledo,municipality:toledo::noblejas,multi-distribuidora: requiere revisión,needs_municipal_review,multi_distributor_region_needs_municipal_review,no,UFD — presencia regional + herramientas oficiales de consulta,https://www.ufd.es/quienes-somos/,official_public_source_or_review_tool,no,"UFD declara presencia regional, pero la comunidad puede tener solapes. Revisión municipal/provincial obligatoria."
castilla_la_mancha,Oropesa,Toledo,municipality:toledo::oropesa,multi-distribuidora: requiere revisión,needs_municipal_review,multi_distributor_region_needs_municipal_review,no,UFD — presencia regional + herramientas oficiales de consulta,https://www.ufd.es/quienes-somos/,official_public_source_or_review_tool,no,"UFD declara presencia regional, pero la comunidad puede tener solapes. Revisión municipal/provincial obligatoria."
castilla_la_mancha,Cózar,Ciudad Real,municipality:ciudad_real::cozar,multi-distribuidora: requiere revisión,needs_municipal_review,multi_distributor_region_needs_municipal_review,no,UFD — presencia regional + herramientas oficiales de consulta,https://www.ufd.es/quienes-somos/,official_public_source_or_review_tool,no,"UFD declara presencia regional, pero la comunidad puede tener solapes. Revisión municipal/provincial obligatoria."
castilla_la_mancha,Arenales de San Gregorio,Ciudad Real,municipality:ciudad_real::arenales_de_san_gregorio,multi-distribuidora: requiere revisión,needs_municipal_review,multi_distributor_region_needs_municipal_review,no,UFD — presencia regional + herramientas oficiales de consulta,https://www.ufd.es/quienes-somos/,official_public_source_or_review_tool,no,"UFD declara presencia regional, pero la comunidad puede tener solapes. Revisión municipal/provincial obligatoria."
castilla_la_mancha,Villalpardo,Cuenca,municipality:cuenca::villalpardo,multi-distribuidora: requiere revisión,needs_municipal_review,multi_distributor_region_needs_municipal_review,no,UFD — presencia regional + herramientas oficiales de consulta,https://www.ufd.es/quienes-somos/,official_public_source_or_review_tool,no,"UFD declara presencia regional, pero la comunidad puede tener solapes. Revisión municipal/provincial obligatoria."
castilla_la_mancha,Balazote,Albacete,municipality:albacete::balazote,multi-distribuidora: requiere revisión,needs_municipal_review,multi_distributor_region_needs_municipal_review,no,UFD — presencia regional + herramientas oficiales de consulta,https://www.ufd.es/quienes-somos/,official_public_source_or_review_tool,no,"UFD declara presencia regional, pero la comunidad puede tener solapes. Revisión municipal/provincial obligatoria."
castilla_la_mancha,Pareja,Guadalajara,municipality:guadalajara::pareja,multi-distribuidora: requiere revisión,needs_municipal_review,multi_distributor_region_needs_municipal_review,no,UFD — presencia regional + herramientas oficiales de consulta,https://www.ufd.es/quienes-somos/,official_public_source_or_review_tool,no,"UFD declara presencia regional, pero la comunidad puede tener solapes. Revisión municipal/provincial obligatoria."
castilla_la_mancha,Villaverde y Pasaconsol,Cuenca,municipality:cuenca::villaverde_y_pasaconsol,multi-distribuidora: requiere revisión,needs_municipal_review,multi_distributor_region_needs_municipal_review,no,UFD — presencia regional + herramientas oficiales de consulta,https://www.ufd.es/quienes-somos/,official_public_source_or_review_tool,no,"UFD declara presencia regional, pero la comunidad puede tener solapes. Revisión municipal/provincial obligatoria."
castilla_la_mancha,Moya,Cuenca,municipality:cuenca::moya,multi-distribuidora: requiere revisión,needs_municipal_review,multi_distributor_region_needs_municipal_review,no,UFD — presencia regional + herramientas oficiales de consulta,https://www.ufd.es/quienes-somos/,official_public_source_or_review_tool,no,"UFD declara presencia regional, pero la comunidad puede tener solapes. Revisión municipal/provincial obligatoria."
castilla_la_mancha,Villamuelas,Toledo,municipality:toledo::villamuelas,multi-distribuidora: requiere revisión,needs_municipal_review,multi_distributor_region_needs_municipal_review,no,UFD — presencia regional + herramientas oficiales de consulta,https://www.ufd.es/quienes-somos/,official_public_source_or_review_tool,no,"UFD declara presencia regional, pero la comunidad puede tener solapes. Revisión municipal/provincial obligatoria."
castilla_la_mancha,Cuenca,Cuenca,municipality:cuenca::cuenca,multi-distribuidora: requiere revisión,needs_municipal_review,multi_distributor_region_needs_municipal_review,no,UFD — presencia regional + herramientas oficiales de consulta,https://www.ufd.es/quienes-somos/,official_public_source_or_review_tool,no,"UFD declara presencia regional, pero la comunidad puede tener solapes. Revisión municipal/provincial obligatoria."
castilla_la_mancha,Mirabueno,Guadalajara,municipality:guadalajara::mirabueno,multi-distribuidora: requiere revisión,needs_municipal_review,multi_distributor_region_needs_municipal_review,no,UFD — presencia regional + herramientas oficiales de consulta,https://www.ufd.es/quienes-somos/,official_public_source_or_review_tool,no,"UFD declara presencia regional, pero la comunidad puede tener solapes. Revisión municipal/provincial obligatoria."
castilla_la_mancha,Uclés,Cuenca,municipality:cuenca::ucles,multi-distribuidora: requiere revisión,needs_municipal_review,multi_distributor_region_needs_municipal_review,no,UFD — presencia regional + herramientas oficiales de consulta,https://www.ufd.es/quienes-somos/,official_public_source_or_review_tool,no,"UFD declara presencia regional, pero la comunidad puede tener solapes. Revisión municipal/provincial obligatoria."
castilla_la_mancha,Llanos del Caudillo,Ciudad Real,municipality:ciudad_real::llanos_del_caudillo,multi-distribuidora: requiere revisión,needs_municipal_review,multi_distributor_region_needs_municipal_review,no,UFD — presencia regional + herramientas oficiales de consulta,https://www.ufd.es/quienes-somos/,official_public_source_or_review_tool,no,"UFD declara presencia regional, pero la comunidad puede tener solapes. Revisión municipal/provincial obligatoria."
castilla_la_mancha,Villagarcía del Llano,Cuenca,municipality:cuenca::villagarcia_del_llano,multi-distribuidora: requiere revisión,needs_municipal_review,multi_distributor_region_needs_municipal_review,no,UFD — presencia regional + herramientas oficiales de consulta,https://www.ufd.es/quienes-somos/,official_public_source_or_review_tool,no,"UFD declara presencia regional, pero la comunidad puede tener solapes. Revisión municipal/provincial obligatoria."
castilla_la_mancha,Santa Cruz de la Zarza,Toledo,municipality:toledo::santa_cruz_de_la_zarza,multi-distribuidora: requiere revisión,needs_municipal_review,multi_distributor_region_needs_municipal_review,no,UFD — presencia regional + herramientas oficiales de consulta,https://www.ufd.es/quienes-somos/,official_public_source_or_review_tool,no,"UFD declara presencia regional, pero la comunidad puede tener solapes. Revisión municipal/provincial obligatoria."
castilla_la_mancha,Aldea del Rey,Ciudad Real,municipality:ciudad_real::aldea_del_rey,multi-distribuidora: requiere revisión,needs_municipal_review,multi_distributor_region_needs_municipal_review,no,UFD — presencia regional + herramientas oficiales de consulta,https://www.ufd.es/quienes-somos/,official_public_source_or_review_tool,no,"UFD declara presencia regional, pero la comunidad puede tener solapes. Revisión municipal/provincial obligatoria."
castilla_la_mancha,Navalcán,Toledo,municipality:toledo::navalcan,multi-distribuidora: requiere revisión,needs_municipal_review,multi_distributor_region_needs_municipal_review,no,UFD — presencia regional + herramientas oficiales de consulta,https://www.ufd.es/quienes-somos/,official_public_source_or_review_tool,no,"UFD declara presencia regional, pero la comunidad puede tener solapes. Revisión municipal/provincial obligatoria."
castilla_la_mancha,Hontecillas,Cuenca,municipality:cuenca::hontecillas,multi-distribuidora: requiere revisión,needs_municipal_review,multi_distributor_region_needs_municipal_review,no,UFD — presencia regional + herramientas oficiales de consulta,https://www.ufd.es/quienes-somos/,official_public_source_or_review_tool,no,"UFD declara presencia regional, pero la comunidad puede tener solapes. Revisión municipal/provincial obligatoria."
castilla_la_mancha,Carranque,Toledo,municipality:toledo::carranque,multi-distribuidora: requiere revisión,needs_municipal_review,multi_distributor_region_needs_municipal_review,no,UFD — presencia regional + herramientas oficiales de consulta,https://www.ufd.es/quienes-somos/,official_public_source_or_review_tool,no,"UFD declara presencia regional, pero la comunidad puede tener solapes. Revisión municipal/provincial obligatoria."
castilla_la_mancha,Hontanar,Toledo,municipality:toledo::hontanar,multi-distribuidora: requiere revisión,needs_municipal_review,multi_distributor_region_needs_municipal_review,no,UFD — presencia regional + herramientas oficiales de consulta,https://www.ufd.es/quienes-somos/,official_public_source_or_review_tool,no,"UFD declara presencia regional, pero la comunidad puede tener solapes. Revisión municipal/provincial obligatoria."
castilla_la_mancha,Huerta de la Obispalía,Cuenca,municipality:cuenca::huerta_de_la_obispalia,multi-distribuidora: requiere revisión,needs_municipal_review,multi_distributor_region_needs_municipal_review,no,UFD — presencia regional + herramientas oficiales de consulta,https://www.ufd.es/quienes-somos/,official_public_source_or_review_tool,no,"UFD declara presencia regional, pero la comunidad puede tener solapes. Revisión municipal/provincial obligatoria."
castilla_la_mancha,Alcabón,Toledo,municipality:toledo::alcabon,multi-distribuidora: requiere revisión,needs_municipal_review,multi_distributor_region_needs_municipal_review,no,UFD — presencia regional + herramientas oficiales de consulta,https://www.ufd.es/quienes-somos/,official_public_source_or_review_tool,no,"UFD declara presencia regional, pero la comunidad puede tener solapes. Revisión municipal/provincial obligatoria."
castilla_la_mancha,Escalonilla,Toledo,municipality:toledo::escalonilla,multi-distribuidora: requiere revisión,needs_municipal_review,multi_distributor_region_needs_municipal_review,no,UFD — presencia regional + herramientas oficiales de consulta,https://www.ufd.es/quienes-somos/,official_public_source_or_review_tool,no,"UFD declara presencia regional, pero la comunidad puede tener solapes. Revisión municipal/provincial obligatoria."
castilla_la_mancha,Golosalvo,Albacete,municipality:albacete::golosalvo,multi-distribuidora: requiere revisión,needs_municipal_review,multi_distributor_region_needs_municipal_review,no,UFD — presencia regional + herramientas oficiales de consulta,https://www.ufd.es/quienes-somos/,official_public_source_or_review_tool,no,"UFD declara presencia regional, pero la comunidad puede tener solapes. Revisión municipal/provincial obligatoria."
castilla_la_mancha,Torremochuela,Guadalajara,municipality:guadalajara::torremochuela,multi-distribuidora: requiere revisión,needs_municipal_review,multi_distributor_region_needs_municipal_review,no,UFD — presencia regional + herramientas oficiales de consulta,https://www.ufd.es/quienes-somos/,official_public_source_or_review_tool,no,"UFD declara presencia regional, pero la comunidad puede tener solapes. Revisión municipal/provincial obligatoria."
castilla_la_mancha,La Frontera,Cuenca,municipality:cuenca::la_frontera,multi-distribuidora: requiere revisión,needs_municipal_review,multi_distributor_region_needs_municipal_review,no,UFD — presencia regional + herramientas oficiales de consulta,https://www.ufd.es/quienes-somos/,official_public_source_or_review_tool,no,"UFD declara presencia regional, pero la comunidad puede tener solapes. Revisión municipal/provincial obligatoria."
castilla_la_mancha,Garaballa,Cuenca,municipality:cuenca::garaballa,multi-distribuidora: requiere revisión,needs_municipal_review,multi_distributor_region_needs_municipal_review,no,UFD — presencia regional + herramientas oficiales de consulta,https://www.ufd.es/quienes-somos/,official_public_source_or_review_tool,no,"UFD declara presencia regional, pero la comunidad puede tener solapes. Revisión municipal/provincial obligatoria."
castilla_la_mancha,Argamasilla de Alba,Ciudad Real,municipality:ciudad_real::argamasilla_de_alba,multi-distribuidora: requiere revisión,needs_municipal_review,multi_distributor_region_needs_municipal_review,no,UFD — presencia regional + herramientas oficiales de consulta,https://www.ufd.es/quienes-somos/,official_public_source_or_review_tool,no,"UFD declara presencia regional, pero la comunidad puede tener solapes. Revisión municipal/provincial obligatoria."
castilla_la_mancha,Rillo de Gallo,Guadalajara,municipality:guadalajara::rillo_de_gallo,multi-distribuidora: requiere revisión,needs_municipal_review,multi_distributor_region_needs_municipal_review,no,UFD — presencia regional + herramientas oficiales de consulta,https://www.ufd.es/quienes-somos/,official_public_source_or_review_tool,no,"UFD declara presencia regional, pero la comunidad puede tener solapes. Revisión municipal/provincial obligatoria."
castilla_la_mancha,Villanueva de Argecilla,Guadalajara,municipality:guadalajara::villanueva_de_argecilla,multi-distribuidora: requiere revisión,needs_municipal_review,multi_distributor_region_needs_municipal_review,no,UFD — presencia regional + herramientas oficiales de consulta,https://www.ufd.es/quienes-somos/,official_public_source_or_review_tool,no,"UFD declara presencia regional, pero la comunidad puede tener solapes. Revisión municipal/provincial obligatoria."
castilla_la_mancha,Albarreal de Tajo,Toledo,municipality:toledo::albarreal_de_tajo,multi-distribuidora: requiere revisión,needs_municipal_review,multi_distributor_region_needs_municipal_review,no,UFD — presencia regional + herramientas oficiales de consulta,https://www.ufd.es/quienes-somos/,official_public_source_or_review_tool,no,"UFD declara presencia regional, pero la comunidad puede tener solapes. Revisión municipal/provincial obligatoria."
castilla_la_mancha,Mejorada,Toledo,municipality:toledo::mejorada,multi-distribuidora: requiere revisión,needs_municipal_review,multi_distributor_region_needs_municipal_review,no,UFD — presencia regional + herramientas oficiales de consulta,https://www.ufd.es/quienes-somos/,official_public_source_or_review_tool,no,"UFD declara presencia regional, pero la comunidad puede tener solapes. Revisión municipal/provincial obligatoria."
castilla_la_mancha,El Ballestero,Albacete,municipality:albacete::el_ballestero,multi-distribuidora: requiere revisión,needs_municipal_review,multi_distributor_region_needs_municipal_review,no,UFD — presencia regional + herramientas oficiales de consulta,https://www.ufd.es/quienes-somos/,official_public_source_or_review_tool,no,"UFD declara presencia regional, pero la comunidad puede tener solapes. Revisión municipal/provincial obligatoria."
castilla_la_mancha,Yeste,Albacete,municipality:albacete::yeste,multi-distribuidora: requiere revisión,needs_municipal_review,multi_distributor_region_needs_municipal_review,no,UFD — presencia regional + herramientas oficiales de consulta,https://www.ufd.es/quienes-somos/,official_public_source_or_review_tool,no,"UFD declara presencia regional, pero la comunidad puede tener solapes. Revisión municipal/provincial obligatoria."
castilla_la_mancha,Pozuelo de Calatrava,Ciudad Real,municipality:ciudad_real::pozuelo_de_calatrava,multi-distribuidora: requiere revisión,needs_municipal_review,multi_distributor_region_needs_municipal_review,no,UFD — presencia regional + herramientas oficiales de consulta,https://www.ufd.es/quienes-somos/,official_public_source_or_review_tool,no,"UFD declara presencia regional, pero la comunidad puede tener solapes. Revisión municipal/provincial obligatoria."
castilla_la_mancha,Campos del Paraíso,Cuenca,municipality:cuenca::campos_del_paraiso,multi-distribuidora: requiere revisión,needs_municipal_review,multi_distributor_region_needs_municipal_review,no,UFD — presencia regional + herramientas oficiales de consulta,https://www.ufd.es/quienes-somos/,official_public_source_or_review_tool,no,"UFD declara presencia regional, pero la comunidad puede tener solapes. Revisión municipal/provincial obligatoria."
castilla_la_mancha,Cabanillas del Campo,Guadalajara,municipality:guadalajara::cabanillas_del_campo,multi-distribuidora: requiere revisión,needs_municipal_review,multi_distributor_region_needs_municipal_review,no,UFD — presencia regional + herramientas oficiales de consulta,https://www.ufd.es/quienes-somos/,official_public_source_or_review_tool,no,"UFD declara presencia regional, pero la comunidad puede tener solapes. Revisión municipal/provincial obligatoria."
castilla_la_mancha,Uceda,Guadalajara,municipality:guadalajara::uceda,multi-distribuidora: requiere revisión,needs_municipal_review,multi_distributor_region_needs_municipal_review,no,UFD — presencia regional + herramientas oficiales de consulta,https://www.ufd.es/quienes-somos/,official_public_source_or_review_tool,no,"UFD declara presencia regional, pero la comunidad puede tener solapes. Revisión municipal/provincial obligatoria."
castilla_la_mancha,Rielves,Toledo,municipality:toledo::rielves,multi-distribuidora: requiere revisión,needs_municipal_review,multi_distributor_region_needs_municipal_review,no,UFD — presencia regional + herramientas oficiales de consulta,https://www.ufd.es/quienes-somos/,official_public_source_or_review_tool,no,"UFD declara presencia regional, pero la comunidad puede tener solapes. Revisión municipal/provincial obligatoria."
castilla_la_mancha,Seseña,Toledo,municipality:toledo::sesena,multi-distribuidora: requiere revisión,needs_municipal_review,multi_distributor_region_needs_municipal_review,no,UFD — presencia regional + herramientas oficiales de consulta,https://www.ufd.es/quienes-somos/,official_public_source_or_review_tool,no,"UFD declara presencia regional, pero la comunidad puede tener solapes. Revisión municipal/provincial obligatoria."
castilla_la_mancha,Malaguilla,Guadalajara,municipality:guadalajara::malaguilla,multi-distribuidora: requiere revisión,needs_municipal_review,multi_distributor_region_needs_municipal_review,no,UFD — presencia regional + herramientas oficiales de consulta,https://www.ufd.es/quienes-somos/,official_public_source_or_review_tool,no,"UFD declara presencia regional, pero la comunidad puede tener solapes. Revisión municipal/provincial obligatoria."
castilla_la_mancha,Honrubia,Cuenca,municipality:cuenca::honrubia,multi-distribuidora: requiere revisión,needs_municipal_review,multi_distributor_region_needs_municipal_review,no,UFD — presencia regional + herramientas oficiales de consulta,https://www.ufd.es/quienes-somos/,official_public_source_or_review_tool,no,"UFD declara presencia regional, pero la comunidad puede tener solapes. Revisión municipal/provincial obligatoria."
castilla_la_mancha,Las Majadas,Cuenca,municipality:cuenca::las_majadas,multi-distribuidora: requiere revisión,needs_municipal_review,multi_distributor_region_needs_municipal_review,no,UFD — presencia regional + herramientas oficiales de consulta,https://www.ufd.es/quienes-somos/,official_public_source_or_review_tool,no,"UFD declara presencia regional, pero la comunidad puede tener solapes. Revisión municipal/provincial obligatoria."
castilla_la_mancha,Hortezuela de Océn,Guadalajara,municipality:guadalajara::hortezuela_de_ocen,multi-distribuidora: requiere revisión,needs_municipal_review,multi_distributor_region_needs_municipal_review,no,UFD — presencia regional + herramientas oficiales de consulta,https://www.ufd.es/quienes-somos/,official_public_source_or_review_tool,no,"UFD declara presencia regional, pero la comunidad puede tener solapes. Revisión municipal/provincial obligatoria."
castilla_la_mancha,Tordellego,Guadalajara,municipality:guadalajara::tordellego,multi-distribuidora: requiere revisión,needs_municipal_review,multi_distributor_region_needs_municipal_review,no,UFD — presencia regional + herramientas oficiales de consulta,https://www.ufd.es/quienes-somos/,official_public_source_or_review_tool,no,"UFD declara presencia regional, pero la comunidad puede tener solapes. Revisión municipal/provincial obligatoria."
castilla_la_mancha,Valdarachas,Guadalajara,municipality:guadalajara::valdarachas,multi-distribuidora: requiere revisión,needs_municipal_review,multi_distributor_region_needs_municipal_review,no,UFD — presencia regional + herramientas oficiales de consulta,https://www.ufd.es/quienes-somos/,official_public_source_or_review_tool,no,"UFD declara presencia regional, pero la comunidad puede tener solapes. Revisión municipal/provincial obligatoria."
castilla_la_mancha,Las Labores,Ciudad Real,municipality:ciudad_real::las_labores,multi-distribuidora: requiere revisión,needs_municipal_review,multi_distributor_region_needs_municipal_review,no,UFD — presencia regional + herramientas oficiales de consulta,https://www.ufd.es/quienes-somos/,official_public_source_or_review_tool,no,"UFD declara presencia regional, pero la comunidad puede tener solapes. Revisión municipal/provincial obligatoria."
castilla_la_mancha,Caleruela,Toledo,municipality:toledo::caleruela,multi-distribuidora: requiere revisión,needs_municipal_review,multi_distributor_region_needs_municipal_review,no,UFD — presencia regional + herramientas oficiales de consulta,https://www.ufd.es/quienes-somos/,official_public_source_or_review_tool,no,"UFD declara presencia regional, pero la comunidad puede tener solapes. Revisión municipal/provincial obligatoria."
castilla_la_mancha,Zafrilla,Cuenca,municipality:cuenca::zafrilla,multi-distribuidora: requiere revisión,needs_municipal_review,multi_distributor_region_needs_municipal_review,no,UFD — presencia regional + herramientas oficiales de consulta,https://www.ufd.es/quienes-somos/,official_public_source_or_review_tool,no,"UFD declara presencia regional, pero la comunidad puede tener solapes. Revisión municipal/provincial obligatoria."
castilla_la_mancha,Establés,Guadalajara,municipality:guadalajara::estables,multi-distribuidora: requiere revisión,needs_municipal_review,multi_distributor_region_needs_municipal_review,no,UFD — presencia regional + herramientas oficiales de consulta,https://www.ufd.es/quienes-somos/,official_public_source_or_review_tool,no,"UFD declara presencia regional, pero la comunidad puede tener solapes. Revisión municipal/provincial obligatoria."
castilla_la_mancha,San Pablo de los Montes,Toledo,municipality:toledo::san_pablo_de_los_montes,multi-distribuidora: requiere revisión,needs_municipal_review,multi_distributor_region_needs_municipal_review,no,UFD — presencia regional + herramientas oficiales de consulta,https://www.ufd.es/quienes-somos/,official_public_source_or_review_tool,no,"UFD declara presencia regional, pero la comunidad puede tener solapes. Revisión municipal/provincial obligatoria."
castilla_la_mancha,Pinilla de Molina,Guadalajara,municipality:guadalajara::pinilla_de_molina,multi-distribuidora: requiere revisión,needs_municipal_review,multi_distributor_region_needs_municipal_review,no,UFD — presencia regional + herramientas oficiales de consulta,https://www.ufd.es/quienes-somos/,official_public_source_or_review_tool,no,"UFD declara presencia regional, pero la comunidad puede tener solapes. Revisión municipal/provincial obligatoria."
castilla_la_mancha,Montesclaros,Toledo,municipality:toledo::montesclaros,multi-distribuidora: requiere revisión,needs_municipal_review,multi_distributor_region_needs_municipal_review,no,UFD — presencia regional + herramientas oficiales de consulta,https://www.ufd.es/quienes-somos/,official_public_source_or_review_tool,no,"UFD declara presencia regional, pero la comunidad puede tener solapes. Revisión municipal/provincial obligatoria."
castilla_la_mancha,Alcantud,Cuenca,municipality:cuenca::alcantud,multi-distribuidora: requiere revisión,needs_municipal_review,multi_distributor_region_needs_municipal_review,no,UFD — presencia regional + herramientas oficiales de consulta,https://www.ufd.es/quienes-somos/,official_public_source_or_review_tool,no,"UFD declara presencia regional, pero la comunidad puede tener solapes. Revisión municipal/provincial obligatoria."
castilla_la_mancha,Santa María de los Llanos,Cuenca,municipality:cuenca::santa_maria_de_los_llanos,multi-distribuidora: requiere revisión,needs_municipal_review,multi_distributor_region_needs_municipal_review,no,UFD — presencia regional + herramientas oficiales de consulta,https://www.ufd.es/quienes-somos/,official_public_source_or_review_tool,no,"UFD declara presencia regional, pero la comunidad puede tener solapes. Revisión municipal/provincial obligatoria."
castilla_la_mancha,Torrubia del Campo,Cuenca,municipality:cuenca::torrubia_del_campo,multi-distribuidora: requiere revisión,needs_municipal_review,multi_distributor_region_needs_municipal_review,no,UFD — presencia regional + herramientas oficiales de consulta,https://www.ufd.es/quienes-somos/,official_public_source_or_review_tool,no,"UFD declara presencia regional, pero la comunidad puede tener solapes. Revisión municipal/provincial obligatoria."
castilla_la_mancha,Bogarra,Albacete,municipality:albacete::bogarra,multi-distribuidora: requiere revisión,needs_municipal_review,multi_distributor_region_needs_municipal_review,no,UFD — presencia regional + herramientas oficiales de consulta,https://www.ufd.es/quienes-somos/,official_public_source_or_review_tool,no,"UFD declara presencia regional, pero la comunidad puede tener solapes. Revisión municipal/provincial obligatoria."
castilla_la_mancha,Torralba de Calatrava,Ciudad Real,municipality:ciudad_real::torralba_de_calatrava,multi-distribuidora: requiere revisión,needs_municipal_review,multi_distributor_region_needs_municipal_review,no,UFD — presencia regional + herramientas oficiales de consulta,https://www.ufd.es/quienes-somos/,official_public_source_or_review_tool,no,"UFD declara presencia regional, pero la comunidad puede tener solapes. Revisión municipal/provincial obligatoria."
castilla_la_mancha,Villanueva de Guadamejud,Cuenca,municipality:cuenca::villanueva_de_guadamejud,multi-distribuidora: requiere revisión,needs_municipal_review,multi_distributor_region_needs_municipal_review,no,UFD — presencia regional + herramientas oficiales de consulta,https://www.ufd.es/quienes-somos/,official_public_source_or_review_tool,no,"UFD declara presencia regional, pero la comunidad puede tener solapes. Revisión municipal/provincial obligatoria."
castilla_la_mancha,Romanillos de Atienza,Guadalajara,municipality:guadalajara::romanillos_de_atienza,multi-distribuidora: requiere revisión,needs_municipal_review,multi_distributor_region_needs_municipal_review,no,UFD — presencia regional + herramientas oficiales de consulta,https://www.ufd.es/quienes-somos/,official_public_source_or_review_tool,no,"UFD declara presencia regional, pero la comunidad puede tener solapes. Revisión municipal/provincial obligatoria."
castilla_la_mancha,Casas-Ibáñez,Albacete,municipality:albacete::casas_ibanez,multi-distribuidora: requiere revisión,needs_municipal_review,multi_distributor_region_needs_municipal_review,no,UFD — presencia regional + herramientas oficiales de consulta,https://www.ufd.es/quienes-somos/,official_public_source_or_review_tool,no,"UFD declara presencia regional, pero la comunidad puede tener solapes. Revisión municipal/provincial obligatoria."
castilla_la_mancha,Huérguina,Cuenca,municipality:cuenca::huerguina,multi-distribuidora: requiere revisión,needs_municipal_review,multi_distributor_region_needs_municipal_review,no,UFD — presencia regional + herramientas oficiales de consulta,https://www.ufd.es/quienes-somos/,official_public_source_or_review_tool,no,"UFD declara presencia regional, pero la comunidad puede tener solapes. Revisión municipal/provincial obligatoria."
castilla_la_mancha,Semillas,Guadalajara,municipality:guadalajara::semillas,multi-distribuidora: requiere revisión,needs_municipal_review,multi_distributor_region_needs_municipal_review,no,UFD — presencia regional + herramientas oficiales de consulta,https://www.ufd.es/quienes-somos/,official_public_source_or_review_tool,no,"UFD declara presencia regional, pero la comunidad puede tener solapes. Revisión municipal/provincial obligatoria."
castilla_la_mancha,Corral-Rubio,Albacete,municipality:albacete::corral_rubio,multi-distribuidora: requiere revisión,needs_municipal_review,multi_distributor_region_needs_municipal_review,no,UFD — presencia regional + herramientas oficiales de consulta,https://www.ufd.es/quienes-somos/,official_public_source_or_review_tool,no,"UFD declara presencia regional, pero la comunidad puede tener solapes. Revisión municipal/provincial obligatoria."
castilla_la_mancha,Luzón,Guadalajara,municipality:guadalajara::luzon,multi-distribuidora: requiere revisión,needs_municipal_review,multi_distributor_region_needs_municipal_review,no,UFD — presencia regional + herramientas oficiales de consulta,https://www.ufd.es/quienes-somos/,official_public_source_or_review_tool,no,"UFD declara presencia regional, pero la comunidad puede tener solapes. Revisión municipal/provincial obligatoria."
castilla_la_mancha,Atanzón,Guadalajara,municipality:guadalajara::atanzon,multi-distribuidora: requiere revisión,needs_municipal_review,multi_distributor_region_needs_municipal_review,no,UFD — presencia regional + herramientas oficiales de consulta,https://www.ufd.es/quienes-somos/,official_public_source_or_review_tool,no,"UFD declara presencia regional, pero la comunidad puede tener solapes. Revisión municipal/provincial obligatoria."
castilla_la_mancha,Caudete,Albacete,municipality:albacete::caudete,multi-distribuidora: requiere revisión,needs_municipal_review,multi_distributor_region_needs_municipal_review,no,UFD — presencia regional + herramientas oficiales de consulta,https://www.ufd.es/quienes-somos/,official_public_source_or_review_tool,no,"UFD declara presencia regional, pero la comunidad puede tener solapes. Revisión municipal/provincial obligatoria."
castilla_la_mancha,Monasterio,Guadalajara,municipality:guadalajara::monasterio,multi-distribuidora: requiere revisión,needs_municipal_review,multi_distributor_region_needs_municipal_review,no,UFD — presencia regional + herramientas oficiales de consulta,https://www.ufd.es/quienes-somos/,official_public_source_or_review_tool,no,"UFD declara presencia regional, pero la comunidad puede tener solapes. Revisión municipal/provincial obligatoria."
castilla_la_mancha,Erustes,Toledo,municipality:toledo::erustes,multi-distribuidora: requiere revisión,needs_municipal_review,multi_distributor_region_needs_municipal_review,no,UFD — presencia regional + herramientas oficiales de consulta,https://www.ufd.es/quienes-somos/,official_public_source_or_review_tool,no,"UFD declara presencia regional, pero la comunidad puede tener solapes. Revisión municipal/provincial obligatoria."
castilla_la_mancha,Aldea en Cabo,Toledo,municipality:toledo::aldea_en_cabo,multi-distribuidora: requiere revisión,needs_municipal_review,multi_distributor_region_needs_municipal_review,no,UFD — presencia regional + herramientas oficiales de consulta,https://www.ufd.es/quienes-somos/,official_public_source_or_review_tool,no,"UFD declara presencia regional, pero la comunidad puede tener solapes. Revisión municipal/provincial obligatoria."
castilla_la_mancha,Belmontejo,Cuenca,municipality:cuenca::belmontejo,multi-distribuidora: requiere revisión,needs_municipal_review,multi_distributor_region_needs_municipal_review,no,UFD — presencia regional + herramientas oficiales de consulta,https://www.ufd.es/quienes-somos/,official_public_source_or_review_tool,no,"UFD declara presencia regional, pero la comunidad puede tener solapes. Revisión municipal/provincial obligatoria."
castilla_la_mancha,Campillo de Altobuey,Cuenca,municipality:cuenca::campillo_de_altobuey,multi-distribuidora: requiere revisión,needs_municipal_review,multi_distributor_region_needs_municipal_review,no,UFD — presencia regional + herramientas oficiales de consulta,https://www.ufd.es/quienes-somos/,official_public_source_or_review_tool,no,"UFD declara presencia regional, pero la comunidad puede tener solapes. Revisión municipal/provincial obligatoria."
castilla_la_mancha,Anchuras,Ciudad Real,municipality:ciudad_real::anchuras,multi-distribuidora: requiere revisión,needs_municipal_review,multi_distributor_region_needs_municipal_review,no,UFD — presencia regional + herramientas oficiales de consulta,https://www.ufd.es/quienes-somos/,official_public_source_or_review_tool,no,"UFD declara presencia regional, pero la comunidad puede tener solapes. Revisión municipal/provincial obligatoria."
castilla_la_mancha,Valdeconcha,Guadalajara,municipality:guadalajara::valdeconcha,multi-distribuidora: requiere revisión,needs_municipal_review,multi_distributor_region_needs_municipal_review,no,UFD — presencia regional + herramientas oficiales de consulta,https://www.ufd.es/quienes-somos/,official_public_source_or_review_tool,no,"UFD declara presencia regional, pero la comunidad puede tener solapes. Revisión municipal/provincial obligatoria."
castilla_la_mancha,Illán de Vacas,Toledo,municipality:toledo::illan_de_vacas,multi-distribuidora: requiere revisión,needs_municipal_review,multi_distributor_region_needs_municipal_review,no,UFD — presencia regional + herramientas oficiales de consulta,https://www.ufd.es/quienes-somos/,official_public_source_or_review_tool,no,"UFD declara presencia regional, pero la comunidad puede tener solapes. Revisión municipal/provincial obligatoria."
castilla_la_mancha,Mocejón,Toledo,municipality:toledo::mocejon,multi-distribuidora: requiere revisión,needs_municipal_review,multi_distributor_region_needs_municipal_review,no,UFD — presencia regional + herramientas oficiales de consulta,https://www.ufd.es/quienes-somos/,official_public_source_or_review_tool,no,"UFD declara presencia regional, pero la comunidad puede tener solapes. Revisión municipal/provincial obligatoria."
castilla_la_mancha,Castejón de Henares,Guadalajara,municipality:guadalajara::castejon_de_henares,multi-distribuidora: requiere revisión,needs_municipal_review,multi_distributor_region_needs_municipal_review,no,UFD — presencia regional + herramientas oficiales de consulta,https://www.ufd.es/quienes-somos/,official_public_source_or_review_tool,no,"UFD declara presencia regional, pero la comunidad puede tener solapes. Revisión municipal/provincial obligatoria."
castilla_la_mancha,Tamajón,Guadalajara,municipality:guadalajara::tamajon,multi-distribuidora: requiere revisión,needs_municipal_review,multi_distributor_region_needs_municipal_review,no,UFD — presencia regional + herramientas oficiales de consulta,https://www.ufd.es/quienes-somos/,official_public_source_or_review_tool,no,"UFD declara presencia regional, pero la comunidad puede tener solapes. Revisión municipal/provincial obligatoria."
castilla_la_mancha,Puertollano,Ciudad Real,municipality:ciudad_real::puertollano,multi-distribuidora: requiere revisión,needs_municipal_review,multi_distributor_region_needs_municipal_review,no,UFD — presencia regional + herramientas oficiales de consulta,https://www.ufd.es/quienes-somos/,official_public_source_or_review_tool,no,"UFD declara presencia regional, pero la comunidad puede tener solapes. Revisión municipal/provincial obligatoria."
castilla_la_mancha,Tordesilos,Guadalajara,municipality:guadalajara::tordesilos,multi-distribuidora: requiere revisión,needs_municipal_review,multi_distributor_region_needs_municipal_review,no,UFD — presencia regional + herramientas oficiales de consulta,https://www.ufd.es/quienes-somos/,official_public_source_or_review_tool,no,"UFD declara presencia regional, pero la comunidad puede tener solapes. Revisión municipal/provincial obligatoria."
castilla_la_mancha,Condemios de Arriba,Guadalajara,municipality:guadalajara::condemios_de_arriba,multi-distribuidora: requiere revisión,needs_municipal_review,multi_distributor_region_needs_municipal_review,no,UFD — presencia regional + herramientas oficiales de consulta,https://www.ufd.es/quienes-somos/,official_public_source_or_review_tool,no,"UFD declara presencia regional, pero la comunidad puede tener solapes. Revisión municipal/provincial obligatoria."
castilla_la_mancha,Torrejón del Rey,Guadalajara,municipality:guadalajara::torrejon_del_rey,multi-distribuidora: requiere revisión,needs_municipal_review,multi_distributor_region_needs_municipal_review,no,UFD — presencia regional + herramientas oficiales de consulta,https://www.ufd.es/quienes-somos/,official_public_source_or_review_tool,no,"UFD declara presencia regional, pero la comunidad puede tener solapes. Revisión municipal/provincial obligatoria."
castilla_la_mancha,Almorox,Toledo,municipality:toledo::almorox,multi-distribuidora: requiere revisión,needs_municipal_review,multi_distributor_region_needs_municipal_review,no,UFD — presencia regional + herramientas oficiales de consulta,https://www.ufd.es/quienes-somos/,official_public_source_or_review_tool,no,"UFD declara presencia regional, pero la comunidad puede tener solapes. Revisión municipal/provincial obligatoria."
castilla_la_mancha,Las Pedroñeras,Cuenca,municipality:cuenca::las_pedroneras,multi-distribuidora: requiere revisión,needs_municipal_review,multi_distributor_region_needs_municipal_review,no,UFD — presencia regional + herramientas oficiales de consulta,https://www.ufd.es/quienes-somos/,official_public_source_or_review_tool,no,"UFD declara presencia regional, pero la comunidad puede tener solapes. Revisión municipal/provincial obligatoria."
castilla_la_mancha,Atalaya del Cañavate,Cuenca,municipality:cuenca::atalaya_del_canavate,multi-distribuidora: requiere revisión,needs_municipal_review,multi_distributor_region_needs_municipal_review,no,UFD — presencia regional + herramientas oficiales de consulta,https://www.ufd.es/quienes-somos/,official_public_source_or_review_tool,no,"UFD declara presencia regional, pero la comunidad puede tener solapes. Revisión municipal/provincial obligatoria."
castilla_la_mancha,El Herrumblar,Cuenca,municipality:cuenca::el_herrumblar,multi-distribuidora: requiere revisión,needs_municipal_review,multi_distributor_region_needs_municipal_review,no,UFD — presencia regional + herramientas oficiales de consulta,https://www.ufd.es/quienes-somos/,official_public_source_or_review_tool,no,"UFD declara presencia regional, pero la comunidad puede tener solapes. Revisión municipal/provincial obligatoria."
castilla_la_mancha,Yepes,Toledo,municipality:toledo::yepes,multi-distribuidora: requiere revisión,needs_municipal_review,multi_distributor_region_needs_municipal_review,no,UFD — presencia regional + herramientas oficiales de consulta,https://www.ufd.es/quienes-somos/,official_public_source_or_review_tool,no,"UFD declara presencia regional, pero la comunidad puede tener solapes. Revisión municipal/provincial obligatoria."
castilla_la_mancha,Otero,Toledo,municipality:toledo::otero,multi-distribuidora: requiere revisión,needs_municipal_review,multi_distributor_region_needs_municipal_review,no,UFD — presencia regional + herramientas oficiales de consulta,https://www.ufd.es/quienes-somos/,official_public_source_or_review_tool,no,"UFD declara presencia regional, pero la comunidad puede tener solapes. Revisión municipal/provincial obligatoria."
castilla_la_mancha,Villaminaya,Toledo,municipality:toledo::villaminaya,multi-distribuidora: requiere revisión,needs_municipal_review,multi_distributor_region_needs_municipal_review,no,UFD — presencia regional + herramientas oficiales de consulta,https://www.ufd.es/quienes-somos/,official_public_source_or_review_tool,no,"UFD declara presencia regional, pero la comunidad puede tener solapes. Revisión municipal/provincial obligatoria."
castilla_la_mancha,Socuéllamos,Ciudad Real,municipality:ciudad_real::socuellamos,multi-distribuidora: requiere revisión,needs_municipal_review,multi_distributor_region_needs_municipal_review,no,UFD — presencia regional + herramientas oficiales de consulta,https://www.ufd.es/quienes-somos/,official_public_source_or_review_tool,no,"UFD declara presencia regional, pero la comunidad puede tener solapes. Revisión municipal/provincial obligatoria."
castilla_la_mancha,Burguillos de Toledo,Toledo,municipality:toledo::burguillos_de_toledo,multi-distribuidora: requiere revisión,needs_municipal_review,multi_distributor_region_needs_municipal_review,no,UFD — presencia regional + herramientas oficiales de consulta,https://www.ufd.es/quienes-somos/,official_public_source_or_review_tool,no,"UFD declara presencia regional, pero la comunidad puede tener solapes. Revisión municipal/provincial obligatoria."
castilla_la_mancha,Fuentes,Cuenca,municipality:cuenca::fuentes,multi-distribuidora: requiere revisión,needs_municipal_review,multi_distributor_region_needs_municipal_review,no,UFD — presencia regional + herramientas oficiales de consulta,https://www.ufd.es/quienes-somos/,official_public_source_or_review_tool,no,"UFD declara presencia regional, pero la comunidad puede tener solapes. Revisión municipal/provincial obligatoria."
castilla_la_mancha,Fuencaliente,Ciudad Real,municipality:ciudad_real::fuencaliente,multi-distribuidora: requiere revisión,needs_municipal_review,multi_distributor_region_needs_municipal_review,no,UFD — presencia regional + herramientas oficiales de consulta,https://www.ufd.es/quienes-somos/,official_public_source_or_review_tool,no,"UFD declara presencia regional, pero la comunidad puede tener solapes. Revisión municipal/provincial obligatoria."
castilla_la_mancha,Arbancón,Guadalajara,municipality:guadalajara::arbancon,multi-distribuidora: requiere revisión,needs_municipal_review,multi_distributor_region_needs_municipal_review,no,UFD — presencia regional + herramientas oficiales de consulta,https://www.ufd.es/quienes-somos/,official_public_source_or_review_tool,no,"UFD declara presencia regional, pero la comunidad puede tener solapes. Revisión municipal/provincial obligatoria."
castilla_la_mancha,Mantiel,Guadalajara,municipality:guadalajara::mantiel,multi-distribuidora: requiere revisión,needs_municipal_review,multi_distributor_region_needs_municipal_review,no,UFD — presencia regional + herramientas oficiales de consulta,https://www.ufd.es/quienes-somos/,official_public_source_or_review_tool,no,"UFD declara presencia regional, pero la comunidad puede tener solapes. Revisión municipal/provincial obligatoria."
castilla_la_mancha,Valdeaveruelo,Guadalajara,municipality:guadalajara::valdeaveruelo,multi-distribuidora: requiere revisión,needs_municipal_review,multi_distributor_region_needs_municipal_review,no,UFD — presencia regional + herramientas oficiales de consulta,https://www.ufd.es/quienes-somos/,official_public_source_or_review_tool,no,"UFD declara presencia regional, pero la comunidad puede tener solapes. Revisión municipal/provincial obligatoria."
castilla_la_mancha,Casas de Garcimolina,Cuenca,municipality:cuenca::casas_de_garcimolina,multi-distribuidora: requiere revisión,needs_municipal_review,multi_distributor_region_needs_municipal_review,no,UFD — presencia regional + herramientas oficiales de consulta,https://www.ufd.es/quienes-somos/,official_public_source_or_review_tool,no,"UFD declara presencia regional, pero la comunidad puede tener solapes. Revisión municipal/provincial obligatoria."
castilla_la_mancha,Zorita de los Canes,Guadalajara,municipality:guadalajara::zorita_de_los_canes,multi-distribuidora: requiere revisión,needs_municipal_review,multi_distributor_region_needs_municipal_review,no,UFD — presencia regional + herramientas oficiales de consulta,https://www.ufd.es/quienes-somos/,official_public_source_or_review_tool,no,"UFD declara presencia regional, pero la comunidad puede tener solapes. Revisión municipal/provincial obligatoria."
castilla_la_mancha,Lillo,Toledo,municipality:toledo::lillo,multi-distribuidora: requiere revisión,needs_municipal_review,multi_distributor_region_needs_municipal_review,no,UFD — presencia regional + herramientas oficiales de consulta,https://www.ufd.es/quienes-somos/,official_public_source_or_review_tool,no,"UFD declara presencia regional, pero la comunidad puede tener solapes. Revisión municipal/provincial obligatoria."
castilla_la_mancha,Abengibre,Albacete,municipality:albacete::abengibre,multi-distribuidora: requiere revisión,needs_municipal_review,multi_distributor_region_needs_municipal_review,no,UFD — presencia regional + herramientas oficiales de consulta,https://www.ufd.es/quienes-somos/,official_public_source_or_review_tool,no,"UFD declara presencia regional, pero la comunidad puede tener solapes. Revisión municipal/provincial obligatoria."
castilla_la_mancha,Alustante,Guadalajara,municipality:guadalajara::alustante,multi-distribuidora: requiere revisión,needs_municipal_review,multi_distributor_region_needs_municipal_review,no,UFD — presencia regional + herramientas oficiales de consulta,https://www.ufd.es/quienes-somos/,official_public_source_or_review_tool,no,"UFD declara presencia regional, pero la comunidad puede tener solapes. Revisión municipal/provincial obligatoria."
castilla_la_mancha,Cañaveruelas,Cuenca,municipality:cuenca::canaveruelas,multi-distribuidora: requiere revisión,needs_municipal_review,multi_distributor_region_needs_municipal_review,no,UFD — presencia regional + herramientas oficiales de consulta,https://www.ufd.es/quienes-somos/,official_public_source_or_review_tool,no,"UFD declara presencia regional, pero la comunidad puede tener solapes. Revisión municipal/provincial obligatoria."
castilla_la_mancha,Iniesta,Cuenca,municipality:cuenca::iniesta,multi-distribuidora: requiere revisión,needs_municipal_review,multi_distributor_region_needs_municipal_review,no,UFD — presencia regional + herramientas oficiales de consulta,https://www.ufd.es/quienes-somos/,official_public_source_or_review_tool,no,"UFD declara presencia regional, pero la comunidad puede tener solapes. Revisión municipal/provincial obligatoria."
castilla_la_mancha,Los Cortijos,Ciudad Real,municipality:ciudad_real::los_cortijos,multi-distribuidora: requiere revisión,needs_municipal_review,multi_distributor_region_needs_municipal_review,no,UFD — presencia regional + herramientas oficiales de consulta,https://www.ufd.es/quienes-somos/,official_public_source_or_review_tool,no,"UFD declara presencia regional, pero la comunidad puede tener solapes. Revisión municipal/provincial obligatoria."
castilla_la_mancha,Miguel Esteban,Toledo,municipality:toledo::miguel_esteban,multi-distribuidora: requiere revisión,needs_municipal_review,multi_distributor_region_needs_municipal_review,no,UFD — presencia regional + herramientas oficiales de consulta,https://www.ufd.es/quienes-somos/,official_public_source_or_review_tool,no,"UFD declara presencia regional, pero la comunidad puede tener solapes. Revisión municipal/provincial obligatoria."
castilla_la_mancha,Ossa de Montiel,Albacete,municipality:albacete::ossa_de_montiel,multi-distribuidora: requiere revisión,needs_municipal_review,multi_distributor_region_needs_municipal_review,no,UFD — presencia regional + herramientas oficiales de consulta,https://www.ufd.es/quienes-somos/,official_public_source_or_review_tool,no,"UFD declara presencia regional, pero la comunidad puede tener solapes. Revisión municipal/provincial obligatoria."
castilla_la_mancha,Torrejoncillo del Rey,Cuenca,municipality:cuenca::torrejoncillo_del_rey,multi-distribuidora: requiere revisión,needs_municipal_review,multi_distributor_region_needs_municipal_review,no,UFD — presencia regional + herramientas oficiales de consulta,https://www.ufd.es/quienes-somos/,official_public_source_or_review_tool,no,"UFD declara presencia regional, pero la comunidad puede tener solapes. Revisión municipal/provincial obligatoria."
castilla_la_mancha,San Bartolomé de las Abiertas,Toledo,municipality:toledo::san_bartolome_de_las_abiertas,multi-distribuidora: requiere revisión,needs_municipal_review,multi_distributor_region_needs_municipal_review,no,UFD — presencia regional + herramientas oficiales de consulta,https://www.ufd.es/quienes-somos/,official_public_source_or_review_tool,no,"UFD declara presencia regional, pero la comunidad puede tener solapes. Revisión municipal/provincial obligatoria."
castilla_la_mancha,Albaladejo del Cuende,Cuenca,municipality:cuenca::albaladejo_del_cuende,multi-distribuidora: requiere revisión,needs_municipal_review,multi_distributor_region_needs_municipal_review,no,UFD — presencia regional + herramientas oficiales de consulta,https://www.ufd.es/quienes-somos/,official_public_source_or_review_tool,no,"UFD declara presencia regional, pero la comunidad puede tener solapes. Revisión municipal/provincial obligatoria."
castilla_la_mancha,Pineda de Gigüela,Cuenca,municipality:cuenca::pineda_de_giguela,multi-distribuidora: requiere revisión,needs_municipal_review,multi_distributor_region_needs_municipal_review,no,UFD — presencia regional + herramientas oficiales de consulta,https://www.ufd.es/quienes-somos/,official_public_source_or_review_tool,no,"UFD declara presencia regional, pero la comunidad puede tener solapes. Revisión municipal/provincial obligatoria."
castilla_la_mancha,Riofrío del Llano,Guadalajara,municipality:guadalajara::riofrio_del_llano,multi-distribuidora: requiere revisión,needs_municipal_review,multi_distributor_region_needs_municipal_review,no,UFD — presencia regional + herramientas oficiales de consulta,https://www.ufd.es/quienes-somos/,official_public_source_or_review_tool,no,"UFD declara presencia regional, pero la comunidad puede tener solapes. Revisión municipal/provincial obligatoria."
castilla_la_mancha,Belinchón,Cuenca,municipality:cuenca::belinchon,multi-distribuidora: requiere revisión,needs_municipal_review,multi_distributor_region_needs_municipal_review,no,UFD — presencia regional + herramientas oficiales de consulta,https://www.ufd.es/quienes-somos/,official_public_source_or_review_tool,no,"UFD declara presencia regional, pero la comunidad puede tener solapes. Revisión municipal/provincial obligatoria."
castilla_la_mancha,Vega del Codorno,Cuenca,municipality:cuenca::vega_del_codorno,multi-distribuidora: requiere revisión,needs_municipal_review,multi_distributor_region_needs_municipal_review,no,UFD — presencia regional + herramientas oficiales de consulta,https://www.ufd.es/quienes-somos/,official_public_source_or_review_tool,no,"UFD declara presencia regional, pero la comunidad puede tener solapes. Revisión municipal/provincial obligatoria."
castilla_la_mancha,Higueruela,Albacete,municipality:albacete::higueruela,multi-distribuidora: requiere revisión,needs_municipal_review,multi_distributor_region_needs_municipal_review,no,UFD — presencia regional + herramientas oficiales de consulta,https://www.ufd.es/quienes-somos/,official_public_source_or_review_tool,no,"UFD declara presencia regional, pero la comunidad puede tener solapes. Revisión municipal/provincial obligatoria."
castilla_la_mancha,Galápagos,Guadalajara,municipality:guadalajara::galapagos,multi-distribuidora: requiere revisión,needs_municipal_review,multi_distributor_region_needs_municipal_review,no,UFD — presencia regional + herramientas oficiales de consulta,https://www.ufd.es/quienes-somos/,official_public_source_or_review_tool,no,"UFD declara presencia regional, pero la comunidad puede tener solapes. Revisión municipal/provincial obligatoria."
castilla_la_mancha,Cobisa,Toledo,municipality:toledo::cobisa,multi-distribuidora: requiere revisión,needs_municipal_review,multi_distributor_region_needs_municipal_review,no,UFD — presencia regional + herramientas oficiales de consulta,https://www.ufd.es/quienes-somos/,official_public_source_or_review_tool,no,"UFD declara presencia regional, pero la comunidad puede tener solapes. Revisión municipal/provincial obligatoria."
castilla_la_mancha,Valdepeñas,Ciudad Real,municipality:ciudad_real::valdepenas,multi-distribuidora: requiere revisión,needs_municipal_review,multi_distributor_region_needs_municipal_review,no,UFD — presencia regional + herramientas oficiales de consulta,https://www.ufd.es/quienes-somos/,official_public_source_or_review_tool,no,"UFD declara presencia regional, pero la comunidad puede tener solapes. Revisión municipal/provincial obligatoria."
castilla_la_mancha,Ledaña,Cuenca,municipality:cuenca::ledana,multi-distribuidora: requiere revisión,needs_municipal_review,multi_distributor_region_needs_municipal_review,no,UFD — presencia regional + herramientas oficiales de consulta,https://www.ufd.es/quienes-somos/,official_public_source_or_review_tool,no,"UFD declara presencia regional, pero la comunidad puede tener solapes. Revisión municipal/provincial obligatoria."
castilla_la_mancha,Armallones,Guadalajara,municipality:guadalajara::armallones,multi-distribuidora: requiere revisión,needs_municipal_review,multi_distributor_region_needs_municipal_review,no,UFD — presencia regional + herramientas oficiales de consulta,https://www.ufd.es/quienes-somos/,official_public_source_or_review_tool,no,"UFD declara presencia regional, pero la comunidad puede tener solapes. Revisión municipal/provincial obligatoria."
castilla_la_mancha,El Pobo de Dueñas,Guadalajara,municipality:guadalajara::el_pobo_de_duenas,multi-distribuidora: requiere revisión,needs_municipal_review,multi_distributor_region_needs_municipal_review,no,UFD — presencia regional + herramientas oficiales de consulta,https://www.ufd.es/quienes-somos/,official_public_source_or_review_tool,no,"UFD declara presencia regional, pero la comunidad puede tener solapes. Revisión municipal/provincial obligatoria."
castilla_la_mancha,Navalpino,Ciudad Real,municipality:ciudad_real::navalpino,multi-distribuidora: requiere revisión,needs_municipal_review,multi_distributor_region_needs_municipal_review,no,UFD — presencia regional + herramientas oficiales de consulta,https://www.ufd.es/quienes-somos/,official_public_source_or_review_tool,no,"UFD declara presencia regional, pero la comunidad puede tener solapes. Revisión municipal/provincial obligatoria."
castilla_la_mancha,Almansa,Albacete,municipality:albacete::almansa,multi-distribuidora: requiere revisión,needs_municipal_review,multi_distributor_region_needs_municipal_review,no,UFD — presencia regional + herramientas oficiales de consulta,https://www.ufd.es/quienes-somos/,official_public_source_or_review_tool,no,"UFD declara presencia regional, pero la comunidad puede tener solapes. Revisión municipal/provincial obligatoria."
castilla_la_mancha,Selas,Guadalajara,municipality:guadalajara::selas,multi-distribuidora: requiere revisión,needs_municipal_review,multi_distributor_region_needs_municipal_review,no,UFD — presencia regional + herramientas oficiales de consulta,https://www.ufd.es/quienes-somos/,official_public_source_or_review_tool,no,"UFD declara presencia regional, pero la comunidad puede tener solapes. Revisión municipal/provincial obligatoria."
castilla_la_mancha,El Bonillo,Albacete,municipality:albacete::el_bonillo,multi-distribuidora: requiere revisión,needs_municipal_review,multi_distributor_region_needs_municipal_review,no,UFD — presencia regional + herramientas oficiales de consulta,https://www.ufd.es/quienes-somos/,official_public_source_or_review_tool,no,"UFD declara presencia regional, pero la comunidad puede tener solapes. Revisión municipal/provincial obligatoria."
castilla_la_mancha,Villarejo-Periesteban,Cuenca,municipality:cuenca::villarejo_periesteban,multi-distribuidora: requiere revisión,needs_municipal_review,multi_distributor_region_needs_municipal_review,no,UFD — presencia regional + herramientas oficiales de consulta,https://www.ufd.es/quienes-somos/,official_public_source_or_review_tool,no,"UFD declara presencia regional, pero la comunidad puede tener solapes. Revisión municipal/provincial obligatoria."
castilla_la_mancha,Málaga del Fresno,Guadalajara,municipality:guadalajara::malaga_del_fresno,multi-distribuidora: requiere revisión,needs_municipal_review,multi_distributor_region_needs_municipal_review,no,UFD — presencia regional + herramientas oficiales de consulta,https://www.ufd.es/quienes-somos/,official_public_source_or_review_tool,no,"UFD declara presencia regional, pero la comunidad puede tener solapes. Revisión municipal/provincial obligatoria."
castilla_la_mancha,Huerta de Valdecarábanos,Toledo,municipality:toledo::huerta_de_valdecarabanos,multi-distribuidora: requiere revisión,needs_municipal_review,multi_distributor_region_needs_municipal_review,no,UFD — presencia regional + herramientas oficiales de consulta,https://www.ufd.es/quienes-somos/,official_public_source_or_review_tool,no,"UFD declara presencia regional, pero la comunidad puede tener solapes. Revisión municipal/provincial obligatoria."
castilla_la_mancha,Tierzo,Guadalajara,municipality:guadalajara::tierzo,multi-distribuidora: requiere revisión,needs_municipal_review,multi_distributor_region_needs_municipal_review,no,UFD — presencia regional + herramientas oficiales de consulta,https://www.ufd.es/quienes-somos/,official_public_source_or_review_tool,no,"UFD declara presencia regional, pero la comunidad puede tener solapes. Revisión municipal/provincial obligatoria."
castilla_la_mancha,Molina de Aragón,Guadalajara,municipality:guadalajara::molina_de_aragon,multi-distribuidora: requiere revisión,needs_municipal_review,multi_distributor_region_needs_municipal_review,no,UFD — presencia regional + herramientas oficiales de consulta,https://www.ufd.es/quienes-somos/,official_public_source_or_review_tool,no,"UFD declara presencia regional, pero la comunidad puede tener solapes. Revisión municipal/provincial obligatoria."
castilla_la_mancha,Hueva,Guadalajara,municipality:guadalajara::hueva,multi-distribuidora: requiere revisión,needs_municipal_review,multi_distributor_region_needs_municipal_review,no,UFD — presencia regional + herramientas oficiales de consulta,https://www.ufd.es/quienes-somos/,official_public_source_or_review_tool,no,"UFD declara presencia regional, pero la comunidad puede tener solapes. Revisión municipal/provincial obligatoria."
castilla_la_mancha,Viana de Jadraque,Guadalajara,municipality:guadalajara::viana_de_jadraque,multi-distribuidora: requiere revisión,needs_municipal_review,multi_distributor_region_needs_municipal_review,no,UFD — presencia regional + herramientas oficiales de consulta,https://www.ufd.es/quienes-somos/,official_public_source_or_review_tool,no,"UFD declara presencia regional, pero la comunidad puede tener solapes. Revisión municipal/provincial obligatoria."
castilla_la_mancha,Luzaga,Guadalajara,municipality:guadalajara::luzaga,multi-distribuidora: requiere revisión,needs_municipal_review,multi_distributor_region_needs_municipal_review,no,UFD — presencia regional + herramientas oficiales de consulta,https://www.ufd.es/quienes-somos/,official_public_source_or_review_tool,no,"UFD declara presencia regional, pero la comunidad puede tener solapes. Revisión municipal/provincial obligatoria."
castilla_la_mancha,Garciotum,Toledo,municipality:toledo::garciotum,multi-distribuidora: requiere revisión,needs_municipal_review,multi_distributor_region_needs_municipal_review,no,UFD — presencia regional + herramientas oficiales de consulta,https://www.ufd.es/quienes-somos/,official_public_source_or_review_tool,no,"UFD declara presencia regional, pero la comunidad puede tener solapes. Revisión municipal/provincial obligatoria."
castilla_la_mancha,Albalate de Zorita,Guadalajara,municipality:guadalajara::albalate_de_zorita,multi-distribuidora: requiere revisión,needs_municipal_review,multi_distributor_region_needs_municipal_review,no,UFD — presencia regional + herramientas oficiales de consulta,https://www.ufd.es/quienes-somos/,official_public_source_or_review_tool,no,"UFD declara presencia regional, pero la comunidad puede tener solapes. Revisión municipal/provincial obligatoria."
castilla_la_mancha,Nuño Gómez,Toledo,municipality:toledo::nuno_gomez,multi-distribuidora: requiere revisión,needs_municipal_review,multi_distributor_region_needs_municipal_review,no,UFD — presencia regional + herramientas oficiales de consulta,https://www.ufd.es/quienes-somos/,official_public_source_or_review_tool,no,"UFD declara presencia regional, pero la comunidad puede tener solapes. Revisión municipal/provincial obligatoria."
castilla_la_mancha,Zarzuela,Cuenca,municipality:cuenca::zarzuela,multi-distribuidora: requiere revisión,needs_municipal_review,multi_distributor_region_needs_municipal_review,no,UFD — presencia regional + herramientas oficiales de consulta,https://www.ufd.es/quienes-somos/,official_public_source_or_review_tool,no,"UFD declara presencia regional, pero la comunidad puede tener solapes. Revisión municipal/provincial obligatoria."
castilla_la_mancha,Carcelén,Albacete,municipality:albacete::carcelen,multi-distribuidora: requiere revisión,needs_municipal_review,multi_distributor_region_needs_municipal_review,no,UFD — presencia regional + herramientas oficiales de consulta,https://www.ufd.es/quienes-somos/,official_public_source_or_review_tool,no,"UFD declara presencia regional, pero la comunidad puede tener solapes. Revisión municipal/provincial obligatoria."
castilla_la_mancha,Valhermoso de la Fuente,Cuenca,municipality:cuenca::valhermoso_de_la_fuente,multi-distribuidora: requiere revisión,needs_municipal_review,multi_distributor_region_needs_municipal_review,no,UFD — presencia regional + herramientas oficiales de consulta,https://www.ufd.es/quienes-somos/,official_public_source_or_review_tool,no,"UFD declara presencia regional, pero la comunidad puede tener solapes. Revisión municipal/provincial obligatoria."
castilla_la_mancha,Trijueque,Guadalajara,municipality:guadalajara::trijueque,multi-distribuidora: requiere revisión,needs_municipal_review,multi_distributor_region_needs_municipal_review,no,UFD — presencia regional + herramientas oficiales de consulta,https://www.ufd.es/quienes-somos/,official_public_source_or_review_tool,no,"UFD declara presencia regional, pero la comunidad puede tener solapes. Revisión municipal/provincial obligatoria."
castilla_la_mancha,Villa de Ves,Albacete,municipality:albacete::villa_de_ves,multi-distribuidora: requiere revisión,needs_municipal_review,multi_distributor_region_needs_municipal_review,no,UFD — presencia regional + herramientas oficiales de consulta,https://www.ufd.es/quienes-somos/,official_public_source_or_review_tool,no,"UFD declara presencia regional, pero la comunidad puede tener solapes. Revisión municipal/provincial obligatoria."
castilla_la_mancha,Manzanares,Ciudad Real,municipality:ciudad_real::manzanares,multi-distribuidora: requiere revisión,needs_municipal_review,multi_distributor_region_needs_municipal_review,no,UFD — presencia regional + herramientas oficiales de consulta,https://www.ufd.es/quienes-somos/,official_public_source_or_review_tool,no,"UFD declara presencia regional, pero la comunidad puede tener solapes. Revisión municipal/provincial obligatoria."
castilla_la_mancha,El Ordial,Guadalajara,municipality:guadalajara::el_ordial,multi-distribuidora: requiere revisión,needs_municipal_review,multi_distributor_region_needs_municipal_review,no,UFD — presencia regional + herramientas oficiales de consulta,https://www.ufd.es/quienes-somos/,official_public_source_or_review_tool,no,"UFD declara presencia regional, pero la comunidad puede tener solapes. Revisión municipal/provincial obligatoria."
castilla_la_mancha,Munera,Albacete,municipality:albacete::munera,multi-distribuidora: requiere revisión,needs_municipal_review,multi_distributor_region_needs_municipal_review,no,UFD — presencia regional + herramientas oficiales de consulta,https://www.ufd.es/quienes-somos/,official_public_source_or_review_tool,no,"UFD declara presencia regional, pero la comunidad puede tener solapes. Revisión municipal/provincial obligatoria."
castilla_la_mancha,Las Ventas de Retamosa,Toledo,municipality:toledo::las_ventas_de_retamosa,multi-distribuidora: requiere revisión,needs_municipal_review,multi_distributor_region_needs_municipal_review,no,UFD — presencia regional + herramientas oficiales de consulta,https://www.ufd.es/quienes-somos/,official_public_source_or_review_tool,no,"UFD declara presencia regional, pero la comunidad puede tener solapes. Revisión municipal/provincial obligatoria."
castilla_la_mancha,Granátula de Calatrava,Ciudad Real,municipality:ciudad_real::granatula_de_calatrava,multi-distribuidora: requiere revisión,needs_municipal_review,multi_distributor_region_needs_municipal_review,no,UFD — presencia regional + herramientas oficiales de consulta,https://www.ufd.es/quienes-somos/,official_public_source_or_review_tool,no,"UFD declara presencia regional, pero la comunidad puede tener solapes. Revisión municipal/provincial obligatoria."
castilla_la_mancha,Villapalacios,Albacete,municipality:albacete::villapalacios,multi-distribuidora: requiere revisión,needs_municipal_review,multi_distributor_region_needs_municipal_review,no,UFD — presencia regional + herramientas oficiales de consulta,https://www.ufd.es/quienes-somos/,official_public_source_or_review_tool,no,"UFD declara presencia regional, pero la comunidad puede tener solapes. Revisión municipal/provincial obligatoria."
castilla_la_mancha,Castellar de la Muela,Guadalajara,municipality:guadalajara::castellar_de_la_muela,multi-distribuidora: requiere revisión,needs_municipal_review,multi_distributor_region_needs_municipal_review,no,UFD — presencia regional + herramientas oficiales de consulta,https://www.ufd.es/quienes-somos/,official_public_source_or_review_tool,no,"UFD declara presencia regional, pero la comunidad puede tener solapes. Revisión municipal/provincial obligatoria."
castilla_la_mancha,Velada,Toledo,municipality:toledo::velada,multi-distribuidora: requiere revisión,needs_municipal_review,multi_distributor_region_needs_municipal_review,no,UFD — presencia regional + herramientas oficiales de consulta,https://www.ufd.es/quienes-somos/,official_public_source_or_review_tool,no,"UFD declara presencia regional, pero la comunidad puede tener solapes. Revisión municipal/provincial obligatoria."
castilla_la_mancha,Algar de Mesa,Guadalajara,municipality:guadalajara::algar_de_mesa,multi-distribuidora: requiere revisión,needs_municipal_review,multi_distributor_region_needs_municipal_review,no,UFD — presencia regional + herramientas oficiales de consulta,https://www.ufd.es/quienes-somos/,official_public_source_or_review_tool,no,"UFD declara presencia regional, pero la comunidad puede tener solapes. Revisión municipal/provincial obligatoria."
castilla_la_mancha,Barchín del Hoyo,Cuenca,municipality:cuenca::barchin_del_hoyo,multi-distribuidora: requiere revisión,needs_municipal_review,multi_distributor_region_needs_municipal_review,no,UFD — presencia regional + herramientas oficiales de consulta,https://www.ufd.es/quienes-somos/,official_public_source_or_review_tool,no,"UFD declara presencia regional, pero la comunidad puede tener solapes. Revisión municipal/provincial obligatoria."
castilla_la_mancha,Aranzueque,Guadalajara,municipality:guadalajara::aranzueque,multi-distribuidora: requiere revisión,needs_municipal_review,multi_distributor_region_needs_municipal_review,no,UFD — presencia regional + herramientas oficiales de consulta,https://www.ufd.es/quienes-somos/,official_public_source_or_review_tool,no,"UFD declara presencia regional, pero la comunidad puede tener solapes. Revisión municipal/provincial obligatoria."
castilla_la_mancha,La Mata,Toledo,municipality:toledo::la_mata,multi-distribuidora: requiere revisión,needs_municipal_review,multi_distributor_region_needs_municipal_review,no,UFD — presencia regional + herramientas oficiales de consulta,https://www.ufd.es/quienes-somos/,official_public_source_or_review_tool,no,"UFD declara presencia regional, pero la comunidad puede tener solapes. Revisión municipal/provincial obligatoria."
castilla_la_mancha,Escamilla,Guadalajara,municipality:guadalajara::escamilla,multi-distribuidora: requiere revisión,needs_municipal_review,multi_distributor_region_needs_municipal_review,no,UFD — presencia regional + herramientas oficiales de consulta,https://www.ufd.es/quienes-somos/,official_public_source_or_review_tool,no,"UFD declara presencia regional, pero la comunidad puede tener solapes. Revisión municipal/provincial obligatoria."
castilla_la_mancha,Huerta del Marquesado,Cuenca,municipality:cuenca::huerta_del_marquesado,multi-distribuidora: requiere revisión,needs_municipal_review,multi_distributor_region_needs_municipal_review,no,UFD — presencia regional + herramientas oficiales de consulta,https://www.ufd.es/quienes-somos/,official_public_source_or_review_tool,no,"UFD declara presencia regional, pero la comunidad puede tener solapes. Revisión municipal/provincial obligatoria."
castilla_la_mancha,Saceda-Trasierra,Cuenca,municipality:cuenca::saceda_trasierra,multi-distribuidora: requiere revisión,needs_municipal_review,multi_distributor_region_needs_municipal_review,no,UFD — presencia regional + herramientas oficiales de consulta,https://www.ufd.es/quienes-somos/,official_public_source_or_review_tool,no,"UFD declara presencia regional, pero la comunidad puede tener solapes. Revisión municipal/provincial obligatoria."
castilla_la_mancha,Pozo de Almoguera,Guadalajara,municipality:guadalajara::pozo_de_almoguera,multi-distribuidora: requiere revisión,needs_municipal_review,multi_distributor_region_needs_municipal_review,no,UFD — presencia regional + herramientas oficiales de consulta,https://www.ufd.es/quienes-somos/,official_public_source_or_review_tool,no,"UFD declara presencia regional, pero la comunidad puede tener solapes. Revisión municipal/provincial obligatoria."
castilla_la_mancha,Madridejos,Toledo,municipality:toledo::madridejos,multi-distribuidora: requiere revisión,needs_municipal_review,multi_distributor_region_needs_municipal_review,no,UFD — presencia regional + herramientas oficiales de consulta,https://www.ufd.es/quienes-somos/,official_public_source_or_review_tool,no,"UFD declara presencia regional, pero la comunidad puede tener solapes. Revisión municipal/provincial obligatoria."
castilla_la_mancha,Algarra,Cuenca,municipality:cuenca::algarra,multi-distribuidora: requiere revisión,needs_municipal_review,multi_distributor_region_needs_municipal_review,no,UFD — presencia regional + herramientas oficiales de consulta,https://www.ufd.es/quienes-somos/,official_public_source_or_review_tool,no,"UFD declara presencia regional, pero la comunidad puede tener solapes. Revisión municipal/provincial obligatoria."
castilla_la_mancha,Marchamalo,Guadalajara,municipality:guadalajara::marchamalo,multi-distribuidora: requiere revisión,needs_municipal_review,multi_distributor_region_needs_municipal_review,no,UFD — presencia regional + herramientas oficiales de consulta,https://www.ufd.es/quienes-somos/,official_public_source_or_review_tool,no,"UFD declara presencia regional, pero la comunidad puede tener solapes. Revisión municipal/provincial obligatoria."
castilla_la_mancha,Moral de Calatrava,Ciudad Real,municipality:ciudad_real::moral_de_calatrava,multi-distribuidora: requiere revisión,needs_municipal_review,multi_distributor_region_needs_municipal_review,no,UFD — presencia regional + herramientas oficiales de consulta,https://www.ufd.es/quienes-somos/,official_public_source_or_review_tool,no,"UFD declara presencia regional, pero la comunidad puede tener solapes. Revisión municipal/provincial obligatoria."
castilla_la_mancha,Almonacid de Zorita,Guadalajara,municipality:guadalajara::almonacid_de_zorita,multi-distribuidora: requiere revisión,needs_municipal_review,multi_distributor_region_needs_municipal_review,no,UFD — presencia regional + herramientas oficiales de consulta,https://www.ufd.es/quienes-somos/,official_public_source_or_review_tool,no,"UFD declara presencia regional, pero la comunidad puede tener solapes. Revisión municipal/provincial obligatoria."
castilla_la_mancha,Sienes,Guadalajara,municipality:guadalajara::sienes,multi-distribuidora: requiere revisión,needs_municipal_review,multi_distributor_region_needs_municipal_review,no,UFD — presencia regional + herramientas oficiales de consulta,https://www.ufd.es/quienes-somos/,official_public_source_or_review_tool,no,"UFD declara presencia regional, pero la comunidad puede tener solapes. Revisión municipal/provincial obligatoria."
castilla_la_mancha,Campillos-Paravientos,Cuenca,municipality:cuenca::campillos_paravientos,multi-distribuidora: requiere revisión,needs_municipal_review,multi_distributor_region_needs_municipal_review,no,UFD — presencia regional + herramientas oficiales de consulta,https://www.ufd.es/quienes-somos/,official_public_source_or_review_tool,no,"UFD declara presencia regional, pero la comunidad puede tener solapes. Revisión municipal/provincial obligatoria."
castilla_la_mancha,Huelves,Cuenca,municipality:cuenca::huelves,multi-distribuidora: requiere revisión,needs_municipal_review,multi_distributor_region_needs_municipal_review,no,UFD — presencia regional + herramientas oficiales de consulta,https://www.ufd.es/quienes-somos/,official_public_source_or_review_tool,no,"UFD declara presencia regional, pero la comunidad puede tener solapes. Revisión municipal/provincial obligatoria."
castilla_la_mancha,Herreruela de Oropesa,Toledo,municipality:toledo::herreruela_de_oropesa,multi-distribuidora: requiere revisión,needs_municipal_review,multi_distributor_region_needs_municipal_review,no,UFD — presencia regional + herramientas oficiales de consulta,https://www.ufd.es/quienes-somos/,official_public_source_or_review_tool,no,"UFD declara presencia regional, pero la comunidad puede tener solapes. Revisión municipal/provincial obligatoria."
castilla_la_mancha,Valdenuño Fernández,Guadalajara,municipality:guadalajara::valdenuno_fernandez,multi-distribuidora: requiere revisión,needs_municipal_review,multi_distributor_region_needs_municipal_review,no,UFD — presencia regional + herramientas oficiales de consulta,https://www.ufd.es/quienes-somos/,official_public_source_or_review_tool,no,"UFD declara presencia regional, pero la comunidad puede tener solapes. Revisión municipal/provincial obligatoria."
castilla_la_mancha,Puebla de Almenara,Cuenca,municipality:cuenca::puebla_de_almenara,multi-distribuidora: requiere revisión,needs_municipal_review,multi_distributor_region_needs_municipal_review,no,UFD — presencia regional + herramientas oficiales de consulta,https://www.ufd.es/quienes-somos/,official_public_source_or_review_tool,no,"UFD declara presencia regional, pero la comunidad puede tener solapes. Revisión municipal/provincial obligatoria."
castilla_la_mancha,Miedes de Atienza,Guadalajara,municipality:guadalajara::miedes_de_atienza,multi-distribuidora: requiere revisión,needs_municipal_review,multi_distributor_region_needs_municipal_review,no,UFD — presencia regional + herramientas oficiales de consulta,https://www.ufd.es/quienes-somos/,official_public_source_or_review_tool,no,"UFD declara presencia regional, pero la comunidad puede tener solapes. Revisión municipal/provincial obligatoria."
castilla_la_mancha,El Sotillo,Guadalajara,municipality:guadalajara::el_sotillo,multi-distribuidora: requiere revisión,needs_municipal_review,multi_distributor_region_needs_municipal_review,no,UFD — presencia regional + herramientas oficiales de consulta,https://www.ufd.es/quienes-somos/,official_public_source_or_review_tool,no,"UFD declara presencia regional, pero la comunidad puede tener solapes. Revisión municipal/provincial obligatoria."
castilla_la_mancha,Fuente el Fresno,Ciudad Real,municipality:ciudad_real::fuente_el_fresno,multi-distribuidora: requiere revisión,needs_municipal_review,multi_distributor_region_needs_municipal_review,no,UFD — presencia regional + herramientas oficiales de consulta,https://www.ufd.es/quienes-somos/,official_public_source_or_review_tool,no,"UFD declara presencia regional, pero la comunidad puede tener solapes. Revisión municipal/provincial obligatoria."
castilla_la_mancha,Pepino,Toledo,municipality:toledo::pepino,multi-distribuidora: requiere revisión,needs_municipal_review,multi_distributor_region_needs_municipal_review,no,UFD — presencia regional + herramientas oficiales de consulta,https://www.ufd.es/quienes-somos/,official_public_source_or_review_tool,no,"UFD declara presencia regional, pero la comunidad puede tener solapes. Revisión municipal/provincial obligatoria."
castilla_la_mancha,Camarenilla,Toledo,municipality:toledo::camarenilla,multi-distribuidora: requiere revisión,needs_municipal_review,multi_distributor_region_needs_municipal_review,no,UFD — presencia regional + herramientas oficiales de consulta,https://www.ufd.es/quienes-somos/,official_public_source_or_review_tool,no,"UFD declara presencia regional, pero la comunidad puede tener solapes. Revisión municipal/provincial obligatoria."
castilla_la_mancha,Castillo de Garcimuñoz,Cuenca,municipality:cuenca::castillo_de_garcimunoz,multi-distribuidora: requiere revisión,needs_municipal_review,multi_distributor_region_needs_municipal_review,no,UFD — presencia regional + herramientas oficiales de consulta,https://www.ufd.es/quienes-somos/,official_public_source_or_review_tool,no,"UFD declara presencia regional, pero la comunidad puede tener solapes. Revisión municipal/provincial obligatoria."
castilla_la_mancha,Abenójar,Ciudad Real,municipality:ciudad_real::abenojar,multi-distribuidora: requiere revisión,needs_municipal_review,multi_distributor_region_needs_municipal_review,no,UFD — presencia regional + herramientas oficiales de consulta,https://www.ufd.es/quienes-somos/,official_public_source_or_review_tool,no,"UFD declara presencia regional, pero la comunidad puede tener solapes. Revisión municipal/provincial obligatoria."
castilla_la_mancha,Casasimarro,Cuenca,municipality:cuenca::casasimarro,multi-distribuidora: requiere revisión,needs_municipal_review,multi_distributor_region_needs_municipal_review,no,UFD — presencia regional + herramientas oficiales de consulta,https://www.ufd.es/quienes-somos/,official_public_source_or_review_tool,no,"UFD declara presencia regional, pero la comunidad puede tener solapes. Revisión municipal/provincial obligatoria."
castilla_la_mancha,Cervera del Llano,Cuenca,municipality:cuenca::cervera_del_llano,multi-distribuidora: requiere revisión,needs_municipal_review,multi_distributor_region_needs_municipal_review,no,UFD — presencia regional + herramientas oficiales de consulta,https://www.ufd.es/quienes-somos/,official_public_source_or_review_tool,no,"UFD declara presencia regional, pero la comunidad puede tener solapes. Revisión municipal/provincial obligatoria."
castilla_la_mancha,Olmeda del Rey,Cuenca,municipality:cuenca::olmeda_del_rey,multi-distribuidora: requiere revisión,needs_municipal_review,multi_distributor_region_needs_municipal_review,no,UFD — presencia regional + herramientas oficiales de consulta,https://www.ufd.es/quienes-somos/,official_public_source_or_review_tool,no,"UFD declara presencia regional, pero la comunidad puede tener solapes. Revisión municipal/provincial obligatoria."
castilla_la_mancha,Uña,Cuenca,municipality:cuenca::una,multi-distribuidora: requiere revisión,needs_municipal_review,multi_distributor_region_needs_municipal_review,no,UFD — presencia regional + herramientas oficiales de consulta,https://www.ufd.es/quienes-somos/,official_public_source_or_review_tool,no,"UFD declara presencia regional, pero la comunidad puede tener solapes. Revisión municipal/provincial obligatoria."
castilla_la_mancha,La Herrera,Albacete,municipality:albacete::la_herrera,multi-distribuidora: requiere revisión,needs_municipal_review,multi_distributor_region_needs_municipal_review,no,UFD — presencia regional + herramientas oficiales de consulta,https://www.ufd.es/quienes-somos/,official_public_source_or_review_tool,no,"UFD declara presencia regional, pero la comunidad puede tener solapes. Revisión municipal/provincial obligatoria."
castilla_la_mancha,Montiel,Ciudad Real,municipality:ciudad_real::montiel,multi-distribuidora: requiere revisión,needs_municipal_review,multi_distributor_region_needs_municipal_review,no,UFD — presencia regional + herramientas oficiales de consulta,https://www.ufd.es/quienes-somos/,official_public_source_or_review_tool,no,"UFD declara presencia regional, pero la comunidad puede tener solapes. Revisión municipal/provincial obligatoria."
castilla_la_mancha,Alcadozo,Albacete,municipality:albacete::alcadozo,multi-distribuidora: requiere revisión,needs_municipal_review,multi_distributor_region_needs_municipal_review,no,UFD — presencia regional + herramientas oficiales de consulta,https://www.ufd.es/quienes-somos/,official_public_source_or_review_tool,no,"UFD declara presencia regional, pero la comunidad puede tener solapes. Revisión municipal/provincial obligatoria."
castilla_la_mancha,Manzaneque,Toledo,municipality:toledo::manzaneque,multi-distribuidora: requiere revisión,needs_municipal_review,multi_distributor_region_needs_municipal_review,no,UFD — presencia regional + herramientas oficiales de consulta,https://www.ufd.es/quienes-somos/,official_public_source_or_review_tool,no,"UFD declara presencia regional, pero la comunidad puede tener solapes. Revisión municipal/provincial obligatoria."
castilla_la_mancha,Tordelrábano,Guadalajara,municipality:guadalajara::tordelrabano,multi-distribuidora: requiere revisión,needs_municipal_review,multi_distributor_region_needs_municipal_review,no,UFD — presencia regional + herramientas oficiales de consulta,https://www.ufd.es/quienes-somos/,official_public_source_or_review_tool,no,"UFD declara presencia regional, pero la comunidad puede tener solapes. Revisión municipal/provincial obligatoria."
castilla_la_mancha,Budia,Guadalajara,municipality:guadalajara::budia,multi-distribuidora: requiere revisión,needs_municipal_review,multi_distributor_region_needs_municipal_review,no,UFD — presencia regional + herramientas oficiales de consulta,https://www.ufd.es/quienes-somos/,official_public_source_or_review_tool,no,"UFD declara presencia regional, pero la comunidad puede tener solapes. Revisión municipal/provincial obligatoria."
castilla_la_mancha,Valdeganga,Albacete,municipality:albacete::valdeganga,multi-distribuidora: requiere revisión,needs_municipal_review,multi_distributor_region_needs_municipal_review,no,UFD — presencia regional + herramientas oficiales de consulta,https://www.ufd.es/quienes-somos/,official_public_source_or_review_tool,no,"UFD declara presencia regional, pero la comunidad puede tener solapes. Revisión municipal/provincial obligatoria."
castilla_la_mancha,Puebla del Príncipe,Ciudad Real,municipality:ciudad_real::puebla_del_principe,multi-distribuidora: requiere revisión,needs_municipal_review,multi_distributor_region_needs_municipal_review,no,UFD — presencia regional + herramientas oficiales de consulta,https://www.ufd.es/quienes-somos/,official_public_source_or_review_tool,no,"UFD declara presencia regional, pero la comunidad puede tener solapes. Revisión municipal/provincial obligatoria."
castilla_la_mancha,Esplegares,Guadalajara,municipality:guadalajara::esplegares,multi-distribuidora: requiere revisión,needs_municipal_review,multi_distributor_region_needs_municipal_review,no,UFD — presencia regional + herramientas oficiales de consulta,https://www.ufd.es/quienes-somos/,official_public_source_or_review_tool,no,"UFD declara presencia regional, pero la comunidad puede tener solapes. Revisión municipal/provincial obligatoria."
castilla_la_mancha,Cabezarrubias del Puerto,Ciudad Real,municipality:ciudad_real::cabezarrubias_del_puerto,multi-distribuidora: requiere revisión,needs_municipal_review,multi_distributor_region_needs_municipal_review,no,UFD — presencia regional + herramientas oficiales de consulta,https://www.ufd.es/quienes-somos/,official_public_source_or_review_tool,no,"UFD declara presencia regional, pero la comunidad puede tener solapes. Revisión municipal/provincial obligatoria."
castilla_la_mancha,Malagón,Ciudad Real,municipality:ciudad_real::malagon,multi-distribuidora: requiere revisión,needs_municipal_review,multi_distributor_region_needs_municipal_review,no,UFD — presencia regional + herramientas oficiales de consulta,https://www.ufd.es/quienes-somos/,official_public_source_or_review_tool,no,"UFD declara presencia regional, pero la comunidad puede tener solapes. Revisión municipal/provincial obligatoria."
castilla_la_mancha,Arcos de la Sierra,Cuenca,municipality:cuenca::arcos_de_la_sierra,multi-distribuidora: requiere revisión,needs_municipal_review,multi_distributor_region_needs_municipal_review,no,UFD — presencia regional + herramientas oficiales de consulta,https://www.ufd.es/quienes-somos/,official_public_source_or_review_tool,no,"UFD declara presencia regional, pero la comunidad puede tener solapes. Revisión municipal/provincial obligatoria."
castilla_la_mancha,Cañizares,Cuenca,municipality:cuenca::canizares,multi-distribuidora: requiere revisión,needs_municipal_review,multi_distributor_region_needs_municipal_review,no,UFD — presencia regional + herramientas oficiales de consulta,https://www.ufd.es/quienes-somos/,official_public_source_or_review_tool,no,"UFD declara presencia regional, pero la comunidad puede tener solapes. Revisión municipal/provincial obligatoria."
castilla_la_mancha,Escopete,Guadalajara,municipality:guadalajara::escopete,multi-distribuidora: requiere revisión,needs_municipal_review,multi_distributor_region_needs_municipal_review,no,UFD — presencia regional + herramientas oficiales de consulta,https://www.ufd.es/quienes-somos/,official_public_source_or_review_tool,no,"UFD declara presencia regional, pero la comunidad puede tener solapes. Revisión municipal/provincial obligatoria."
castilla_la_mancha,Las Navas de Jadraque,Guadalajara,municipality:guadalajara::las_navas_de_jadraque,multi-distribuidora: requiere revisión,needs_municipal_review,multi_distributor_region_needs_municipal_review,no,UFD — presencia regional + herramientas oficiales de consulta,https://www.ufd.es/quienes-somos/,official_public_source_or_review_tool,no,"UFD declara presencia regional, pero la comunidad puede tener solapes. Revisión municipal/provincial obligatoria."
castilla_la_mancha,Gerindote,Toledo,municipality:toledo::gerindote,multi-distribuidora: requiere revisión,needs_municipal_review,multi_distributor_region_needs_municipal_review,no,UFD — presencia regional + herramientas oficiales de consulta,https://www.ufd.es/quienes-somos/,official_public_source_or_review_tool,no,"UFD declara presencia regional, pero la comunidad puede tener solapes. Revisión municipal/provincial obligatoria."
castilla_la_mancha,Tejadillos,Cuenca,municipality:cuenca::tejadillos,multi-distribuidora: requiere revisión,needs_municipal_review,multi_distributor_region_needs_municipal_review,no,UFD — presencia regional + herramientas oficiales de consulta,https://www.ufd.es/quienes-somos/,official_public_source_or_review_tool,no,"UFD declara presencia regional, pero la comunidad puede tener solapes. Revisión municipal/provincial obligatoria."
castilla_la_mancha,Borox,Toledo,municipality:toledo::borox,multi-distribuidora: requiere revisión,needs_municipal_review,multi_distributor_region_needs_municipal_review,no,UFD — presencia regional + herramientas oficiales de consulta,https://www.ufd.es/quienes-somos/,official_public_source_or_review_tool,no,"UFD declara presencia regional, pero la comunidad puede tener solapes. Revisión municipal/provincial obligatoria."
castilla_la_mancha,Aldeanueva de Guadalajara,Guadalajara,municipality:guadalajara::aldeanueva_de_guadalajara,multi-distribuidora: requiere revisión,needs_municipal_review,multi_distributor_region_needs_municipal_review,no,UFD — presencia regional + herramientas oficiales de consulta,https://www.ufd.es/quienes-somos/,official_public_source_or_review_tool,no,"UFD declara presencia regional, pero la comunidad puede tener solapes. Revisión municipal/provincial obligatoria."
castilla_la_mancha,Alcoba,Ciudad Real,municipality:ciudad_real::alcoba,multi-distribuidora: requiere revisión,needs_municipal_review,multi_distributor_region_needs_municipal_review,no,UFD — presencia regional + herramientas oficiales de consulta,https://www.ufd.es/quienes-somos/,official_public_source_or_review_tool,no,"UFD declara presencia regional, pero la comunidad puede tener solapes. Revisión municipal/provincial obligatoria."
castilla_la_mancha,Nombela,Toledo,municipality:toledo::nombela,multi-distribuidora: requiere revisión,needs_municipal_review,multi_distributor_region_needs_municipal_review,no,UFD — presencia regional + herramientas oficiales de consulta,https://www.ufd.es/quienes-somos/,official_public_source_or_review_tool,no,"UFD declara presencia regional, pero la comunidad puede tener solapes. Revisión municipal/provincial obligatoria."
castilla_la_mancha,Vara de Rey,Cuenca,municipality:cuenca::vara_de_rey,multi-distribuidora: requiere revisión,needs_municipal_review,multi_distributor_region_needs_municipal_review,no,UFD — presencia regional + herramientas oficiales de consulta,https://www.ufd.es/quienes-somos/,official_public_source_or_review_tool,no,"UFD declara presencia regional, pero la comunidad puede tener solapes. Revisión municipal/provincial obligatoria."
castilla_la_mancha,San Lorenzo de la Parrilla,Cuenca,municipality:cuenca::san_lorenzo_de_la_parrilla,multi-distribuidora: requiere revisión,needs_municipal_review,multi_distributor_region_needs_municipal_review,no,UFD — presencia regional + herramientas oficiales de consulta,https://www.ufd.es/quienes-somos/,official_public_source_or_review_tool,no,"UFD declara presencia regional, pero la comunidad puede tener solapes. Revisión municipal/provincial obligatoria."
castilla_la_mancha,Zafra de Záncara,Cuenca,municipality:cuenca::zafra_de_zancara,multi-distribuidora: requiere revisión,needs_municipal_review,multi_distributor_region_needs_municipal_review,no,UFD — presencia regional + herramientas oficiales de consulta,https://www.ufd.es/quienes-somos/,official_public_source_or_review_tool,no,"UFD declara presencia regional, pero la comunidad puede tener solapes. Revisión municipal/provincial obligatoria."
castilla_la_mancha,Las Mesas,Cuenca,municipality:cuenca::las_mesas,multi-distribuidora: requiere revisión,needs_municipal_review,multi_distributor_region_needs_municipal_review,no,UFD — presencia regional + herramientas oficiales de consulta,https://www.ufd.es/quienes-somos/,official_public_source_or_review_tool,no,"UFD declara presencia regional, pero la comunidad puede tener solapes. Revisión municipal/provincial obligatoria."
castilla_la_mancha,Alamillo,Ciudad Real,municipality:ciudad_real::alamillo,multi-distribuidora: requiere revisión,needs_municipal_review,multi_distributor_region_needs_municipal_review,no,UFD — presencia regional + herramientas oficiales de consulta,https://www.ufd.es/quienes-somos/,official_public_source_or_review_tool,no,"UFD declara presencia regional, pero la comunidad puede tener solapes. Revisión municipal/provincial obligatoria."
castilla_la_mancha,Bustares,Guadalajara,municipality:guadalajara::bustares,multi-distribuidora: requiere revisión,needs_municipal_review,multi_distributor_region_needs_municipal_review,no,UFD — presencia regional + herramientas oficiales de consulta,https://www.ufd.es/quienes-somos/,official_public_source_or_review_tool,no,"UFD declara presencia regional, pero la comunidad puede tener solapes. Revisión municipal/provincial obligatoria."
castilla_la_mancha,Ajofrín,Toledo,municipality:toledo::ajofrin,multi-distribuidora: requiere revisión,needs_municipal_review,multi_distributor_region_needs_municipal_review,no,UFD — presencia regional + herramientas oficiales de consulta,https://www.ufd.es/quienes-somos/,official_public_source_or_review_tool,no,"UFD declara presencia regional, pero la comunidad puede tener solapes. Revisión municipal/provincial obligatoria."
castilla_la_mancha,Alcolea de Tajo,Toledo,municipality:toledo::alcolea_de_tajo,multi-distribuidora: requiere revisión,needs_municipal_review,multi_distributor_region_needs_municipal_review,no,UFD — presencia regional + herramientas oficiales de consulta,https://www.ufd.es/quienes-somos/,official_public_source_or_review_tool,no,"UFD declara presencia regional, pero la comunidad puede tener solapes. Revisión municipal/provincial obligatoria."
castilla_la_mancha,Paterna del Madera,Albacete,municipality:albacete::paterna_del_madera,multi-distribuidora: requiere revisión,needs_municipal_review,multi_distributor_region_needs_municipal_review,no,UFD — presencia regional + herramientas oficiales de consulta,https://www.ufd.es/quienes-somos/,official_public_source_or_review_tool,no,"UFD declara presencia regional, pero la comunidad puede tener solapes. Revisión municipal/provincial obligatoria."
castilla_la_mancha,Ugena,Toledo,municipality:toledo::ugena,multi-distribuidora: requiere revisión,needs_municipal_review,multi_distributor_region_needs_municipal_review,no,UFD — presencia regional + herramientas oficiales de consulta,https://www.ufd.es/quienes-somos/,official_public_source_or_review_tool,no,"UFD declara presencia regional, pero la comunidad puede tener solapes. Revisión municipal/provincial obligatoria."
castilla_la_mancha,Arroba de los Montes,Ciudad Real,municipality:ciudad_real::arroba_de_los_montes,multi-distribuidora: requiere revisión,needs_municipal_review,multi_distributor_region_needs_municipal_review,no,UFD — presencia regional + herramientas oficiales de consulta,https://www.ufd.es/quienes-somos/,official_public_source_or_review_tool,no,"UFD declara presencia regional, pero la comunidad puede tener solapes. Revisión municipal/provincial obligatoria."
castilla_la_mancha,Pinilla de Jadraque,Guadalajara,municipality:guadalajara::pinilla_de_jadraque,multi-distribuidora: requiere revisión,needs_municipal_review,multi_distributor_region_needs_municipal_review,no,UFD — presencia regional + herramientas oficiales de consulta,https://www.ufd.es/quienes-somos/,official_public_source_or_review_tool,no,"UFD declara presencia regional, pero la comunidad puede tener solapes. Revisión municipal/provincial obligatoria."
castilla_la_mancha,Alcoroches,Guadalajara,municipality:guadalajara::alcoroches,multi-distribuidora: requiere revisión,needs_municipal_review,multi_distributor_region_needs_municipal_review,no,UFD — presencia regional + herramientas oficiales de consulta,https://www.ufd.es/quienes-somos/,official_public_source_or_review_tool,no,"UFD declara presencia regional, pero la comunidad puede tener solapes. Revisión municipal/provincial obligatoria."
castilla_la_mancha,Mazuecos,Guadalajara,municipality:guadalajara::mazuecos,multi-distribuidora: requiere revisión,needs_municipal_review,multi_distributor_region_needs_municipal_review,no,UFD — presencia regional + herramientas oficiales de consulta,https://www.ufd.es/quienes-somos/,official_public_source_or_review_tool,no,"UFD declara presencia regional, pero la comunidad puede tener solapes. Revisión municipal/provincial obligatoria."
castilla_la_mancha,El Real de San Vicente,Toledo,municipality:toledo::el_real_de_san_vicente,multi-distribuidora: requiere revisión,needs_municipal_review,multi_distributor_region_needs_municipal_review,no,UFD — presencia regional + herramientas oficiales de consulta,https://www.ufd.es/quienes-somos/,official_public_source_or_review_tool,no,"UFD declara presencia regional, pero la comunidad puede tener solapes. Revisión municipal/provincial obligatoria."
castilla_la_mancha,Palomares del Campo,Cuenca,municipality:cuenca::palomares_del_campo,multi-distribuidora: requiere revisión,needs_municipal_review,multi_distributor_region_needs_municipal_review,no,UFD — presencia regional + herramientas oficiales de consulta,https://www.ufd.es/quienes-somos/,official_public_source_or_review_tool,no,"UFD declara presencia regional, pero la comunidad puede tener solapes. Revisión municipal/provincial obligatoria."
castilla_la_mancha,Alameda de la Sagra,Toledo,municipality:toledo::alameda_de_la_sagra,multi-distribuidora: requiere revisión,needs_municipal_review,multi_distributor_region_needs_municipal_review,no,UFD — presencia regional + herramientas oficiales de consulta,https://www.ufd.es/quienes-somos/,official_public_source_or_review_tool,no,"UFD declara presencia regional, pero la comunidad puede tener solapes. Revisión municipal/provincial obligatoria."
castilla_la_mancha,Villaescusa de Haro,Cuenca,municipality:cuenca::villaescusa_de_haro,multi-distribuidora: requiere revisión,needs_municipal_review,multi_distributor_region_needs_municipal_review,no,UFD — presencia regional + herramientas oficiales de consulta,https://www.ufd.es/quienes-somos/,official_public_source_or_review_tool,no,"UFD declara presencia regional, pero la comunidad puede tener solapes. Revisión municipal/provincial obligatoria."
castilla_la_mancha,Yuncos,Toledo,municipality:toledo::yuncos,multi-distribuidora: requiere revisión,needs_municipal_review,multi_distributor_region_needs_municipal_review,no,UFD — presencia regional + herramientas oficiales de consulta,https://www.ufd.es/quienes-somos/,official_public_source_or_review_tool,no,"UFD declara presencia regional, pero la comunidad puede tener solapes. Revisión municipal/provincial obligatoria."
castilla_la_mancha,Ontígola,Toledo,municipality:toledo::ontigola,multi-distribuidora: requiere revisión,needs_municipal_review,multi_distributor_region_needs_municipal_review,no,UFD — presencia regional + herramientas oficiales de consulta,https://www.ufd.es/quienes-somos/,official_public_source_or_review_tool,no,"UFD declara presencia regional, pero la comunidad puede tener solapes. Revisión municipal/provincial obligatoria."
castilla_la_mancha,Torrenueva,Ciudad Real,municipality:ciudad_real::torrenueva,multi-distribuidora: requiere revisión,needs_municipal_review,multi_distributor_region_needs_municipal_review,no,UFD — presencia regional + herramientas oficiales de consulta,https://www.ufd.es/quienes-somos/,official_public_source_or_review_tool,no,"UFD declara presencia regional, pero la comunidad puede tener solapes. Revisión municipal/provincial obligatoria."
castilla_la_mancha,Montarrón,Guadalajara,municipality:guadalajara::montarron,multi-distribuidora: requiere revisión,needs_municipal_review,multi_distributor_region_needs_municipal_review,no,UFD — presencia regional + herramientas oficiales de consulta,https://www.ufd.es/quienes-somos/,official_public_source_or_review_tool,no,"UFD declara presencia regional, pero la comunidad puede tener solapes. Revisión municipal/provincial obligatoria."
castilla_la_mancha,Peralejos de las Truchas,Guadalajara,municipality:guadalajara::peralejos_de_las_truchas,multi-distribuidora: requiere revisión,needs_municipal_review,multi_distributor_region_needs_municipal_review,no,UFD — presencia regional + herramientas oficiales de consulta,https://www.ufd.es/quienes-somos/,official_public_source_or_review_tool,no,"UFD declara presencia regional, pero la comunidad puede tener solapes. Revisión municipal/provincial obligatoria."
castilla_la_mancha,Villasequilla,Toledo,municipality:toledo::villasequilla,multi-distribuidora: requiere revisión,needs_municipal_review,multi_distributor_region_needs_municipal_review,no,UFD — presencia regional + herramientas oficiales de consulta,https://www.ufd.es/quienes-somos/,official_public_source_or_review_tool,no,"UFD declara presencia regional, pero la comunidad puede tener solapes. Revisión municipal/provincial obligatoria."
castilla_la_mancha,Santo Domingo-Caudilla,Toledo,municipality:toledo::santo_domingo_caudilla,multi-distribuidora: requiere revisión,needs_municipal_review,multi_distributor_region_needs_municipal_review,no,UFD — presencia regional + herramientas oficiales de consulta,https://www.ufd.es/quienes-somos/,official_public_source_or_review_tool,no,"UFD declara presencia regional, pero la comunidad puede tener solapes. Revisión municipal/provincial obligatoria."
castilla_la_mancha,Zarzuela de Jadraque,Guadalajara,municipality:guadalajara::zarzuela_de_jadraque,multi-distribuidora: requiere revisión,needs_municipal_review,multi_distributor_region_needs_municipal_review,no,UFD — presencia regional + herramientas oficiales de consulta,https://www.ufd.es/quienes-somos/,official_public_source_or_review_tool,no,"UFD declara presencia regional, pero la comunidad puede tener solapes. Revisión municipal/provincial obligatoria."
castilla_la_mancha,Yuncler,Toledo,municipality:toledo::yuncler,multi-distribuidora: requiere revisión,needs_municipal_review,multi_distributor_region_needs_municipal_review,no,UFD — presencia regional + herramientas oficiales de consulta,https://www.ufd.es/quienes-somos/,official_public_source_or_review_tool,no,"UFD declara presencia regional, pero la comunidad puede tener solapes. Revisión municipal/provincial obligatoria."
castilla_la_mancha,Salobre,Albacete,municipality:albacete::salobre,multi-distribuidora: requiere revisión,needs_municipal_review,multi_distributor_region_needs_municipal_review,no,UFD — presencia regional + herramientas oficiales de consulta,https://www.ufd.es/quienes-somos/,official_public_source_or_review_tool,no,"UFD declara presencia regional, pero la comunidad puede tener solapes. Revisión municipal/provincial obligatoria."
castilla_la_mancha,Campisábalos,Guadalajara,municipality:guadalajara::campisabalos,multi-distribuidora: requiere revisión,needs_municipal_review,multi_distributor_region_needs_municipal_review,no,UFD — presencia regional + herramientas oficiales de consulta,https://www.ufd.es/quienes-somos/,official_public_source_or_review_tool,no,"UFD declara presencia regional, pero la comunidad puede tener solapes. Revisión municipal/provincial obligatoria."
castilla_la_mancha,Fuencemillán,Guadalajara,municipality:guadalajara::fuencemillan,multi-distribuidora: requiere revisión,needs_municipal_review,multi_distributor_region_needs_municipal_review,no,UFD — presencia regional + herramientas oficiales de consulta,https://www.ufd.es/quienes-somos/,official_public_source_or_review_tool,no,"UFD declara presencia regional, pero la comunidad puede tener solapes. Revisión municipal/provincial obligatoria."
castilla_la_mancha,Campillo de Dueñas,Guadalajara,municipality:guadalajara::campillo_de_duenas,multi-distribuidora: requiere revisión,needs_municipal_review,multi_distributor_region_needs_municipal_review,no,UFD — presencia regional + herramientas oficiales de consulta,https://www.ufd.es/quienes-somos/,official_public_source_or_review_tool,no,"UFD declara presencia regional, pero la comunidad puede tener solapes. Revisión municipal/provincial obligatoria."
castilla_la_mancha,Esquivias,Toledo,municipality:toledo::esquivias,multi-distribuidora: requiere revisión,needs_municipal_review,multi_distributor_region_needs_municipal_review,no,UFD — presencia regional + herramientas oficiales de consulta,https://www.ufd.es/quienes-somos/,official_public_source_or_review_tool,no,"UFD declara presencia regional, pero la comunidad puede tener solapes. Revisión municipal/provincial obligatoria."
castilla_la_mancha,Cañizar,Guadalajara,municipality:guadalajara::canizar,multi-distribuidora: requiere revisión,needs_municipal_review,multi_distributor_region_needs_municipal_review,no,UFD — presencia regional + herramientas oficiales de consulta,https://www.ufd.es/quienes-somos/,official_public_source_or_review_tool,no,"UFD declara presencia regional, pero la comunidad puede tener solapes. Revisión municipal/provincial obligatoria."
castilla_la_mancha,Casas de Lázaro,Albacete,municipality:albacete::casas_de_lazaro,multi-distribuidora: requiere revisión,needs_municipal_review,multi_distributor_region_needs_municipal_review,no,UFD — presencia regional + herramientas oficiales de consulta,https://www.ufd.es/quienes-somos/,official_public_source_or_review_tool,no,"UFD declara presencia regional, pero la comunidad puede tener solapes. Revisión municipal/provincial obligatoria."
castilla_la_mancha,San Andrés del Congosto,Guadalajara,municipality:guadalajara::san_andres_del_congosto,multi-distribuidora: requiere revisión,needs_municipal_review,multi_distributor_region_needs_municipal_review,no,UFD — presencia regional + herramientas oficiales de consulta,https://www.ufd.es/quienes-somos/,official_public_source_or_review_tool,no,"UFD declara presencia regional, pero la comunidad puede tener solapes. Revisión municipal/provincial obligatoria."
castilla_la_mancha,Socovos,Albacete,municipality:albacete::socovos,multi-distribuidora: requiere revisión,needs_municipal_review,multi_distributor_region_needs_municipal_review,no,UFD — presencia regional + herramientas oficiales de consulta,https://www.ufd.es/quienes-somos/,official_public_source_or_review_tool,no,"UFD declara presencia regional, pero la comunidad puede tener solapes. Revisión municipal/provincial obligatoria."
castilla_la_mancha,Alarcón,Cuenca,municipality:cuenca::alarcon,multi-distribuidora: requiere revisión,needs_municipal_review,multi_distributor_region_needs_municipal_review,no,UFD — presencia regional + herramientas oficiales de consulta,https://www.ufd.es/quienes-somos/,official_public_source_or_review_tool,no,"UFD declara presencia regional, pero la comunidad puede tener solapes. Revisión municipal/provincial obligatoria."
castilla_la_mancha,Arguisuelas,Cuenca,municipality:cuenca::arguisuelas,multi-distribuidora: requiere revisión,needs_municipal_review,multi_distributor_region_needs_municipal_review,no,UFD — presencia regional + herramientas oficiales de consulta,https://www.ufd.es/quienes-somos/,official_public_source_or_review_tool,no,"UFD declara presencia regional, pero la comunidad puede tener solapes. Revisión municipal/provincial obligatoria."
castilla_la_mancha,Pastrana,Guadalajara,municipality:guadalajara::pastrana,multi-distribuidora: requiere revisión,needs_municipal_review,multi_distributor_region_needs_municipal_review,no,UFD — presencia regional + herramientas oficiales de consulta,https://www.ufd.es/quienes-somos/,official_public_source_or_review_tool,no,"UFD declara presencia regional, pero la comunidad puede tener solapes. Revisión municipal/provincial obligatoria."
castilla_la_mancha,Dehesa de Santiago,Albacete,municipality:albacete::dehesa_de_santiago,multi-distribuidora: requiere revisión,needs_municipal_review,multi_distributor_region_needs_municipal_review,no,UFD — presencia regional + herramientas oficiales de consulta,https://www.ufd.es/quienes-somos/,official_public_source_or_review_tool,no,"UFD declara presencia regional, pero la comunidad puede tener solapes. Revisión municipal/provincial obligatoria."
castilla_la_mancha,Tobarra,Albacete,municipality:albacete::tobarra,multi-distribuidora: requiere revisión,needs_municipal_review,multi_distributor_region_needs_municipal_review,no,UFD — presencia regional + herramientas oficiales de consulta,https://www.ufd.es/quienes-somos/,official_public_source_or_review_tool,no,"UFD declara presencia regional, pero la comunidad puede tener solapes. Revisión municipal/provincial obligatoria."
castilla_la_mancha,San Clemente,Cuenca,municipality:cuenca::san_clemente,multi-distribuidora: requiere revisión,needs_municipal_review,multi_distributor_region_needs_municipal_review,no,UFD — presencia regional + herramientas oficiales de consulta,https://www.ufd.es/quienes-somos/,official_public_source_or_review_tool,no,"UFD declara presencia regional, pero la comunidad puede tener solapes. Revisión municipal/provincial obligatoria."
castilla_la_mancha,Huertahernando,Guadalajara,municipality:guadalajara::huertahernando,multi-distribuidora: requiere revisión,needs_municipal_review,multi_distributor_region_needs_municipal_review,no,UFD — presencia regional + herramientas oficiales de consulta,https://www.ufd.es/quienes-somos/,official_public_source_or_review_tool,no,"UFD declara presencia regional, pero la comunidad puede tener solapes. Revisión municipal/provincial obligatoria."
castilla_la_mancha,Robledillo de Mohernando,Guadalajara,municipality:guadalajara::robledillo_de_mohernando,multi-distribuidora: requiere revisión,needs_municipal_review,multi_distributor_region_needs_municipal_review,no,UFD — presencia regional + herramientas oficiales de consulta,https://www.ufd.es/quienes-somos/,official_public_source_or_review_tool,no,"UFD declara presencia regional, pero la comunidad puede tener solapes. Revisión municipal/provincial obligatoria."
castilla_la_mancha,Cedillo del Condado,Toledo,municipality:toledo::cedillo_del_condado,multi-distribuidora: requiere revisión,needs_municipal_review,multi_distributor_region_needs_municipal_review,no,UFD — presencia regional + herramientas oficiales de consulta,https://www.ufd.es/quienes-somos/,official_public_source_or_review_tool,no,"UFD declara presencia regional, pero la comunidad puede tener solapes. Revisión municipal/provincial obligatoria."
castilla_la_mancha,Totanés,Toledo,municipality:toledo::totanes,multi-distribuidora: requiere revisión,needs_municipal_review,multi_distributor_region_needs_municipal_review,no,UFD — presencia regional + herramientas oficiales de consulta,https://www.ufd.es/quienes-somos/,official_public_source_or_review_tool,no,"UFD declara presencia regional, pero la comunidad puede tener solapes. Revisión municipal/provincial obligatoria."
castilla_la_mancha,Ablanque,Guadalajara,municipality:guadalajara::ablanque,multi-distribuidora: requiere revisión,needs_municipal_review,multi_distributor_region_needs_municipal_review,no,UFD — presencia regional + herramientas oficiales de consulta,https://www.ufd.es/quienes-somos/,official_public_source_or_review_tool,no,"UFD declara presencia regional, pero la comunidad puede tener solapes. Revisión municipal/provincial obligatoria."
castilla_la_mancha,Rozalén del Monte,Cuenca,municipality:cuenca::rozalen_del_monte,multi-distribuidora: requiere revisión,needs_municipal_review,multi_distributor_region_needs_municipal_review,no,UFD — presencia regional + herramientas oficiales de consulta,https://www.ufd.es/quienes-somos/,official_public_source_or_review_tool,no,"UFD declara presencia regional, pero la comunidad puede tener solapes. Revisión municipal/provincial obligatoria."
castilla_la_mancha,Almodóvar del Campo,Ciudad Real,municipality:ciudad_real::almodovar_del_campo,multi-distribuidora: requiere revisión,needs_municipal_review,multi_distributor_region_needs_municipal_review,no,UFD — presencia regional + herramientas oficiales de consulta,https://www.ufd.es/quienes-somos/,official_public_source_or_review_tool,no,"UFD declara presencia regional, pero la comunidad puede tener solapes. Revisión municipal/provincial obligatoria."
castilla_la_mancha,Numancia de la Sagra,Toledo,municipality:toledo::numancia_de_la_sagra,multi-distribuidora: requiere revisión,needs_municipal_review,multi_distributor_region_needs_municipal_review,no,UFD — presencia regional + herramientas oficiales de consulta,https://www.ufd.es/quienes-somos/,official_public_source_or_review_tool,no,"UFD declara presencia regional, pero la comunidad puede tener solapes. Revisión municipal/provincial obligatoria."
castilla_la_mancha,Castilnuevo,Guadalajara,municipality:guadalajara::castilnuevo,multi-distribuidora: requiere revisión,needs_municipal_review,multi_distributor_region_needs_municipal_review,no,UFD — presencia regional + herramientas oficiales de consulta,https://www.ufd.es/quienes-somos/,official_public_source_or_review_tool,no,"UFD declara presencia regional, pero la comunidad puede tener solapes. Revisión municipal/provincial obligatoria."
castilla_la_mancha,Marrupe,Toledo,municipality:toledo::marrupe,multi-distribuidora: requiere revisión,needs_municipal_review,multi_distributor_region_needs_municipal_review,no,UFD — presencia regional + herramientas oficiales de consulta,https://www.ufd.es/quienes-somos/,official_public_source_or_review_tool,no,"UFD declara presencia regional, pero la comunidad puede tener solapes. Revisión municipal/provincial obligatoria."
castilla_la_mancha,Pantoja,Toledo,municipality:toledo::pantoja,multi-distribuidora: requiere revisión,needs_municipal_review,multi_distributor_region_needs_municipal_review,no,UFD — presencia regional + herramientas oficiales de consulta,https://www.ufd.es/quienes-somos/,official_public_source_or_review_tool,no,"UFD declara presencia regional, pero la comunidad puede tener solapes. Revisión municipal/provincial obligatoria."
castilla_la_mancha,Torralba de Oropesa,Toledo,municipality:toledo::torralba_de_oropesa,multi-distribuidora: requiere revisión,needs_municipal_review,multi_distributor_region_needs_municipal_review,no,UFD — presencia regional + herramientas oficiales de consulta,https://www.ufd.es/quienes-somos/,official_public_source_or_review_tool,no,"UFD declara presencia regional, pero la comunidad puede tener solapes. Revisión municipal/provincial obligatoria."
castilla_la_mancha,Escalona,Toledo,municipality:toledo::escalona,multi-distribuidora: requiere revisión,needs_municipal_review,multi_distributor_region_needs_municipal_review,no,UFD — presencia regional + herramientas oficiales de consulta,https://www.ufd.es/quienes-somos/,official_public_source_or_review_tool,no,"UFD declara presencia regional, pero la comunidad puede tener solapes. Revisión municipal/provincial obligatoria."
castilla_la_mancha,Lagunaseca,Cuenca,municipality:cuenca::lagunaseca,multi-distribuidora: requiere revisión,needs_municipal_review,multi_distributor_region_needs_municipal_review,no,UFD — presencia regional + herramientas oficiales de consulta,https://www.ufd.es/quienes-somos/,official_public_source_or_review_tool,no,"UFD declara presencia regional, pero la comunidad puede tener solapes. Revisión municipal/provincial obligatoria."
castilla_la_mancha,Los Navalmorales,Toledo,municipality:toledo::los_navalmorales,multi-distribuidora: requiere revisión,needs_municipal_review,multi_distributor_region_needs_municipal_review,no,UFD — presencia regional + herramientas oficiales de consulta,https://www.ufd.es/quienes-somos/,official_public_source_or_review_tool,no,"UFD declara presencia regional, pero la comunidad puede tener solapes. Revisión municipal/provincial obligatoria."
castilla_la_mancha,Osa de la Vega,Cuenca,municipality:cuenca::osa_de_la_vega,multi-distribuidora: requiere revisión,needs_municipal_review,multi_distributor_region_needs_municipal_review,no,UFD — presencia regional + herramientas oficiales de consulta,https://www.ufd.es/quienes-somos/,official_public_source_or_review_tool,no,"UFD declara presencia regional, pero la comunidad puede tener solapes. Revisión municipal/provincial obligatoria."
castilla_la_mancha,Cañaveras,Cuenca,municipality:cuenca::canaveras,multi-distribuidora: requiere revisión,needs_municipal_review,multi_distributor_region_needs_municipal_review,no,UFD — presencia regional + herramientas oficiales de consulta,https://www.ufd.es/quienes-somos/,official_public_source_or_review_tool,no,"UFD declara presencia regional, pero la comunidad puede tener solapes. Revisión municipal/provincial obligatoria."
castilla_la_mancha,Fuente-Álamo,Albacete,municipality:albacete::fuente_alamo,multi-distribuidora: requiere revisión,needs_municipal_review,multi_distributor_region_needs_municipal_review,no,UFD — presencia regional + herramientas oficiales de consulta,https://www.ufd.es/quienes-somos/,official_public_source_or_review_tool,no,"UFD declara presencia regional, pero la comunidad puede tener solapes. Revisión municipal/provincial obligatoria."
castilla_la_mancha,Almendros,Cuenca,municipality:cuenca::almendros,multi-distribuidora: requiere revisión,needs_municipal_review,multi_distributor_region_needs_municipal_review,no,UFD — presencia regional + herramientas oficiales de consulta,https://www.ufd.es/quienes-somos/,official_public_source_or_review_tool,no,"UFD declara presencia regional, pero la comunidad puede tener solapes. Revisión municipal/provincial obligatoria."
castilla_la_mancha,Yunclillos,Toledo,municipality:toledo::yunclillos,multi-distribuidora: requiere revisión,needs_municipal_review,multi_distributor_region_needs_municipal_review,no,UFD — presencia regional + herramientas oficiales de consulta,https://www.ufd.es/quienes-somos/,official_public_source_or_review_tool,no,"UFD declara presencia regional, pero la comunidad puede tener solapes. Revisión municipal/provincial obligatoria."
castilla_la_mancha,Riópar,Albacete,municipality:albacete::riopar,multi-distribuidora: requiere revisión,needs_municipal_review,multi_distributor_region_needs_municipal_review,no,UFD — presencia regional + herramientas oficiales de consulta,https://www.ufd.es/quienes-somos/,official_public_source_or_review_tool,no,"UFD declara presencia regional, pero la comunidad puede tener solapes. Revisión municipal/provincial obligatoria."
castilla_la_mancha,Aldeanueva de Barbarroya,Toledo,municipality:toledo::aldeanueva_de_barbarroya,multi-distribuidora: requiere revisión,needs_municipal_review,multi_distributor_region_needs_municipal_review,no,UFD — presencia regional + herramientas oficiales de consulta,https://www.ufd.es/quienes-somos/,official_public_source_or_review_tool,no,"UFD declara presencia regional, pero la comunidad puede tener solapes. Revisión municipal/provincial obligatoria."
castilla_la_mancha,Centenera,Guadalajara,municipality:guadalajara::centenera,multi-distribuidora: requiere revisión,needs_municipal_review,multi_distributor_region_needs_municipal_review,no,UFD — presencia regional + herramientas oficiales de consulta,https://www.ufd.es/quienes-somos/,official_public_source_or_review_tool,no,"UFD declara presencia regional, pero la comunidad puede tener solapes. Revisión municipal/provincial obligatoria."
castilla_la_mancha,San Lorenzo de Calatrava,Ciudad Real,municipality:ciudad_real::san_lorenzo_de_calatrava,multi-distribuidora: requiere revisión,needs_municipal_review,multi_distributor_region_needs_municipal_review,no,UFD — presencia regional + herramientas oficiales de consulta,https://www.ufd.es/quienes-somos/,official_public_source_or_review_tool,no,"UFD declara presencia regional, pero la comunidad puede tener solapes. Revisión municipal/provincial obligatoria."
castilla_la_mancha,Campillo de Ranas,Guadalajara,municipality:guadalajara::campillo_de_ranas,multi-distribuidora: requiere revisión,needs_municipal_review,multi_distributor_region_needs_municipal_review,no,UFD — presencia regional + herramientas oficiales de consulta,https://www.ufd.es/quienes-somos/,official_public_source_or_review_tool,no,"UFD declara presencia regional, pero la comunidad puede tener solapes. Revisión municipal/provincial obligatoria."
castilla_la_mancha,Iniéstola,Guadalajara,municipality:guadalajara::iniestola,multi-distribuidora: requiere revisión,needs_municipal_review,multi_distributor_region_needs_municipal_review,no,UFD — presencia regional + herramientas oficiales de consulta,https://www.ufd.es/quienes-somos/,official_public_source_or_review_tool,no,"UFD declara presencia regional, pero la comunidad puede tener solapes. Revisión municipal/provincial obligatoria."
castilla_la_mancha,Los Cerralbos,Toledo,municipality:toledo::los_cerralbos,multi-distribuidora: requiere revisión,needs_municipal_review,multi_distributor_region_needs_municipal_review,no,UFD — presencia regional + herramientas oficiales de consulta,https://www.ufd.es/quienes-somos/,official_public_source_or_review_tool,no,"UFD declara presencia regional, pero la comunidad puede tener solapes. Revisión municipal/provincial obligatoria."
castilla_la_mancha,Algora,Guadalajara,municipality:guadalajara::algora,multi-distribuidora: requiere revisión,needs_municipal_review,multi_distributor_region_needs_municipal_review,no,UFD — presencia regional + herramientas oficiales de consulta,https://www.ufd.es/quienes-somos/,official_public_source_or_review_tool,no,"UFD declara presencia regional, pero la comunidad puede tener solapes. Revisión municipal/provincial obligatoria."
castilla_la_mancha,Villarejo de la Peñuela,Cuenca,municipality:cuenca::villarejo_de_la_penuela,multi-distribuidora: requiere revisión,needs_municipal_review,multi_distributor_region_needs_municipal_review,no,UFD — presencia regional + herramientas oficiales de consulta,https://www.ufd.es/quienes-somos/,official_public_source_or_review_tool,no,"UFD declara presencia regional, pero la comunidad puede tener solapes. Revisión municipal/provincial obligatoria."
castilla_la_mancha,Santa Olalla,Toledo,municipality:toledo::santa_olalla,multi-distribuidora: requiere revisión,needs_municipal_review,multi_distributor_region_needs_municipal_review,no,UFD — presencia regional + herramientas oficiales de consulta,https://www.ufd.es/quienes-somos/,official_public_source_or_review_tool,no,"UFD declara presencia regional, pero la comunidad puede tener solapes. Revisión municipal/provincial obligatoria."
castilla_la_mancha,Peñalén,Guadalajara,municipality:guadalajara::penalen,multi-distribuidora: requiere revisión,needs_municipal_review,multi_distributor_region_needs_municipal_review,no,UFD — presencia regional + herramientas oficiales de consulta,https://www.ufd.es/quienes-somos/,official_public_source_or_review_tool,no,"UFD declara presencia regional, pero la comunidad puede tener solapes. Revisión municipal/provincial obligatoria."
castilla_la_mancha,Quismondo,Toledo,municipality:toledo::quismondo,multi-distribuidora: requiere revisión,needs_municipal_review,multi_distributor_region_needs_municipal_review,no,UFD — presencia regional + herramientas oficiales de consulta,https://www.ufd.es/quienes-somos/,official_public_source_or_review_tool,no,"UFD declara presencia regional, pero la comunidad puede tener solapes. Revisión municipal/provincial obligatoria."
castilla_la_mancha,Argés,Toledo,municipality:toledo::arges,multi-distribuidora: requiere revisión,needs_municipal_review,multi_distributor_region_needs_municipal_review,no,UFD — presencia regional + herramientas oficiales de consulta,https://www.ufd.es/quienes-somos/,official_public_source_or_review_tool,no,"UFD declara presencia regional, pero la comunidad puede tener solapes. Revisión municipal/provincial obligatoria."
castilla_la_mancha,Miguelturra,Ciudad Real,municipality:ciudad_real::miguelturra,multi-distribuidora: requiere revisión,needs_municipal_review,multi_distributor_region_needs_municipal_review,no,UFD — presencia regional + herramientas oficiales de consulta,https://www.ufd.es/quienes-somos/,official_public_source_or_review_tool,no,"UFD declara presencia regional, pero la comunidad puede tener solapes. Revisión municipal/provincial obligatoria."
castilla_la_mancha,Santa Cruz de los Cáñamos,Ciudad Real,municipality:ciudad_real::santa_cruz_de_los_canamos,multi-distribuidora: requiere revisión,needs_municipal_review,multi_distributor_region_needs_municipal_review,no,UFD — presencia regional + herramientas oficiales de consulta,https://www.ufd.es/quienes-somos/,official_public_source_or_review_tool,no,"UFD declara presencia regional, pero la comunidad puede tener solapes. Revisión municipal/provincial obligatoria."
castilla_la_mancha,Jirueque,Guadalajara,municipality:guadalajara::jirueque,multi-distribuidora: requiere revisión,needs_municipal_review,multi_distributor_region_needs_municipal_review,no,UFD — presencia regional + herramientas oficiales de consulta,https://www.ufd.es/quienes-somos/,official_public_source_or_review_tool,no,"UFD declara presencia regional, pero la comunidad puede tener solapes. Revisión municipal/provincial obligatoria."
castilla_la_mancha,Arcicóllar,Toledo,municipality:toledo::arcicollar,multi-distribuidora: requiere revisión,needs_municipal_review,multi_distributor_region_needs_municipal_review,no,UFD — presencia regional + herramientas oficiales de consulta,https://www.ufd.es/quienes-somos/,official_public_source_or_review_tool,no,"UFD declara presencia regional, pero la comunidad puede tener solapes. Revisión municipal/provincial obligatoria."
castilla_la_mancha,Villalba de la Sierra,Cuenca,municipality:cuenca::villalba_de_la_sierra,multi-distribuidora: requiere revisión,needs_municipal_review,multi_distributor_region_needs_municipal_review,no,UFD — presencia regional + herramientas oficiales de consulta,https://www.ufd.es/quienes-somos/,official_public_source_or_review_tool,no,"UFD declara presencia regional, pero la comunidad puede tener solapes. Revisión municipal/provincial obligatoria."
castilla_la_mancha,Villatobas,Toledo,municipality:toledo::villatobas,multi-distribuidora: requiere revisión,needs_municipal_review,multi_distributor_region_needs_municipal_review,no,UFD — presencia regional + herramientas oficiales de consulta,https://www.ufd.es/quienes-somos/,official_public_source_or_review_tool,no,"UFD declara presencia regional, pero la comunidad puede tener solapes. Revisión municipal/provincial obligatoria."
castilla_la_mancha,Carmena,Toledo,municipality:toledo::carmena,multi-distribuidora: requiere revisión,needs_municipal_review,multi_distributor_region_needs_municipal_review,no,UFD — presencia regional + herramientas oficiales de consulta,https://www.ufd.es/quienes-somos/,official_public_source_or_review_tool,no,"UFD declara presencia regional, pero la comunidad puede tener solapes. Revisión municipal/provincial obligatoria."
castilla_la_mancha,La Torre de Esteban Hambrán,Toledo,municipality:toledo::la_torre_de_esteban_hambran,multi-distribuidora: requiere revisión,needs_municipal_review,multi_distributor_region_needs_municipal_review,no,UFD — presencia regional + herramientas oficiales de consulta,https://www.ufd.es/quienes-somos/,official_public_source_or_review_tool,no,"UFD declara presencia regional, pero la comunidad puede tener solapes. Revisión municipal/provincial obligatoria."
castilla_la_mancha,Pozuelo,Albacete,municipality:albacete::pozuelo,multi-distribuidora: requiere revisión,needs_municipal_review,multi_distributor_region_needs_municipal_review,no,UFD — presencia regional + herramientas oficiales de consulta,https://www.ufd.es/quienes-somos/,official_public_source_or_review_tool,no,"UFD declara presencia regional, pero la comunidad puede tener solapes. Revisión municipal/provincial obligatoria."
castilla_la_mancha,Alcubillas,Ciudad Real,municipality:ciudad_real::alcubillas,multi-distribuidora: requiere revisión,needs_municipal_review,multi_distributor_region_needs_municipal_review,no,UFD — presencia regional + herramientas oficiales de consulta,https://www.ufd.es/quienes-somos/,official_public_source_or_review_tool,no,"UFD declara presencia regional, pero la comunidad puede tener solapes. Revisión municipal/provincial obligatoria."
castilla_la_mancha,Paredes,Cuenca,municipality:cuenca::paredes,multi-distribuidora: requiere revisión,needs_municipal_review,multi_distributor_region_needs_municipal_review,no,UFD — presencia regional + herramientas oficiales de consulta,https://www.ufd.es/quienes-somos/,official_public_source_or_review_tool,no,"UFD declara presencia regional, pero la comunidad puede tener solapes. Revisión municipal/provincial obligatoria."
castilla_la_mancha,Chumillas,Cuenca,municipality:cuenca::chumillas,multi-distribuidora: requiere revisión,needs_municipal_review,multi_distributor_region_needs_municipal_review,no,UFD — presencia regional + herramientas oficiales de consulta,https://www.ufd.es/quienes-somos/,official_public_source_or_review_tool,no,"UFD declara presencia regional, pero la comunidad puede tener solapes. Revisión municipal/provincial obligatoria."
castilla_la_mancha,Henche,Guadalajara,municipality:guadalajara::henche,multi-distribuidora: requiere revisión,needs_municipal_review,multi_distributor_region_needs_municipal_review,no,UFD — presencia regional + herramientas oficiales de consulta,https://www.ufd.es/quienes-somos/,official_public_source_or_review_tool,no,"UFD declara presencia regional, pero la comunidad puede tener solapes. Revisión municipal/provincial obligatoria."
castilla_la_mancha,Villalgordo del Júcar,Albacete,municipality:albacete::villalgordo_del_jucar,multi-distribuidora: requiere revisión,needs_municipal_review,multi_distributor_region_needs_municipal_review,no,UFD — presencia regional + herramientas oficiales de consulta,https://www.ufd.es/quienes-somos/,official_public_source_or_review_tool,no,"UFD declara presencia regional, pero la comunidad puede tener solapes. Revisión municipal/provincial obligatoria."
castilla_la_mancha,Molinicos,Albacete,municipality:albacete::molinicos,multi-distribuidora: requiere revisión,needs_municipal_review,multi_distributor_region_needs_municipal_review,no,UFD — presencia regional + herramientas oficiales de consulta,https://www.ufd.es/quienes-somos/,official_public_source_or_review_tool,no,"UFD declara presencia regional, pero la comunidad puede tener solapes. Revisión municipal/provincial obligatoria."
castilla_la_mancha,Sisante,Cuenca,municipality:cuenca::sisante,multi-distribuidora: requiere revisión,needs_municipal_review,multi_distributor_region_needs_municipal_review,no,UFD — presencia regional + herramientas oficiales de consulta,https://www.ufd.es/quienes-somos/,official_public_source_or_review_tool,no,"UFD declara presencia regional, pero la comunidad puede tener solapes. Revisión municipal/provincial obligatoria."
castilla_la_mancha,Fuensalida,Toledo,municipality:toledo::fuensalida,multi-distribuidora: requiere revisión,needs_municipal_review,multi_distributor_region_needs_municipal_review,no,UFD — presencia regional + herramientas oficiales de consulta,https://www.ufd.es/quienes-somos/,official_public_source_or_review_tool,no,"UFD declara presencia regional, pero la comunidad puede tener solapes. Revisión municipal/provincial obligatoria."
castilla_la_mancha,Corduente,Guadalajara,municipality:guadalajara::corduente,multi-distribuidora: requiere revisión,needs_municipal_review,multi_distributor_region_needs_municipal_review,no,UFD — presencia regional + herramientas oficiales de consulta,https://www.ufd.es/quienes-somos/,official_public_source_or_review_tool,no,"UFD declara presencia regional, pero la comunidad puede tener solapes. Revisión municipal/provincial obligatoria."
castilla_la_mancha,Espinosa de Henares,Guadalajara,municipality:guadalajara::espinosa_de_henares,multi-distribuidora: requiere revisión,needs_municipal_review,multi_distributor_region_needs_municipal_review,no,UFD — presencia regional + herramientas oficiales de consulta,https://www.ufd.es/quienes-somos/,official_public_source_or_review_tool,no,"UFD declara presencia regional, pero la comunidad puede tener solapes. Revisión municipal/provincial obligatoria."
castilla_la_mancha,San Andrés del Rey,Guadalajara,municipality:guadalajara::san_andres_del_rey,multi-distribuidora: requiere revisión,needs_municipal_review,multi_distributor_region_needs_municipal_review,no,UFD — presencia regional + herramientas oficiales de consulta,https://www.ufd.es/quienes-somos/,official_public_source_or_review_tool,no,"UFD declara presencia regional, pero la comunidad puede tener solapes. Revisión municipal/provincial obligatoria."
castilla_la_mancha,Piqueras del Castillo,Cuenca,municipality:cuenca::piqueras_del_castillo,multi-distribuidora: requiere revisión,needs_municipal_review,multi_distributor_region_needs_municipal_review,no,UFD — presencia regional + herramientas oficiales de consulta,https://www.ufd.es/quienes-somos/,official_public_source_or_review_tool,no,"UFD declara presencia regional, pero la comunidad puede tener solapes. Revisión municipal/provincial obligatoria."
castilla_la_mancha,Cazalegas,Toledo,municipality:toledo::cazalegas,multi-distribuidora: requiere revisión,needs_municipal_review,multi_distributor_region_needs_municipal_review,no,UFD — presencia regional + herramientas oficiales de consulta,https://www.ufd.es/quienes-somos/,official_public_source_or_review_tool,no,"UFD declara presencia regional, pero la comunidad puede tener solapes. Revisión municipal/provincial obligatoria."
castilla_la_mancha,Fuentelespino de Haro,Cuenca,municipality:cuenca::fuentelespino_de_haro,multi-distribuidora: requiere revisión,needs_municipal_review,multi_distributor_region_needs_municipal_review,no,UFD — presencia regional + herramientas oficiales de consulta,https://www.ufd.es/quienes-somos/,official_public_source_or_review_tool,no,"UFD declara presencia regional, pero la comunidad puede tener solapes. Revisión municipal/provincial obligatoria."
castilla_la_mancha,Villar del Humo,Cuenca,municipality:cuenca::villar_del_humo,multi-distribuidora: requiere revisión,needs_municipal_review,multi_distributor_region_needs_municipal_review,no,UFD — presencia regional + herramientas oficiales de consulta,https://www.ufd.es/quienes-somos/,official_public_source_or_review_tool,no,"UFD declara presencia regional, pero la comunidad puede tener solapes. Revisión municipal/provincial obligatoria."
castilla_la_mancha,Castillo-Albaráñez,Cuenca,municipality:cuenca::castillo_albaranez,multi-distribuidora: requiere revisión,needs_municipal_review,multi_distributor_region_needs_municipal_review,no,UFD — presencia regional + herramientas oficiales de consulta,https://www.ufd.es/quienes-somos/,official_public_source_or_review_tool,no,"UFD declara presencia regional, pero la comunidad puede tener solapes. Revisión municipal/provincial obligatoria."
castilla_la_mancha,Pozo-Lorente,Albacete,municipality:albacete::pozo_lorente,multi-distribuidora: requiere revisión,needs_municipal_review,multi_distributor_region_needs_municipal_review,no,UFD — presencia regional + herramientas oficiales de consulta,https://www.ufd.es/quienes-somos/,official_public_source_or_review_tool,no,"UFD declara presencia regional, pero la comunidad puede tener solapes. Revisión municipal/provincial obligatoria."
castilla_la_mancha,San Martín de Pusa,Toledo,municipality:toledo::san_martin_de_pusa,multi-distribuidora: requiere revisión,needs_municipal_review,multi_distributor_region_needs_municipal_review,no,UFD — presencia regional + herramientas oficiales de consulta,https://www.ufd.es/quienes-somos/,official_public_source_or_review_tool,no,"UFD declara presencia regional, pero la comunidad puede tener solapes. Revisión municipal/provincial obligatoria."
castilla_la_mancha,Toledo,Toledo,municipality:toledo::toledo,multi-distribuidora: requiere revisión,needs_municipal_review,multi_distributor_region_needs_municipal_review,no,UFD — presencia regional + herramientas oficiales de consulta,https://www.ufd.es/quienes-somos/,official_public_source_or_review_tool,no,"UFD declara presencia regional, pero la comunidad puede tener solapes. Revisión municipal/provincial obligatoria."
castilla_la_mancha,Romanones,Guadalajara,municipality:guadalajara::romanones,multi-distribuidora: requiere revisión,needs_municipal_review,multi_distributor_region_needs_municipal_review,no,UFD — presencia regional + herramientas oficiales de consulta,https://www.ufd.es/quienes-somos/,official_public_source_or_review_tool,no,"UFD declara presencia regional, pero la comunidad puede tener solapes. Revisión municipal/provincial obligatoria."
castilla_la_mancha,Rebollosa de Jadraque,Guadalajara,municipality:guadalajara::rebollosa_de_jadraque,multi-distribuidora: requiere revisión,needs_municipal_review,multi_distributor_region_needs_municipal_review,no,UFD — presencia regional + herramientas oficiales de consulta,https://www.ufd.es/quienes-somos/,official_public_source_or_review_tool,no,"UFD declara presencia regional, pero la comunidad puede tener solapes. Revisión municipal/provincial obligatoria."
castilla_la_mancha,Villanueva de la Torre,Guadalajara,municipality:guadalajara::villanueva_de_la_torre,multi-distribuidora: requiere revisión,needs_municipal_review,multi_distributor_region_needs_municipal_review,no,UFD — presencia regional + herramientas oficiales de consulta,https://www.ufd.es/quienes-somos/,official_public_source_or_review_tool,no,"UFD declara presencia regional, pero la comunidad puede tener solapes. Revisión municipal/provincial obligatoria."
castilla_la_mancha,Fernán Caballero,Ciudad Real,municipality:ciudad_real::fernan_caballero,multi-distribuidora: requiere revisión,needs_municipal_review,multi_distributor_region_needs_municipal_review,no,UFD — presencia regional + herramientas oficiales de consulta,https://www.ufd.es/quienes-somos/,official_public_source_or_review_tool,no,"UFD declara presencia regional, pero la comunidad puede tener solapes. Revisión municipal/provincial obligatoria."
castilla_la_mancha,Fuertescusa,Cuenca,municipality:cuenca::fuertescusa,multi-distribuidora: requiere revisión,needs_municipal_review,multi_distributor_region_needs_municipal_review,no,UFD — presencia regional + herramientas oficiales de consulta,https://www.ufd.es/quienes-somos/,official_public_source_or_review_tool,no,"UFD declara presencia regional, pero la comunidad puede tener solapes. Revisión municipal/provincial obligatoria."
castilla_la_mancha,Arandilla del Arroyo,Cuenca,municipality:cuenca::arandilla_del_arroyo,multi-distribuidora: requiere revisión,needs_municipal_review,multi_distributor_region_needs_municipal_review,no,UFD — presencia regional + herramientas oficiales de consulta,https://www.ufd.es/quienes-somos/,official_public_source_or_review_tool,no,"UFD declara presencia regional, pero la comunidad puede tener solapes. Revisión municipal/provincial obligatoria."
castilla_la_mancha,Almadrones,Guadalajara,municipality:guadalajara::almadrones,multi-distribuidora: requiere revisión,needs_municipal_review,multi_distributor_region_needs_municipal_review,no,UFD — presencia regional + herramientas oficiales de consulta,https://www.ufd.es/quienes-somos/,official_public_source_or_review_tool,no,"UFD declara presencia regional, pero la comunidad puede tener solapes. Revisión municipal/provincial obligatoria."
castilla_la_mancha,Talayuelas,Cuenca,municipality:cuenca::talayuelas,multi-distribuidora: requiere revisión,needs_municipal_review,multi_distributor_region_needs_municipal_review,no,UFD — presencia regional + herramientas oficiales de consulta,https://www.ufd.es/quienes-somos/,official_public_source_or_review_tool,no,"UFD declara presencia regional, pero la comunidad puede tener solapes. Revisión municipal/provincial obligatoria."
castilla_la_mancha,Caspueñas,Guadalajara,municipality:guadalajara::caspuenas,multi-distribuidora: requiere revisión,needs_municipal_review,multi_distributor_region_needs_municipal_review,no,UFD — presencia regional + herramientas oficiales de consulta,https://www.ufd.es/quienes-somos/,official_public_source_or_review_tool,no,"UFD declara presencia regional, pero la comunidad puede tener solapes. Revisión municipal/provincial obligatoria."
castilla_la_mancha,Fresneda de la Sierra,Cuenca,municipality:cuenca::fresneda_de_la_sierra,multi-distribuidora: requiere revisión,needs_municipal_review,multi_distributor_region_needs_municipal_review,no,UFD — presencia regional + herramientas oficiales de consulta,https://www.ufd.es/quienes-somos/,official_public_source_or_review_tool,no,"UFD declara presencia regional, pero la comunidad puede tener solapes. Revisión municipal/provincial obligatoria."
castilla_la_mancha,Férez,Albacete,municipality:albacete::ferez,multi-distribuidora: requiere revisión,needs_municipal_review,multi_distributor_region_needs_municipal_review,no,UFD — presencia regional + herramientas oficiales de consulta,https://www.ufd.es/quienes-somos/,official_public_source_or_review_tool,no,"UFD declara presencia regional, pero la comunidad puede tener solapes. Revisión municipal/provincial obligatoria."
castilla_la_mancha,Buciegas,Cuenca,municipality:cuenca::buciegas,multi-distribuidora: requiere revisión,needs_municipal_review,multi_distributor_region_needs_municipal_review,no,UFD — presencia regional + herramientas oficiales de consulta,https://www.ufd.es/quienes-somos/,official_public_source_or_review_tool,no,"UFD declara presencia regional, pero la comunidad puede tener solapes. Revisión municipal/provincial obligatoria."
castilla_la_mancha,Carrizosa,Ciudad Real,municipality:ciudad_real::carrizosa,multi-distribuidora: requiere revisión,needs_municipal_review,multi_distributor_region_needs_municipal_review,no,UFD — presencia regional + herramientas oficiales de consulta,https://www.ufd.es/quienes-somos/,official_public_source_or_review_tool,no,"UFD declara presencia regional, pero la comunidad puede tener solapes. Revisión municipal/provincial obligatoria."
castilla_la_mancha,Zarza de Tajo,Cuenca,municipality:cuenca::zarza_de_tajo,multi-distribuidora: requiere revisión,needs_municipal_review,multi_distributor_region_needs_municipal_review,no,UFD — presencia regional + herramientas oficiales de consulta,https://www.ufd.es/quienes-somos/,official_public_source_or_review_tool,no,"UFD declara presencia regional, pero la comunidad puede tener solapes. Revisión municipal/provincial obligatoria."
castilla_la_mancha,Torremocha del Pinar,Guadalajara,municipality:guadalajara::torremocha_del_pinar,multi-distribuidora: requiere revisión,needs_municipal_review,multi_distributor_region_needs_municipal_review,no,UFD — presencia regional + herramientas oficiales de consulta,https://www.ufd.es/quienes-somos/,official_public_source_or_review_tool,no,"UFD declara presencia regional, pero la comunidad puede tener solapes. Revisión municipal/provincial obligatoria."
castilla_la_mancha,Fuentelsaz,Guadalajara,municipality:guadalajara::fuentelsaz,multi-distribuidora: requiere revisión,needs_municipal_review,multi_distributor_region_needs_municipal_review,no,UFD — presencia regional + herramientas oficiales de consulta,https://www.ufd.es/quienes-somos/,official_public_source_or_review_tool,no,"UFD declara presencia regional, pero la comunidad puede tener solapes. Revisión municipal/provincial obligatoria."
castilla_la_mancha,Galve de Sorbe,Guadalajara,municipality:guadalajara::galve_de_sorbe,multi-distribuidora: requiere revisión,needs_municipal_review,multi_distributor_region_needs_municipal_review,no,UFD — presencia regional + herramientas oficiales de consulta,https://www.ufd.es/quienes-somos/,official_public_source_or_review_tool,no,"UFD declara presencia regional, pero la comunidad puede tener solapes. Revisión municipal/provincial obligatoria."
castilla_la_mancha,La Iglesuela del Tiétar,Toledo,municipality:toledo::la_iglesuela_del_tietar,multi-distribuidora: requiere revisión,needs_municipal_review,multi_distributor_region_needs_municipal_review,no,UFD — presencia regional + herramientas oficiales de consulta,https://www.ufd.es/quienes-somos/,official_public_source_or_review_tool,no,"UFD declara presencia regional, pero la comunidad puede tener solapes. Revisión municipal/provincial obligatoria."
castilla_la_mancha,Tresjuncos,Cuenca,municipality:cuenca::tresjuncos,multi-distribuidora: requiere revisión,needs_municipal_review,multi_distributor_region_needs_municipal_review,no,UFD — presencia regional + herramientas oficiales de consulta,https://www.ufd.es/quienes-somos/,official_public_source_or_review_tool,no,"UFD declara presencia regional, pero la comunidad puede tener solapes. Revisión municipal/provincial obligatoria."
castilla_la_mancha,Morenilla,Guadalajara,municipality:guadalajara::morenilla,multi-distribuidora: requiere revisión,needs_municipal_review,multi_distributor_region_needs_municipal_review,no,UFD — presencia regional + herramientas oficiales de consulta,https://www.ufd.es/quienes-somos/,official_public_source_or_review_tool,no,"UFD declara presencia regional, pero la comunidad puede tener solapes. Revisión municipal/provincial obligatoria."
castilla_la_mancha,Irueste,Guadalajara,municipality:guadalajara::irueste,multi-distribuidora: requiere revisión,needs_municipal_review,multi_distributor_region_needs_municipal_review,no,UFD — presencia regional + herramientas oficiales de consulta,https://www.ufd.es/quienes-somos/,official_public_source_or_review_tool,no,"UFD declara presencia regional, pero la comunidad puede tener solapes. Revisión municipal/provincial obligatoria."
castilla_la_mancha,Torrecilla de la Jara,Toledo,municipality:toledo::torrecilla_de_la_jara,multi-distribuidora: requiere revisión,needs_municipal_review,multi_distributor_region_needs_municipal_review,no,UFD — presencia regional + herramientas oficiales de consulta,https://www.ufd.es/quienes-somos/,official_public_source_or_review_tool,no,"UFD declara presencia regional, pero la comunidad puede tener solapes. Revisión municipal/provincial obligatoria."
castilla_la_mancha,Solera de Gabaldón,Cuenca,municipality:cuenca::solera_de_gabaldon,multi-distribuidora: requiere revisión,needs_municipal_review,multi_distributor_region_needs_municipal_review,no,UFD — presencia regional + herramientas oficiales de consulta,https://www.ufd.es/quienes-somos/,official_public_source_or_review_tool,no,"UFD declara presencia regional, pero la comunidad puede tener solapes. Revisión municipal/provincial obligatoria."
castilla_la_mancha,Sartajada,Toledo,municipality:toledo::sartajada,multi-distribuidora: requiere revisión,needs_municipal_review,multi_distributor_region_needs_municipal_review,no,UFD — presencia regional + herramientas oficiales de consulta,https://www.ufd.es/quienes-somos/,official_public_source_or_review_tool,no,"UFD declara presencia regional, pero la comunidad puede tener solapes. Revisión municipal/provincial obligatoria."
castilla_la_mancha,Bujalaro,Guadalajara,municipality:guadalajara::bujalaro,multi-distribuidora: requiere revisión,needs_municipal_review,multi_distributor_region_needs_municipal_review,no,UFD — presencia regional + herramientas oficiales de consulta,https://www.ufd.es/quienes-somos/,official_public_source_or_review_tool,no,"UFD declara presencia regional, pero la comunidad puede tener solapes. Revisión municipal/provincial obligatoria."
castilla_la_mancha,Tragacete,Cuenca,municipality:cuenca::tragacete,multi-distribuidora: requiere revisión,needs_municipal_review,multi_distributor_region_needs_municipal_review,no,UFD — presencia regional + herramientas oficiales de consulta,https://www.ufd.es/quienes-somos/,official_public_source_or_review_tool,no,"UFD declara presencia regional, pero la comunidad puede tener solapes. Revisión municipal/provincial obligatoria."
castilla_la_mancha,Mota del Cuervo,Cuenca,municipality:cuenca::mota_del_cuervo,multi-distribuidora: requiere revisión,needs_municipal_review,multi_distributor_region_needs_municipal_review,no,UFD — presencia regional + herramientas oficiales de consulta,https://www.ufd.es/quienes-somos/,official_public_source_or_review_tool,no,"UFD declara presencia regional, pero la comunidad puede tener solapes. Revisión municipal/provincial obligatoria."
castilla_la_mancha,Graja de Campalbo,Cuenca,municipality:cuenca::graja_de_campalbo,multi-distribuidora: requiere revisión,needs_municipal_review,multi_distributor_region_needs_municipal_review,no,UFD — presencia regional + herramientas oficiales de consulta,https://www.ufd.es/quienes-somos/,official_public_source_or_review_tool,no,"UFD declara presencia regional, pero la comunidad puede tener solapes. Revisión municipal/provincial obligatoria."
castilla_la_mancha,Tórtola de Henares,Guadalajara,municipality:guadalajara::tortola_de_henares,multi-distribuidora: requiere revisión,needs_municipal_review,multi_distributor_region_needs_municipal_review,no,UFD — presencia regional + herramientas oficiales de consulta,https://www.ufd.es/quienes-somos/,official_public_source_or_review_tool,no,"UFD declara presencia regional, pero la comunidad puede tener solapes. Revisión municipal/provincial obligatoria."
castilla_la_mancha,Montearagón,Toledo,municipality:toledo::montearagon,multi-distribuidora: requiere revisión,needs_municipal_review,multi_distributor_region_needs_municipal_review,no,UFD — presencia regional + herramientas oficiales de consulta,https://www.ufd.es/quienes-somos/,official_public_source_or_review_tool,no,"UFD declara presencia regional, pero la comunidad puede tener solapes. Revisión municipal/provincial obligatoria."
castilla_la_mancha,Beteta,Cuenca,municipality:cuenca::beteta,multi-distribuidora: requiere revisión,needs_municipal_review,multi_distributor_region_needs_municipal_review,no,UFD — presencia regional + herramientas oficiales de consulta,https://www.ufd.es/quienes-somos/,official_public_source_or_review_tool,no,"UFD declara presencia regional, pero la comunidad puede tener solapes. Revisión municipal/provincial obligatoria."
castilla_la_mancha,Robledo de Corpes,Guadalajara,municipality:guadalajara::robledo_de_corpes,multi-distribuidora: requiere revisión,needs_municipal_review,multi_distributor_region_needs_municipal_review,no,UFD — presencia regional + herramientas oficiales de consulta,https://www.ufd.es/quienes-somos/,official_public_source_or_review_tool,no,"UFD declara presencia regional, pero la comunidad puede tener solapes. Revisión municipal/provincial obligatoria."
castilla_la_mancha,La Roda,Albacete,municipality:albacete::la_roda,multi-distribuidora: requiere revisión,needs_municipal_review,multi_distributor_region_needs_municipal_review,no,UFD — presencia regional + herramientas oficiales de consulta,https://www.ufd.es/quienes-somos/,official_public_source_or_review_tool,no,"UFD declara presencia regional, pero la comunidad puede tener solapes. Revisión municipal/provincial obligatoria."
castilla_la_mancha,Brihuega,Guadalajara,municipality:guadalajara::brihuega,multi-distribuidora: requiere revisión,needs_municipal_review,multi_distributor_region_needs_municipal_review,no,UFD — presencia regional + herramientas oficiales de consulta,https://www.ufd.es/quienes-somos/,official_public_source_or_review_tool,no,"UFD declara presencia regional, pero la comunidad puede tener solapes. Revisión municipal/provincial obligatoria."
castilla_la_mancha,Sigüenza,Guadalajara,municipality:guadalajara::siguenza,multi-distribuidora: requiere revisión,needs_municipal_review,multi_distributor_region_needs_municipal_review,no,UFD — presencia regional + herramientas oficiales de consulta,https://www.ufd.es/quienes-somos/,official_public_source_or_review_tool,no,"UFD declara presencia regional, pero la comunidad puede tener solapes. Revisión municipal/provincial obligatoria."
castilla_la_mancha,Ayna,Albacete,municipality:albacete::ayna,multi-distribuidora: requiere revisión,needs_municipal_review,multi_distributor_region_needs_municipal_review,no,UFD — presencia regional + herramientas oficiales de consulta,https://www.ufd.es/quienes-somos/,official_public_source_or_review_tool,no,"UFD declara presencia regional, pero la comunidad puede tener solapes. Revisión municipal/provincial obligatoria."
castilla_la_mancha,Navamorcuende,Toledo,municipality:toledo::navamorcuende,multi-distribuidora: requiere revisión,needs_municipal_review,multi_distributor_region_needs_municipal_review,no,UFD — presencia regional + herramientas oficiales de consulta,https://www.ufd.es/quienes-somos/,official_public_source_or_review_tool,no,"UFD declara presencia regional, pero la comunidad puede tener solapes. Revisión municipal/provincial obligatoria."
castilla_la_mancha,Santa María del Campo Rus,Cuenca,municipality:cuenca::santa_maria_del_campo_rus,multi-distribuidora: requiere revisión,needs_municipal_review,multi_distributor_region_needs_municipal_review,no,UFD — presencia regional + herramientas oficiales de consulta,https://www.ufd.es/quienes-somos/,official_public_source_or_review_tool,no,"UFD declara presencia regional, pero la comunidad puede tener solapes. Revisión municipal/provincial obligatoria."
castilla_la_mancha,Copernal,Guadalajara,municipality:guadalajara::copernal,multi-distribuidora: requiere revisión,needs_municipal_review,multi_distributor_region_needs_municipal_review,no,UFD — presencia regional + herramientas oficiales de consulta,https://www.ufd.es/quienes-somos/,official_public_source_or_review_tool,no,"UFD declara presencia regional, pero la comunidad puede tener solapes. Revisión municipal/provincial obligatoria."
castilla_la_mancha,Trillo,Guadalajara,municipality:guadalajara::trillo,multi-distribuidora: requiere revisión,needs_municipal_review,multi_distributor_region_needs_municipal_review,no,UFD — presencia regional + herramientas oficiales de consulta,https://www.ufd.es/quienes-somos/,official_public_source_or_review_tool,no,"UFD declara presencia regional, pero la comunidad puede tener solapes. Revisión municipal/provincial obligatoria."
castilla_la_mancha,Santa Cruz de Mudela,Ciudad Real,municipality:ciudad_real::santa_cruz_de_mudela,multi-distribuidora: requiere revisión,needs_municipal_review,multi_distributor_region_needs_municipal_review,no,UFD — presencia regional + herramientas oficiales de consulta,https://www.ufd.es/quienes-somos/,official_public_source_or_review_tool,no,"UFD declara presencia regional, pero la comunidad puede tener solapes. Revisión municipal/provincial obligatoria."
castilla_la_mancha,Tribaldos,Cuenca,municipality:cuenca::tribaldos,multi-distribuidora: requiere revisión,needs_municipal_review,multi_distributor_region_needs_municipal_review,no,UFD — presencia regional + herramientas oficiales de consulta,https://www.ufd.es/quienes-somos/,official_public_source_or_review_tool,no,"UFD declara presencia regional, pero la comunidad puede tener solapes. Revisión municipal/provincial obligatoria."
castilla_la_mancha,Graja de Iniesta,Cuenca,municipality:cuenca::graja_de_iniesta,multi-distribuidora: requiere revisión,needs_municipal_review,multi_distributor_region_needs_municipal_review,no,UFD — presencia regional + herramientas oficiales de consulta,https://www.ufd.es/quienes-somos/,official_public_source_or_review_tool,no,"UFD declara presencia regional, pero la comunidad puede tener solapes. Revisión municipal/provincial obligatoria."
castilla_la_mancha,Magán,Toledo,municipality:toledo::magan,multi-distribuidora: requiere revisión,needs_municipal_review,multi_distributor_region_needs_municipal_review,no,UFD — presencia regional + herramientas oficiales de consulta,https://www.ufd.es/quienes-somos/,official_public_source_or_review_tool,no,"UFD declara presencia regional, pero la comunidad puede tener solapes. Revisión municipal/provincial obligatoria."
castilla_la_mancha,Alpera,Albacete,municipality:albacete::alpera,multi-distribuidora: requiere revisión,needs_municipal_review,multi_distributor_region_needs_municipal_review,no,UFD — presencia regional + herramientas oficiales de consulta,https://www.ufd.es/quienes-somos/,official_public_source_or_review_tool,no,"UFD declara presencia regional, pero la comunidad puede tener solapes. Revisión municipal/provincial obligatoria."
castilla_la_mancha,Pozoamargo,Cuenca,municipality:cuenca::pozoamargo,multi-distribuidora: requiere revisión,needs_municipal_review,multi_distributor_region_needs_municipal_review,no,UFD — presencia regional + herramientas oficiales de consulta,https://www.ufd.es/quienes-somos/,official_public_source_or_review_tool,no,"UFD declara presencia regional, pero la comunidad puede tener solapes. Revisión municipal/provincial obligatoria."
castilla_la_mancha,Illana,Guadalajara,municipality:guadalajara::illana,multi-distribuidora: requiere revisión,needs_municipal_review,multi_distributor_region_needs_municipal_review,no,UFD — presencia regional + herramientas oficiales de consulta,https://www.ufd.es/quienes-somos/,official_public_source_or_review_tool,no,"UFD declara presencia regional, pero la comunidad puede tener solapes. Revisión municipal/provincial obligatoria."
castilla_la_mancha,Campo de Criptana,Ciudad Real,municipality:ciudad_real::campo_de_criptana,multi-distribuidora: requiere revisión,needs_municipal_review,multi_distributor_region_needs_municipal_review,no,UFD — presencia regional + herramientas oficiales de consulta,https://www.ufd.es/quienes-somos/,official_public_source_or_review_tool,no,"UFD declara presencia regional, pero la comunidad puede tener solapes. Revisión municipal/provincial obligatoria."
castilla_la_mancha,Bascuñana de San Pedro,Cuenca,municipality:cuenca::bascunana_de_san_pedro,multi-distribuidora: requiere revisión,needs_municipal_review,multi_distributor_region_needs_municipal_review,no,UFD — presencia regional + herramientas oficiales de consulta,https://www.ufd.es/quienes-somos/,official_public_source_or_review_tool,no,"UFD declara presencia regional, pero la comunidad puede tener solapes. Revisión municipal/provincial obligatoria."
castilla_la_mancha,Villarrubia de Santiago,Toledo,municipality:toledo::villarrubia_de_santiago,multi-distribuidora: requiere revisión,needs_municipal_review,multi_distributor_region_needs_municipal_review,no,UFD — presencia regional + herramientas oficiales de consulta,https://www.ufd.es/quienes-somos/,official_public_source_or_review_tool,no,"UFD declara presencia regional, pero la comunidad puede tener solapes. Revisión municipal/provincial obligatoria."
castilla_la_mancha,Viñuelas,Guadalajara,municipality:guadalajara::vinuelas,multi-distribuidora: requiere revisión,needs_municipal_review,multi_distributor_region_needs_municipal_review,no,UFD — presencia regional + herramientas oficiales de consulta,https://www.ufd.es/quienes-somos/,official_public_source_or_review_tool,no,"UFD declara presencia regional, pero la comunidad puede tener solapes. Revisión municipal/provincial obligatoria."
castilla_la_mancha,Alborea,Albacete,municipality:albacete::alborea,multi-distribuidora: requiere revisión,needs_municipal_review,multi_distributor_region_needs_municipal_review,no,UFD — presencia regional + herramientas oficiales de consulta,https://www.ufd.es/quienes-somos/,official_public_source_or_review_tool,no,"UFD declara presencia regional, pero la comunidad puede tener solapes. Revisión municipal/provincial obligatoria."
castilla_la_mancha,Santa Cruz de Moya,Cuenca,municipality:cuenca::santa_cruz_de_moya,multi-distribuidora: requiere revisión,needs_municipal_review,multi_distributor_region_needs_municipal_review,no,UFD — presencia regional + herramientas oficiales de consulta,https://www.ufd.es/quienes-somos/,official_public_source_or_review_tool,no,"UFD declara presencia regional, pero la comunidad puede tener solapes. Revisión municipal/provincial obligatoria."
castilla_la_mancha,Ciruelos del Pinar,Guadalajara,municipality:guadalajara::ciruelos_del_pinar,multi-distribuidora: requiere revisión,needs_municipal_review,multi_distributor_region_needs_municipal_review,no,UFD — presencia regional + herramientas oficiales de consulta,https://www.ufd.es/quienes-somos/,official_public_source_or_review_tool,no,"UFD declara presencia regional, pero la comunidad puede tener solapes. Revisión municipal/provincial obligatoria."
castilla_la_mancha,Cifuentes,Guadalajara,municipality:guadalajara::cifuentes,multi-distribuidora: requiere revisión,needs_municipal_review,multi_distributor_region_needs_municipal_review,no,UFD — presencia regional + herramientas oficiales de consulta,https://www.ufd.es/quienes-somos/,official_public_source_or_review_tool,no,"UFD declara presencia regional, pero la comunidad puede tener solapes. Revisión municipal/provincial obligatoria."
castilla_la_mancha,Cabañas de Yepes,Toledo,municipality:toledo::cabanas_de_yepes,multi-distribuidora: requiere revisión,needs_municipal_review,multi_distributor_region_needs_municipal_review,no,UFD — presencia regional + herramientas oficiales de consulta,https://www.ufd.es/quienes-somos/,official_public_source_or_review_tool,no,"UFD declara presencia regional, pero la comunidad puede tener solapes. Revisión municipal/provincial obligatoria."
castilla_la_mancha,Olmedilla de Alarcón,Cuenca,municipality:cuenca::olmedilla_de_alarcon,multi-distribuidora: requiere revisión,needs_municipal_review,multi_distributor_region_needs_municipal_review,no,UFD — presencia regional + herramientas oficiales de consulta,https://www.ufd.es/quienes-somos/,official_public_source_or_review_tool,no,"UFD declara presencia regional, pero la comunidad puede tener solapes. Revisión municipal/provincial obligatoria."
castilla_la_mancha,Vianos,Albacete,municipality:albacete::vianos,multi-distribuidora: requiere revisión,needs_municipal_review,multi_distributor_region_needs_municipal_review,no,UFD — presencia regional + herramientas oficiales de consulta,https://www.ufd.es/quienes-somos/,official_public_source_or_review_tool,no,"UFD declara presencia regional, pero la comunidad puede tener solapes. Revisión municipal/provincial obligatoria."
castilla_la_mancha,Checa,Guadalajara,municipality:guadalajara::checa,multi-distribuidora: requiere revisión,needs_municipal_review,multi_distributor_region_needs_municipal_review,no,UFD — presencia regional + herramientas oficiales de consulta,https://www.ufd.es/quienes-somos/,official_public_source_or_review_tool,no,"UFD declara presencia regional, pero la comunidad puede tener solapes. Revisión municipal/provincial obligatoria."
castilla_la_mancha,Gascueña,Cuenca,municipality:cuenca::gascuena,multi-distribuidora: requiere revisión,needs_municipal_review,multi_distributor_region_needs_municipal_review,no,UFD — presencia regional + herramientas oficiales de consulta,https://www.ufd.es/quienes-somos/,official_public_source_or_review_tool,no,"UFD declara presencia regional, pero la comunidad puede tener solapes. Revisión municipal/provincial obligatoria."
castilla_la_mancha,Mestanza,Ciudad Real,municipality:ciudad_real::mestanza,multi-distribuidora: requiere revisión,needs_municipal_review,multi_distributor_region_needs_municipal_review,no,UFD — presencia regional + herramientas oficiales de consulta,https://www.ufd.es/quienes-somos/,official_public_source_or_review_tool,no,"UFD declara presencia regional, pero la comunidad puede tener solapes. Revisión municipal/provincial obligatoria."
castilla_la_mancha,Villares de Jadraque,Guadalajara,municipality:guadalajara::villares_de_jadraque,multi-distribuidora: requiere revisión,needs_municipal_review,multi_distributor_region_needs_municipal_review,no,UFD — presencia regional + herramientas oficiales de consulta,https://www.ufd.es/quienes-somos/,official_public_source_or_review_tool,no,"UFD declara presencia regional, pero la comunidad puede tener solapes. Revisión municipal/provincial obligatoria."
castilla_la_mancha,Torrecuadrada de Molina,Guadalajara,municipality:guadalajara::torrecuadrada_de_molina,multi-distribuidora: requiere revisión,needs_municipal_review,multi_distributor_region_needs_municipal_review,no,UFD — presencia regional + herramientas oficiales de consulta,https://www.ufd.es/quienes-somos/,official_public_source_or_review_tool,no,"UFD declara presencia regional, pero la comunidad puede tener solapes. Revisión municipal/provincial obligatoria."
castilla_la_mancha,Albares,Guadalajara,municipality:guadalajara::albares,multi-distribuidora: requiere revisión,needs_municipal_review,multi_distributor_region_needs_municipal_review,no,UFD — presencia regional + herramientas oficiales de consulta,https://www.ufd.es/quienes-somos/,official_public_source_or_review_tool,no,"UFD declara presencia regional, pero la comunidad puede tener solapes. Revisión municipal/provincial obligatoria."
castilla_la_mancha,Parrillas,Toledo,municipality:toledo::parrillas,multi-distribuidora: requiere revisión,needs_municipal_review,multi_distributor_region_needs_municipal_review,no,UFD — presencia regional + herramientas oficiales de consulta,https://www.ufd.es/quienes-somos/,official_public_source_or_review_tool,no,"UFD declara presencia regional, pero la comunidad puede tener solapes. Revisión municipal/provincial obligatoria."
castilla_la_mancha,Torremocha de Jadraque,Guadalajara,municipality:guadalajara::torremocha_de_jadraque,multi-distribuidora: requiere revisión,needs_municipal_review,multi_distributor_region_needs_municipal_review,no,UFD — presencia regional + herramientas oficiales de consulta,https://www.ufd.es/quienes-somos/,official_public_source_or_review_tool,no,"UFD declara presencia regional, pero la comunidad puede tener solapes. Revisión municipal/provincial obligatoria."
castilla_la_mancha,Quer,Guadalajara,municipality:guadalajara::quer,multi-distribuidora: requiere revisión,needs_municipal_review,multi_distributor_region_needs_municipal_review,no,UFD — presencia regional + herramientas oficiales de consulta,https://www.ufd.es/quienes-somos/,official_public_source_or_review_tool,no,"UFD declara presencia regional, pero la comunidad puede tener solapes. Revisión municipal/provincial obligatoria."
castilla_la_mancha,Las Herencias,Toledo,municipality:toledo::las_herencias,multi-distribuidora: requiere revisión,needs_municipal_review,multi_distributor_region_needs_municipal_review,no,UFD — presencia regional + herramientas oficiales de consulta,https://www.ufd.es/quienes-somos/,official_public_source_or_review_tool,no,"UFD declara presencia regional, pero la comunidad puede tener solapes. Revisión municipal/provincial obligatoria."
castilla_la_mancha,Belmonte,Cuenca,municipality:cuenca::belmonte,multi-distribuidora: requiere revisión,needs_municipal_review,multi_distributor_region_needs_municipal_review,no,UFD — presencia regional + herramientas oficiales de consulta,https://www.ufd.es/quienes-somos/,official_public_source_or_review_tool,no,"UFD declara presencia regional, pero la comunidad puede tener solapes. Revisión municipal/provincial obligatoria."
castilla_la_mancha,Miralrío,Guadalajara,municipality:guadalajara::miralrio,multi-distribuidora: requiere revisión,needs_municipal_review,multi_distributor_region_needs_municipal_review,no,UFD — presencia regional + herramientas oficiales de consulta,https://www.ufd.es/quienes-somos/,official_public_source_or_review_tool,no,"UFD declara presencia regional, pero la comunidad puede tener solapes. Revisión municipal/provincial obligatoria."
castilla_la_mancha,Solanillos del Extremo,Guadalajara,municipality:guadalajara::solanillos_del_extremo,multi-distribuidora: requiere revisión,needs_municipal_review,multi_distributor_region_needs_municipal_review,no,UFD — presencia regional + herramientas oficiales de consulta,https://www.ufd.es/quienes-somos/,official_public_source_or_review_tool,no,"UFD declara presencia regional, pero la comunidad puede tener solapes. Revisión municipal/provincial obligatoria."
castilla_la_mancha,Madrigueras,Albacete,municipality:albacete::madrigueras,multi-distribuidora: requiere revisión,needs_municipal_review,multi_distributor_region_needs_municipal_review,no,UFD — presencia regional + herramientas oficiales de consulta,https://www.ufd.es/quienes-somos/,official_public_source_or_review_tool,no,"UFD declara presencia regional, pero la comunidad puede tener solapes. Revisión municipal/provincial obligatoria."
castilla_la_mancha,Poyatos,Cuenca,municipality:cuenca::poyatos,multi-distribuidora: requiere revisión,needs_municipal_review,multi_distributor_region_needs_municipal_review,no,UFD — presencia regional + herramientas oficiales de consulta,https://www.ufd.es/quienes-somos/,official_public_source_or_review_tool,no,"UFD declara presencia regional, pero la comunidad puede tener solapes. Revisión municipal/provincial obligatoria."
castilla_la_mancha,Puebla de Beleña,Guadalajara,municipality:guadalajara::puebla_de_belena,multi-distribuidora: requiere revisión,needs_municipal_review,multi_distributor_region_needs_municipal_review,no,UFD — presencia regional + herramientas oficiales de consulta,https://www.ufd.es/quienes-somos/,official_public_source_or_review_tool,no,"UFD declara presencia regional, pero la comunidad puede tener solapes. Revisión municipal/provincial obligatoria."
castilla_la_mancha,Valfermoso de Tajuña,Guadalajara,municipality:guadalajara::valfermoso_de_tajuna,multi-distribuidora: requiere revisión,needs_municipal_review,multi_distributor_region_needs_municipal_review,no,UFD — presencia regional + herramientas oficiales de consulta,https://www.ufd.es/quienes-somos/,official_public_source_or_review_tool,no,"UFD declara presencia regional, pero la comunidad puede tener solapes. Revisión municipal/provincial obligatoria."
castilla_la_mancha,Castillejo-Sierra,Cuenca,municipality:cuenca::castillejo_sierra,multi-distribuidora: requiere revisión,needs_municipal_review,multi_distributor_region_needs_municipal_review,no,UFD — presencia regional + herramientas oficiales de consulta,https://www.ufd.es/quienes-somos/,official_public_source_or_review_tool,no,"UFD declara presencia regional, pero la comunidad puede tener solapes. Revisión municipal/provincial obligatoria."
castilla_la_mancha,Letur,Albacete,municipality:albacete::letur,multi-distribuidora: requiere revisión,needs_municipal_review,multi_distributor_region_needs_municipal_review,no,UFD — presencia regional + herramientas oficiales de consulta,https://www.ufd.es/quienes-somos/,official_public_source_or_review_tool,no,"UFD declara presencia regional, pero la comunidad puede tener solapes. Revisión municipal/provincial obligatoria."
castilla_la_mancha,Puerto de San Vicente,Toledo,municipality:toledo::puerto_de_san_vicente,multi-distribuidora: requiere revisión,needs_municipal_review,multi_distributor_region_needs_municipal_review,no,UFD — presencia regional + herramientas oficiales de consulta,https://www.ufd.es/quienes-somos/,official_public_source_or_review_tool,no,"UFD declara presencia regional, pero la comunidad puede tener solapes. Revisión municipal/provincial obligatoria."
castilla_la_mancha,Valmojado,Toledo,municipality:toledo::valmojado,multi-distribuidora: requiere revisión,needs_municipal_review,multi_distributor_region_needs_municipal_review,no,UFD — presencia regional + herramientas oficiales de consulta,https://www.ufd.es/quienes-somos/,official_public_source_or_review_tool,no,"UFD declara presencia regional, pero la comunidad puede tener solapes. Revisión municipal/provincial obligatoria."
castilla_la_mancha,Montalbo,Cuenca,municipality:cuenca::montalbo,multi-distribuidora: requiere revisión,needs_municipal_review,multi_distributor_region_needs_municipal_review,no,UFD — presencia regional + herramientas oficiales de consulta,https://www.ufd.es/quienes-somos/,official_public_source_or_review_tool,no,"UFD declara presencia regional, pero la comunidad puede tener solapes. Revisión municipal/provincial obligatoria."
castilla_la_mancha,Saceruela,Ciudad Real,municipality:ciudad_real::saceruela,multi-distribuidora: requiere revisión,needs_municipal_review,multi_distributor_region_needs_municipal_review,no,UFD — presencia regional + herramientas oficiales de consulta,https://www.ufd.es/quienes-somos/,official_public_source_or_review_tool,no,"UFD declara presencia regional, pero la comunidad puede tener solapes. Revisión municipal/provincial obligatoria."
castilla_la_mancha,Urda,Toledo,municipality:toledo::urda,multi-distribuidora: requiere revisión,needs_municipal_review,multi_distributor_region_needs_municipal_review,no,UFD — presencia regional + herramientas oficiales de consulta,https://www.ufd.es/quienes-somos/,official_public_source_or_review_tool,no,"UFD declara presencia regional, pero la comunidad puede tener solapes. Revisión municipal/provincial obligatoria."
castilla_la_mancha,Motilleja,Albacete,municipality:albacete::motilleja,multi-distribuidora: requiere revisión,needs_municipal_review,multi_distributor_region_needs_municipal_review,no,UFD — presencia regional + herramientas oficiales de consulta,https://www.ufd.es/quienes-somos/,official_public_source_or_review_tool,no,"UFD declara presencia regional, pero la comunidad puede tener solapes. Revisión municipal/provincial obligatoria."
castilla_la_mancha,Fuentelencina,Guadalajara,municipality:guadalajara::fuentelencina,multi-distribuidora: requiere revisión,needs_municipal_review,multi_distributor_region_needs_municipal_review,no,UFD — presencia regional + herramientas oficiales de consulta,https://www.ufd.es/quienes-somos/,official_public_source_or_review_tool,no,"UFD declara presencia regional, pero la comunidad puede tener solapes. Revisión municipal/provincial obligatoria."
castilla_la_mancha,Aldovera,Guadalajara,municipality:guadalajara::aldovera,multi-distribuidora: requiere revisión,needs_municipal_review,multi_distributor_region_needs_municipal_review,no,UFD — presencia regional + herramientas oficiales de consulta,https://www.ufd.es/quienes-somos/,official_public_source_or_review_tool,no,"UFD declara presencia regional, pero la comunidad puede tener solapes. Revisión municipal/provincial obligatoria."
castilla_la_mancha,Bienservida,Albacete,municipality:albacete::bienservida,multi-distribuidora: requiere revisión,needs_municipal_review,multi_distributor_region_needs_municipal_review,no,UFD — presencia regional + herramientas oficiales de consulta,https://www.ufd.es/quienes-somos/,official_public_source_or_review_tool,no,"UFD declara presencia regional, pero la comunidad puede tener solapes. Revisión municipal/provincial obligatoria."
castilla_la_mancha,Cabezamesada,Toledo,municipality:toledo::cabezamesada,multi-distribuidora: requiere revisión,needs_municipal_review,multi_distributor_region_needs_municipal_review,no,UFD — presencia regional + herramientas oficiales de consulta,https://www.ufd.es/quienes-somos/,official_public_source_or_review_tool,no,"UFD declara presencia regional, pero la comunidad puede tener solapes. Revisión municipal/provincial obligatoria."
castilla_la_mancha,Los Navalucillos,Toledo,municipality:toledo::los_navalucillos,multi-distribuidora: requiere revisión,needs_municipal_review,multi_distributor_region_needs_municipal_review,no,UFD — presencia regional + herramientas oficiales de consulta,https://www.ufd.es/quienes-somos/,official_public_source_or_review_tool,no,"UFD declara presencia regional, pero la comunidad puede tener solapes. Revisión municipal/provincial obligatoria."
castilla_la_mancha,Angón,Guadalajara,municipality:guadalajara::angon,multi-distribuidora: requiere revisión,needs_municipal_review,multi_distributor_region_needs_municipal_review,no,UFD — presencia regional + herramientas oficiales de consulta,https://www.ufd.es/quienes-somos/,official_public_source_or_review_tool,no,"UFD declara presencia regional, pero la comunidad puede tener solapes. Revisión municipal/provincial obligatoria."
castilla_la_mancha,Riba de Saelices,Guadalajara,municipality:guadalajara::riba_de_saelices,multi-distribuidora: requiere revisión,needs_municipal_review,multi_distributor_region_needs_municipal_review,no,UFD — presencia regional + herramientas oficiales de consulta,https://www.ufd.es/quienes-somos/,official_public_source_or_review_tool,no,"UFD declara presencia regional, pero la comunidad puede tener solapes. Revisión municipal/provincial obligatoria."
castilla_la_mancha,Tarazona de la Mancha,Albacete,municipality:albacete::tarazona_de_la_mancha,multi-distribuidora: requiere revisión,needs_municipal_review,multi_distributor_region_needs_municipal_review,no,UFD — presencia regional + herramientas oficiales de consulta,https://www.ufd.es/quienes-somos/,official_public_source_or_review_tool,no,"UFD declara presencia regional, pero la comunidad puede tener solapes. Revisión municipal/provincial obligatoria."
castilla_la_mancha,Albacete,Albacete,municipality:albacete::albacete,multi-distribuidora: requiere revisión,needs_municipal_review,multi_distributor_region_needs_municipal_review,no,UFD — presencia regional + herramientas oficiales de consulta,https://www.ufd.es/quienes-somos/,official_public_source_or_review_tool,no,"UFD declara presencia regional, pero la comunidad puede tener solapes. Revisión municipal/provincial obligatoria."
castilla_la_mancha,Montealegre del Castillo,Albacete,municipality:albacete::montealegre_del_castillo,multi-distribuidora: requiere revisión,needs_municipal_review,multi_distributor_region_needs_municipal_review,no,UFD — presencia regional + herramientas oficiales de consulta,https://www.ufd.es/quienes-somos/,official_public_source_or_review_tool,no,"UFD declara presencia regional, pero la comunidad puede tener solapes. Revisión municipal/provincial obligatoria."
castilla_la_mancha,Valenzuela de Calatrava,Ciudad Real,municipality:ciudad_real::valenzuela_de_calatrava,multi-distribuidora: requiere revisión,needs_municipal_review,multi_distributor_region_needs_municipal_review,no,UFD — presencia regional + herramientas oficiales de consulta,https://www.ufd.es/quienes-somos/,official_public_source_or_review_tool,no,"UFD declara presencia regional, pero la comunidad puede tener solapes. Revisión municipal/provincial obligatoria."
castilla_la_mancha,Villanueva de la Fuente,Ciudad Real,municipality:ciudad_real::villanueva_de_la_fuente,multi-distribuidora: requiere revisión,needs_municipal_review,multi_distributor_region_needs_municipal_review,no,UFD — presencia regional + herramientas oficiales de consulta,https://www.ufd.es/quienes-somos/,official_public_source_or_review_tool,no,"UFD declara presencia regional, pero la comunidad puede tener solapes. Revisión municipal/provincial obligatoria."
castilla_la_mancha,Abia de la Obispalía,Cuenca,municipality:cuenca::abia_de_la_obispalia,multi-distribuidora: requiere revisión,needs_municipal_review,multi_distributor_region_needs_municipal_review,no,UFD — presencia regional + herramientas oficiales de consulta,https://www.ufd.es/quienes-somos/,official_public_source_or_review_tool,no,"UFD declara presencia regional, pero la comunidad puede tener solapes. Revisión municipal/provincial obligatoria."
castilla_la_mancha,Vellisca,Cuenca,municipality:cuenca::vellisca,multi-distribuidora: requiere revisión,needs_municipal_review,multi_distributor_region_needs_municipal_review,no,UFD — presencia regional + herramientas oficiales de consulta,https://www.ufd.es/quienes-somos/,official_public_source_or_review_tool,no,"UFD declara presencia regional, pero la comunidad puede tener solapes. Revisión municipal/provincial obligatoria."
castilla_la_mancha,Herencia,Ciudad Real,municipality:ciudad_real::herencia,multi-distribuidora: requiere revisión,needs_municipal_review,multi_distributor_region_needs_municipal_review,no,UFD — presencia regional + herramientas oficiales de consulta,https://www.ufd.es/quienes-somos/,official_public_source_or_review_tool,no,"UFD declara presencia regional, pero la comunidad puede tener solapes. Revisión municipal/provincial obligatoria."
castilla_la_mancha,Fuentenovilla,Guadalajara,municipality:guadalajara::fuentenovilla,multi-distribuidora: requiere revisión,needs_municipal_review,multi_distributor_region_needs_municipal_review,no,UFD — presencia regional + herramientas oficiales de consulta,https://www.ufd.es/quienes-somos/,official_public_source_or_review_tool,no,"UFD declara presencia regional, pero la comunidad puede tener solapes. Revisión municipal/provincial obligatoria."
castilla_la_mancha,Torre de Juan Abad,Ciudad Real,municipality:ciudad_real::torre_de_juan_abad,multi-distribuidora: requiere revisión,needs_municipal_review,multi_distributor_region_needs_municipal_review,no,UFD — presencia regional + herramientas oficiales de consulta,https://www.ufd.es/quienes-somos/,official_public_source_or_review_tool,no,"UFD declara presencia regional, pero la comunidad puede tener solapes. Revisión municipal/provincial obligatoria."
castilla_la_mancha,Valdepeñas de la Sierra,Guadalajara,municipality:guadalajara::valdepenas_de_la_sierra,multi-distribuidora: requiere revisión,needs_municipal_review,multi_distributor_region_needs_municipal_review,no,UFD — presencia regional + herramientas oficiales de consulta,https://www.ufd.es/quienes-somos/,official_public_source_or_review_tool,no,"UFD declara presencia regional, pero la comunidad puede tener solapes. Revisión municipal/provincial obligatoria."
castilla_la_mancha,Albalate de las Nogueras,Cuenca,municipality:cuenca::albalate_de_las_nogueras,multi-distribuidora: requiere revisión,needs_municipal_review,multi_distributor_region_needs_municipal_review,no,UFD — presencia regional + herramientas oficiales de consulta,https://www.ufd.es/quienes-somos/,official_public_source_or_review_tool,no,"UFD declara presencia regional, pero la comunidad puede tener solapes. Revisión municipal/provincial obligatoria."
castilla_la_mancha,El Picazo,Cuenca,municipality:cuenca::el_picazo,multi-distribuidora: requiere revisión,needs_municipal_review,multi_distributor_region_needs_municipal_review,no,UFD — presencia regional + herramientas oficiales de consulta,https://www.ufd.es/quienes-somos/,official_public_source_or_review_tool,no,"UFD declara presencia regional, pero la comunidad puede tener solapes. Revisión municipal/provincial obligatoria."
castilla_la_mancha,Valdelcubo,Guadalajara,municipality:guadalajara::valdelcubo,multi-distribuidora: requiere revisión,needs_municipal_review,multi_distributor_region_needs_municipal_review,no,UFD — presencia regional + herramientas oficiales de consulta,https://www.ufd.es/quienes-somos/,official_public_source_or_review_tool,no,"UFD declara presencia regional, pero la comunidad puede tener solapes. Revisión municipal/provincial obligatoria."
castilla_la_mancha,Tébar,Cuenca,municipality:cuenca::tebar,multi-distribuidora: requiere revisión,needs_municipal_review,multi_distributor_region_needs_municipal_review,no,UFD — presencia regional + herramientas oficiales de consulta,https://www.ufd.es/quienes-somos/,official_public_source_or_review_tool,no,"UFD declara presencia regional, pero la comunidad puede tener solapes. Revisión municipal/provincial obligatoria."
castilla_la_mancha,Arenas de San Juan,Ciudad Real,municipality:ciudad_real::arenas_de_san_juan,multi-distribuidora: requiere revisión,needs_municipal_review,multi_distributor_region_needs_municipal_review,no,UFD — presencia regional + herramientas oficiales de consulta,https://www.ufd.es/quienes-somos/,official_public_source_or_review_tool,no,"UFD declara presencia regional, pero la comunidad puede tener solapes. Revisión municipal/provincial obligatoria."
castilla_la_mancha,Cañete,Cuenca,municipality:cuenca::canete,multi-distribuidora: requiere revisión,needs_municipal_review,multi_distributor_region_needs_municipal_review,no,UFD — presencia regional + herramientas oficiales de consulta,https://www.ufd.es/quienes-somos/,official_public_source_or_review_tool,no,"UFD declara presencia regional, pero la comunidad puede tener solapes. Revisión municipal/provincial obligatoria."
castilla_la_mancha,El Viso de San Juan,Toledo,municipality:toledo::el_viso_de_san_juan,multi-distribuidora: requiere revisión,needs_municipal_review,multi_distributor_region_needs_municipal_review,no,UFD — presencia regional + herramientas oficiales de consulta,https://www.ufd.es/quienes-somos/,official_public_source_or_review_tool,no,"UFD declara presencia regional, pero la comunidad puede tener solapes. Revisión municipal/provincial obligatoria."
castilla_la_mancha,Villar de Olalla,Cuenca,municipality:cuenca::villar_de_olalla,multi-distribuidora: requiere revisión,needs_municipal_review,multi_distributor_region_needs_municipal_review,no,UFD — presencia regional + herramientas oficiales de consulta,https://www.ufd.es/quienes-somos/,official_public_source_or_review_tool,no,"UFD declara presencia regional, pero la comunidad puede tener solapes. Revisión municipal/provincial obligatoria."
castilla_la_mancha,Castilforte,Guadalajara,municipality:guadalajara::castilforte,multi-distribuidora: requiere revisión,needs_municipal_review,multi_distributor_region_needs_municipal_review,no,UFD — presencia regional + herramientas oficiales de consulta,https://www.ufd.es/quienes-somos/,official_public_source_or_review_tool,no,"UFD declara presencia regional, pero la comunidad puede tener solapes. Revisión municipal/provincial obligatoria."
castilla_la_mancha,Chillón,Ciudad Real,municipality:ciudad_real::chillon,multi-distribuidora: requiere revisión,needs_municipal_review,multi_distributor_region_needs_municipal_review,no,UFD — presencia regional + herramientas oficiales de consulta,https://www.ufd.es/quienes-somos/,official_public_source_or_review_tool,no,"UFD declara presencia regional, pero la comunidad puede tener solapes. Revisión municipal/provincial obligatoria."
castilla_la_mancha,Dosbarrios,Toledo,municipality:toledo::dosbarrios,multi-distribuidora: requiere revisión,needs_municipal_review,multi_distributor_region_needs_municipal_review,no,UFD — presencia regional + herramientas oficiales de consulta,https://www.ufd.es/quienes-somos/,official_public_source_or_review_tool,no,"UFD declara presencia regional, pero la comunidad puede tener solapes. Revisión municipal/provincial obligatoria."
castilla_la_mancha,Lucillos,Toledo,municipality:toledo::lucillos,multi-distribuidora: requiere revisión,needs_municipal_review,multi_distributor_region_needs_municipal_review,no,UFD — presencia regional + herramientas oficiales de consulta,https://www.ufd.es/quienes-somos/,official_public_source_or_review_tool,no,"UFD declara presencia regional, pero la comunidad puede tener solapes. Revisión municipal/provincial obligatoria."
castilla_la_mancha,La Pueblanueva,Toledo,municipality:toledo::la_pueblanueva,multi-distribuidora: requiere revisión,needs_municipal_review,multi_distributor_region_needs_municipal_review,no,UFD — presencia regional + herramientas oficiales de consulta,https://www.ufd.es/quienes-somos/,official_public_source_or_review_tool,no,"UFD declara presencia regional, pero la comunidad puede tener solapes. Revisión municipal/provincial obligatoria."
castilla_la_mancha,Fontanar,Guadalajara,municipality:guadalajara::fontanar,multi-distribuidora: requiere revisión,needs_municipal_review,multi_distributor_region_needs_municipal_review,no,UFD — presencia regional + herramientas oficiales de consulta,https://www.ufd.es/quienes-somos/,official_public_source_or_review_tool,no,"UFD declara presencia regional, pero la comunidad puede tener solapes. Revisión municipal/provincial obligatoria."
castilla_la_mancha,Sacecorbo,Guadalajara,municipality:guadalajara::sacecorbo,multi-distribuidora: requiere revisión,needs_municipal_review,multi_distributor_region_needs_municipal_review,no,UFD — presencia regional + herramientas oficiales de consulta,https://www.ufd.es/quienes-somos/,official_public_source_or_review_tool,no,"UFD declara presencia regional, pero la comunidad puede tener solapes. Revisión municipal/provincial obligatoria."
castilla_la_mancha,Alcohujate,Cuenca,municipality:cuenca::alcohujate,multi-distribuidora: requiere revisión,needs_municipal_review,multi_distributor_region_needs_municipal_review,no,UFD — presencia regional + herramientas oficiales de consulta,https://www.ufd.es/quienes-somos/,official_public_source_or_review_tool,no,"UFD declara presencia regional, pero la comunidad puede tener solapes. Revisión municipal/provincial obligatoria."
castilla_la_mancha,Cogollor,Guadalajara,municipality:guadalajara::cogollor,multi-distribuidora: requiere revisión,needs_municipal_review,multi_distributor_region_needs_municipal_review,no,UFD — presencia regional + herramientas oficiales de consulta,https://www.ufd.es/quienes-somos/,official_public_source_or_review_tool,no,"UFD declara presencia regional, pero la comunidad puede tener solapes. Revisión municipal/provincial obligatoria."
castilla_la_mancha,Mazarete,Guadalajara,municipality:guadalajara::mazarete,multi-distribuidora: requiere revisión,needs_municipal_review,multi_distributor_region_needs_municipal_review,no,UFD — presencia regional + herramientas oficiales de consulta,https://www.ufd.es/quienes-somos/,official_public_source_or_review_tool,no,"UFD declara presencia regional, pero la comunidad puede tener solapes. Revisión municipal/provincial obligatoria."
castilla_la_mancha,Driebes,Guadalajara,municipality:guadalajara::driebes,multi-distribuidora: requiere revisión,needs_municipal_review,multi_distributor_region_needs_municipal_review,no,UFD — presencia regional + herramientas oficiales de consulta,https://www.ufd.es/quienes-somos/,official_public_source_or_review_tool,no,"UFD declara presencia regional, pero la comunidad puede tener solapes. Revisión municipal/provincial obligatoria."
castilla_la_mancha,Torremocha del Campo,Guadalajara,municipality:guadalajara::torremocha_del_campo,multi-distribuidora: requiere revisión,needs_municipal_review,multi_distributor_region_needs_municipal_review,no,UFD — presencia regional + herramientas oficiales de consulta,https://www.ufd.es/quienes-somos/,official_public_source_or_review_tool,no,"UFD declara presencia regional, pero la comunidad puede tener solapes. Revisión municipal/provincial obligatoria."
castilla_la_mancha,Lezuza,Albacete,municipality:albacete::lezuza,multi-distribuidora: requiere revisión,needs_municipal_review,multi_distributor_region_needs_municipal_review,no,UFD — presencia regional + herramientas oficiales de consulta,https://www.ufd.es/quienes-somos/,official_public_source_or_review_tool,no,"UFD declara presencia regional, pero la comunidad puede tener solapes. Revisión municipal/provincial obligatoria."
castilla_la_mancha,Viso del Marqués,Ciudad Real,municipality:ciudad_real::viso_del_marques,multi-distribuidora: requiere revisión,needs_municipal_review,multi_distributor_region_needs_municipal_review,no,UFD — presencia regional + herramientas oficiales de consulta,https://www.ufd.es/quienes-somos/,official_public_source_or_review_tool,no,"UFD declara presencia regional, pero la comunidad puede tener solapes. Revisión municipal/provincial obligatoria."
castilla_la_mancha,Porzuna,Ciudad Real,municipality:ciudad_real::porzuna,multi-distribuidora: requiere revisión,needs_municipal_review,multi_distributor_region_needs_municipal_review,no,UFD — presencia regional + herramientas oficiales de consulta,https://www.ufd.es/quienes-somos/,official_public_source_or_review_tool,no,"UFD declara presencia regional, pero la comunidad puede tener solapes. Revisión municipal/provincial obligatoria."
castilla_la_mancha,Humanes,Guadalajara,municipality:guadalajara::humanes,multi-distribuidora: requiere revisión,needs_municipal_review,multi_distributor_region_needs_municipal_review,no,UFD — presencia regional + herramientas oficiales de consulta,https://www.ufd.es/quienes-somos/,official_public_source_or_review_tool,no,"UFD declara presencia regional, pero la comunidad puede tener solapes. Revisión municipal/provincial obligatoria."
castilla_la_mancha,Maranchón,Guadalajara,municipality:guadalajara::maranchon,multi-distribuidora: requiere revisión,needs_municipal_review,multi_distributor_region_needs_municipal_review,no,UFD — presencia regional + herramientas oficiales de consulta,https://www.ufd.es/quienes-somos/,official_public_source_or_review_tool,no,"UFD declara presencia regional, pero la comunidad puede tener solapes. Revisión municipal/provincial obligatoria."
castilla_la_mancha,Sotillo de las Palomas,Toledo,municipality:toledo::sotillo_de_las_palomas,multi-distribuidora: requiere revisión,needs_municipal_review,multi_distributor_region_needs_municipal_review,no,UFD — presencia regional + herramientas oficiales de consulta,https://www.ufd.es/quienes-somos/,official_public_source_or_review_tool,no,"UFD declara presencia regional, pero la comunidad puede tener solapes. Revisión municipal/provincial obligatoria."
castilla_la_mancha,Villar y Velasco,Cuenca,municipality:cuenca::villar_y_velasco,multi-distribuidora: requiere revisión,needs_municipal_review,multi_distributor_region_needs_municipal_review,no,UFD — presencia regional + herramientas oficiales de consulta,https://www.ufd.es/quienes-somos/,official_public_source_or_review_tool,no,"UFD declara presencia regional, pero la comunidad puede tener solapes. Revisión municipal/provincial obligatoria."
castilla_la_mancha,Alcaraz,Albacete,municipality:albacete::alcaraz,multi-distribuidora: requiere revisión,needs_municipal_review,multi_distributor_region_needs_municipal_review,no,UFD — presencia regional + herramientas oficiales de consulta,https://www.ufd.es/quienes-somos/,official_public_source_or_review_tool,no,"UFD declara presencia regional, pero la comunidad puede tener solapes. Revisión municipal/provincial obligatoria."
castilla_la_mancha,Cenizate,Albacete,municipality:albacete::cenizate,multi-distribuidora: requiere revisión,needs_municipal_review,multi_distributor_region_needs_municipal_review,no,UFD — presencia regional + herramientas oficiales de consulta,https://www.ufd.es/quienes-somos/,official_public_source_or_review_tool,no,"UFD declara presencia regional, pero la comunidad puede tener solapes. Revisión municipal/provincial obligatoria."
castilla_la_mancha,Alhambra,Ciudad Real,municipality:ciudad_real::alhambra,multi-distribuidora: requiere revisión,needs_municipal_review,multi_distributor_region_needs_municipal_review,no,UFD — presencia regional + herramientas oficiales de consulta,https://www.ufd.es/quienes-somos/,official_public_source_or_review_tool,no,"UFD declara presencia regional, pero la comunidad puede tener solapes. Revisión municipal/provincial obligatoria."
castilla_la_mancha,Vindel,Cuenca,municipality:cuenca::vindel,multi-distribuidora: requiere revisión,needs_municipal_review,multi_distributor_region_needs_municipal_review,no,UFD — presencia regional + herramientas oficiales de consulta,https://www.ufd.es/quienes-somos/,official_public_source_or_review_tool,no,"UFD declara presencia regional, pero la comunidad puede tener solapes. Revisión municipal/provincial obligatoria."
castilla_la_mancha,Yebra,Guadalajara,municipality:guadalajara::yebra,multi-distribuidora: requiere revisión,needs_municipal_review,multi_distributor_region_needs_municipal_review,no,UFD — presencia regional + herramientas oficiales de consulta,https://www.ufd.es/quienes-somos/,official_public_source_or_review_tool,no,"UFD declara presencia regional, pero la comunidad puede tener solapes. Revisión municipal/provincial obligatoria."
castilla_la_mancha,Burujón,Toledo,municipality:toledo::burujon,multi-distribuidora: requiere revisión,needs_municipal_review,multi_distributor_region_needs_municipal_review,no,UFD — presencia regional + herramientas oficiales de consulta,https://www.ufd.es/quienes-somos/,official_public_source_or_review_tool,no,"UFD declara presencia regional, pero la comunidad puede tener solapes. Revisión municipal/provincial obligatoria."
castilla_la_mancha,Cabañas de la Sagra,Toledo,municipality:toledo::cabanas_de_la_sagra,multi-distribuidora: requiere revisión,needs_municipal_review,multi_distributor_region_needs_municipal_review,no,UFD — presencia regional + herramientas oficiales de consulta,https://www.ufd.es/quienes-somos/,official_public_source_or_review_tool,no,"UFD declara presencia regional, pero la comunidad puede tener solapes. Revisión municipal/provincial obligatoria."
castilla_la_mancha,La Cierva,Cuenca,municipality:cuenca::la_cierva,multi-distribuidora: requiere revisión,needs_municipal_review,multi_distributor_region_needs_municipal_review,no,UFD — presencia regional + herramientas oficiales de consulta,https://www.ufd.es/quienes-somos/,official_public_source_or_review_tool,no,"UFD declara presencia regional, pero la comunidad puede tener solapes. Revisión municipal/provincial obligatoria."
castilla_la_mancha,Saelices de la Sal,Guadalajara,municipality:guadalajara::saelices_de_la_sal,multi-distribuidora: requiere revisión,needs_municipal_review,multi_distributor_region_needs_municipal_review,no,UFD — presencia regional + herramientas oficiales de consulta,https://www.ufd.es/quienes-somos/,official_public_source_or_review_tool,no,"UFD declara presencia regional, pero la comunidad puede tener solapes. Revisión municipal/provincial obligatoria."
castilla_la_mancha,Casas de San Galindo,Guadalajara,municipality:guadalajara::casas_de_san_galindo,multi-distribuidora: requiere revisión,needs_municipal_review,multi_distributor_region_needs_municipal_review,no,UFD — presencia regional + herramientas oficiales de consulta,https://www.ufd.es/quienes-somos/,official_public_source_or_review_tool,no,"UFD declara presencia regional, pero la comunidad puede tener solapes. Revisión municipal/provincial obligatoria."
castilla_la_mancha,Huecas,Toledo,municipality:toledo::huecas,multi-distribuidora: requiere revisión,needs_municipal_review,multi_distributor_region_needs_municipal_review,no,UFD — presencia regional + herramientas oficiales de consulta,https://www.ufd.es/quienes-somos/,official_public_source_or_review_tool,no,"UFD declara presencia regional, pero la comunidad puede tener solapes. Revisión municipal/provincial obligatoria."
castilla_la_mancha,Torrico,Toledo,municipality:toledo::torrico,multi-distribuidora: requiere revisión,needs_municipal_review,multi_distributor_region_needs_municipal_review,no,UFD — presencia regional + herramientas oficiales de consulta,https://www.ufd.es/quienes-somos/,official_public_source_or_review_tool,no,"UFD declara presencia regional, pero la comunidad puede tener solapes. Revisión municipal/provincial obligatoria."
castilla_la_mancha,Valverdejo,Cuenca,municipality:cuenca::valverdejo,multi-distribuidora: requiere revisión,needs_municipal_review,multi_distributor_region_needs_municipal_review,no,UFD — presencia regional + herramientas oficiales de consulta,https://www.ufd.es/quienes-somos/,official_public_source_or_review_tool,no,"UFD declara presencia regional, pero la comunidad puede tener solapes. Revisión municipal/provincial obligatoria."
castilla_la_mancha,Cañamares,Cuenca,municipality:cuenca::canamares,multi-distribuidora: requiere revisión,needs_municipal_review,multi_distributor_region_needs_municipal_review,no,UFD — presencia regional + herramientas oficiales de consulta,https://www.ufd.es/quienes-somos/,official_public_source_or_review_tool,no,"UFD declara presencia regional, pero la comunidad puede tener solapes. Revisión municipal/provincial obligatoria."
castilla_la_mancha,Horche,Guadalajara,municipality:guadalajara::horche,multi-distribuidora: requiere revisión,needs_municipal_review,multi_distributor_region_needs_municipal_review,no,UFD — presencia regional + herramientas oficiales de consulta,https://www.ufd.es/quienes-somos/,official_public_source_or_review_tool,no,"UFD declara presencia regional, pero la comunidad puede tener solapes. Revisión municipal/provincial obligatoria."
castilla_la_mancha,Balsa de Ves,Albacete,municipality:albacete::balsa_de_ves,multi-distribuidora: requiere revisión,needs_municipal_review,multi_distributor_region_needs_municipal_review,no,UFD — presencia regional + herramientas oficiales de consulta,https://www.ufd.es/quienes-somos/,official_public_source_or_review_tool,no,"UFD declara presencia regional, pero la comunidad puede tener solapes. Revisión municipal/provincial obligatoria."
castilla_la_mancha,Membrilla,Ciudad Real,municipality:ciudad_real::membrilla,multi-distribuidora: requiere revisión,needs_municipal_review,multi_distributor_region_needs_municipal_review,no,UFD — presencia regional + herramientas oficiales de consulta,https://www.ufd.es/quienes-somos/,official_public_source_or_review_tool,no,"UFD declara presencia regional, pero la comunidad puede tener solapes. Revisión municipal/provincial obligatoria."
castilla_la_mancha,El Casar de Escalona,Toledo,municipality:toledo::el_casar_de_escalona,multi-distribuidora: requiere revisión,needs_municipal_review,multi_distributor_region_needs_municipal_review,no,UFD — presencia regional + herramientas oficiales de consulta,https://www.ufd.es/quienes-somos/,official_public_source_or_review_tool,no,"UFD declara presencia regional, pero la comunidad puede tener solapes. Revisión municipal/provincial obligatoria."
castilla_la_mancha,Mesegar de Tajo,Toledo,municipality:toledo::mesegar_de_tajo,multi-distribuidora: requiere revisión,needs_municipal_review,multi_distributor_region_needs_municipal_review,no,UFD — presencia regional + herramientas oficiales de consulta,https://www.ufd.es/quienes-somos/,official_public_source_or_review_tool,no,"UFD declara presencia regional, pero la comunidad puede tener solapes. Revisión municipal/provincial obligatoria."
castilla_la_mancha,Retiendas,Guadalajara,municipality:guadalajara::retiendas,multi-distribuidora: requiere revisión,needs_municipal_review,multi_distributor_region_needs_municipal_review,no,UFD — presencia regional + herramientas oficiales de consulta,https://www.ufd.es/quienes-somos/,official_public_source_or_review_tool,no,"UFD declara presencia regional, pero la comunidad puede tener solapes. Revisión municipal/provincial obligatoria."
castilla_la_mancha,Puerto Lápice,Ciudad Real,municipality:ciudad_real::puerto_lapice,multi-distribuidora: requiere revisión,needs_municipal_review,multi_distributor_region_needs_municipal_review,no,UFD — presencia regional + herramientas oficiales de consulta,https://www.ufd.es/quienes-somos/,official_public_source_or_review_tool,no,"UFD declara presencia regional, pero la comunidad puede tener solapes. Revisión municipal/provincial obligatoria."
castilla_la_mancha,Villanueva de Alcardete,Toledo,municipality:toledo::villanueva_de_alcardete,multi-distribuidora: requiere revisión,needs_municipal_review,multi_distributor_region_needs_municipal_review,no,UFD — presencia regional + herramientas oficiales de consulta,https://www.ufd.es/quienes-somos/,official_public_source_or_review_tool,no,"UFD declara presencia regional, pero la comunidad puede tener solapes. Revisión municipal/provincial obligatoria."
castilla_la_mancha,Alhóndiga,Guadalajara,municipality:guadalajara::alhondiga,multi-distribuidora: requiere revisión,needs_municipal_review,multi_distributor_region_needs_municipal_review,no,UFD — presencia regional + herramientas oficiales de consulta,https://www.ufd.es/quienes-somos/,official_public_source_or_review_tool,no,"UFD declara presencia regional, pero la comunidad puede tener solapes. Revisión municipal/provincial obligatoria."
castilla_la_mancha,Villaseca de Henares,Guadalajara,municipality:guadalajara::villaseca_de_henares,multi-distribuidora: requiere revisión,needs_municipal_review,multi_distributor_region_needs_municipal_review,no,UFD — presencia regional + herramientas oficiales de consulta,https://www.ufd.es/quienes-somos/,official_public_source_or_review_tool,no,"UFD declara presencia regional, pero la comunidad puede tener solapes. Revisión municipal/provincial obligatoria."
castilla_la_mancha,Azután,Toledo,municipality:toledo::azutan,multi-distribuidora: requiere revisión,needs_municipal_review,multi_distributor_region_needs_municipal_review,no,UFD — presencia regional + herramientas oficiales de consulta,https://www.ufd.es/quienes-somos/,official_public_source_or_review_tool,no,"UFD declara presencia regional, pero la comunidad puede tener solapes. Revisión municipal/provincial obligatoria."
castilla_la_mancha,Albatana,Albacete,municipality:albacete::albatana,multi-distribuidora: requiere revisión,needs_municipal_review,multi_distributor_region_needs_municipal_review,no,UFD — presencia regional + herramientas oficiales de consulta,https://www.ufd.es/quienes-somos/,official_public_source_or_review_tool,no,"UFD declara presencia regional, pero la comunidad puede tener solapes. Revisión municipal/provincial obligatoria."
castilla_la_mancha,Cueva del Hierro,Cuenca,municipality:cuenca::cueva_del_hierro,multi-distribuidora: requiere revisión,needs_municipal_review,multi_distributor_region_needs_municipal_review,no,UFD — presencia regional + herramientas oficiales de consulta,https://www.ufd.es/quienes-somos/,official_public_source_or_review_tool,no,"UFD declara presencia regional, pero la comunidad puede tener solapes. Revisión municipal/provincial obligatoria."
castilla_la_mancha,Leganiel,Cuenca,municipality:cuenca::leganiel,multi-distribuidora: requiere revisión,needs_municipal_review,multi_distributor_region_needs_municipal_review,no,UFD — presencia regional + herramientas oficiales de consulta,https://www.ufd.es/quienes-somos/,official_public_source_or_review_tool,no,"UFD declara presencia regional, pero la comunidad puede tener solapes. Revisión municipal/provincial obligatoria."
castilla_la_mancha,Barcience,Toledo,municipality:toledo::barcience,multi-distribuidora: requiere revisión,needs_municipal_review,multi_distributor_region_needs_municipal_review,no,UFD — presencia regional + herramientas oficiales de consulta,https://www.ufd.es/quienes-somos/,official_public_source_or_review_tool,no,"UFD declara presencia regional, pero la comunidad puede tener solapes. Revisión municipal/provincial obligatoria."
castilla_la_mancha,El Campillo de la Jara,Toledo,municipality:toledo::el_campillo_de_la_jara,multi-distribuidora: requiere revisión,needs_municipal_review,multi_distributor_region_needs_municipal_review,no,UFD — presencia regional + herramientas oficiales de consulta,https://www.ufd.es/quienes-somos/,official_public_source_or_review_tool,no,"UFD declara presencia regional, pero la comunidad puede tener solapes. Revisión municipal/provincial obligatoria."
castilla_la_mancha,San Román de los Montes,Toledo,municipality:toledo::san_roman_de_los_montes,multi-distribuidora: requiere revisión,needs_municipal_review,multi_distributor_region_needs_municipal_review,no,UFD — presencia regional + herramientas oficiales de consulta,https://www.ufd.es/quienes-somos/,official_public_source_or_review_tool,no,"UFD declara presencia regional, pero la comunidad puede tener solapes. Revisión municipal/provincial obligatoria."
castilla_la_mancha,La Huerce,Guadalajara,municipality:guadalajara::la_huerce,multi-distribuidora: requiere revisión,needs_municipal_review,multi_distributor_region_needs_municipal_review,no,UFD — presencia regional + herramientas oficiales de consulta,https://www.ufd.es/quienes-somos/,official_public_source_or_review_tool,no,"UFD declara presencia regional, pero la comunidad puede tener solapes. Revisión municipal/provincial obligatoria."
castilla_la_mancha,Alcañizo,Toledo,municipality:toledo::alcanizo,multi-distribuidora: requiere revisión,needs_municipal_review,multi_distributor_region_needs_municipal_review,no,UFD — presencia regional + herramientas oficiales de consulta,https://www.ufd.es/quienes-somos/,official_public_source_or_review_tool,no,"UFD declara presencia regional, pero la comunidad puede tener solapes. Revisión municipal/provincial obligatoria."
castilla_la_mancha,Villas de la Ventosa,Cuenca,municipality:cuenca::villas_de_la_ventosa,multi-distribuidora: requiere revisión,needs_municipal_review,multi_distributor_region_needs_municipal_review,no,UFD — presencia regional + herramientas oficiales de consulta,https://www.ufd.es/quienes-somos/,official_public_source_or_review_tool,no,"UFD declara presencia regional, pero la comunidad puede tener solapes. Revisión municipal/provincial obligatoria."
castilla_la_mancha,Peñalver,Guadalajara,municipality:guadalajara::penalver,multi-distribuidora: requiere revisión,needs_municipal_review,multi_distributor_region_needs_municipal_review,no,UFD — presencia regional + herramientas oficiales de consulta,https://www.ufd.es/quienes-somos/,official_public_source_or_review_tool,no,"UFD declara presencia regional, pero la comunidad puede tener solapes. Revisión municipal/provincial obligatoria."
castilla_la_mancha,Fuentealbilla,Albacete,municipality:albacete::fuentealbilla,multi-distribuidora: requiere revisión,needs_municipal_review,multi_distributor_region_needs_municipal_review,no,UFD — presencia regional + herramientas oficiales de consulta,https://www.ufd.es/quienes-somos/,official_public_source_or_review_tool,no,"UFD declara presencia regional, pero la comunidad puede tener solapes. Revisión municipal/provincial obligatoria."
castilla_la_mancha,Narboneta,Cuenca,municipality:cuenca::narboneta,multi-distribuidora: requiere revisión,needs_municipal_review,multi_distributor_region_needs_municipal_review,no,UFD — presencia regional + herramientas oficiales de consulta,https://www.ufd.es/quienes-somos/,official_public_source_or_review_tool,no,"UFD declara presencia regional, pero la comunidad puede tener solapes. Revisión municipal/provincial obligatoria."
castilla_la_mancha,Torralba,Cuenca,municipality:cuenca::torralba,multi-distribuidora: requiere revisión,needs_municipal_review,multi_distributor_region_needs_municipal_review,no,UFD — presencia regional + herramientas oficiales de consulta,https://www.ufd.es/quienes-somos/,official_public_source_or_review_tool,no,"UFD declara presencia regional, pero la comunidad puede tener solapes. Revisión municipal/provincial obligatoria."
castilla_la_mancha,Chequilla,Guadalajara,municipality:guadalajara::chequilla,multi-distribuidora: requiere revisión,needs_municipal_review,multi_distributor_region_needs_municipal_review,no,UFD — presencia regional + herramientas oficiales de consulta,https://www.ufd.es/quienes-somos/,official_public_source_or_review_tool,no,"UFD declara presencia regional, pero la comunidad puede tener solapes. Revisión municipal/provincial obligatoria."
castilla_la_mancha,Torrubia,Guadalajara,municipality:guadalajara::torrubia,multi-distribuidora: requiere revisión,needs_municipal_review,multi_distributor_region_needs_municipal_review,no,UFD — presencia regional + herramientas oficiales de consulta,https://www.ufd.es/quienes-somos/,official_public_source_or_review_tool,no,"UFD declara presencia regional, pero la comunidad puede tener solapes. Revisión municipal/provincial obligatoria."
castilla_la_mancha,El Valle de Altomira,Cuenca,municipality:cuenca::el_valle_de_altomira,multi-distribuidora: requiere revisión,needs_municipal_review,multi_distributor_region_needs_municipal_review,no,UFD — presencia regional + herramientas oficiales de consulta,https://www.ufd.es/quienes-somos/,official_public_source_or_review_tool,no,"UFD declara presencia regional, pero la comunidad puede tener solapes. Revisión municipal/provincial obligatoria."
castilla_la_mancha,Hoya-Gonzalo,Albacete,municipality:albacete::hoya_gonzalo,multi-distribuidora: requiere revisión,needs_municipal_review,multi_distributor_region_needs_municipal_review,no,UFD — presencia regional + herramientas oficiales de consulta,https://www.ufd.es/quienes-somos/,official_public_source_or_review_tool,no,"UFD declara presencia regional, pero la comunidad puede tener solapes. Revisión municipal/provincial obligatoria."
castilla_la_mancha,Villanueva de la Jara,Cuenca,municipality:cuenca::villanueva_de_la_jara,multi-distribuidora: requiere revisión,needs_municipal_review,multi_distributor_region_needs_municipal_review,no,UFD — presencia regional + herramientas oficiales de consulta,https://www.ufd.es/quienes-somos/,official_public_source_or_review_tool,no,"UFD declara presencia regional, pero la comunidad puede tener solapes. Revisión municipal/provincial obligatoria."
castilla_la_mancha,Piedrabuena,Ciudad Real,municipality:ciudad_real::piedrabuena,multi-distribuidora: requiere revisión,needs_municipal_review,multi_distributor_region_needs_municipal_review,no,UFD — presencia regional + herramientas oficiales de consulta,https://www.ufd.es/quienes-somos/,official_public_source_or_review_tool,no,"UFD declara presencia regional, pero la comunidad puede tener solapes. Revisión municipal/provincial obligatoria."
castilla_la_mancha,Yeles,Toledo,municipality:toledo::yeles,multi-distribuidora: requiere revisión,needs_municipal_review,multi_distributor_region_needs_municipal_review,no,UFD — presencia regional + herramientas oficiales de consulta,https://www.ufd.es/quienes-somos/,official_public_source_or_review_tool,no,"UFD declara presencia regional, pero la comunidad puede tener solapes. Revisión municipal/provincial obligatoria."
castilla_la_mancha,Congostrina,Guadalajara,municipality:guadalajara::congostrina,multi-distribuidora: requiere revisión,needs_municipal_review,multi_distributor_region_needs_municipal_review,no,UFD — presencia regional + herramientas oficiales de consulta,https://www.ufd.es/quienes-somos/,official_public_source_or_review_tool,no,"UFD declara presencia regional, pero la comunidad puede tener solapes. Revisión municipal/provincial obligatoria."
castilla_la_mancha,Villafranca de los Caballeros,Toledo,municipality:toledo::villafranca_de_los_caballeros,multi-distribuidora: requiere revisión,needs_municipal_review,multi_distributor_region_needs_municipal_review,no,UFD — presencia regional + herramientas oficiales de consulta,https://www.ufd.es/quienes-somos/,official_public_source_or_review_tool,no,"UFD declara presencia regional, pero la comunidad puede tener solapes. Revisión municipal/provincial obligatoria."
castilla_la_mancha,Villar de Domingo García,Cuenca,municipality:cuenca::villar_de_domingo_garcia,multi-distribuidora: requiere revisión,needs_municipal_review,multi_distributor_region_needs_municipal_review,no,UFD — presencia regional + herramientas oficiales de consulta,https://www.ufd.es/quienes-somos/,official_public_source_or_review_tool,no,"UFD declara presencia regional, pero la comunidad puede tener solapes. Revisión municipal/provincial obligatoria."
castilla_la_mancha,Villar del Infantado,Cuenca,municipality:cuenca::villar_del_infantado,multi-distribuidora: requiere revisión,needs_municipal_review,multi_distributor_region_needs_municipal_review,no,UFD — presencia regional + herramientas oficiales de consulta,https://www.ufd.es/quienes-somos/,official_public_source_or_review_tool,no,"UFD declara presencia regional, pero la comunidad puede tener solapes. Revisión municipal/provincial obligatoria."
castilla_la_mancha,Hontoba,Guadalajara,municipality:guadalajara::hontoba,multi-distribuidora: requiere revisión,needs_municipal_review,multi_distributor_region_needs_municipal_review,no,UFD — presencia regional + herramientas oficiales de consulta,https://www.ufd.es/quienes-somos/,official_public_source_or_review_tool,no,"UFD declara presencia regional, pero la comunidad puede tener solapes. Revisión municipal/provincial obligatoria."
castilla_la_mancha,Villarrubia de los Ojos,Ciudad Real,municipality:ciudad_real::villarrubia_de_los_ojos,multi-distribuidora: requiere revisión,needs_municipal_review,multi_distributor_region_needs_municipal_review,no,UFD — presencia regional + herramientas oficiales de consulta,https://www.ufd.es/quienes-somos/,official_public_source_or_review_tool,no,"UFD declara presencia regional, pero la comunidad puede tener solapes. Revisión municipal/provincial obligatoria."
castilla_la_mancha,Fuentelespino de Moya,Cuenca,municipality:cuenca::fuentelespino_de_moya,multi-distribuidora: requiere revisión,needs_municipal_review,multi_distributor_region_needs_municipal_review,no,UFD — presencia regional + herramientas oficiales de consulta,https://www.ufd.es/quienes-somos/,official_public_source_or_review_tool,no,"UFD declara presencia regional, pero la comunidad puede tener solapes. Revisión municipal/provincial obligatoria."
castilla_la_mancha,Noez,Toledo,municipality:toledo::noez,multi-distribuidora: requiere revisión,needs_municipal_review,multi_distributor_region_needs_municipal_review,no,UFD — presencia regional + herramientas oficiales de consulta,https://www.ufd.es/quienes-somos/,official_public_source_or_review_tool,no,"UFD declara presencia regional, pero la comunidad puede tener solapes. Revisión municipal/provincial obligatoria."
castilla_la_mancha,Millana,Guadalajara,municipality:guadalajara::millana,multi-distribuidora: requiere revisión,needs_municipal_review,multi_distributor_region_needs_municipal_review,no,UFD — presencia regional + herramientas oficiales de consulta,https://www.ufd.es/quienes-somos/,official_public_source_or_review_tool,no,"UFD declara presencia regional, pero la comunidad puede tener solapes. Revisión municipal/provincial obligatoria."
castilla_la_mancha,Chueca,Toledo,municipality:toledo::chueca,multi-distribuidora: requiere revisión,needs_municipal_review,multi_distributor_region_needs_municipal_review,no,UFD — presencia regional + herramientas oficiales de consulta,https://www.ufd.es/quienes-somos/,official_public_source_or_review_tool,no,"UFD declara presencia regional, pero la comunidad puede tener solapes. Revisión municipal/provincial obligatoria."
castilla_la_mancha,Albendea,Cuenca,municipality:cuenca::albendea,multi-distribuidora: requiere revisión,needs_municipal_review,multi_distributor_region_needs_municipal_review,no,UFD — presencia regional + herramientas oficiales de consulta,https://www.ufd.es/quienes-somos/,official_public_source_or_review_tool,no,"UFD declara presencia regional, pero la comunidad puede tener solapes. Revisión municipal/provincial obligatoria."
castilla_la_mancha,Cardenete,Cuenca,municipality:cuenca::cardenete,multi-distribuidora: requiere revisión,needs_municipal_review,multi_distributor_region_needs_municipal_review,no,UFD — presencia regional + herramientas oficiales de consulta,https://www.ufd.es/quienes-somos/,official_public_source_or_review_tool,no,"UFD declara presencia regional, pero la comunidad puede tener solapes. Revisión municipal/provincial obligatoria."
castilla_la_mancha,Talavera de la Reina,Toledo,municipality:toledo::talavera_de_la_reina,multi-distribuidora: requiere revisión,needs_municipal_review,multi_distributor_region_needs_municipal_review,no,UFD — presencia regional + herramientas oficiales de consulta,https://www.ufd.es/quienes-somos/,official_public_source_or_review_tool,no,"UFD declara presencia regional, pero la comunidad puede tener solapes. Revisión municipal/provincial obligatoria."
castilla_la_mancha,Bolaños de Calatrava,Ciudad Real,municipality:ciudad_real::bolanos_de_calatrava,multi-distribuidora: requiere revisión,needs_municipal_review,multi_distributor_region_needs_municipal_review,no,UFD — presencia regional + herramientas oficiales de consulta,https://www.ufd.es/quienes-somos/,official_public_source_or_review_tool,no,"UFD declara presencia regional, pero la comunidad puede tener solapes. Revisión municipal/provincial obligatoria."
castilla_la_mancha,Fuente de Pedro Naharro,Cuenca,municipality:cuenca::fuente_de_pedro_naharro,multi-distribuidora: requiere revisión,needs_municipal_review,multi_distributor_region_needs_municipal_review,no,UFD — presencia regional + herramientas oficiales de consulta,https://www.ufd.es/quienes-somos/,official_public_source_or_review_tool,no,"UFD declara presencia regional, pero la comunidad puede tener solapes. Revisión municipal/provincial obligatoria."
castilla_la_mancha,Belvís de la Jara,Toledo,municipality:toledo::belvis_de_la_jara,multi-distribuidora: requiere revisión,needs_municipal_review,multi_distributor_region_needs_municipal_review,no,UFD — presencia regional + herramientas oficiales de consulta,https://www.ufd.es/quienes-somos/,official_public_source_or_review_tool,no,"UFD declara presencia regional, pero la comunidad puede tener solapes. Revisión municipal/provincial obligatoria."
castilla_la_mancha,Valhermoso,Guadalajara,municipality:guadalajara::valhermoso,multi-distribuidora: requiere revisión,needs_municipal_review,multi_distributor_region_needs_municipal_review,no,UFD — presencia regional + herramientas oficiales de consulta,https://www.ufd.es/quienes-somos/,official_public_source_or_review_tool,no,"UFD declara presencia regional, pero la comunidad puede tener solapes. Revisión municipal/provincial obligatoria."
castilla_la_mancha,Olmedilla de Eliz,Cuenca,municipality:cuenca::olmedilla_de_eliz,multi-distribuidora: requiere revisión,needs_municipal_review,multi_distributor_region_needs_municipal_review,no,UFD — presencia regional + herramientas oficiales de consulta,https://www.ufd.es/quienes-somos/,official_public_source_or_review_tool,no,"UFD declara presencia regional, pero la comunidad puede tener solapes. Revisión municipal/provincial obligatoria."
castilla_la_mancha,Fuenllana,Ciudad Real,municipality:ciudad_real::fuenllana,multi-distribuidora: requiere revisión,needs_municipal_review,multi_distributor_region_needs_municipal_review,no,UFD — presencia regional + herramientas oficiales de consulta,https://www.ufd.es/quienes-somos/,official_public_source_or_review_tool,no,"UFD declara presencia regional, pero la comunidad puede tener solapes. Revisión municipal/provincial obligatoria."
castilla_la_mancha,Montalbanejo,Cuenca,municipality:cuenca::montalbanejo,multi-distribuidora: requiere revisión,needs_municipal_review,multi_distributor_region_needs_municipal_review,no,UFD — presencia regional + herramientas oficiales de consulta,https://www.ufd.es/quienes-somos/,official_public_source_or_review_tool,no,"UFD declara presencia regional, pero la comunidad puede tener solapes. Revisión municipal/provincial obligatoria."
castilla_la_mancha,Valverde de Júcar,Cuenca,municipality:cuenca::valverde_de_jucar,multi-distribuidora: requiere revisión,needs_municipal_review,multi_distributor_region_needs_municipal_review,no,UFD — presencia regional + herramientas oficiales de consulta,https://www.ufd.es/quienes-somos/,official_public_source_or_review_tool,no,"UFD declara presencia regional, pero la comunidad puede tener solapes. Revisión municipal/provincial obligatoria."
castilla_la_mancha,Adobes,Guadalajara,municipality:guadalajara::adobes,multi-distribuidora: requiere revisión,needs_municipal_review,multi_distributor_region_needs_municipal_review,no,UFD — presencia regional + herramientas oficiales de consulta,https://www.ufd.es/quienes-somos/,official_public_source_or_review_tool,no,"UFD declara presencia regional, pero la comunidad puede tener solapes. Revisión municipal/provincial obligatoria."
castilla_la_mancha,Albendiego,Guadalajara,municipality:guadalajara::albendiego,multi-distribuidora: requiere revisión,needs_municipal_review,multi_distributor_region_needs_municipal_review,no,UFD — presencia regional + herramientas oficiales de consulta,https://www.ufd.es/quienes-somos/,official_public_source_or_review_tool,no,"UFD declara presencia regional, pero la comunidad puede tener solapes. Revisión municipal/provincial obligatoria."
castilla_la_mancha,Escariche,Guadalajara,municipality:guadalajara::escariche,multi-distribuidora: requiere revisión,needs_municipal_review,multi_distributor_region_needs_municipal_review,no,UFD — presencia regional + herramientas oficiales de consulta,https://www.ufd.es/quienes-somos/,official_public_source_or_review_tool,no,"UFD declara presencia regional, pero la comunidad puede tener solapes. Revisión municipal/provincial obligatoria."
castilla_la_mancha,Alcalá del Júcar,Albacete,municipality:albacete::alcala_del_jucar,multi-distribuidora: requiere revisión,needs_municipal_review,multi_distributor_region_needs_municipal_review,no,UFD — presencia regional + herramientas oficiales de consulta,https://www.ufd.es/quienes-somos/,official_public_source_or_review_tool,no,"UFD declara presencia regional, pero la comunidad puede tener solapes. Revisión municipal/provincial obligatoria."
castilla_la_mancha,Los Pozuelos de Calatrava,Ciudad Real,municipality:ciudad_real::los_pozuelos_de_calatrava,multi-distribuidora: requiere revisión,needs_municipal_review,multi_distributor_region_needs_municipal_review,no,UFD — presencia regional + herramientas oficiales de consulta,https://www.ufd.es/quienes-somos/,official_public_source_or_review_tool,no,"UFD declara presencia regional, pero la comunidad puede tener solapes. Revisión municipal/provincial obligatoria."
castilla_la_mancha,Cobeta,Guadalajara,municipality:guadalajara::cobeta,multi-distribuidora: requiere revisión,needs_municipal_review,multi_distributor_region_needs_municipal_review,no,UFD — presencia regional + herramientas oficiales de consulta,https://www.ufd.es/quienes-somos/,official_public_source_or_review_tool,no,"UFD declara presencia regional, pero la comunidad puede tener solapes. Revisión municipal/provincial obligatoria."
castilla_la_mancha,Tarancón,Cuenca,municipality:cuenca::tarancon,multi-distribuidora: requiere revisión,needs_municipal_review,multi_distributor_region_needs_municipal_review,no,UFD — presencia regional + herramientas oficiales de consulta,https://www.ufd.es/quienes-somos/,official_public_source_or_review_tool,no,"UFD declara presencia regional, pero la comunidad puede tener solapes. Revisión municipal/provincial obligatoria."
castilla_la_mancha,Añover de Tajo,Toledo,municipality:toledo::anover_de_tajo,multi-distribuidora: requiere revisión,needs_municipal_review,multi_distributor_region_needs_municipal_review,no,UFD — presencia regional + herramientas oficiales de consulta,https://www.ufd.es/quienes-somos/,official_public_source_or_review_tool,no,"UFD declara presencia regional, pero la comunidad puede tener solapes. Revisión municipal/provincial obligatoria."
castilla_la_mancha,Jorquera,Albacete,municipality:albacete::jorquera,multi-distribuidora: requiere revisión,needs_municipal_review,multi_distributor_region_needs_municipal_review,no,UFD — presencia regional + herramientas oficiales de consulta,https://www.ufd.es/quienes-somos/,official_public_source_or_review_tool,no,"UFD declara presencia regional, pero la comunidad puede tener solapes. Revisión municipal/provincial obligatoria."
castilla_la_mancha,Villamalea,Albacete,municipality:albacete::villamalea,multi-distribuidora: requiere revisión,needs_municipal_review,multi_distributor_region_needs_municipal_review,no,UFD — presencia regional + herramientas oficiales de consulta,https://www.ufd.es/quienes-somos/,official_public_source_or_review_tool,no,"UFD declara presencia regional, pero la comunidad puede tener solapes. Revisión municipal/provincial obligatoria."
castilla_la_mancha,Alcázar del Rey,Cuenca,municipality:cuenca::alcazar_del_rey,multi-distribuidora: requiere revisión,needs_municipal_review,multi_distributor_region_needs_municipal_review,no,UFD — presencia regional + herramientas oficiales de consulta,https://www.ufd.es/quienes-somos/,official_public_source_or_review_tool,no,"UFD declara presencia regional, pero la comunidad puede tener solapes. Revisión municipal/provincial obligatoria."
castilla_la_mancha,Lupiana,Guadalajara,municipality:guadalajara::lupiana,multi-distribuidora: requiere revisión,needs_municipal_review,multi_distributor_region_needs_municipal_review,no,UFD — presencia regional + herramientas oficiales de consulta,https://www.ufd.es/quienes-somos/,official_public_source_or_review_tool,no,"UFD declara presencia regional, pero la comunidad puede tener solapes. Revisión municipal/provincial obligatoria."
castilla_la_mancha,Villar del Pozo,Ciudad Real,municipality:ciudad_real::villar_del_pozo,multi-distribuidora: requiere revisión,needs_municipal_review,multi_distributor_region_needs_municipal_review,no,UFD — presencia regional + herramientas oficiales de consulta,https://www.ufd.es/quienes-somos/,official_public_source_or_review_tool,no,"UFD declara presencia regional, pero la comunidad puede tener solapes. Revisión municipal/provincial obligatoria."
castilla_la_mancha,Hontanaya,Cuenca,municipality:cuenca::hontanaya,multi-distribuidora: requiere revisión,needs_municipal_review,multi_distributor_region_needs_municipal_review,no,UFD — presencia regional + herramientas oficiales de consulta,https://www.ufd.es/quienes-somos/,official_public_source_or_review_tool,no,"UFD declara presencia regional, pero la comunidad puede tener solapes. Revisión municipal/provincial obligatoria."
castilla_la_mancha,Corral de Calatrava,Ciudad Real,municipality:ciudad_real::corral_de_calatrava,multi-distribuidora: requiere revisión,needs_municipal_review,multi_distributor_region_needs_municipal_review,no,UFD — presencia regional + herramientas oficiales de consulta,https://www.ufd.es/quienes-somos/,official_public_source_or_review_tool,no,"UFD declara presencia regional, pero la comunidad puede tener solapes. Revisión municipal/provincial obligatoria."
castilla_la_mancha,Villacañas,Toledo,municipality:toledo::villacanas,multi-distribuidora: requiere revisión,needs_municipal_review,multi_distributor_region_needs_municipal_review,no,UFD — presencia regional + herramientas oficiales de consulta,https://www.ufd.es/quienes-somos/,official_public_source_or_review_tool,no,"UFD declara presencia regional, pero la comunidad puede tener solapes. Revisión municipal/provincial obligatoria."
castilla_la_mancha,Yélamos de Arriba,Guadalajara,municipality:guadalajara::yelamos_de_arriba,multi-distribuidora: requiere revisión,needs_municipal_review,multi_distributor_region_needs_municipal_review,no,UFD — presencia regional + herramientas oficiales de consulta,https://www.ufd.es/quienes-somos/,official_public_source_or_review_tool,no,"UFD declara presencia regional, pero la comunidad puede tener solapes. Revisión municipal/provincial obligatoria."
castilla_la_mancha,Pozorrubio de Santiago,Cuenca,municipality:cuenca::pozorrubio_de_santiago,multi-distribuidora: requiere revisión,needs_municipal_review,multi_distributor_region_needs_municipal_review,no,UFD — presencia regional + herramientas oficiales de consulta,https://www.ufd.es/quienes-somos/,official_public_source_or_review_tool,no,"UFD declara presencia regional, pero la comunidad puede tener solapes. Revisión municipal/provincial obligatoria."
castilla_la_mancha,San Pedro Palmiches,Cuenca,municipality:cuenca::san_pedro_palmiches,multi-distribuidora: requiere revisión,needs_municipal_review,multi_distributor_region_needs_municipal_review,no,UFD — presencia regional + herramientas oficiales de consulta,https://www.ufd.es/quienes-somos/,official_public_source_or_review_tool,no,"UFD declara presencia regional, pero la comunidad puede tener solapes. Revisión municipal/provincial obligatoria."
castilla_la_mancha,Carboneras de Guadazaón,Cuenca,municipality:cuenca::carboneras_de_guadazaon,multi-distribuidora: requiere revisión,needs_municipal_review,multi_distributor_region_needs_municipal_review,no,UFD — presencia regional + herramientas oficiales de consulta,https://www.ufd.es/quienes-somos/,official_public_source_or_review_tool,no,"UFD declara presencia regional, pero la comunidad puede tener solapes. Revisión municipal/provincial obligatoria."
castilla_la_mancha,Los Valdecolmenas,Cuenca,municipality:cuenca::los_valdecolmenas,multi-distribuidora: requiere revisión,needs_municipal_review,multi_distributor_region_needs_municipal_review,no,UFD — presencia regional + herramientas oficiales de consulta,https://www.ufd.es/quienes-somos/,official_public_source_or_review_tool,no,"UFD declara presencia regional, pero la comunidad puede tener solapes. Revisión municipal/provincial obligatoria."
castilla_la_mancha,El Acebrón,Cuenca,municipality:cuenca::el_acebron,multi-distribuidora: requiere revisión,needs_municipal_review,multi_distributor_region_needs_municipal_review,no,UFD — presencia regional + herramientas oficiales de consulta,https://www.ufd.es/quienes-somos/,official_public_source_or_review_tool,no,"UFD declara presencia regional, pero la comunidad puede tener solapes. Revisión municipal/provincial obligatoria."
castilla_la_mancha,Pétrola,Albacete,municipality:albacete::petrola,multi-distribuidora: requiere revisión,needs_municipal_review,multi_distributor_region_needs_municipal_review,no,UFD — presencia regional + herramientas oficiales de consulta,https://www.ufd.es/quienes-somos/,official_public_source_or_review_tool,no,"UFD declara presencia regional, pero la comunidad puede tener solapes. Revisión municipal/provincial obligatoria."
castilla_la_mancha,Casas de Fernando Alonso,Cuenca,municipality:cuenca::casas_de_fernando_alonso,multi-distribuidora: requiere revisión,needs_municipal_review,multi_distributor_region_needs_municipal_review,no,UFD — presencia regional + herramientas oficiales de consulta,https://www.ufd.es/quienes-somos/,official_public_source_or_review_tool,no,"UFD declara presencia regional, pero la comunidad puede tener solapes. Revisión municipal/provincial obligatoria."
castilla_la_mancha,Alcolea del Pinar,Guadalajara,municipality:guadalajara::alcolea_del_pinar,multi-distribuidora: requiere revisión,needs_municipal_review,multi_distributor_region_needs_municipal_review,no,UFD — presencia regional + herramientas oficiales de consulta,https://www.ufd.es/quienes-somos/,official_public_source_or_review_tool,no,"UFD declara presencia regional, pero la comunidad puede tener solapes. Revisión municipal/provincial obligatoria."
castilla_la_mancha,Ocentejo,Guadalajara,municipality:guadalajara::ocentejo,multi-distribuidora: requiere revisión,needs_municipal_review,multi_distributor_region_needs_municipal_review,no,UFD — presencia regional + herramientas oficiales de consulta,https://www.ufd.es/quienes-somos/,official_public_source_or_review_tool,no,"UFD declara presencia regional, pero la comunidad puede tener solapes. Revisión municipal/provincial obligatoria."
castilla_la_mancha,Alcázar de San Juan,Ciudad Real,municipality:ciudad_real::alcazar_de_san_juan,multi-distribuidora: requiere revisión,needs_municipal_review,multi_distributor_region_needs_municipal_review,no,UFD — presencia regional + herramientas oficiales de consulta,https://www.ufd.es/quienes-somos/,official_public_source_or_review_tool,no,"UFD declara presencia regional, pero la comunidad puede tener solapes. Revisión municipal/provincial obligatoria."
castilla_la_mancha,Prádena de Atienza,Guadalajara,municipality:guadalajara::pradena_de_atienza,multi-distribuidora: requiere revisión,needs_municipal_review,multi_distributor_region_needs_municipal_review,no,UFD — presencia regional + herramientas oficiales de consulta,https://www.ufd.es/quienes-somos/,official_public_source_or_review_tool,no,"UFD declara presencia regional, pero la comunidad puede tener solapes. Revisión municipal/provincial obligatoria."
castilla_la_mancha,Argecilla,Guadalajara,municipality:guadalajara::argecilla,multi-distribuidora: requiere revisión,needs_municipal_review,multi_distributor_region_needs_municipal_review,no,UFD — presencia regional + herramientas oficiales de consulta,https://www.ufd.es/quienes-somos/,official_public_source_or_review_tool,no,"UFD declara presencia regional, pero la comunidad puede tener solapes. Revisión municipal/provincial obligatoria."
castilla_la_mancha,Armuña de Tajuña,Guadalajara,municipality:guadalajara::armuna_de_tajuna,multi-distribuidora: requiere revisión,needs_municipal_review,multi_distributor_region_needs_municipal_review,no,UFD — presencia regional + herramientas oficiales de consulta,https://www.ufd.es/quienes-somos/,official_public_source_or_review_tool,no,"UFD declara presencia regional, pero la comunidad puede tener solapes. Revisión municipal/provincial obligatoria."
castilla_la_mancha,La Nava de Ricomalillo,Toledo,municipality:toledo::la_nava_de_ricomalillo,multi-distribuidora: requiere revisión,needs_municipal_review,multi_distributor_region_needs_municipal_review,no,UFD — presencia regional + herramientas oficiales de consulta,https://www.ufd.es/quienes-somos/,official_public_source_or_review_tool,no,"UFD declara presencia regional, pero la comunidad puede tener solapes. Revisión municipal/provincial obligatoria."
castilla_la_mancha,Montalvos,Albacete,municipality:albacete::montalvos,multi-distribuidora: requiere revisión,needs_municipal_review,multi_distributor_region_needs_municipal_review,no,UFD — presencia regional + herramientas oficiales de consulta,https://www.ufd.es/quienes-somos/,official_public_source_or_review_tool,no,"UFD declara presencia regional, pero la comunidad puede tener solapes. Revisión municipal/provincial obligatoria."
castilla_la_mancha,Nambroca,Toledo,municipality:toledo::nambroca,multi-distribuidora: requiere revisión,needs_municipal_review,multi_distributor_region_needs_municipal_review,no,UFD — presencia regional + herramientas oficiales de consulta,https://www.ufd.es/quienes-somos/,official_public_source_or_review_tool,no,"UFD declara presencia regional, pero la comunidad puede tener solapes. Revisión municipal/provincial obligatoria."
castilla_la_mancha,Villaseca de la Sagra,Toledo,municipality:toledo::villaseca_de_la_sagra,multi-distribuidora: requiere revisión,needs_municipal_review,multi_distributor_region_needs_municipal_review,no,UFD — presencia regional + herramientas oficiales de consulta,https://www.ufd.es/quienes-somos/,official_public_source_or_review_tool,no,"UFD declara presencia regional, pero la comunidad puede tener solapes. Revisión municipal/provincial obligatoria."
castilla_la_mancha,Paredes de Escalona,Toledo,municipality:toledo::paredes_de_escalona,multi-distribuidora: requiere revisión,needs_municipal_review,multi_distributor_region_needs_municipal_review,no,UFD — presencia regional + herramientas oficiales de consulta,https://www.ufd.es/quienes-somos/,official_public_source_or_review_tool,no,"UFD declara presencia regional, pero la comunidad puede tener solapes. Revisión municipal/provincial obligatoria."
castilla_la_mancha,Hinojosas de Calatrava,Ciudad Real,municipality:ciudad_real::hinojosas_de_calatrava,multi-distribuidora: requiere revisión,needs_municipal_review,multi_distributor_region_needs_municipal_review,no,UFD — presencia regional + herramientas oficiales de consulta,https://www.ufd.es/quienes-somos/,official_public_source_or_review_tool,no,"UFD declara presencia regional, pero la comunidad puede tener solapes. Revisión municipal/provincial obligatoria."
castilla_la_mancha,Portalrubio de Guadamejud,Cuenca,municipality:cuenca::portalrubio_de_guadamejud,multi-distribuidora: requiere revisión,needs_municipal_review,multi_distributor_region_needs_municipal_review,no,UFD — presencia regional + herramientas oficiales de consulta,https://www.ufd.es/quienes-somos/,official_public_source_or_review_tool,no,"UFD declara presencia regional, pero la comunidad puede tener solapes. Revisión municipal/provincial obligatoria."
castilla_la_mancha,Piqueras,Guadalajara,municipality:guadalajara::piqueras,multi-distribuidora: requiere revisión,needs_municipal_review,multi_distributor_region_needs_municipal_review,no,UFD — presencia regional + herramientas oficiales de consulta,https://www.ufd.es/quienes-somos/,official_public_source_or_review_tool,no,"UFD declara presencia regional, pero la comunidad puede tener solapes. Revisión municipal/provincial obligatoria."
castilla_la_mancha,Albaladejo,Ciudad Real,municipality:ciudad_real::albaladejo,multi-distribuidora: requiere revisión,needs_municipal_review,multi_distributor_region_needs_municipal_review,no,UFD — presencia regional + herramientas oficiales de consulta,https://www.ufd.es/quienes-somos/,official_public_source_or_review_tool,no,"UFD declara presencia regional, pero la comunidad puede tener solapes. Revisión municipal/provincial obligatoria."
castilla_la_mancha,Almoguera,Guadalajara,municipality:guadalajara::almoguera,multi-distribuidora: requiere revisión,needs_municipal_review,multi_distributor_region_needs_municipal_review,no,UFD — presencia regional + herramientas oficiales de consulta,https://www.ufd.es/quienes-somos/,official_public_source_or_review_tool,no,"UFD declara presencia regional, pero la comunidad puede tener solapes. Revisión municipal/provincial obligatoria."
castilla_la_mancha,Enguídanos,Cuenca,municipality:cuenca::enguidanos,multi-distribuidora: requiere revisión,needs_municipal_review,multi_distributor_region_needs_municipal_review,no,UFD — presencia regional + herramientas oficiales de consulta,https://www.ufd.es/quienes-somos/,official_public_source_or_review_tool,no,"UFD declara presencia regional, pero la comunidad puede tener solapes. Revisión municipal/provincial obligatoria."
castilla_la_mancha,Villar de la Encina,Cuenca,municipality:cuenca::villar_de_la_encina,multi-distribuidora: requiere revisión,needs_municipal_review,multi_distributor_region_needs_municipal_review,no,UFD — presencia regional + herramientas oficiales de consulta,https://www.ufd.es/quienes-somos/,official_public_source_or_review_tool,no,"UFD declara presencia regional, pero la comunidad puede tener solapes. Revisión municipal/provincial obligatoria."
castilla_la_mancha,El Casar,Guadalajara,municipality:guadalajara::el_casar,multi-distribuidora: requiere revisión,needs_municipal_review,multi_distributor_region_needs_municipal_review,no,UFD — presencia regional + herramientas oficiales de consulta,https://www.ufd.es/quienes-somos/,official_public_source_or_review_tool,no,"UFD declara presencia regional, pero la comunidad puede tener solapes. Revisión municipal/provincial obligatoria."
castilla_la_mancha,Villamayor de Santiago,Cuenca,municipality:cuenca::villamayor_de_santiago,multi-distribuidora: requiere revisión,needs_municipal_review,multi_distributor_region_needs_municipal_review,no,UFD — presencia regional + herramientas oficiales de consulta,https://www.ufd.es/quienes-somos/,official_public_source_or_review_tool,no,"UFD declara presencia regional, pero la comunidad puede tener solapes. Revisión municipal/provincial obligatoria."
castilla_la_mancha,Calera y Chozas,Toledo,municipality:toledo::calera_y_chozas,multi-distribuidora: requiere revisión,needs_municipal_review,multi_distributor_region_needs_municipal_review,no,UFD — presencia regional + herramientas oficiales de consulta,https://www.ufd.es/quienes-somos/,official_public_source_or_review_tool,no,"UFD declara presencia regional, pero la comunidad puede tener solapes. Revisión municipal/provincial obligatoria."
castilla_la_mancha,Calzada de Oropesa,Toledo,municipality:toledo::calzada_de_oropesa,multi-distribuidora: requiere revisión,needs_municipal_review,multi_distributor_region_needs_municipal_review,no,UFD — presencia regional + herramientas oficiales de consulta,https://www.ufd.es/quienes-somos/,official_public_source_or_review_tool,no,"UFD declara presencia regional, pero la comunidad puede tener solapes. Revisión municipal/provincial obligatoria."
castilla_la_mancha,La Puebla de Montalbán,Toledo,municipality:toledo::la_puebla_de_montalban,multi-distribuidora: requiere revisión,needs_municipal_review,multi_distributor_region_needs_municipal_review,no,UFD — presencia regional + herramientas oficiales de consulta,https://www.ufd.es/quienes-somos/,official_public_source_or_review_tool,no,"UFD declara presencia regional, pero la comunidad puede tener solapes. Revisión municipal/provincial obligatoria."
castilla_la_mancha,Mohedas de la Jara,Toledo,municipality:toledo::mohedas_de_la_jara,multi-distribuidora: requiere revisión,needs_municipal_review,multi_distributor_region_needs_municipal_review,no,UFD — presencia regional + herramientas oficiales de consulta,https://www.ufd.es/quienes-somos/,official_public_source_or_review_tool,no,"UFD declara presencia regional, pero la comunidad puede tener solapes. Revisión municipal/provincial obligatoria."
castilla_la_mancha,Agudo,Ciudad Real,municipality:ciudad_real::agudo,multi-distribuidora: requiere revisión,needs_municipal_review,multi_distributor_region_needs_municipal_review,no,UFD — presencia regional + herramientas oficiales de consulta,https://www.ufd.es/quienes-somos/,official_public_source_or_review_tool,no,"UFD declara presencia regional, pero la comunidad puede tener solapes. Revisión municipal/provincial obligatoria."
castilla_la_mancha,Valdemanco del Esteras,Ciudad Real,municipality:ciudad_real::valdemanco_del_esteras,multi-distribuidora: requiere revisión,needs_municipal_review,multi_distributor_region_needs_municipal_review,no,UFD — presencia regional + herramientas oficiales de consulta,https://www.ufd.es/quienes-somos/,official_public_source_or_review_tool,no,"UFD declara presencia regional, pero la comunidad puede tener solapes. Revisión municipal/provincial obligatoria."
castilla_la_mancha,Setiles,Guadalajara,municipality:guadalajara::setiles,multi-distribuidora: requiere revisión,needs_municipal_review,multi_distributor_region_needs_municipal_review,no,UFD — presencia regional + herramientas oficiales de consulta,https://www.ufd.es/quienes-somos/,official_public_source_or_review_tool,no,"UFD declara presencia regional, pero la comunidad puede tener solapes. Revisión municipal/provincial obligatoria."
castilla_la_mancha,Barajas de Melo,Cuenca,municipality:cuenca::barajas_de_melo,multi-distribuidora: requiere revisión,needs_municipal_review,multi_distributor_region_needs_municipal_review,no,UFD — presencia regional + herramientas oficiales de consulta,https://www.ufd.es/quienes-somos/,official_public_source_or_review_tool,no,"UFD declara presencia regional, pero la comunidad puede tener solapes. Revisión municipal/provincial obligatoria."
castilla_la_mancha,Pozo de Guadalajara,Guadalajara,municipality:guadalajara::pozo_de_guadalajara,multi-distribuidora: requiere revisión,needs_municipal_review,multi_distributor_region_needs_municipal_review,no,UFD — presencia regional + herramientas oficiales de consulta,https://www.ufd.es/quienes-somos/,official_public_source_or_review_tool,no,"UFD declara presencia regional, pero la comunidad puede tener solapes. Revisión municipal/provincial obligatoria."
castilla_la_mancha,Tomelloso,Ciudad Real,municipality:ciudad_real::tomelloso,multi-distribuidora: requiere revisión,needs_municipal_review,multi_distributor_region_needs_municipal_review,no,UFD — presencia regional + herramientas oficiales de consulta,https://www.ufd.es/quienes-somos/,official_public_source_or_review_tool,no,"UFD declara presencia regional, pero la comunidad puede tener solapes. Revisión municipal/provincial obligatoria."
castilla_la_mancha,Valsalobre,Cuenca,municipality:cuenca::valsalobre,multi-distribuidora: requiere revisión,needs_municipal_review,multi_distributor_region_needs_municipal_review,no,UFD — presencia regional + herramientas oficiales de consulta,https://www.ufd.es/quienes-somos/,official_public_source_or_review_tool,no,"UFD declara presencia regional, pero la comunidad puede tener solapes. Revisión municipal/provincial obligatoria."
castilla_la_mancha,Poveda de la Sierra,Guadalajara,municipality:guadalajara::poveda_de_la_sierra,multi-distribuidora: requiere revisión,needs_municipal_review,multi_distributor_region_needs_municipal_review,no,UFD — presencia regional + herramientas oficiales de consulta,https://www.ufd.es/quienes-somos/,official_public_source_or_review_tool,no,"UFD declara presencia regional, pero la comunidad puede tener solapes. Revisión municipal/provincial obligatoria."
castilla_la_mancha,Almedina,Ciudad Real,municipality:ciudad_real::almedina,multi-distribuidora: requiere revisión,needs_municipal_review,multi_distributor_region_needs_municipal_review,no,UFD — presencia regional + herramientas oficiales de consulta,https://www.ufd.es/quienes-somos/,official_public_source_or_review_tool,no,"UFD declara presencia regional, pero la comunidad puede tener solapes. Revisión municipal/provincial obligatoria."
castilla_la_mancha,Valdemoro-Sierra,Cuenca,municipality:cuenca::valdemoro_sierra,multi-distribuidora: requiere revisión,needs_municipal_review,multi_distributor_region_needs_municipal_review,no,UFD — presencia regional + herramientas oficiales de consulta,https://www.ufd.es/quienes-somos/,official_public_source_or_review_tool,no,"UFD declara presencia regional, pero la comunidad puede tener solapes. Revisión municipal/provincial obligatoria."
castilla_la_mancha,Masegoso de Tajuña,Guadalajara,municipality:guadalajara::masegoso_de_tajuna,multi-distribuidora: requiere revisión,needs_municipal_review,multi_distributor_region_needs_municipal_review,no,UFD — presencia regional + herramientas oficiales de consulta,https://www.ufd.es/quienes-somos/,official_public_source_or_review_tool,no,"UFD declara presencia regional, pero la comunidad puede tener solapes. Revisión municipal/provincial obligatoria."
castilla_la_mancha,San Carlos del Valle,Ciudad Real,municipality:ciudad_real::san_carlos_del_valle,multi-distribuidora: requiere revisión,needs_municipal_review,multi_distributor_region_needs_municipal_review,no,UFD — presencia regional + herramientas oficiales de consulta,https://www.ufd.es/quienes-somos/,official_public_source_or_review_tool,no,"UFD declara presencia regional, pero la comunidad puede tener solapes. Revisión municipal/provincial obligatoria."
castilla_la_mancha,Casasbuenas,Toledo,municipality:toledo::casasbuenas,multi-distribuidora: requiere revisión,needs_municipal_review,multi_distributor_region_needs_municipal_review,no,UFD — presencia regional + herramientas oficiales de consulta,https://www.ufd.es/quienes-somos/,official_public_source_or_review_tool,no,"UFD declara presencia regional, pero la comunidad puede tener solapes. Revisión municipal/provincial obligatoria."
castilla_la_mancha,Casas de Guijarro,Cuenca,municipality:cuenca::casas_de_guijarro,multi-distribuidora: requiere revisión,needs_municipal_review,multi_distributor_region_needs_municipal_review,no,UFD — presencia regional + herramientas oficiales de consulta,https://www.ufd.es/quienes-somos/,official_public_source_or_review_tool,no,"UFD declara presencia regional, pero la comunidad puede tener solapes. Revisión municipal/provincial obligatoria."
castilla_la_mancha,Olmeda de la Cuesta,Cuenca,municipality:cuenca::olmeda_de_la_cuesta,multi-distribuidora: requiere revisión,needs_municipal_review,multi_distributor_region_needs_municipal_review,no,UFD — presencia regional + herramientas oficiales de consulta,https://www.ufd.es/quienes-somos/,official_public_source_or_review_tool,no,"UFD declara presencia regional, pero la comunidad puede tener solapes. Revisión municipal/provincial obligatoria."
castilla_la_mancha,Castellar de Santiago,Ciudad Real,municipality:ciudad_real::castellar_de_santiago,multi-distribuidora: requiere revisión,needs_municipal_review,multi_distributor_region_needs_municipal_review,no,UFD — presencia regional + herramientas oficiales de consulta,https://www.ufd.es/quienes-somos/,official_public_source_or_review_tool,no,"UFD declara presencia regional, pero la comunidad puede tener solapes. Revisión municipal/provincial obligatoria."
castilla_la_mancha,Sevilleja de la Jara,Toledo,municipality:toledo::sevilleja_de_la_jara,multi-distribuidora: requiere revisión,needs_municipal_review,multi_distributor_region_needs_municipal_review,no,UFD — presencia regional + herramientas oficiales de consulta,https://www.ufd.es/quienes-somos/,official_public_source_or_review_tool,no,"UFD declara presencia regional, pero la comunidad puede tener solapes. Revisión municipal/provincial obligatoria."
castilla_la_mancha,Huete,Cuenca,municipality:cuenca::huete,multi-distribuidora: requiere revisión,needs_municipal_review,multi_distributor_region_needs_municipal_review,no,UFD — presencia regional + herramientas oficiales de consulta,https://www.ufd.es/quienes-somos/,official_public_source_or_review_tool,no,"UFD declara presencia regional, pero la comunidad puede tener solapes. Revisión municipal/provincial obligatoria."
castilla_la_mancha,Majaelrayo,Guadalajara,municipality:guadalajara::majaelrayo,multi-distribuidora: requiere revisión,needs_municipal_review,multi_distributor_region_needs_municipal_review,no,UFD — presencia regional + herramientas oficiales de consulta,https://www.ufd.es/quienes-somos/,official_public_source_or_review_tool,no,"UFD declara presencia regional, pero la comunidad puede tener solapes. Revisión municipal/provincial obligatoria."
castilla_la_mancha,Villel de Mesa,Guadalajara,municipality:guadalajara::villel_de_mesa,multi-distribuidora: requiere revisión,needs_municipal_review,multi_distributor_region_needs_municipal_review,no,UFD — presencia regional + herramientas oficiales de consulta,https://www.ufd.es/quienes-somos/,official_public_source_or_review_tool,no,"UFD declara presencia regional, pero la comunidad puede tener solapes. Revisión municipal/provincial obligatoria."
castilla_la_mancha,Peralveche,Guadalajara,municipality:guadalajara::peralveche,multi-distribuidora: requiere revisión,needs_municipal_review,multi_distributor_region_needs_municipal_review,no,UFD — presencia regional + herramientas oficiales de consulta,https://www.ufd.es/quienes-somos/,official_public_source_or_review_tool,no,"UFD declara presencia regional, pero la comunidad puede tener solapes. Revisión municipal/provincial obligatoria."
castilla_la_mancha,Povedilla,Albacete,municipality:albacete::povedilla,multi-distribuidora: requiere revisión,needs_municipal_review,multi_distributor_region_needs_municipal_review,no,UFD — presencia regional + herramientas oficiales de consulta,https://www.ufd.es/quienes-somos/,official_public_source_or_review_tool,no,"UFD declara presencia regional, pero la comunidad puede tener solapes. Revisión municipal/provincial obligatoria."
castilla_la_mancha,Sotorribas,Cuenca,municipality:cuenca::sotorribas,multi-distribuidora: requiere revisión,needs_municipal_review,multi_distributor_region_needs_municipal_review,no,UFD — presencia regional + herramientas oficiales de consulta,https://www.ufd.es/quienes-somos/,official_public_source_or_review_tool,no,"UFD declara presencia regional, pero la comunidad puede tener solapes. Revisión municipal/provincial obligatoria."
castilla_la_mancha,Solana del Pino,Ciudad Real,municipality:ciudad_real::solana_del_pino,multi-distribuidora: requiere revisión,needs_municipal_review,multi_distributor_region_needs_municipal_review,no,UFD — presencia regional + herramientas oficiales de consulta,https://www.ufd.es/quienes-somos/,official_public_source_or_review_tool,no,"UFD declara presencia regional, pero la comunidad puede tener solapes. Revisión municipal/provincial obligatoria."
castilla_la_mancha,Mazarambroz,Toledo,municipality:toledo::mazarambroz,multi-distribuidora: requiere revisión,needs_municipal_review,multi_distributor_region_needs_municipal_review,no,UFD — presencia regional + herramientas oficiales de consulta,https://www.ufd.es/quienes-somos/,official_public_source_or_review_tool,no,"UFD declara presencia regional, pero la comunidad puede tener solapes. Revisión municipal/provincial obligatoria."
castilla_la_mancha,Hellín,Albacete,municipality:albacete::hellin,multi-distribuidora: requiere revisión,needs_municipal_review,multi_distributor_region_needs_municipal_review,no,UFD — presencia regional + herramientas oficiales de consulta,https://www.ufd.es/quienes-somos/,official_public_source_or_review_tool,no,"UFD declara presencia regional, pero la comunidad puede tener solapes. Revisión municipal/provincial obligatoria."
castilla_la_mancha,Prados Redondos,Guadalajara,municipality:guadalajara::prados_redondos,multi-distribuidora: requiere revisión,needs_municipal_review,multi_distributor_region_needs_municipal_review,no,UFD — presencia regional + herramientas oficiales de consulta,https://www.ufd.es/quienes-somos/,official_public_source_or_review_tool,no,"UFD declara presencia regional, pero la comunidad puede tener solapes. Revisión municipal/provincial obligatoria."
castilla_la_mancha,Castillejo de Iniesta,Cuenca,municipality:cuenca::castillejo_de_iniesta,multi-distribuidora: requiere revisión,needs_municipal_review,multi_distributor_region_needs_municipal_review,no,UFD — presencia regional + herramientas oficiales de consulta,https://www.ufd.es/quienes-somos/,official_public_source_or_review_tool,no,"UFD declara presencia regional, pero la comunidad puede tener solapes. Revisión municipal/provincial obligatoria."
castilla_la_mancha,La Olmeda de Jadraque,Guadalajara,municipality:guadalajara::la_olmeda_de_jadraque,multi-distribuidora: requiere revisión,needs_municipal_review,multi_distributor_region_needs_municipal_review,no,UFD — presencia regional + herramientas oficiales de consulta,https://www.ufd.es/quienes-somos/,official_public_source_or_review_tool,no,"UFD declara presencia regional, pero la comunidad puede tener solapes. Revisión municipal/provincial obligatoria."
castilla_la_mancha,Carriches,Toledo,municipality:toledo::carriches,multi-distribuidora: requiere revisión,needs_municipal_review,multi_distributor_region_needs_municipal_review,no,UFD — presencia regional + herramientas oficiales de consulta,https://www.ufd.es/quienes-somos/,official_public_source_or_review_tool,no,"UFD declara presencia regional, pero la comunidad puede tener solapes. Revisión municipal/provincial obligatoria."
castilla_la_mancha,Herrería,Guadalajara,municipality:guadalajara::herreria,multi-distribuidora: requiere revisión,needs_municipal_review,multi_distributor_region_needs_municipal_review,no,UFD — presencia regional + herramientas oficiales de consulta,https://www.ufd.es/quienes-somos/,official_public_source_or_review_tool,no,"UFD declara presencia regional, pero la comunidad puede tener solapes. Revisión municipal/provincial obligatoria."
castilla_la_mancha,La Bodera,Guadalajara,municipality:guadalajara::la_bodera,multi-distribuidora: requiere revisión,needs_municipal_review,multi_distributor_region_needs_municipal_review,no,UFD — presencia regional + herramientas oficiales de consulta,https://www.ufd.es/quienes-somos/,official_public_source_or_review_tool,no,"UFD declara presencia regional, pero la comunidad puede tener solapes. Revisión municipal/provincial obligatoria."
castilla_la_mancha,Villalba del Rey,Cuenca,municipality:cuenca::villalba_del_rey,multi-distribuidora: requiere revisión,needs_municipal_review,multi_distributor_region_needs_municipal_review,no,UFD — presencia regional + herramientas oficiales de consulta,https://www.ufd.es/quienes-somos/,official_public_source_or_review_tool,no,"UFD declara presencia regional, pero la comunidad puede tener solapes. Revisión municipal/provincial obligatoria."
castilla_la_mancha,Consuegra,Toledo,municipality:toledo::consuegra,multi-distribuidora: requiere revisión,needs_municipal_review,multi_distributor_region_needs_municipal_review,no,UFD — presencia regional + herramientas oficiales de consulta,https://www.ufd.es/quienes-somos/,official_public_source_or_review_tool,no,"UFD declara presencia regional, pero la comunidad puede tener solapes. Revisión municipal/provincial obligatoria."
castilla_la_mancha,El Romeral,Toledo,municipality:toledo::el_romeral,multi-distribuidora: requiere revisión,needs_municipal_review,multi_distributor_region_needs_municipal_review,no,UFD — presencia regional + herramientas oficiales de consulta,https://www.ufd.es/quienes-somos/,official_public_source_or_review_tool,no,"UFD declara presencia regional, pero la comunidad puede tener solapes. Revisión municipal/provincial obligatoria."
castilla_la_mancha,Hijes,Guadalajara,municipality:guadalajara::hijes,multi-distribuidora: requiere revisión,needs_municipal_review,multi_distributor_region_needs_municipal_review,no,UFD — presencia regional + herramientas oficiales de consulta,https://www.ufd.es/quienes-somos/,official_public_source_or_review_tool,no,"UFD declara presencia regional, pero la comunidad puede tener solapes. Revisión municipal/provincial obligatoria."
castilla_la_mancha,Maqueda,Toledo,municipality:toledo::maqueda,multi-distribuidora: requiere revisión,needs_municipal_review,multi_distributor_region_needs_municipal_review,no,UFD — presencia regional + herramientas oficiales de consulta,https://www.ufd.es/quienes-somos/,official_public_source_or_review_tool,no,"UFD declara presencia regional, pero la comunidad puede tener solapes. Revisión municipal/provincial obligatoria."
castilla_la_mancha,Renera,Guadalajara,municipality:guadalajara::renera,multi-distribuidora: requiere revisión,needs_municipal_review,multi_distributor_region_needs_municipal_review,no,UFD — presencia regional + herramientas oficiales de consulta,https://www.ufd.es/quienes-somos/,official_public_source_or_review_tool,no,"UFD declara presencia regional, pero la comunidad puede tener solapes. Revisión municipal/provincial obligatoria."
castilla_la_mancha,La Parra de las Vegas,Cuenca,municipality:cuenca::la_parra_de_las_vegas,multi-distribuidora: requiere revisión,needs_municipal_review,multi_distributor_region_needs_municipal_review,no,UFD — presencia regional + herramientas oficiales de consulta,https://www.ufd.es/quienes-somos/,official_public_source_or_review_tool,no,"UFD declara presencia regional, pero la comunidad puede tener solapes. Revisión municipal/provincial obligatoria."
castilla_la_mancha,Portillo de Toledo,Toledo,municipality:toledo::portillo_de_toledo,multi-distribuidora: requiere revisión,needs_municipal_review,multi_distributor_region_needs_municipal_review,no,UFD — presencia regional + herramientas oficiales de consulta,https://www.ufd.es/quienes-somos/,official_public_source_or_review_tool,no,"UFD declara presencia regional, pero la comunidad puede tener solapes. Revisión municipal/provincial obligatoria."
castilla_la_mancha,Taragudo,Guadalajara,municipality:guadalajara::taragudo,multi-distribuidora: requiere revisión,needs_municipal_review,multi_distributor_region_needs_municipal_review,no,UFD — presencia regional + herramientas oficiales de consulta,https://www.ufd.es/quienes-somos/,official_public_source_or_review_tool,no,"UFD declara presencia regional, pero la comunidad puede tener solapes. Revisión municipal/provincial obligatoria."
castilla_la_mancha,Utande,Guadalajara,municipality:guadalajara::utande,multi-distribuidora: requiere revisión,needs_municipal_review,multi_distributor_region_needs_municipal_review,no,UFD — presencia regional + herramientas oficiales de consulta,https://www.ufd.es/quienes-somos/,official_public_source_or_review_tool,no,"UFD declara presencia regional, pero la comunidad puede tener solapes. Revisión municipal/provincial obligatoria."
castilla_la_mancha,Fresneda de Altarejos,Cuenca,municipality:cuenca::fresneda_de_altarejos,multi-distribuidora: requiere revisión,needs_municipal_review,multi_distributor_region_needs_municipal_review,no,UFD — presencia regional + herramientas oficiales de consulta,https://www.ufd.es/quienes-somos/,official_public_source_or_review_tool,no,"UFD declara presencia regional, pero la comunidad puede tener solapes. Revisión municipal/provincial obligatoria."
castilla_la_mancha,Torija,Guadalajara,municipality:guadalajara::torija,multi-distribuidora: requiere revisión,needs_municipal_review,multi_distributor_region_needs_municipal_review,no,UFD — presencia regional + herramientas oficiales de consulta,https://www.ufd.es/quienes-somos/,official_public_source_or_review_tool,no,"UFD declara presencia regional, pero la comunidad puede tener solapes. Revisión municipal/provincial obligatoria."
castilla_la_mancha,Carrascosa de Haro,Cuenca,municipality:cuenca::carrascosa_de_haro,multi-distribuidora: requiere revisión,needs_municipal_review,multi_distributor_region_needs_municipal_review,no,UFD — presencia regional + herramientas oficiales de consulta,https://www.ufd.es/quienes-somos/,official_public_source_or_review_tool,no,"UFD declara presencia regional, pero la comunidad puede tener solapes. Revisión municipal/provincial obligatoria."
castilla_la_mancha,Mochales,Guadalajara,municipality:guadalajara::mochales,multi-distribuidora: requiere revisión,needs_municipal_review,multi_distributor_region_needs_municipal_review,no,UFD — presencia regional + herramientas oficiales de consulta,https://www.ufd.es/quienes-somos/,official_public_source_or_review_tool,no,"UFD declara presencia regional, pero la comunidad puede tener solapes. Revisión municipal/provincial obligatoria."
castilla_la_mancha,Villanueva de San Carlos,Ciudad Real,municipality:ciudad_real::villanueva_de_san_carlos,multi-distribuidora: requiere revisión,needs_municipal_review,multi_distributor_region_needs_municipal_review,no,UFD — presencia regional + herramientas oficiales de consulta,https://www.ufd.es/quienes-somos/,official_public_source_or_review_tool,no,"UFD declara presencia regional, pero la comunidad puede tener solapes. Revisión municipal/provincial obligatoria."
castilla_la_mancha,Villarta de San Juan,Ciudad Real,municipality:ciudad_real::villarta_de_san_juan,multi-distribuidora: requiere revisión,needs_municipal_review,multi_distributor_region_needs_municipal_review,no,UFD — presencia regional + herramientas oficiales de consulta,https://www.ufd.es/quienes-somos/,official_public_source_or_review_tool,no,"UFD declara presencia regional, pero la comunidad puede tener solapes. Revisión municipal/provincial obligatoria."
castilla_la_mancha,Ballesteros de Calatrava,Ciudad Real,municipality:ciudad_real::ballesteros_de_calatrava,multi-distribuidora: requiere revisión,needs_municipal_review,multi_distributor_region_needs_municipal_review,no,UFD — presencia regional + herramientas oficiales de consulta,https://www.ufd.es/quienes-somos/,official_public_source_or_review_tool,no,"UFD declara presencia regional, pero la comunidad puede tener solapes. Revisión municipal/provincial obligatoria."
castilla_la_mancha,La Gineta,Albacete,municipality:albacete::la_gineta,multi-distribuidora: requiere revisión,needs_municipal_review,multi_distributor_region_needs_municipal_review,no,UFD — presencia regional + herramientas oficiales de consulta,https://www.ufd.es/quienes-somos/,official_public_source_or_review_tool,no,"UFD declara presencia regional, pero la comunidad puede tener solapes. Revisión municipal/provincial obligatoria."
castilla_la_mancha,Olmeda de Cobeta,Guadalajara,municipality:guadalajara::olmeda_de_cobeta,multi-distribuidora: requiere revisión,needs_municipal_review,multi_distributor_region_needs_municipal_review,no,UFD — presencia regional + herramientas oficiales de consulta,https://www.ufd.es/quienes-somos/,official_public_source_or_review_tool,no,"UFD declara presencia regional, pero la comunidad puede tener solapes. Revisión municipal/provincial obligatoria."
castilla_la_mancha,Villamayor de Calatrava,Ciudad Real,municipality:ciudad_real::villamayor_de_calatrava,multi-distribuidora: requiere revisión,needs_municipal_review,multi_distributor_region_needs_municipal_review,no,UFD — presencia regional + herramientas oficiales de consulta,https://www.ufd.es/quienes-somos/,official_public_source_or_review_tool,no,"UFD declara presencia regional, pero la comunidad puede tener solapes. Revisión municipal/provincial obligatoria."
castilla_la_mancha,Villalgordo del Marquesado,Cuenca,municipality:cuenca::villalgordo_del_marquesado,multi-distribuidora: requiere revisión,needs_municipal_review,multi_distributor_region_needs_municipal_review,no,UFD — presencia regional + herramientas oficiales de consulta,https://www.ufd.es/quienes-somos/,official_public_source_or_review_tool,no,"UFD declara presencia regional, pero la comunidad puede tener solapes. Revisión municipal/provincial obligatoria."
castilla_la_mancha,Mondéjar,Guadalajara,municipality:guadalajara::mondejar,multi-distribuidora: requiere revisión,needs_municipal_review,multi_distributor_region_needs_municipal_review,no,UFD — presencia regional + herramientas oficiales de consulta,https://www.ufd.es/quienes-somos/,official_public_source_or_review_tool,no,"UFD declara presencia regional, pero la comunidad puede tener solapes. Revisión municipal/provincial obligatoria."
castilla_la_mancha,Berninches,Guadalajara,municipality:guadalajara::berninches,multi-distribuidora: requiere revisión,needs_municipal_review,multi_distributor_region_needs_municipal_review,no,UFD — presencia regional + herramientas oficiales de consulta,https://www.ufd.es/quienes-somos/,official_public_source_or_review_tool,no,"UFD declara presencia regional, pero la comunidad puede tener solapes. Revisión municipal/provincial obligatoria."
castilla_la_mancha,Cendejas de la Torre,Guadalajara,municipality:guadalajara::cendejas_de_la_torre,multi-distribuidora: requiere revisión,needs_municipal_review,multi_distributor_region_needs_municipal_review,no,UFD — presencia regional + herramientas oficiales de consulta,https://www.ufd.es/quienes-somos/,official_public_source_or_review_tool,no,"UFD declara presencia regional, pero la comunidad puede tener solapes. Revisión municipal/provincial obligatoria."
castilla_la_mancha,Masegosa,Cuenca,municipality:cuenca::masegosa,multi-distribuidora: requiere revisión,needs_municipal_review,multi_distributor_region_needs_municipal_review,no,UFD — presencia regional + herramientas oficiales de consulta,https://www.ufd.es/quienes-somos/,official_public_source_or_review_tool,no,"UFD declara presencia regional, pero la comunidad puede tener solapes. Revisión municipal/provincial obligatoria."
castilla_la_mancha,Camarena,Toledo,municipality:toledo::camarena,multi-distribuidora: requiere revisión,needs_municipal_review,multi_distributor_region_needs_municipal_review,no,UFD — presencia regional + herramientas oficiales de consulta,https://www.ufd.es/quienes-somos/,official_public_source_or_review_tool,no,"UFD declara presencia regional, pero la comunidad puede tener solapes. Revisión municipal/provincial obligatoria."
castilla_la_mancha,Navahermosa,Toledo,municipality:toledo::navahermosa,multi-distribuidora: requiere revisión,needs_municipal_review,multi_distributor_region_needs_municipal_review,no,UFD — presencia regional + herramientas oficiales de consulta,https://www.ufd.es/quienes-somos/,official_public_source_or_review_tool,no,"UFD declara presencia regional, pero la comunidad puede tener solapes. Revisión municipal/provincial obligatoria."
castilla_la_mancha,La Pesquera,Cuenca,municipality:cuenca::la_pesquera,multi-distribuidora: requiere revisión,needs_municipal_review,multi_distributor_region_needs_municipal_review,no,UFD — presencia regional + herramientas oficiales de consulta,https://www.ufd.es/quienes-somos/,official_public_source_or_review_tool,no,"UFD declara presencia regional, pero la comunidad puede tener solapes. Revisión municipal/provincial obligatoria."
castilla_la_mancha,Tendilla,Guadalajara,municipality:guadalajara::tendilla,multi-distribuidora: requiere revisión,needs_municipal_review,multi_distributor_region_needs_municipal_review,no,UFD — presencia regional + herramientas oficiales de consulta,https://www.ufd.es/quienes-somos/,official_public_source_or_review_tool,no,"UFD declara presencia regional, pero la comunidad puede tener solapes. Revisión municipal/provincial obligatoria."
castilla_la_mancha,Pelahustán,Toledo,municipality:toledo::pelahustan,multi-distribuidora: requiere revisión,needs_municipal_review,multi_distributor_region_needs_municipal_review,no,UFD — presencia regional + herramientas oficiales de consulta,https://www.ufd.es/quienes-somos/,official_public_source_or_review_tool,no,"UFD declara presencia regional, pero la comunidad puede tener solapes. Revisión municipal/provincial obligatoria."
castilla_la_mancha,Valdeverdeja,Toledo,municipality:toledo::valdeverdeja,multi-distribuidora: requiere revisión,needs_municipal_review,multi_distributor_region_needs_municipal_review,no,UFD — presencia regional + herramientas oficiales de consulta,https://www.ufd.es/quienes-somos/,official_public_source_or_review_tool,no,"UFD declara presencia regional, pero la comunidad puede tener solapes. Revisión municipal/provincial obligatoria."
castilla_la_mancha,El Toboso,Toledo,municipality:toledo::el_toboso,multi-distribuidora: requiere revisión,needs_municipal_review,multi_distributor_region_needs_municipal_review,no,UFD — presencia regional + herramientas oficiales de consulta,https://www.ufd.es/quienes-somos/,official_public_source_or_review_tool,no,"UFD declara presencia regional, pero la comunidad puede tener solapes. Revisión municipal/provincial obligatoria."
castilla_la_mancha,Calzada de Calatrava,Ciudad Real,municipality:ciudad_real::calzada_de_calatrava,multi-distribuidora: requiere revisión,needs_municipal_review,multi_distributor_region_needs_municipal_review,no,UFD — presencia regional + herramientas oficiales de consulta,https://www.ufd.es/quienes-somos/,official_public_source_or_review_tool,no,"UFD declara presencia regional, pero la comunidad puede tener solapes. Revisión municipal/provincial obligatoria."
castilla_la_mancha,Tortuero,Guadalajara,municipality:guadalajara::tortuero,multi-distribuidora: requiere revisión,needs_municipal_review,multi_distributor_region_needs_municipal_review,no,UFD — presencia regional + herramientas oficiales de consulta,https://www.ufd.es/quienes-somos/,official_public_source_or_review_tool,no,"UFD declara presencia regional, pero la comunidad puede tener solapes. Revisión municipal/provincial obligatoria."
castilla_la_mancha,La Hinojosa,Cuenca,municipality:cuenca::la_hinojosa,multi-distribuidora: requiere revisión,needs_municipal_review,multi_distributor_region_needs_municipal_review,no,UFD — presencia regional + herramientas oficiales de consulta,https://www.ufd.es/quienes-somos/,official_public_source_or_review_tool,no,"UFD declara presencia regional, pero la comunidad puede tener solapes. Revisión municipal/provincial obligatoria."
castilla_la_mancha,Guadalmez,Ciudad Real,municipality:ciudad_real::guadalmez,multi-distribuidora: requiere revisión,needs_municipal_review,multi_distributor_region_needs_municipal_review,no,UFD — presencia regional + herramientas oficiales de consulta,https://www.ufd.es/quienes-somos/,official_public_source_or_review_tool,no,"UFD declara presencia regional, pero la comunidad puede tener solapes. Revisión municipal/provincial obligatoria."
castilla_la_mancha,Atienza,Guadalajara,municipality:guadalajara::atienza,multi-distribuidora: requiere revisión,needs_municipal_review,multi_distributor_region_needs_municipal_review,no,UFD — presencia regional + herramientas oficiales de consulta,https://www.ufd.es/quienes-somos/,official_public_source_or_review_tool,no,"UFD declara presencia regional, pero la comunidad puede tener solapes. Revisión municipal/provincial obligatoria."
castilla_la_mancha,Medranda,Guadalajara,municipality:guadalajara::medranda,multi-distribuidora: requiere revisión,needs_municipal_review,multi_distributor_region_needs_municipal_review,no,UFD — presencia regional + herramientas oficiales de consulta,https://www.ufd.es/quienes-somos/,official_public_source_or_review_tool,no,"UFD declara presencia regional, pero la comunidad puede tener solapes. Revisión municipal/provincial obligatoria."
castilla_la_mancha,Pálmaces de Jadraque,Guadalajara,municipality:guadalajara::palmaces_de_jadraque,multi-distribuidora: requiere revisión,needs_municipal_review,multi_distributor_region_needs_municipal_review,no,UFD — presencia regional + herramientas oficiales de consulta,https://www.ufd.es/quienes-somos/,official_public_source_or_review_tool,no,"UFD declara presencia regional, pero la comunidad puede tener solapes. Revisión municipal/provincial obligatoria."
castilla_la_mancha,Torre del Burgo,Guadalajara,municipality:guadalajara::torre_del_burgo,multi-distribuidora: requiere revisión,needs_municipal_review,multi_distributor_region_needs_municipal_review,no,UFD — presencia regional + herramientas oficiales de consulta,https://www.ufd.es/quienes-somos/,official_public_source_or_review_tool,no,"UFD declara presencia regional, pero la comunidad puede tener solapes. Revisión municipal/provincial obligatoria."
castilla_la_mancha,Campillos-Sierra,Cuenca,municipality:cuenca::campillos_sierra,multi-distribuidora: requiere revisión,needs_municipal_review,multi_distributor_region_needs_municipal_review,no,UFD — presencia regional + herramientas oficiales de consulta,https://www.ufd.es/quienes-somos/,official_public_source_or_review_tool,no,"UFD declara presencia regional, pero la comunidad puede tener solapes. Revisión municipal/provincial obligatoria."
castilla_la_mancha,Pioz,Guadalajara,municipality:guadalajara::pioz,multi-distribuidora: requiere revisión,needs_municipal_review,multi_distributor_region_needs_municipal_review,no,UFD — presencia regional + herramientas oficiales de consulta,https://www.ufd.es/quienes-somos/,official_public_source_or_review_tool,no,"UFD declara presencia regional, pero la comunidad puede tener solapes. Revisión municipal/provincial obligatoria."
castilla_la_mancha,La Solana,Ciudad Real,municipality:ciudad_real::la_solana,multi-distribuidora: requiere revisión,needs_municipal_review,multi_distributor_region_needs_municipal_review,no,UFD — presencia regional + herramientas oficiales de consulta,https://www.ufd.es/quienes-somos/,official_public_source_or_review_tool,no,"UFD declara presencia regional, pero la comunidad puede tener solapes. Revisión municipal/provincial obligatoria."
castilla_la_mancha,Hita,Guadalajara,municipality:guadalajara::hita,multi-distribuidora: requiere revisión,needs_municipal_review,multi_distributor_region_needs_municipal_review,no,UFD — presencia regional + herramientas oficiales de consulta,https://www.ufd.es/quienes-somos/,official_public_source_or_review_tool,no,"UFD declara presencia regional, pero la comunidad puede tener solapes. Revisión municipal/provincial obligatoria."
castilla_la_mancha,Argamasilla de Calatrava,Ciudad Real,municipality:ciudad_real::argamasilla_de_calatrava,multi-distribuidora: requiere revisión,needs_municipal_review,multi_distributor_region_needs_municipal_review,no,UFD — presencia regional + herramientas oficiales de consulta,https://www.ufd.es/quienes-somos/,official_public_source_or_review_tool,no,"UFD declara presencia regional, pero la comunidad puede tener solapes. Revisión municipal/provincial obligatoria."
castilla_la_mancha,El Pedregal,Guadalajara,municipality:guadalajara::el_pedregal,multi-distribuidora: requiere revisión,needs_municipal_review,multi_distributor_region_needs_municipal_review,no,UFD — presencia regional + herramientas oficiales de consulta,https://www.ufd.es/quienes-somos/,official_public_source_or_review_tool,no,"UFD declara presencia regional, pero la comunidad puede tener solapes. Revisión municipal/provincial obligatoria."
castilla_la_mancha,Villar de Cañas,Cuenca,municipality:cuenca::villar_de_canas,multi-distribuidora: requiere revisión,needs_municipal_review,multi_distributor_region_needs_municipal_review,no,UFD — presencia regional + herramientas oficiales de consulta,https://www.ufd.es/quienes-somos/,official_public_source_or_review_tool,no,"UFD declara presencia regional, pero la comunidad puede tener solapes. Revisión municipal/provincial obligatoria."
castilla_la_mancha,La Villa de Don Fadrique,Toledo,municipality:toledo::la_villa_de_don_fadrique,multi-distribuidora: requiere revisión,needs_municipal_review,multi_distributor_region_needs_municipal_review,no,UFD — presencia regional + herramientas oficiales de consulta,https://www.ufd.es/quienes-somos/,official_public_source_or_review_tool,no,"UFD declara presencia regional, pero la comunidad puede tener solapes. Revisión municipal/provincial obligatoria."
castilla_la_mancha,Cañada Juncosa,Cuenca,municipality:cuenca::canada_juncosa,multi-distribuidora: requiere revisión,needs_municipal_review,multi_distributor_region_needs_municipal_review,no,UFD — presencia regional + herramientas oficiales de consulta,https://www.ufd.es/quienes-somos/,official_public_source_or_review_tool,no,"UFD declara presencia regional, pero la comunidad puede tener solapes. Revisión municipal/provincial obligatoria."
castilla_la_mancha,Santa María del Val,Cuenca,municipality:cuenca::santa_maria_del_val,multi-distribuidora: requiere revisión,needs_municipal_review,multi_distributor_region_needs_municipal_review,no,UFD — presencia regional + herramientas oficiales de consulta,https://www.ufd.es/quienes-somos/,official_public_source_or_review_tool,no,"UFD declara presencia regional, pero la comunidad puede tener solapes. Revisión municipal/provincial obligatoria."
castilla_la_mancha,Villarejo de Fuentes,Cuenca,municipality:cuenca::villarejo_de_fuentes,multi-distribuidora: requiere revisión,needs_municipal_review,multi_distributor_region_needs_municipal_review,no,UFD — presencia regional + herramientas oficiales de consulta,https://www.ufd.es/quienes-somos/,official_public_source_or_review_tool,no,"UFD declara presencia regional, pero la comunidad puede tener solapes. Revisión municipal/provincial obligatoria."
castilla_la_mancha,Lominchar,Toledo,municipality:toledo::lominchar,multi-distribuidora: requiere revisión,needs_municipal_review,multi_distributor_region_needs_municipal_review,no,UFD — presencia regional + herramientas oficiales de consulta,https://www.ufd.es/quienes-somos/,official_public_source_or_review_tool,no,"UFD declara presencia regional, pero la comunidad puede tener solapes. Revisión municipal/provincial obligatoria."
castilla_la_mancha,Pozo Cañada,Albacete,municipality:albacete::pozo_canada,multi-distribuidora: requiere revisión,needs_municipal_review,multi_distributor_region_needs_municipal_review,no,UFD — presencia regional + herramientas oficiales de consulta,https://www.ufd.es/quienes-somos/,official_public_source_or_review_tool,no,"UFD declara presencia regional, pero la comunidad puede tener solapes. Revisión municipal/provincial obligatoria."
castilla_la_mancha,Estriégana,Guadalajara,municipality:guadalajara::estriegana,multi-distribuidora: requiere revisión,needs_municipal_review,multi_distributor_region_needs_municipal_review,no,UFD — presencia regional + herramientas oficiales de consulta,https://www.ufd.es/quienes-somos/,official_public_source_or_review_tool,no,"UFD declara presencia regional, pero la comunidad puede tener solapes. Revisión municipal/provincial obligatoria."
castilla_la_mancha,Santa Cruz del Retamar,Toledo,municipality:toledo::santa_cruz_del_retamar,multi-distribuidora: requiere revisión,needs_municipal_review,multi_distributor_region_needs_municipal_review,no,UFD — presencia regional + herramientas oficiales de consulta,https://www.ufd.es/quienes-somos/,official_public_source_or_review_tool,no,"UFD declara presencia regional, pero la comunidad puede tener solapes. Revisión municipal/provincial obligatoria."
castilla_la_mancha,Casas de Juan Núñez,Albacete,municipality:albacete::casas_de_juan_nunez,multi-distribuidora: requiere revisión,needs_municipal_review,multi_distributor_region_needs_municipal_review,no,UFD — presencia regional + herramientas oficiales de consulta,https://www.ufd.es/quienes-somos/,official_public_source_or_review_tool,no,"UFD declara presencia regional, pero la comunidad puede tener solapes. Revisión municipal/provincial obligatoria."
castilla_la_mancha,Saelices,Cuenca,municipality:cuenca::saelices,multi-distribuidora: requiere revisión,needs_municipal_review,multi_distributor_region_needs_municipal_review,no,UFD — presencia regional + herramientas oficiales de consulta,https://www.ufd.es/quienes-somos/,official_public_source_or_review_tool,no,"UFD declara presencia regional, pero la comunidad puede tener solapes. Revisión municipal/provincial obligatoria."
castilla_la_mancha,Minaya,Albacete,municipality:albacete::minaya,multi-distribuidora: requiere revisión,needs_municipal_review,multi_distributor_region_needs_municipal_review,no,UFD — presencia regional + herramientas oficiales de consulta,https://www.ufd.es/quienes-somos/,official_public_source_or_review_tool,no,"UFD declara presencia regional, pero la comunidad puede tener solapes. Revisión municipal/provincial obligatoria."
castilla_la_mancha,Terrinches,Ciudad Real,municipality:ciudad_real::terrinches,multi-distribuidora: requiere revisión,needs_municipal_review,multi_distributor_region_needs_municipal_review,no,UFD — presencia regional + herramientas oficiales de consulta,https://www.ufd.es/quienes-somos/,official_public_source_or_review_tool,no,"UFD declara presencia regional, pero la comunidad puede tener solapes. Revisión municipal/provincial obligatoria."
castilla_la_mancha,Anguita,Guadalajara,municipality:guadalajara::anguita,multi-distribuidora: requiere revisión,needs_municipal_review,multi_distributor_region_needs_municipal_review,no,UFD — presencia regional + herramientas oficiales de consulta,https://www.ufd.es/quienes-somos/,official_public_source_or_review_tool,no,"UFD declara presencia regional, pero la comunidad puede tener solapes. Revisión municipal/provincial obligatoria."
castilla_la_mancha,Henarejos,Cuenca,municipality:cuenca::henarejos,multi-distribuidora: requiere revisión,needs_municipal_review,multi_distributor_region_needs_municipal_review,no,UFD — presencia regional + herramientas oficiales de consulta,https://www.ufd.es/quienes-somos/,official_public_source_or_review_tool,no,"UFD declara presencia regional, pero la comunidad puede tener solapes. Revisión municipal/provincial obligatoria."
castilla_la_mancha,Tinajas,Cuenca,municipality:cuenca::tinajas,multi-distribuidora: requiere revisión,needs_municipal_review,multi_distributor_region_needs_municipal_review,no,UFD — presencia regional + herramientas oficiales de consulta,https://www.ufd.es/quienes-somos/,official_public_source_or_review_tool,no,"UFD declara presencia regional, pero la comunidad puede tener solapes. Revisión municipal/provincial obligatoria."
castilla_la_mancha,Portilla,Cuenca,municipality:cuenca::portilla,multi-distribuidora: requiere revisión,needs_municipal_review,multi_distributor_region_needs_municipal_review,no,UFD — presencia regional + herramientas oficiales de consulta,https://www.ufd.es/quienes-somos/,official_public_source_or_review_tool,no,"UFD declara presencia regional, pero la comunidad puede tener solapes. Revisión municipal/provincial obligatoria."
castilla_la_mancha,Navalmoralejo,Toledo,municipality:toledo::navalmoralejo,multi-distribuidora: requiere revisión,needs_municipal_review,multi_distributor_region_needs_municipal_review,no,UFD — presencia regional + herramientas oficiales de consulta,https://www.ufd.es/quienes-somos/,official_public_source_or_review_tool,no,"UFD declara presencia regional, pero la comunidad puede tener solapes. Revisión municipal/provincial obligatoria."
castilla_la_mancha,Torrijos,Toledo,municipality:toledo::torrijos,multi-distribuidora: requiere revisión,needs_municipal_review,multi_distributor_region_needs_municipal_review,no,UFD — presencia regional + herramientas oficiales de consulta,https://www.ufd.es/quienes-somos/,official_public_source_or_review_tool,no,"UFD declara presencia regional, pero la comunidad puede tener solapes. Revisión municipal/provincial obligatoria."
castilla_la_mancha,La Yunta,Guadalajara,municipality:guadalajara::la_yunta,multi-distribuidora: requiere revisión,needs_municipal_review,multi_distributor_region_needs_municipal_review,no,UFD — presencia regional + herramientas oficiales de consulta,https://www.ufd.es/quienes-somos/,official_public_source_or_review_tool,no,"UFD declara presencia regional, pero la comunidad puede tener solapes. Revisión municipal/provincial obligatoria."
castilla_la_mancha,Almendral de la Cañada,Toledo,municipality:toledo::almendral_de_la_canada,multi-distribuidora: requiere revisión,needs_municipal_review,multi_distributor_region_needs_municipal_review,no,UFD — presencia regional + herramientas oficiales de consulta,https://www.ufd.es/quienes-somos/,official_public_source_or_review_tool,no,"UFD declara presencia regional, pero la comunidad puede tener solapes. Revisión municipal/provincial obligatoria."
castilla_la_mancha,El Pozuelo,Cuenca,municipality:cuenca::el_pozuelo,multi-distribuidora: requiere revisión,needs_municipal_review,multi_distributor_region_needs_municipal_review,no,UFD — presencia regional + herramientas oficiales de consulta,https://www.ufd.es/quienes-somos/,official_public_source_or_review_tool,no,"UFD declara presencia regional, pero la comunidad puede tener solapes. Revisión municipal/provincial obligatoria."
castilla_la_mancha,Sacedón,Guadalajara,municipality:guadalajara::sacedon,multi-distribuidora: requiere revisión,needs_municipal_review,multi_distributor_region_needs_municipal_review,no,UFD — presencia regional + herramientas oficiales de consulta,https://www.ufd.es/quienes-somos/,official_public_source_or_review_tool,no,"UFD declara presencia regional, pero la comunidad puede tener solapes. Revisión municipal/provincial obligatoria."
castilla_la_mancha,Peñas de San Pedro,Albacete,municipality:albacete::penas_de_san_pedro,multi-distribuidora: requiere revisión,needs_municipal_review,multi_distributor_region_needs_municipal_review,no,UFD — presencia regional + herramientas oficiales de consulta,https://www.ufd.es/quienes-somos/,official_public_source_or_review_tool,no,"UFD declara presencia regional, pero la comunidad puede tener solapes. Revisión municipal/provincial obligatoria."
castilla_la_mancha,Las Ventas con Peña Aguilera,Toledo,municipality:toledo::las_ventas_con_pena_aguilera,multi-distribuidora: requiere revisión,needs_municipal_review,multi_distributor_region_needs_municipal_review,no,UFD — presencia regional + herramientas oficiales de consulta,https://www.ufd.es/quienes-somos/,official_public_source_or_review_tool,no,"UFD declara presencia regional, pero la comunidad puede tener solapes. Revisión municipal/provincial obligatoria."
castilla_la_mancha,Anquela del Pedregal,Guadalajara,municipality:guadalajara::anquela_del_pedregal,multi-distribuidora: requiere revisión,needs_municipal_review,multi_distributor_region_needs_municipal_review,no,UFD — presencia regional + herramientas oficiales de consulta,https://www.ufd.es/quienes-somos/,official_public_source_or_review_tool,no,"UFD declara presencia regional, pero la comunidad puede tener solapes. Revisión municipal/provincial obligatoria."
castilla_la_mancha,Carrión de Calatrava,Ciudad Real,municipality:ciudad_real::carrion_de_calatrava,multi-distribuidora: requiere revisión,needs_municipal_review,multi_distributor_region_needs_municipal_review,no,UFD — presencia regional + herramientas oficiales de consulta,https://www.ufd.es/quienes-somos/,official_public_source_or_review_tool,no,"UFD declara presencia regional, pero la comunidad puede tener solapes. Revisión municipal/provincial obligatoria."
castilla_la_mancha,Casas de Haro,Cuenca,municipality:cuenca::casas_de_haro,multi-distribuidora: requiere revisión,needs_municipal_review,multi_distributor_region_needs_municipal_review,no,UFD — presencia regional + herramientas oficiales de consulta,https://www.ufd.es/quienes-somos/,official_public_source_or_review_tool,no,"UFD declara presencia regional, pero la comunidad puede tener solapes. Revisión municipal/provincial obligatoria."
castilla_la_mancha,Villanueva de Alcorón,Guadalajara,municipality:guadalajara::villanueva_de_alcoron,multi-distribuidora: requiere revisión,needs_municipal_review,multi_distributor_region_needs_municipal_review,no,UFD — presencia regional + herramientas oficiales de consulta,https://www.ufd.es/quienes-somos/,official_public_source_or_review_tool,no,"UFD declara presencia regional, pero la comunidad puede tener solapes. Revisión municipal/provincial obligatoria."
castilla_la_mancha,Auñón,Guadalajara,municipality:guadalajara::aunon,multi-distribuidora: requiere revisión,needs_municipal_review,multi_distributor_region_needs_municipal_review,no,UFD — presencia regional + herramientas oficiales de consulta,https://www.ufd.es/quienes-somos/,official_public_source_or_review_tool,no,"UFD declara presencia regional, pero la comunidad puede tener solapes. Revisión municipal/provincial obligatoria."
castilla_la_mancha,Quintanar del Rey,Cuenca,municipality:cuenca::quintanar_del_rey,multi-distribuidora: requiere revisión,needs_municipal_review,multi_distributor_region_needs_municipal_review,no,UFD — presencia regional + herramientas oficiales de consulta,https://www.ufd.es/quienes-somos/,official_public_source_or_review_tool,no,"UFD declara presencia regional, pero la comunidad puede tener solapes. Revisión municipal/provincial obligatoria."
castilla_la_mancha,Ciruelos,Toledo,municipality:toledo::ciruelos,multi-distribuidora: requiere revisión,needs_municipal_review,multi_distributor_region_needs_municipal_review,no,UFD — presencia regional + herramientas oficiales de consulta,https://www.ufd.es/quienes-somos/,official_public_source_or_review_tool,no,"UFD declara presencia regional, pero la comunidad puede tener solapes. Revisión municipal/provincial obligatoria."
castilla_la_mancha,Olías del Rey,Toledo,municipality:toledo::olias_del_rey,multi-distribuidora: requiere revisión,needs_municipal_review,multi_distributor_region_needs_municipal_review,no,UFD — presencia regional + herramientas oficiales de consulta,https://www.ufd.es/quienes-somos/,official_public_source_or_review_tool,no,"UFD declara presencia regional, pero la comunidad puede tener solapes. Revisión municipal/provincial obligatoria."
castilla_la_mancha,Valdearenas,Guadalajara,municipality:guadalajara::valdearenas,multi-distribuidora: requiere revisión,needs_municipal_review,multi_distributor_region_needs_municipal_review,no,UFD — presencia regional + herramientas oficiales de consulta,https://www.ufd.es/quienes-somos/,official_public_source_or_review_tool,no,"UFD declara presencia regional, pero la comunidad puede tener solapes. Revisión municipal/provincial obligatoria."
castilla_la_mancha,Alcaudete de la Jara,Toledo,municipality:toledo::alcaudete_de_la_jara,multi-distribuidora: requiere revisión,needs_municipal_review,multi_distributor_region_needs_municipal_review,no,UFD — presencia regional + herramientas oficiales de consulta,https://www.ufd.es/quienes-somos/,official_public_source_or_review_tool,no,"UFD declara presencia regional, pero la comunidad puede tener solapes. Revisión municipal/provincial obligatoria."
castilla_la_mancha,La Miñosa,Guadalajara,municipality:guadalajara::la_minosa,multi-distribuidora: requiere revisión,needs_municipal_review,multi_distributor_region_needs_municipal_review,no,UFD — presencia regional + herramientas oficiales de consulta,https://www.ufd.es/quienes-somos/,official_public_source_or_review_tool,no,"UFD declara presencia regional, pero la comunidad puede tener solapes. Revisión municipal/provincial obligatoria."
castilla_la_mancha,Quintanar de la Orden,Toledo,municipality:toledo::quintanar_de_la_orden,multi-distribuidora: requiere revisión,needs_municipal_review,multi_distributor_region_needs_municipal_review,no,UFD — presencia regional + herramientas oficiales de consulta,https://www.ufd.es/quienes-somos/,official_public_source_or_review_tool,no,"UFD declara presencia regional, pero la comunidad puede tener solapes. Revisión municipal/provincial obligatoria."
castilla_la_mancha,Villarrubio,Cuenca,municipality:cuenca::villarrubio,multi-distribuidora: requiere revisión,needs_municipal_review,multi_distributor_region_needs_municipal_review,no,UFD — presencia regional + herramientas oficiales de consulta,https://www.ufd.es/quienes-somos/,official_public_source_or_review_tool,no,"UFD declara presencia regional, pero la comunidad puede tener solapes. Revisión municipal/provincial obligatoria."
castilla_la_mancha,Buenache de la Sierra,Cuenca,municipality:cuenca::buenache_de_la_sierra,multi-distribuidora: requiere revisión,needs_municipal_review,multi_distributor_region_needs_municipal_review,no,UFD — presencia regional + herramientas oficiales de consulta,https://www.ufd.es/quienes-somos/,official_public_source_or_review_tool,no,"UFD declara presencia regional, pero la comunidad puede tener solapes. Revisión municipal/provincial obligatoria."
castilla_la_mancha,Paracuellos,Cuenca,municipality:cuenca::paracuellos,multi-distribuidora: requiere revisión,needs_municipal_review,multi_distributor_region_needs_municipal_review,no,UFD — presencia regional + herramientas oficiales de consulta,https://www.ufd.es/quienes-somos/,official_public_source_or_review_tool,no,"UFD declara presencia regional, pero la comunidad puede tener solapes. Revisión municipal/provincial obligatoria."
castilla_la_mancha,La Guardia,Toledo,municipality:toledo::la_guardia,multi-distribuidora: requiere revisión,needs_municipal_review,multi_distributor_region_needs_municipal_review,no,UFD — presencia regional + herramientas oficiales de consulta,https://www.ufd.es/quienes-somos/,official_public_source_or_review_tool,no,"UFD declara presencia regional, pero la comunidad puede tener solapes. Revisión municipal/provincial obligatoria."
castilla_la_mancha,Picón,Ciudad Real,municipality:ciudad_real::picon,multi-distribuidora: requiere revisión,needs_municipal_review,multi_distributor_region_needs_municipal_review,no,UFD — presencia regional + herramientas oficiales de consulta,https://www.ufd.es/quienes-somos/,official_public_source_or_review_tool,no,"UFD declara presencia regional, pero la comunidad puede tener solapes. Revisión municipal/provincial obligatoria."
castilla_la_mancha,Mariana,Cuenca,municipality:cuenca::mariana,multi-distribuidora: requiere revisión,needs_municipal_review,multi_distributor_region_needs_municipal_review,no,UFD — presencia regional + herramientas oficiales de consulta,https://www.ufd.es/quienes-somos/,official_public_source_or_review_tool,no,"UFD declara presencia regional, pero la comunidad puede tener solapes. Revisión municipal/provincial obligatoria."
castilla_la_mancha,Paredes de Sigüenza,Guadalajara,municipality:guadalajara::paredes_de_siguenza,multi-distribuidora: requiere revisión,needs_municipal_review,multi_distributor_region_needs_municipal_review,no,UFD — presencia regional + herramientas oficiales de consulta,https://www.ufd.es/quienes-somos/,official_public_source_or_review_tool,no,"UFD declara presencia regional, pero la comunidad puede tener solapes. Revisión municipal/provincial obligatoria."
castilla_la_mancha,Embid,Guadalajara,municipality:guadalajara::embid,multi-distribuidora: requiere revisión,needs_municipal_review,multi_distributor_region_needs_municipal_review,no,UFD — presencia regional + herramientas oficiales de consulta,https://www.ufd.es/quienes-somos/,official_public_source_or_review_tool,no,"UFD declara presencia regional, pero la comunidad puede tener solapes. Revisión municipal/provincial obligatoria."
castilla_la_mancha,Fuensanta,Albacete,municipality:albacete::fuensanta,multi-distribuidora: requiere revisión,needs_municipal_review,multi_distributor_region_needs_municipal_review,no,UFD — presencia regional + herramientas oficiales de consulta,https://www.ufd.es/quienes-somos/,official_public_source_or_review_tool,no,"UFD declara presencia regional, pero la comunidad puede tener solapes. Revisión municipal/provincial obligatoria."
castilla_la_mancha,Elche de la Sierra,Albacete,municipality:albacete::elche_de_la_sierra,multi-distribuidora: requiere revisión,needs_municipal_review,multi_distributor_region_needs_municipal_review,no,UFD — presencia regional + herramientas oficiales de consulta,https://www.ufd.es/quienes-somos/,official_public_source_or_review_tool,no,"UFD declara presencia regional, pero la comunidad puede tener solapes. Revisión municipal/provincial obligatoria."
castilla_la_mancha,Laguna del Marquesado,Cuenca,municipality:cuenca::laguna_del_marquesado,multi-distribuidora: requiere revisión,needs_municipal_review,multi_distributor_region_needs_municipal_review,no,UFD — presencia regional + herramientas oficiales de consulta,https://www.ufd.es/quienes-somos/,official_public_source_or_review_tool,no,"UFD declara presencia regional, pero la comunidad puede tener solapes. Revisión municipal/provincial obligatoria."
castilla_la_mancha,El Cardoso de la Sierra,Guadalajara,municipality:guadalajara::el_cardoso_de_la_sierra,multi-distribuidora: requiere revisión,needs_municipal_review,multi_distributor_region_needs_municipal_review,no,UFD — presencia regional + herramientas oficiales de consulta,https://www.ufd.es/quienes-somos/,official_public_source_or_review_tool,no,"UFD declara presencia regional, pero la comunidad puede tener solapes. Revisión municipal/provincial obligatoria."
castilla_la_mancha,Ontur,Albacete,municipality:albacete::ontur,multi-distribuidora: requiere revisión,needs_municipal_review,multi_distributor_region_needs_municipal_review,no,UFD — presencia regional + herramientas oficiales de consulta,https://www.ufd.es/quienes-somos/,official_public_source_or_review_tool,no,"UFD declara presencia regional, pero la comunidad puede tener solapes. Revisión municipal/provincial obligatoria."
castilla_la_mancha,Baides,Guadalajara,municipality:guadalajara::baides,multi-distribuidora: requiere revisión,needs_municipal_review,multi_distributor_region_needs_municipal_review,no,UFD — presencia regional + herramientas oficiales de consulta,https://www.ufd.es/quienes-somos/,official_public_source_or_review_tool,no,"UFD declara presencia regional, pero la comunidad puede tener solapes. Revisión municipal/provincial obligatoria."
castilla_la_mancha,Valderrebollo,Guadalajara,municipality:guadalajara::valderrebollo,multi-distribuidora: requiere revisión,needs_municipal_review,multi_distributor_region_needs_municipal_review,no,UFD — presencia regional + herramientas oficiales de consulta,https://www.ufd.es/quienes-somos/,official_public_source_or_review_tool,no,"UFD declara presencia regional, pero la comunidad puede tener solapes. Revisión municipal/provincial obligatoria."
castilla_la_mancha,El Provencio,Cuenca,municipality:cuenca::el_provencio,multi-distribuidora: requiere revisión,needs_municipal_review,multi_distributor_region_needs_municipal_review,no,UFD — presencia regional + herramientas oficiales de consulta,https://www.ufd.es/quienes-somos/,official_public_source_or_review_tool,no,"UFD declara presencia regional, pero la comunidad puede tener solapes. Revisión municipal/provincial obligatoria."
castilla_la_mancha,Valdemorillo de la Sierra,Cuenca,municipality:cuenca::valdemorillo_de_la_sierra,multi-distribuidora: requiere revisión,needs_municipal_review,multi_distributor_region_needs_municipal_review,no,UFD — presencia regional + herramientas oficiales de consulta,https://www.ufd.es/quienes-somos/,official_public_source_or_review_tool,no,"UFD declara presencia regional, pero la comunidad puede tener solapes. Revisión municipal/provincial obligatoria."
castilla_la_mancha,Yebes,Guadalajara,municipality:guadalajara::yebes,multi-distribuidora: requiere revisión,needs_municipal_review,multi_distributor_region_needs_municipal_review,no,UFD — presencia regional + herramientas oficiales de consulta,https://www.ufd.es/quienes-somos/,official_public_source_or_review_tool,no,"UFD declara presencia regional, pero la comunidad puede tener solapes. Revisión municipal/provincial obligatoria."
castilla_la_mancha,Buendía,Cuenca,municipality:cuenca::buendia,multi-distribuidora: requiere revisión,needs_municipal_review,multi_distributor_region_needs_municipal_review,no,UFD — presencia regional + herramientas oficiales de consulta,https://www.ufd.es/quienes-somos/,official_public_source_or_review_tool,no,"UFD declara presencia regional, pero la comunidad puede tener solapes. Revisión municipal/provincial obligatoria."
castilla_la_mancha,El Carpio de Tajo,Toledo,municipality:toledo::el_carpio_de_tajo,multi-distribuidora: requiere revisión,needs_municipal_review,multi_distributor_region_needs_municipal_review,no,UFD — presencia regional + herramientas oficiales de consulta,https://www.ufd.es/quienes-somos/,official_public_source_or_review_tool,no,"UFD declara presencia regional, pero la comunidad puede tener solapes. Revisión municipal/provincial obligatoria."
castilla_la_mancha,Traíd,Guadalajara,municipality:guadalajara::traid,multi-distribuidora: requiere revisión,needs_municipal_review,multi_distributor_region_needs_municipal_review,no,UFD — presencia regional + herramientas oficiales de consulta,https://www.ufd.es/quienes-somos/,official_public_source_or_review_tool,no,"UFD declara presencia regional, pero la comunidad puede tener solapes. Revisión municipal/provincial obligatoria."
castilla_la_mancha,Caracuel de Calatrava,Ciudad Real,municipality:ciudad_real::caracuel_de_calatrava,multi-distribuidora: requiere revisión,needs_municipal_review,multi_distributor_region_needs_municipal_review,no,UFD — presencia regional + herramientas oficiales de consulta,https://www.ufd.es/quienes-somos/,official_public_source_or_review_tool,no,"UFD declara presencia regional, pero la comunidad puede tener solapes. Revisión municipal/provincial obligatoria."
castilla_la_mancha,El Pedernoso,Cuenca,municipality:cuenca::el_pedernoso,multi-distribuidora: requiere revisión,needs_municipal_review,multi_distributor_region_needs_municipal_review,no,UFD — presencia regional + herramientas oficiales de consulta,https://www.ufd.es/quienes-somos/,official_public_source_or_review_tool,no,"UFD declara presencia regional, pero la comunidad puede tener solapes. Revisión municipal/provincial obligatoria."
castilla_la_mancha,Víllora,Cuenca,municipality:cuenca::villora,multi-distribuidora: requiere revisión,needs_municipal_review,multi_distributor_region_needs_municipal_review,no,UFD — presencia regional + herramientas oficiales de consulta,https://www.ufd.es/quienes-somos/,official_public_source_or_review_tool,no,"UFD declara presencia regional, pero la comunidad puede tener solapes. Revisión municipal/provincial obligatoria."
castilla_la_mancha,Huélamo,Cuenca,municipality:cuenca::huelamo,multi-distribuidora: requiere revisión,needs_municipal_review,multi_distributor_region_needs_municipal_review,no,UFD — presencia regional + herramientas oficiales de consulta,https://www.ufd.es/quienes-somos/,official_public_source_or_review_tool,no,"UFD declara presencia regional, pero la comunidad puede tener solapes. Revisión municipal/provincial obligatoria."
castilla_la_mancha,Priego,Cuenca,municipality:cuenca::priego,multi-distribuidora: requiere revisión,needs_municipal_review,multi_distributor_region_needs_municipal_review,no,UFD — presencia regional + herramientas oficiales de consulta,https://www.ufd.es/quienes-somos/,official_public_source_or_review_tool,no,"UFD declara presencia regional, pero la comunidad puede tener solapes. Revisión municipal/provincial obligatoria."
castilla_la_mancha,Monteagudo de las Salinas,Cuenca,municipality:cuenca::monteagudo_de_las_salinas,multi-distribuidora: requiere revisión,needs_municipal_review,multi_distributor_region_needs_municipal_review,no,UFD — presencia regional + herramientas oficiales de consulta,https://www.ufd.es/quienes-somos/,official_public_source_or_review_tool,no,"UFD declara presencia regional, pero la comunidad puede tener solapes. Revisión municipal/provincial obligatoria."
castilla_la_mancha,Megina,Guadalajara,municipality:guadalajara::megina,multi-distribuidora: requiere revisión,needs_municipal_review,multi_distributor_region_needs_municipal_review,no,UFD — presencia regional + herramientas oficiales de consulta,https://www.ufd.es/quienes-somos/,official_public_source_or_review_tool,no,"UFD declara presencia regional, pero la comunidad puede tener solapes. Revisión municipal/provincial obligatoria."
castilla_la_mancha,Barrax,Albacete,municipality:albacete::barrax,multi-distribuidora: requiere revisión,needs_municipal_review,multi_distributor_region_needs_municipal_review,no,UFD — presencia regional + herramientas oficiales de consulta,https://www.ufd.es/quienes-somos/,official_public_source_or_review_tool,no,"UFD declara presencia regional, pero la comunidad puede tener solapes. Revisión municipal/provincial obligatoria."
castilla_la_mancha,La Alberca de Záncara,Cuenca,municipality:cuenca::la_alberca_de_zancara,multi-distribuidora: requiere revisión,needs_municipal_review,multi_distributor_region_needs_municipal_review,no,UFD — presencia regional + herramientas oficiales de consulta,https://www.ufd.es/quienes-somos/,official_public_source_or_review_tool,no,"UFD declara presencia regional, pero la comunidad puede tener solapes. Revisión municipal/provincial obligatoria."
castilla_la_mancha,Pinarejo,Cuenca,municipality:cuenca::pinarejo,multi-distribuidora: requiere revisión,needs_municipal_review,multi_distributor_region_needs_municipal_review,no,UFD — presencia regional + herramientas oficiales de consulta,https://www.ufd.es/quienes-somos/,official_public_source_or_review_tool,no,"UFD declara presencia regional, pero la comunidad puede tener solapes. Revisión municipal/provincial obligatoria."
castilla_la_mancha,Pozorrubielos de la Mancha,Cuenca,municipality:cuenca::pozorrubielos_de_la_mancha,multi-distribuidora: requiere revisión,needs_municipal_review,multi_distributor_region_needs_municipal_review,no,UFD — presencia regional + herramientas oficiales de consulta,https://www.ufd.es/quienes-somos/,official_public_source_or_review_tool,no,"UFD declara presencia regional, pero la comunidad puede tener solapes. Revisión municipal/provincial obligatoria."
castilla_la_mancha,Robledo,Albacete,municipality:albacete::robledo,multi-distribuidora: requiere revisión,needs_municipal_review,multi_distributor_region_needs_municipal_review,no,UFD — presencia regional + herramientas oficiales de consulta,https://www.ufd.es/quienes-somos/,official_public_source_or_review_tool,no,"UFD declara presencia regional, pero la comunidad puede tener solapes. Revisión municipal/provincial obligatoria."
castilla_la_mancha,Loranca de Tajuña,Guadalajara,municipality:guadalajara::loranca_de_tajuna,multi-distribuidora: requiere revisión,needs_municipal_review,multi_distributor_region_needs_municipal_review,no,UFD — presencia regional + herramientas oficiales de consulta,https://www.ufd.es/quienes-somos/,official_public_source_or_review_tool,no,"UFD declara presencia regional, pero la comunidad puede tener solapes. Revisión municipal/provincial obligatoria."
castilla_la_mancha,Santiuste,Guadalajara,municipality:guadalajara::santiuste,multi-distribuidora: requiere revisión,needs_municipal_review,multi_distributor_region_needs_municipal_review,no,UFD — presencia regional + herramientas oficiales de consulta,https://www.ufd.es/quienes-somos/,official_public_source_or_review_tool,no,"UFD declara presencia regional, pero la comunidad puede tener solapes. Revisión municipal/provincial obligatoria."
castilla_la_mancha,La Mierla,Guadalajara,municipality:guadalajara::la_mierla,multi-distribuidora: requiere revisión,needs_municipal_review,multi_distributor_region_needs_municipal_review,no,UFD — presencia regional + herramientas oficiales de consulta,https://www.ufd.es/quienes-somos/,official_public_source_or_review_tool,no,"UFD declara presencia regional, pero la comunidad puede tener solapes. Revisión municipal/provincial obligatoria."
castilla_la_mancha,Terzaga,Guadalajara,municipality:guadalajara::terzaga,multi-distribuidora: requiere revisión,needs_municipal_review,multi_distributor_region_needs_municipal_review,no,UFD — presencia regional + herramientas oficiales de consulta,https://www.ufd.es/quienes-somos/,official_public_source_or_review_tool,no,"UFD declara presencia regional, pero la comunidad puede tener solapes. Revisión municipal/provincial obligatoria."
castilla_la_mancha,Carrascosa,Cuenca,municipality:cuenca::carrascosa,multi-distribuidora: requiere revisión,needs_municipal_review,multi_distributor_region_needs_municipal_review,no,UFD — presencia regional + herramientas oficiales de consulta,https://www.ufd.es/quienes-somos/,official_public_source_or_review_tool,no,"UFD declara presencia regional, pero la comunidad puede tener solapes. Revisión municipal/provincial obligatoria."
castilla_la_mancha,Bañuelos,Guadalajara,municipality:guadalajara::banuelos,multi-distribuidora: requiere revisión,needs_municipal_review,multi_distributor_region_needs_municipal_review,no,UFD — presencia regional + herramientas oficiales de consulta,https://www.ufd.es/quienes-somos/,official_public_source_or_review_tool,no,"UFD declara presencia regional, pero la comunidad puede tener solapes. Revisión municipal/provincial obligatoria."
castilla_la_mancha,Villamiel de Toledo,Toledo,municipality:toledo::villamiel_de_toledo,multi-distribuidora: requiere revisión,needs_municipal_review,multi_distributor_region_needs_municipal_review,no,UFD — presencia regional + herramientas oficiales de consulta,https://www.ufd.es/quienes-somos/,official_public_source_or_review_tool,no,"UFD declara presencia regional, pero la comunidad puede tener solapes. Revisión municipal/provincial obligatoria."
castilla_la_mancha,Poblete,Ciudad Real,municipality:ciudad_real::poblete,multi-distribuidora: requiere revisión,needs_municipal_review,multi_distributor_region_needs_municipal_review,no,UFD — presencia regional + herramientas oficiales de consulta,https://www.ufd.es/quienes-somos/,official_public_source_or_review_tool,no,"UFD declara presencia regional, pero la comunidad puede tener solapes. Revisión municipal/provincial obligatoria."
castilla_la_mancha,Almonacid del Marquesado,Cuenca,municipality:cuenca::almonacid_del_marquesado,multi-distribuidora: requiere revisión,needs_municipal_review,multi_distributor_region_needs_municipal_review,no,UFD — presencia regional + herramientas oficiales de consulta,https://www.ufd.es/quienes-somos/,official_public_source_or_review_tool,no,"UFD declara presencia regional, pero la comunidad puede tener solapes. Revisión municipal/provincial obligatoria."
castilla_la_mancha,Mahora,Albacete,municipality:albacete::mahora,multi-distribuidora: requiere revisión,needs_municipal_review,multi_distributor_region_needs_municipal_review,no,UFD — presencia regional + herramientas oficiales de consulta,https://www.ufd.es/quienes-somos/,official_public_source_or_review_tool,no,"UFD declara presencia regional, pero la comunidad puede tener solapes. Revisión municipal/provincial obligatoria."
castilla_la_mancha,Villahermosa,Ciudad Real,municipality:ciudad_real::villahermosa,multi-distribuidora: requiere revisión,needs_municipal_review,multi_distributor_region_needs_municipal_review,no,UFD — presencia regional + herramientas oficiales de consulta,https://www.ufd.es/quienes-somos/,official_public_source_or_review_tool,no,"UFD declara presencia regional, pero la comunidad puede tener solapes. Revisión municipal/provincial obligatoria."
castilla_la_mancha,Villanueva de los Infantes,Ciudad Real,municipality:ciudad_real::villanueva_de_los_infantes,multi-distribuidora: requiere revisión,needs_municipal_review,multi_distributor_region_needs_municipal_review,no,UFD — presencia regional + herramientas oficiales de consulta,https://www.ufd.es/quienes-somos/,official_public_source_or_review_tool,no,"UFD declara presencia regional, pero la comunidad puede tener solapes. Revisión municipal/provincial obligatoria."
castilla_la_mancha,Valdeolivas,Cuenca,municipality:cuenca::valdeolivas,multi-distribuidora: requiere revisión,needs_municipal_review,multi_distributor_region_needs_municipal_review,no,UFD — presencia regional + herramientas oficiales de consulta,https://www.ufd.es/quienes-somos/,official_public_source_or_review_tool,no,"UFD declara presencia regional, pero la comunidad puede tener solapes. Revisión municipal/provincial obligatoria."
castilla_la_mancha,Castillo de Bayuela,Toledo,municipality:toledo::castillo_de_bayuela,multi-distribuidora: requiere revisión,needs_municipal_review,multi_distributor_region_needs_municipal_review,no,UFD — presencia regional + herramientas oficiales de consulta,https://www.ufd.es/quienes-somos/,official_public_source_or_review_tool,no,"UFD declara presencia regional, pero la comunidad puede tener solapes. Revisión municipal/provincial obligatoria."
castilla_la_mancha,Moratilla de los Meleros,Guadalajara,municipality:guadalajara::moratilla_de_los_meleros,multi-distribuidora: requiere revisión,needs_municipal_review,multi_distributor_region_needs_municipal_review,no,UFD — presencia regional + herramientas oficiales de consulta,https://www.ufd.es/quienes-somos/,official_public_source_or_review_tool,no,"UFD declara presencia regional, pero la comunidad puede tener solapes. Revisión municipal/provincial obligatoria."
castilla_la_mancha,Salvacañete,Cuenca,municipality:cuenca::salvacanete,multi-distribuidora: requiere revisión,needs_municipal_review,multi_distributor_region_needs_municipal_review,no,UFD — presencia regional + herramientas oficiales de consulta,https://www.ufd.es/quienes-somos/,official_public_source_or_review_tool,no,"UFD declara presencia regional, pero la comunidad puede tener solapes. Revisión municipal/provincial obligatoria."
castilla_la_mancha,Villarrobledo,Albacete,municipality:albacete::villarrobledo,multi-distribuidora: requiere revisión,needs_municipal_review,multi_distributor_region_needs_municipal_review,no,UFD — presencia regional + herramientas oficiales de consulta,https://www.ufd.es/quienes-somos/,official_public_source_or_review_tool,no,"UFD declara presencia regional, pero la comunidad puede tener solapes. Revisión municipal/provincial obligatoria."
castilla_la_mancha,Saúca,Guadalajara,municipality:guadalajara::sauca,multi-distribuidora: requiere revisión,needs_municipal_review,multi_distributor_region_needs_municipal_review,no,UFD — presencia regional + herramientas oficiales de consulta,https://www.ufd.es/quienes-somos/,official_public_source_or_review_tool,no,"UFD declara presencia regional, pero la comunidad puede tener solapes. Revisión municipal/provincial obligatoria."
castilla_la_mancha,Mota de Altarejos,Cuenca,municipality:cuenca::mota_de_altarejos,multi-distribuidora: requiere revisión,needs_municipal_review,multi_distributor_region_needs_municipal_review,no,UFD — presencia regional + herramientas oficiales de consulta,https://www.ufd.es/quienes-somos/,official_public_source_or_review_tool,no,"UFD declara presencia regional, pero la comunidad puede tener solapes. Revisión municipal/provincial obligatoria."
castilla_la_mancha,Salinas del Manzano,Cuenca,municipality:cuenca::salinas_del_manzano,multi-distribuidora: requiere revisión,needs_municipal_review,multi_distributor_region_needs_municipal_review,no,UFD — presencia regional + herramientas oficiales de consulta,https://www.ufd.es/quienes-somos/,official_public_source_or_review_tool,no,"UFD declara presencia regional, pero la comunidad puede tener solapes. Revisión municipal/provincial obligatoria."
castilla_la_mancha,Valtablado del Río,Guadalajara,municipality:guadalajara::valtablado_del_rio,multi-distribuidora: requiere revisión,needs_municipal_review,multi_distributor_region_needs_municipal_review,no,UFD — presencia regional + herramientas oficiales de consulta,https://www.ufd.es/quienes-somos/,official_public_source_or_review_tool,no,"UFD declara presencia regional, pero la comunidad puede tener solapes. Revisión municipal/provincial obligatoria."
castilla_la_mancha,Chozas de Canales,Toledo,municipality:toledo::chozas_de_canales,multi-distribuidora: requiere revisión,needs_municipal_review,multi_distributor_region_needs_municipal_review,no,UFD — presencia regional + herramientas oficiales de consulta,https://www.ufd.es/quienes-somos/,official_public_source_or_review_tool,no,"UFD declara presencia regional, pero la comunidad puede tener solapes. Revisión municipal/provincial obligatoria."
castilla_la_mancha,Brazatortas,Ciudad Real,municipality:ciudad_real::brazatortas,multi-distribuidora: requiere revisión,needs_municipal_review,multi_distributor_region_needs_municipal_review,no,UFD — presencia regional + herramientas oficiales de consulta,https://www.ufd.es/quienes-somos/,official_public_source_or_review_tool,no,"UFD declara presencia regional, pero la comunidad puede tener solapes. Revisión municipal/provincial obligatoria."
castilla_la_mancha,Cincovillas,Guadalajara,municipality:guadalajara::cincovillas,multi-distribuidora: requiere revisión,needs_municipal_review,multi_distributor_region_needs_municipal_review,no,UFD — presencia regional + herramientas oficiales de consulta,https://www.ufd.es/quienes-somos/,official_public_source_or_review_tool,no,"UFD declara presencia regional, pero la comunidad puede tener solapes. Revisión municipal/provincial obligatoria."
castilla_la_mancha,Retamoso de la Jara,Toledo,municipality:toledo::retamoso_de_la_jara,multi-distribuidora: requiere revisión,needs_municipal_review,multi_distributor_region_needs_municipal_review,no,UFD — presencia regional + herramientas oficiales de consulta,https://www.ufd.es/quienes-somos/,official_public_source_or_review_tool,no,"UFD declara presencia regional, pero la comunidad puede tener solapes. Revisión municipal/provincial obligatoria."
castilla_la_mancha,Cervera de los Montes,Toledo,municipality:toledo::cervera_de_los_montes,multi-distribuidora: requiere revisión,needs_municipal_review,multi_distributor_region_needs_municipal_review,no,UFD — presencia regional + herramientas oficiales de consulta,https://www.ufd.es/quienes-somos/,official_public_source_or_review_tool,no,"UFD declara presencia regional, pero la comunidad puede tener solapes. Revisión municipal/provincial obligatoria."
castilla_la_mancha,Cardiel de los Montes,Toledo,municipality:toledo::cardiel_de_los_montes,multi-distribuidora: requiere revisión,needs_municipal_review,multi_distributor_region_needs_municipal_review,no,UFD — presencia regional + herramientas oficiales de consulta,https://www.ufd.es/quienes-somos/,official_public_source_or_review_tool,no,"UFD declara presencia regional, pero la comunidad puede tener solapes. Revisión municipal/provincial obligatoria."
castilla_la_mancha,Yunquera de Henares,Guadalajara,municipality:guadalajara::yunquera_de_henares,multi-distribuidora: requiere revisión,needs_municipal_review,multi_distributor_region_needs_municipal_review,no,UFD — presencia regional + herramientas oficiales de consulta,https://www.ufd.es/quienes-somos/,official_public_source_or_review_tool,no,"UFD declara presencia regional, pero la comunidad puede tener solapes. Revisión municipal/provincial obligatoria."
castilla_la_mancha,Ocaña,Toledo,municipality:toledo::ocana,multi-distribuidora: requiere revisión,needs_municipal_review,multi_distributor_region_needs_municipal_review,no,UFD — presencia regional + herramientas oficiales de consulta,https://www.ufd.es/quienes-somos/,official_public_source_or_review_tool,no,"UFD declara presencia regional, pero la comunidad puede tener solapes. Revisión municipal/provincial obligatoria."
castilla_la_mancha,Salmeroncillos,Cuenca,municipality:cuenca::salmeroncillos,multi-distribuidora: requiere revisión,needs_municipal_review,multi_distributor_region_needs_municipal_review,no,UFD — presencia regional + herramientas oficiales de consulta,https://www.ufd.es/quienes-somos/,official_public_source_or_review_tool,no,"UFD declara presencia regional, pero la comunidad puede tener solapes. Revisión municipal/provincial obligatoria."
castilla_la_mancha,Layos,Toledo,municipality:toledo::layos,multi-distribuidora: requiere revisión,needs_municipal_review,multi_distributor_region_needs_municipal_review,no,UFD — presencia regional + herramientas oficiales de consulta,https://www.ufd.es/quienes-somos/,official_public_source_or_review_tool,no,"UFD declara presencia regional, pero la comunidad puede tener solapes. Revisión municipal/provincial obligatoria."
castilla_la_mancha,Chillarón del Rey,Guadalajara,municipality:guadalajara::chillaron_del_rey,multi-distribuidora: requiere revisión,needs_municipal_review,multi_distributor_region_needs_municipal_review,no,UFD — presencia regional + herramientas oficiales de consulta,https://www.ufd.es/quienes-somos/,official_public_source_or_review_tool,no,"UFD declara presencia regional, pero la comunidad puede tener solapes. Revisión municipal/provincial obligatoria."
castilla_la_mancha,Horcajo de los Montes,Ciudad Real,municipality:ciudad_real::horcajo_de_los_montes,multi-distribuidora: requiere revisión,needs_municipal_review,multi_distributor_region_needs_municipal_review,no,UFD — presencia regional + herramientas oficiales de consulta,https://www.ufd.es/quienes-somos/,official_public_source_or_review_tool,no,"UFD declara presencia regional, pero la comunidad puede tener solapes. Revisión municipal/provincial obligatoria."
castilla_la_mancha,Tembleque,Toledo,municipality:toledo::tembleque,multi-distribuidora: requiere revisión,needs_municipal_review,multi_distributor_region_needs_municipal_review,no,UFD — presencia regional + herramientas oficiales de consulta,https://www.ufd.es/quienes-somos/,official_public_source_or_review_tool,no,"UFD declara presencia regional, pero la comunidad puede tener solapes. Revisión municipal/provincial obligatoria."
castilla_la_mancha,Peñascosa,Albacete,municipality:albacete::penascosa,multi-distribuidora: requiere revisión,needs_municipal_review,multi_distributor_region_needs_municipal_review,no,UFD — presencia regional + herramientas oficiales de consulta,https://www.ufd.es/quienes-somos/,official_public_source_or_review_tool,no,"UFD declara presencia regional, pero la comunidad puede tener solapes. Revisión municipal/provincial obligatoria."
castilla_la_mancha,Puebla de Valles,Guadalajara,municipality:guadalajara::puebla_de_valles,multi-distribuidora: requiere revisión,needs_municipal_review,multi_distributor_region_needs_municipal_review,no,UFD — presencia regional + herramientas oficiales de consulta,https://www.ufd.es/quienes-somos/,official_public_source_or_review_tool,no,"UFD declara presencia regional, pero la comunidad puede tener solapes. Revisión municipal/provincial obligatoria."
castilla_la_mancha,Villaseca de Uceda,Guadalajara,municipality:guadalajara::villaseca_de_uceda,multi-distribuidora: requiere revisión,needs_municipal_review,multi_distributor_region_needs_municipal_review,no,UFD — presencia regional + herramientas oficiales de consulta,https://www.ufd.es/quienes-somos/,official_public_source_or_review_tool,no,"UFD declara presencia regional, pero la comunidad puede tener solapes. Revisión municipal/provincial obligatoria."
castilla_la_mancha,Valdemeca,Cuenca,municipality:cuenca::valdemeca,multi-distribuidora: requiere revisión,needs_municipal_review,multi_distributor_region_needs_municipal_review,no,UFD — presencia regional + herramientas oficiales de consulta,https://www.ufd.es/quienes-somos/,official_public_source_or_review_tool,no,"UFD declara presencia regional, pero la comunidad puede tener solapes. Revisión municipal/provincial obligatoria."
castilla_la_mancha,El Puente del Arzobispo,Toledo,municipality:toledo::el_puente_del_arzobispo,multi-distribuidora: requiere revisión,needs_municipal_review,multi_distributor_region_needs_municipal_review,no,UFD — presencia regional + herramientas oficiales de consulta,https://www.ufd.es/quienes-somos/,official_public_source_or_review_tool,no,"UFD declara presencia regional, pero la comunidad puede tener solapes. Revisión municipal/provincial obligatoria."
castilla_la_mancha,Méntrida,Toledo,municipality:toledo::mentrida,multi-distribuidora: requiere revisión,needs_municipal_review,multi_distributor_region_needs_municipal_review,no,UFD — presencia regional + herramientas oficiales de consulta,https://www.ufd.es/quienes-somos/,official_public_source_or_review_tool,no,"UFD declara presencia regional, pero la comunidad puede tener solapes. Revisión municipal/provincial obligatoria."
castilla_la_mancha,San Pedro,Albacete,municipality:albacete::san_pedro,multi-distribuidora: requiere revisión,needs_municipal_review,multi_distributor_region_needs_municipal_review,no,UFD — presencia regional + herramientas oficiales de consulta,https://www.ufd.es/quienes-somos/,official_public_source_or_review_tool,no,"UFD declara presencia regional, pero la comunidad puede tener solapes. Revisión municipal/provincial obligatoria."
castilla_la_mancha,Reíllo,Cuenca,municipality:cuenca::reillo,multi-distribuidora: requiere revisión,needs_municipal_review,multi_distributor_region_needs_municipal_review,no,UFD — presencia regional + herramientas oficiales de consulta,https://www.ufd.es/quienes-somos/,official_public_source_or_review_tool,no,"UFD declara presencia regional, pero la comunidad puede tener solapes. Revisión municipal/provincial obligatoria."
castilla_la_mancha,Pedro Muñoz,Ciudad Real,municipality:ciudad_real::pedro_munoz,multi-distribuidora: requiere revisión,needs_municipal_review,multi_distributor_region_needs_municipal_review,no,UFD — presencia regional + herramientas oficiales de consulta,https://www.ufd.es/quienes-somos/,official_public_source_or_review_tool,no,"UFD declara presencia regional, pero la comunidad puede tener solapes. Revisión municipal/provincial obligatoria."
castilla_la_mancha,El Peral,Cuenca,municipality:cuenca::el_peral,multi-distribuidora: requiere revisión,needs_municipal_review,multi_distributor_region_needs_municipal_review,no,UFD — presencia regional + herramientas oficiales de consulta,https://www.ufd.es/quienes-somos/,official_public_source_or_review_tool,no,"UFD declara presencia regional, pero la comunidad puede tener solapes. Revisión municipal/provincial obligatoria."
castilla_la_mancha,Gabaldón,Cuenca,municipality:cuenca::gabaldon,multi-distribuidora: requiere revisión,needs_municipal_review,multi_distributor_region_needs_municipal_review,no,UFD — presencia regional + herramientas oficiales de consulta,https://www.ufd.es/quienes-somos/,official_public_source_or_review_tool,no,"UFD declara presencia regional, pero la comunidad puede tener solapes. Revisión municipal/provincial obligatoria."
castilla_la_mancha,Condemios de Abajo,Guadalajara,municipality:guadalajara::condemios_de_abajo,multi-distribuidora: requiere revisión,needs_municipal_review,multi_distributor_region_needs_municipal_review,no,UFD — presencia regional + herramientas oficiales de consulta,https://www.ufd.es/quienes-somos/,official_public_source_or_review_tool,no,"UFD declara presencia regional, pero la comunidad puede tener solapes. Revisión municipal/provincial obligatoria."
castilla_la_mancha,Alcolea de Calatrava,Ciudad Real,municipality:ciudad_real::alcolea_de_calatrava,multi-distribuidora: requiere revisión,needs_municipal_review,multi_distributor_region_needs_municipal_review,no,UFD — presencia regional + herramientas oficiales de consulta,https://www.ufd.es/quienes-somos/,official_public_source_or_review_tool,no,"UFD declara presencia regional, pero la comunidad puede tener solapes. Revisión municipal/provincial obligatoria."
castilla_la_mancha,Canredondo,Guadalajara,municipality:guadalajara::canredondo,multi-distribuidora: requiere revisión,needs_municipal_review,multi_distributor_region_needs_municipal_review,no,UFD — presencia regional + herramientas oficiales de consulta,https://www.ufd.es/quienes-somos/,official_public_source_or_review_tool,no,"UFD declara presencia regional, pero la comunidad puede tener solapes. Revisión municipal/provincial obligatoria."
castilla_la_mancha,Villares del Saz,Cuenca,municipality:cuenca::villares_del_saz,multi-distribuidora: requiere revisión,needs_municipal_review,multi_distributor_region_needs_municipal_review,no,UFD — presencia regional + herramientas oficiales de consulta,https://www.ufd.es/quienes-somos/,official_public_source_or_review_tool,no,"UFD declara presencia regional, pero la comunidad puede tener solapes. Revisión municipal/provincial obligatoria."
castilla_la_mancha,Gálvez,Toledo,municipality:toledo::galvez,multi-distribuidora: requiere revisión,needs_municipal_review,multi_distributor_region_needs_municipal_review,no,UFD — presencia regional + herramientas oficiales de consulta,https://www.ufd.es/quienes-somos/,official_public_source_or_review_tool,no,"UFD declara presencia regional, pero la comunidad puede tener solapes. Revisión municipal/provincial obligatoria."
castilla_la_mancha,Casas de los Pinos,Cuenca,municipality:cuenca::casas_de_los_pinos,multi-distribuidora: requiere revisión,needs_municipal_review,multi_distributor_region_needs_municipal_review,no,UFD — presencia regional + herramientas oficiales de consulta,https://www.ufd.es/quienes-somos/,official_public_source_or_review_tool,no,"UFD declara presencia regional, pero la comunidad puede tener solapes. Revisión municipal/provincial obligatoria."
castilla_la_mancha,Motilla del Palancar,Cuenca,municipality:cuenca::motilla_del_palancar,multi-distribuidora: requiere revisión,needs_municipal_review,multi_distributor_region_needs_municipal_review,no,UFD — presencia regional + herramientas oficiales de consulta,https://www.ufd.es/quienes-somos/,official_public_source_or_review_tool,no,"UFD declara presencia regional, pero la comunidad puede tener solapes. Revisión municipal/provincial obligatoria."
castilla_la_mancha,Valdegrudas,Guadalajara,municipality:guadalajara::valdegrudas,multi-distribuidora: requiere revisión,needs_municipal_review,multi_distributor_region_needs_municipal_review,no,UFD — presencia regional + herramientas oficiales de consulta,https://www.ufd.es/quienes-somos/,official_public_source_or_review_tool,no,"UFD declara presencia regional, pero la comunidad puede tener solapes. Revisión municipal/provincial obligatoria."
castilla_la_mancha,Corral de Almaguer,Toledo,municipality:toledo::corral_de_almaguer,multi-distribuidora: requiere revisión,needs_municipal_review,multi_distributor_region_needs_municipal_review,no,UFD — presencia regional + herramientas oficiales de consulta,https://www.ufd.es/quienes-somos/,official_public_source_or_review_tool,no,"UFD declara presencia regional, pero la comunidad puede tener solapes. Revisión municipal/provincial obligatoria."
castilla_la_mancha,Pozohondo,Albacete,municipality:albacete::pozohondo,multi-distribuidora: requiere revisión,needs_municipal_review,multi_distributor_region_needs_municipal_review,no,UFD — presencia regional + herramientas oficiales de consulta,https://www.ufd.es/quienes-somos/,official_public_source_or_review_tool,no,"UFD declara presencia regional, pero la comunidad puede tener solapes. Revisión municipal/provincial obligatoria."
castilla_la_mancha,Viveros,Albacete,municipality:albacete::viveros,multi-distribuidora: requiere revisión,needs_municipal_review,multi_distributor_region_needs_municipal_review,no,UFD — presencia regional + herramientas oficiales de consulta,https://www.ufd.es/quienes-somos/,official_public_source_or_review_tool,no,"UFD declara presencia regional, pero la comunidad puede tener solapes. Revisión municipal/provincial obligatoria."
castilla_la_mancha,Nerpio,Albacete,municipality:albacete::nerpio,multi-distribuidora: requiere revisión,needs_municipal_review,multi_distributor_region_needs_municipal_review,no,UFD — presencia regional + herramientas oficiales de consulta,https://www.ufd.es/quienes-somos/,official_public_source_or_review_tool,no,"UFD declara presencia regional, pero la comunidad puede tener solapes. Revisión municipal/provincial obligatoria."
castilla_la_mancha,Valdeavellano,Guadalajara,municipality:guadalajara::valdeavellano,multi-distribuidora: requiere revisión,needs_municipal_review,multi_distributor_region_needs_municipal_review,no,UFD — presencia regional + herramientas oficiales de consulta,https://www.ufd.es/quienes-somos/,official_public_source_or_review_tool,no,"UFD declara presencia regional, pero la comunidad puede tener solapes. Revisión municipal/provincial obligatoria."
castilla_la_mancha,Alatoz,Albacete,municipality:albacete::alatoz,multi-distribuidora: requiere revisión,needs_municipal_review,multi_distributor_region_needs_municipal_review,no,UFD — presencia regional + herramientas oficiales de consulta,https://www.ufd.es/quienes-somos/,official_public_source_or_review_tool,no,"UFD declara presencia regional, pero la comunidad puede tener solapes. Revisión municipal/provincial obligatoria."
castilla_la_mancha,Villavaliente,Albacete,municipality:albacete::villavaliente,multi-distribuidora: requiere revisión,needs_municipal_review,multi_distributor_region_needs_municipal_review,no,UFD — presencia regional + herramientas oficiales de consulta,https://www.ufd.es/quienes-somos/,official_public_source_or_review_tool,no,"UFD declara presencia regional, pero la comunidad puede tener solapes. Revisión municipal/provincial obligatoria."
castilla_la_mancha,Cuerva,Toledo,municipality:toledo::cuerva,multi-distribuidora: requiere revisión,needs_municipal_review,multi_distributor_region_needs_municipal_review,no,UFD — presencia regional + herramientas oficiales de consulta,https://www.ufd.es/quienes-somos/,official_public_source_or_review_tool,no,"UFD declara presencia regional, pero la comunidad puede tener solapes. Revisión municipal/provincial obligatoria."
castilla_la_mancha,Turleque,Toledo,municipality:toledo::turleque,multi-distribuidora: requiere revisión,needs_municipal_review,multi_distributor_region_needs_municipal_review,no,UFD — presencia regional + herramientas oficiales de consulta,https://www.ufd.es/quienes-somos/,official_public_source_or_review_tool,no,"UFD declara presencia regional, pero la comunidad puede tener solapes. Revisión municipal/provincial obligatoria."
castilla_la_mancha,Chinchilla de Monte-Aragón,Albacete,municipality:albacete::chinchilla_de_monte_aragon,multi-distribuidora: requiere revisión,needs_municipal_review,multi_distributor_region_needs_municipal_review,no,UFD — presencia regional + herramientas oficiales de consulta,https://www.ufd.es/quienes-somos/,official_public_source_or_review_tool,no,"UFD declara presencia regional, pero la comunidad puede tener solapes. Revisión municipal/provincial obligatoria."
castilla_la_mancha,Domingo Pérez,Toledo,municipality:toledo::domingo_perez,multi-distribuidora: requiere revisión,needs_municipal_review,multi_distributor_region_needs_municipal_review,no,UFD — presencia regional + herramientas oficiales de consulta,https://www.ufd.es/quienes-somos/,official_public_source_or_review_tool,no,"UFD declara presencia regional, pero la comunidad puede tener solapes. Revisión municipal/provincial obligatoria."
castilla_la_mancha,Almadén,Ciudad Real,municipality:ciudad_real::almaden,multi-distribuidora: requiere revisión,needs_municipal_review,multi_distributor_region_needs_municipal_review,no,UFD — presencia regional + herramientas oficiales de consulta,https://www.ufd.es/quienes-somos/,official_public_source_or_review_tool,no,"UFD declara presencia regional, pero la comunidad puede tener solapes. Revisión municipal/provincial obligatoria."
castilla_la_mancha,Buenache de Alarcón,Cuenca,municipality:cuenca::buenache_de_alarcon,multi-distribuidora: requiere revisión,needs_municipal_review,multi_distributor_region_needs_municipal_review,no,UFD — presencia regional + herramientas oficiales de consulta,https://www.ufd.es/quienes-somos/,official_public_source_or_review_tool,no,"UFD declara presencia regional, pero la comunidad puede tener solapes. Revisión municipal/provincial obligatoria."
castilla_la_mancha,El Cañavate,Cuenca,municipality:cuenca::el_canavate,multi-distribuidora: requiere revisión,needs_municipal_review,multi_distributor_region_needs_municipal_review,no,UFD — presencia regional + herramientas oficiales de consulta,https://www.ufd.es/quienes-somos/,official_public_source_or_review_tool,no,"UFD declara presencia regional, pero la comunidad puede tener solapes. Revisión municipal/provincial obligatoria."
castilla_la_mancha,Abánades,Guadalajara,municipality:guadalajara::abanades,multi-distribuidora: requiere revisión,needs_municipal_review,multi_distributor_region_needs_municipal_review,no,UFD — presencia regional + herramientas oficiales de consulta,https://www.ufd.es/quienes-somos/,official_public_source_or_review_tool,no,"UFD declara presencia regional, pero la comunidad puede tener solapes. Revisión municipal/provincial obligatoria."
castilla_la_mancha,Malpica de Tajo,Toledo,municipality:toledo::malpica_de_tajo,multi-distribuidora: requiere revisión,needs_municipal_review,multi_distributor_region_needs_municipal_review,no,UFD — presencia regional + herramientas oficiales de consulta,https://www.ufd.es/quienes-somos/,official_public_source_or_review_tool,no,"UFD declara presencia regional, pero la comunidad puede tener solapes. Revisión municipal/provincial obligatoria."
castilla_la_mancha,El Hito,Cuenca,municipality:cuenca::el_hito,multi-distribuidora: requiere revisión,needs_municipal_review,multi_distributor_region_needs_municipal_review,no,UFD — presencia regional + herramientas oficiales de consulta,https://www.ufd.es/quienes-somos/,official_public_source_or_review_tool,no,"UFD declara presencia regional, pero la comunidad puede tener solapes. Revisión municipal/provincial obligatoria."
castilla_la_mancha,Alocén,Guadalajara,municipality:guadalajara::alocen,multi-distribuidora: requiere revisión,needs_municipal_review,multi_distributor_region_needs_municipal_review,no,UFD — presencia regional + herramientas oficiales de consulta,https://www.ufd.es/quienes-somos/,official_public_source_or_review_tool,no,"UFD declara presencia regional, pero la comunidad puede tener solapes. Revisión municipal/provincial obligatoria."
castilla_la_mancha,Menasalbas,Toledo,municipality:toledo::menasalbas,multi-distribuidora: requiere revisión,needs_municipal_review,multi_distributor_region_needs_municipal_review,no,UFD — presencia regional + herramientas oficiales de consulta,https://www.ufd.es/quienes-somos/,official_public_source_or_review_tool,no,"UFD declara presencia regional, pero la comunidad puede tener solapes. Revisión municipal/provincial obligatoria."
castilla_la_mancha,Almuradiel,Ciudad Real,municipality:ciudad_real::almuradiel,multi-distribuidora: requiere revisión,needs_municipal_review,multi_distributor_region_needs_municipal_review,no,UFD — presencia regional + herramientas oficiales de consulta,https://www.ufd.es/quienes-somos/,official_public_source_or_review_tool,no,"UFD declara presencia regional, pero la comunidad puede tener solapes. Revisión municipal/provincial obligatoria."
castilla_la_mancha,Minglanilla,Cuenca,municipality:cuenca::minglanilla,multi-distribuidora: requiere revisión,needs_municipal_review,multi_distributor_region_needs_municipal_review,no,UFD — presencia regional + herramientas oficiales de consulta,https://www.ufd.es/quienes-somos/,official_public_source_or_review_tool,no,"UFD declara presencia regional, pero la comunidad puede tener solapes. Revisión municipal/provincial obligatoria."
castilla_la_mancha,Sonseca,Toledo,municipality:toledo::sonseca,multi-distribuidora: requiere revisión,needs_municipal_review,multi_distributor_region_needs_municipal_review,no,UFD — presencia regional + herramientas oficiales de consulta,https://www.ufd.es/quienes-somos/,official_public_source_or_review_tool,no,"UFD declara presencia regional, pero la comunidad puede tener solapes. Revisión municipal/provincial obligatoria."
castilla_la_mancha,Villaluenga de la Sagra,Toledo,municipality:toledo::villaluenga_de_la_sagra,multi-distribuidora: requiere revisión,needs_municipal_review,multi_distributor_region_needs_municipal_review,no,UFD — presencia regional + herramientas oficiales de consulta,https://www.ufd.es/quienes-somos/,official_public_source_or_review_tool,no,"UFD declara presencia regional, pero la comunidad puede tener solapes. Revisión municipal/provincial obligatoria."
castilla_la_mancha,Gascueña de Bornova,Guadalajara,municipality:guadalajara::gascuena_de_bornova,multi-distribuidora: requiere revisión,needs_municipal_review,multi_distributor_region_needs_municipal_review,no,UFD — presencia regional + herramientas oficiales de consulta,https://www.ufd.es/quienes-somos/,official_public_source_or_review_tool,no,"UFD declara presencia regional, pero la comunidad puede tener solapes. Revisión municipal/provincial obligatoria."
castilla_la_mancha,Segurilla,Toledo,municipality:toledo::segurilla,multi-distribuidora: requiere revisión,needs_municipal_review,multi_distributor_region_needs_municipal_review,no,UFD — presencia regional + herramientas oficiales de consulta,https://www.ufd.es/quienes-somos/,official_public_source_or_review_tool,no,"UFD declara presencia regional, pero la comunidad puede tener solapes. Revisión municipal/provincial obligatoria."
castilla_la_mancha,La Peraleja,Cuenca,municipality:cuenca::la_peraleja,multi-distribuidora: requiere revisión,needs_municipal_review,multi_distributor_region_needs_municipal_review,no,UFD — presencia regional + herramientas oficiales de consulta,https://www.ufd.es/quienes-somos/,official_public_source_or_review_tool,no,"UFD declara presencia regional, pero la comunidad puede tener solapes. Revisión municipal/provincial obligatoria."
castilla_la_mancha,Torrubia del Castillo,Cuenca,municipality:cuenca::torrubia_del_castillo,multi-distribuidora: requiere revisión,needs_municipal_review,multi_distributor_region_needs_municipal_review,no,UFD — presencia regional + herramientas oficiales de consulta,https://www.ufd.es/quienes-somos/,official_public_source_or_review_tool,no,"UFD declara presencia regional, pero la comunidad puede tener solapes. Revisión municipal/provincial obligatoria."
castilla_la_mancha,Casarrubios del Monte,Toledo,municipality:toledo::casarrubios_del_monte,multi-distribuidora: requiere revisión,needs_municipal_review,multi_distributor_region_needs_municipal_review,no,UFD — presencia regional + herramientas oficiales de consulta,https://www.ufd.es/quienes-somos/,official_public_source_or_review_tool,no,"UFD declara presencia regional, pero la comunidad puede tener solapes. Revisión municipal/provincial obligatoria."
castilla_la_mancha,Mohernando,Guadalajara,municipality:guadalajara::mohernando,multi-distribuidora: requiere revisión,needs_municipal_review,multi_distributor_region_needs_municipal_review,no,UFD — presencia regional + herramientas oficiales de consulta,https://www.ufd.es/quienes-somos/,official_public_source_or_review_tool,no,"UFD declara presencia regional, pero la comunidad puede tener solapes. Revisión municipal/provincial obligatoria."
castilla_la_mancha,Huérmeces del Cerro,Guadalajara,municipality:guadalajara::huermeces_del_cerro,multi-distribuidora: requiere revisión,needs_municipal_review,multi_distributor_region_needs_municipal_review,no,UFD — presencia regional + herramientas oficiales de consulta,https://www.ufd.es/quienes-somos/,official_public_source_or_review_tool,no,"UFD declara presencia regional, pero la comunidad puede tener solapes. Revisión municipal/provincial obligatoria."
castilla_la_mancha,La Almarcha,Cuenca,municipality:cuenca::la_almarcha,multi-distribuidora: requiere revisión,needs_municipal_review,multi_distributor_region_needs_municipal_review,no,UFD — presencia regional + herramientas oficiales de consulta,https://www.ufd.es/quienes-somos/,official_public_source_or_review_tool,no,"UFD declara presencia regional, pero la comunidad puede tener solapes. Revisión municipal/provincial obligatoria."
castilla_la_mancha,Puebla del Salvador,Cuenca,municipality:cuenca::puebla_del_salvador,multi-distribuidora: requiere revisión,needs_municipal_review,multi_distributor_region_needs_municipal_review,no,UFD — presencia regional + herramientas oficiales de consulta,https://www.ufd.es/quienes-somos/,official_public_source_or_review_tool,no,"UFD declara presencia regional, pero la comunidad puede tener solapes. Revisión municipal/provincial obligatoria."
castilla_la_mancha,Ciruelas,Guadalajara,municipality:guadalajara::ciruelas,multi-distribuidora: requiere revisión,needs_municipal_review,multi_distributor_region_needs_municipal_review,no,UFD — presencia regional + herramientas oficiales de consulta,https://www.ufd.es/quienes-somos/,official_public_source_or_review_tool,no,"UFD declara presencia regional, pero la comunidad puede tener solapes. Revisión municipal/provincial obligatoria."
