dataset_id,municipio,province,zone_id,candidate_distributor,candidate_confidence,review_status,bulk_import_allowed,source_name,source_url,source_type,already_productive,notes
comunitat_valenciana,Torreblanca,Castelló,municipality:castello::torreblanca,"i-DE Redes Eléctricas Inteligentes, S.A.U.",needs_municipal_review,official_tool_review_required,no,i-DE — mapa oficial de distribuidoras,https://www.i-de.es/conexion-red-electrica/mapa-de-distribuidoras,official_public_source_or_review_tool,no,i-DE ofrece herramienta oficial de consulta por zona. No hay tabla municipal simple en este research; requiere validación municipal antes de producción.
comunitat_valenciana,Castellnovo,Castelló,municipality:castello::castellnovo,"i-DE Redes Eléctricas Inteligentes, S.A.U.",needs_municipal_review,official_tool_review_required,no,i-DE — mapa oficial de distribuidoras,https://www.i-de.es/conexion-red-electrica/mapa-de-distribuidoras,official_public_source_or_review_tool,no,i-DE ofrece herramienta oficial de consulta por zona. No hay tabla municipal simple en este research; requiere validación municipal antes de producción.
comunitat_valenciana,San Fulgencio,Alacant,municipality:alacant::san_fulgencio,"i-DE Redes Eléctricas Inteligentes, S.A.U.",needs_municipal_review,official_tool_review_required,no,i-DE — mapa oficial de distribuidoras,https://www.i-de.es/conexion-red-electrica/mapa-de-distribuidoras,official_public_source_or_review_tool,no,i-DE ofrece herramienta oficial de consulta por zona. No hay tabla municipal simple en este research; requiere validación municipal antes de producción.
comunitat_valenciana,Vallat,Castelló,municipality:castello::vallat,"i-DE Redes Eléctricas Inteligentes, S.A.U.",needs_municipal_review,official_tool_review_required,no,i-DE — mapa oficial de distribuidoras,https://www.i-de.es/conexion-red-electrica/mapa-de-distribuidoras,official_public_source_or_review_tool,no,i-DE ofrece herramienta oficial de consulta por zona. No hay tabla municipal simple en este research; requiere validación municipal antes de producción.
comunitat_valenciana,Bellús,València,municipality:valencia::bellus,"i-DE Redes Eléctricas Inteligentes, S.A.U.",needs_municipal_review,official_tool_review_required,no,i-DE — mapa oficial de distribuidoras,https://www.i-de.es/conexion-red-electrica/mapa-de-distribuidoras,official_public_source_or_review_tool,no,i-DE ofrece herramienta oficial de consulta por zona. No hay tabla municipal simple en este research; requiere validación municipal antes de producción.
comunitat_valenciana,Torrevieja,Alacant,municipality:alacant::torrevieja,"i-DE Redes Eléctricas Inteligentes, S.A.U.",needs_municipal_review,official_tool_review_required,no,i-DE — mapa oficial de distribuidoras,https://www.i-de.es/conexion-red-electrica/mapa-de-distribuidoras,official_public_source_or_review_tool,no,i-DE ofrece herramienta oficial de consulta por zona. No hay tabla municipal simple en este research; requiere validación municipal antes de producción.
comunitat_valenciana,Pinet,València,municipality:valencia::pinet,"i-DE Redes Eléctricas Inteligentes, S.A.U.",needs_municipal_review,official_tool_review_required,no,i-DE — mapa oficial de distribuidoras,https://www.i-de.es/conexion-red-electrica/mapa-de-distribuidoras,official_public_source_or_review_tool,no,i-DE ofrece herramienta oficial de consulta por zona. No hay tabla municipal simple en este research; requiere validación municipal antes de producción.
comunitat_valenciana,Bufali,València,municipality:valencia::bufali,"i-DE Redes Eléctricas Inteligentes, S.A.U.",needs_municipal_review,official_tool_review_required,no,i-DE — mapa oficial de distribuidoras,https://www.i-de.es/conexion-red-electrica/mapa-de-distribuidoras,official_public_source_or_review_tool,no,i-DE ofrece herramienta oficial de consulta por zona. No hay tabla municipal simple en este research; requiere validación municipal antes de producción.
comunitat_valenciana,Teulada,Alacant,municipality:alacant::teulada,"i-DE Redes Eléctricas Inteligentes, S.A.U.",needs_municipal_review,official_tool_review_required,no,i-DE — mapa oficial de distribuidoras,https://www.i-de.es/conexion-red-electrica/mapa-de-distribuidoras,official_public_source_or_review_tool,no,i-DE ofrece herramienta oficial de consulta por zona. No hay tabla municipal simple en este research; requiere validación municipal antes de producción.
comunitat_valenciana,Onil,Alacant,municipality:alacant::onil,"i-DE Redes Eléctricas Inteligentes, S.A.U.",needs_municipal_review,official_tool_review_required,no,i-DE — mapa oficial de distribuidoras,https://www.i-de.es/conexion-red-electrica/mapa-de-distribuidoras,official_public_source_or_review_tool,no,i-DE ofrece herramienta oficial de consulta por zona. No hay tabla municipal simple en este research; requiere validación municipal antes de producción.
comunitat_valenciana,Cofrentes,València,municipality:valencia::cofrentes,"i-DE Redes Eléctricas Inteligentes, S.A.U.",needs_municipal_review,official_tool_review_required,no,i-DE — mapa oficial de distribuidoras,https://www.i-de.es/conexion-red-electrica/mapa-de-distribuidoras,official_public_source_or_review_tool,no,i-DE ofrece herramienta oficial de consulta por zona. No hay tabla municipal simple en este research; requiere validación municipal antes de producción.
comunitat_valenciana,Oliva,València,municipality:valencia::oliva,"i-DE Redes Eléctricas Inteligentes, S.A.U.",needs_municipal_review,official_tool_review_required,no,i-DE — mapa oficial de distribuidoras,https://www.i-de.es/conexion-red-electrica/mapa-de-distribuidoras,official_public_source_or_review_tool,no,i-DE ofrece herramienta oficial de consulta por zona. No hay tabla municipal simple en este research; requiere validación municipal antes de producción.
comunitat_valenciana,Caudiel,Castelló,municipality:castello::caudiel,"i-DE Redes Eléctricas Inteligentes, S.A.U.",needs_municipal_review,official_tool_review_required,no,i-DE — mapa oficial de distribuidoras,https://www.i-de.es/conexion-red-electrica/mapa-de-distribuidoras,official_public_source_or_review_tool,no,i-DE ofrece herramienta oficial de consulta por zona. No hay tabla municipal simple en este research; requiere validación municipal antes de producción.
comunitat_valenciana,l'Alcúdia,València,municipality:valencia::l_alcudia,"i-DE Redes Eléctricas Inteligentes, S.A.U.",needs_municipal_review,official_tool_review_required,no,i-DE — mapa oficial de distribuidoras,https://www.i-de.es/conexion-red-electrica/mapa-de-distribuidoras,official_public_source_or_review_tool,no,i-DE ofrece herramienta oficial de consulta por zona. No hay tabla municipal simple en este research; requiere validación municipal antes de producción.
comunitat_valenciana,Guadasséquies,València,municipality:valencia::guadassequies,"i-DE Redes Eléctricas Inteligentes, S.A.U.",needs_municipal_review,official_tool_review_required,no,i-DE — mapa oficial de distribuidoras,https://www.i-de.es/conexion-red-electrica/mapa-de-distribuidoras,official_public_source_or_review_tool,no,i-DE ofrece herramienta oficial de consulta por zona. No hay tabla municipal simple en este research; requiere validación municipal antes de producción.
comunitat_valenciana,Benicàssim,Castelló,municipality:castello::benicassim,"i-DE Redes Eléctricas Inteligentes, S.A.U.",needs_municipal_review,official_tool_review_required,no,i-DE — mapa oficial de distribuidoras,https://www.i-de.es/conexion-red-electrica/mapa-de-distribuidoras,official_public_source_or_review_tool,no,i-DE ofrece herramienta oficial de consulta por zona. No hay tabla municipal simple en este research; requiere validación municipal antes de producción.
comunitat_valenciana,Montesa,València,municipality:valencia::montesa,"i-DE Redes Eléctricas Inteligentes, S.A.U.",needs_municipal_review,official_tool_review_required,no,i-DE — mapa oficial de distribuidoras,https://www.i-de.es/conexion-red-electrica/mapa-de-distribuidoras,official_public_source_or_review_tool,no,i-DE ofrece herramienta oficial de consulta por zona. No hay tabla municipal simple en este research; requiere validación municipal antes de producción.
comunitat_valenciana,Llombai,València,municipality:valencia::llombai,"i-DE Redes Eléctricas Inteligentes, S.A.U.",needs_municipal_review,official_tool_review_required,no,i-DE — mapa oficial de distribuidoras,https://www.i-de.es/conexion-red-electrica/mapa-de-distribuidoras,official_public_source_or_review_tool,no,i-DE ofrece herramienta oficial de consulta por zona. No hay tabla municipal simple en este research; requiere validación municipal antes de producción.
comunitat_valenciana,Gavarda,València,municipality:valencia::gavarda,"i-DE Redes Eléctricas Inteligentes, S.A.U.",needs_municipal_review,official_tool_review_required,no,i-DE — mapa oficial de distribuidoras,https://www.i-de.es/conexion-red-electrica/mapa-de-distribuidoras,official_public_source_or_review_tool,no,i-DE ofrece herramienta oficial de consulta por zona. No hay tabla municipal simple en este research; requiere validación municipal antes de producción.
comunitat_valenciana,Cabanes,Castelló,municipality:castello::cabanes,"i-DE Redes Eléctricas Inteligentes, S.A.U.",needs_municipal_review,official_tool_review_required,no,i-DE — mapa oficial de distribuidoras,https://www.i-de.es/conexion-red-electrica/mapa-de-distribuidoras,official_public_source_or_review_tool,no,i-DE ofrece herramienta oficial de consulta por zona. No hay tabla municipal simple en este research; requiere validación municipal antes de producción.
comunitat_valenciana,Llanera de Ranes,València,municipality:valencia::llanera_de_ranes,"i-DE Redes Eléctricas Inteligentes, S.A.U.",needs_municipal_review,official_tool_review_required,no,i-DE — mapa oficial de distribuidoras,https://www.i-de.es/conexion-red-electrica/mapa-de-distribuidoras,official_public_source_or_review_tool,no,i-DE ofrece herramienta oficial de consulta por zona. No hay tabla municipal simple en este research; requiere validación municipal antes de producción.
comunitat_valenciana,Benifairó de la Valldigna,València,municipality:valencia::benifairo_de_la_valldigna,"i-DE Redes Eléctricas Inteligentes, S.A.U.",needs_municipal_review,official_tool_review_required,no,i-DE — mapa oficial de distribuidoras,https://www.i-de.es/conexion-red-electrica/mapa-de-distribuidoras,official_public_source_or_review_tool,no,i-DE ofrece herramienta oficial de consulta por zona. No hay tabla municipal simple en este research; requiere validación municipal antes de producción.
comunitat_valenciana,Cheste,València,municipality:valencia::cheste,"i-DE Redes Eléctricas Inteligentes, S.A.U.",needs_municipal_review,official_tool_review_required,no,i-DE — mapa oficial de distribuidoras,https://www.i-de.es/conexion-red-electrica/mapa-de-distribuidoras,official_public_source_or_review_tool,no,i-DE ofrece herramienta oficial de consulta por zona. No hay tabla municipal simple en este research; requiere validación municipal antes de producción.
comunitat_valenciana,Castellfort,Castelló,municipality:castello::castellfort,"i-DE Redes Eléctricas Inteligentes, S.A.U.",needs_municipal_review,official_tool_review_required,no,i-DE — mapa oficial de distribuidoras,https://www.i-de.es/conexion-red-electrica/mapa-de-distribuidoras,official_public_source_or_review_tool,no,i-DE ofrece herramienta oficial de consulta por zona. No hay tabla municipal simple en este research; requiere validación municipal antes de producción.
comunitat_valenciana,Los Montesinos,Alacant,municipality:alacant::los_montesinos,"i-DE Redes Eléctricas Inteligentes, S.A.U.",needs_municipal_review,official_tool_review_required,no,i-DE — mapa oficial de distribuidoras,https://www.i-de.es/conexion-red-electrica/mapa-de-distribuidoras,official_public_source_or_review_tool,no,i-DE ofrece herramienta oficial de consulta por zona. No hay tabla municipal simple en este research; requiere validación municipal antes de producción.
comunitat_valenciana,Sax,Alacant,municipality:alacant::sax,"i-DE Redes Eléctricas Inteligentes, S.A.U.",needs_municipal_review,official_tool_review_required,no,i-DE — mapa oficial de distribuidoras,https://www.i-de.es/conexion-red-electrica/mapa-de-distribuidoras,official_public_source_or_review_tool,no,i-DE ofrece herramienta oficial de consulta por zona. No hay tabla municipal simple en este research; requiere validación municipal antes de producción.
comunitat_valenciana,Tous,València,municipality:valencia::tous,"i-DE Redes Eléctricas Inteligentes, S.A.U.",needs_municipal_review,official_tool_review_required,no,i-DE — mapa oficial de distribuidoras,https://www.i-de.es/conexion-red-electrica/mapa-de-distribuidoras,official_public_source_or_review_tool,no,i-DE ofrece herramienta oficial de consulta por zona. No hay tabla municipal simple en este research; requiere validación municipal antes de producción.
comunitat_valenciana,Herbers,Castelló,municipality:castello::herbers,"i-DE Redes Eléctricas Inteligentes, S.A.U.",needs_municipal_review,official_tool_review_required,no,i-DE — mapa oficial de distribuidoras,https://www.i-de.es/conexion-red-electrica/mapa-de-distribuidoras,official_public_source_or_review_tool,no,i-DE ofrece herramienta oficial de consulta por zona. No hay tabla municipal simple en este research; requiere validación municipal antes de producción.
comunitat_valenciana,San Isidro,Alacant,municipality:alacant::san_isidro,"i-DE Redes Eléctricas Inteligentes, S.A.U.",needs_municipal_review,official_tool_review_required,no,i-DE — mapa oficial de distribuidoras,https://www.i-de.es/conexion-red-electrica/mapa-de-distribuidoras,official_public_source_or_review_tool,no,i-DE ofrece herramienta oficial de consulta por zona. No hay tabla municipal simple en este research; requiere validación municipal antes de producción.
comunitat_valenciana,Vinalesa,València,municipality:valencia::vinalesa,"i-DE Redes Eléctricas Inteligentes, S.A.U.",needs_municipal_review,official_tool_review_required,no,i-DE — mapa oficial de distribuidoras,https://www.i-de.es/conexion-red-electrica/mapa-de-distribuidoras,official_public_source_or_review_tool,no,i-DE ofrece herramienta oficial de consulta por zona. No hay tabla municipal simple en este research; requiere validación municipal antes de producción.
comunitat_valenciana,Carrícola,València,municipality:valencia::carricola,"i-DE Redes Eléctricas Inteligentes, S.A.U.",needs_municipal_review,official_tool_review_required,no,i-DE — mapa oficial de distribuidoras,https://www.i-de.es/conexion-red-electrica/mapa-de-distribuidoras,official_public_source_or_review_tool,no,i-DE ofrece herramienta oficial de consulta por zona. No hay tabla municipal simple en este research; requiere validación municipal antes de producción.
comunitat_valenciana,Benimantell,Alacant,municipality:alacant::benimantell,"i-DE Redes Eléctricas Inteligentes, S.A.U.",needs_municipal_review,official_tool_review_required,no,i-DE — mapa oficial de distribuidoras,https://www.i-de.es/conexion-red-electrica/mapa-de-distribuidoras,official_public_source_or_review_tool,no,i-DE ofrece herramienta oficial de consulta por zona. No hay tabla municipal simple en este research; requiere validación municipal antes de producción.
comunitat_valenciana,Torrebaja,València,municipality:valencia::torrebaja,"i-DE Redes Eléctricas Inteligentes, S.A.U.",needs_municipal_review,official_tool_review_required,no,i-DE — mapa oficial de distribuidoras,https://www.i-de.es/conexion-red-electrica/mapa-de-distribuidoras,official_public_source_or_review_tool,no,i-DE ofrece herramienta oficial de consulta por zona. No hay tabla municipal simple en este research; requiere validación municipal antes de producción.
comunitat_valenciana,Vallibona,Castelló,municipality:castello::vallibona,"i-DE Redes Eléctricas Inteligentes, S.A.U.",needs_municipal_review,official_tool_review_required,no,i-DE — mapa oficial de distribuidoras,https://www.i-de.es/conexion-red-electrica/mapa-de-distribuidoras,official_public_source_or_review_tool,no,i-DE ofrece herramienta oficial de consulta por zona. No hay tabla municipal simple en este research; requiere validación municipal antes de producción.
comunitat_valenciana,Sacañet,Castelló,municipality:castello::sacanet,"i-DE Redes Eléctricas Inteligentes, S.A.U.",needs_municipal_review,official_tool_review_required,no,i-DE — mapa oficial de distribuidoras,https://www.i-de.es/conexion-red-electrica/mapa-de-distribuidoras,official_public_source_or_review_tool,no,i-DE ofrece herramienta oficial de consulta por zona. No hay tabla municipal simple en este research; requiere validación municipal antes de producción.
comunitat_valenciana,Orpesa,Castelló,municipality:castello::orpesa,"i-DE Redes Eléctricas Inteligentes, S.A.U.",needs_municipal_review,official_tool_review_required,no,i-DE — mapa oficial de distribuidoras,https://www.i-de.es/conexion-red-electrica/mapa-de-distribuidoras,official_public_source_or_review_tool,no,i-DE ofrece herramienta oficial de consulta por zona. No hay tabla municipal simple en este research; requiere validación municipal antes de producción.
comunitat_valenciana,Benirredrà,València,municipality:valencia::benirredra,"i-DE Redes Eléctricas Inteligentes, S.A.U.",needs_municipal_review,official_tool_review_required,no,i-DE — mapa oficial de distribuidoras,https://www.i-de.es/conexion-red-electrica/mapa-de-distribuidoras,official_public_source_or_review_tool,no,i-DE ofrece herramienta oficial de consulta por zona. No hay tabla municipal simple en este research; requiere validación municipal antes de producción.
comunitat_valenciana,Bugarra,València,municipality:valencia::bugarra,"i-DE Redes Eléctricas Inteligentes, S.A.U.",needs_municipal_review,official_tool_review_required,no,i-DE — mapa oficial de distribuidoras,https://www.i-de.es/conexion-red-electrica/mapa-de-distribuidoras,official_public_source_or_review_tool,no,i-DE ofrece herramienta oficial de consulta por zona. No hay tabla municipal simple en este research; requiere validación municipal antes de producción.
comunitat_valenciana,Palmera,València,municipality:valencia::palmera,"i-DE Redes Eléctricas Inteligentes, S.A.U.",needs_municipal_review,official_tool_review_required,no,i-DE — mapa oficial de distribuidoras,https://www.i-de.es/conexion-red-electrica/mapa-de-distribuidoras,official_public_source_or_review_tool,no,i-DE ofrece herramienta oficial de consulta por zona. No hay tabla municipal simple en este research; requiere validación municipal antes de producción.
comunitat_valenciana,Sot de Chera,València,municipality:valencia::sot_de_chera,"i-DE Redes Eléctricas Inteligentes, S.A.U.",needs_municipal_review,official_tool_review_required,no,i-DE — mapa oficial de distribuidoras,https://www.i-de.es/conexion-red-electrica/mapa-de-distribuidoras,official_public_source_or_review_tool,no,i-DE ofrece herramienta oficial de consulta por zona. No hay tabla municipal simple en este research; requiere validación municipal antes de producción.
comunitat_valenciana,Alcosser,Alacant,municipality:alacant::alcosser,"i-DE Redes Eléctricas Inteligentes, S.A.U.",needs_municipal_review,official_tool_review_required,no,i-DE — mapa oficial de distribuidoras,https://www.i-de.es/conexion-red-electrica/mapa-de-distribuidoras,official_public_source_or_review_tool,no,i-DE ofrece herramienta oficial de consulta por zona. No hay tabla municipal simple en este research; requiere validación municipal antes de producción.
comunitat_valenciana,Benlloc,Castelló,municipality:castello::benlloc,"i-DE Redes Eléctricas Inteligentes, S.A.U.",needs_municipal_review,official_tool_review_required,no,i-DE — mapa oficial de distribuidoras,https://www.i-de.es/conexion-red-electrica/mapa-de-distribuidoras,official_public_source_or_review_tool,no,i-DE ofrece herramienta oficial de consulta por zona. No hay tabla municipal simple en este research; requiere validación municipal antes de producción.
comunitat_valenciana,Polinyà de Xúquer,València,municipality:valencia::polinya_de_xuquer,"i-DE Redes Eléctricas Inteligentes, S.A.U.",needs_municipal_review,official_tool_review_required,no,i-DE — mapa oficial de distribuidoras,https://www.i-de.es/conexion-red-electrica/mapa-de-distribuidoras,official_public_source_or_review_tool,no,i-DE ofrece herramienta oficial de consulta por zona. No hay tabla municipal simple en este research; requiere validación municipal antes de producción.
comunitat_valenciana,Riba-roja de Túria,València,municipality:valencia::riba_roja_de_turia,"i-DE Redes Eléctricas Inteligentes, S.A.U.",needs_municipal_review,official_tool_review_required,no,i-DE — mapa oficial de distribuidoras,https://www.i-de.es/conexion-red-electrica/mapa-de-distribuidoras,official_public_source_or_review_tool,no,i-DE ofrece herramienta oficial de consulta por zona. No hay tabla municipal simple en este research; requiere validación municipal antes de producción.
comunitat_valenciana,Salem,València,municipality:valencia::salem,"i-DE Redes Eléctricas Inteligentes, S.A.U.",needs_municipal_review,official_tool_review_required,no,i-DE — mapa oficial de distribuidoras,https://www.i-de.es/conexion-red-electrica/mapa-de-distribuidoras,official_public_source_or_review_tool,no,i-DE ofrece herramienta oficial de consulta por zona. No hay tabla municipal simple en este research; requiere validación municipal antes de producción.
comunitat_valenciana,Rojales,Alacant,municipality:alacant::rojales,"i-DE Redes Eléctricas Inteligentes, S.A.U.",needs_municipal_review,official_tool_review_required,no,i-DE — mapa oficial de distribuidoras,https://www.i-de.es/conexion-red-electrica/mapa-de-distribuidoras,official_public_source_or_review_tool,no,i-DE ofrece herramienta oficial de consulta por zona. No hay tabla municipal simple en este research; requiere validación municipal antes de producción.
comunitat_valenciana,el Real de Gandia,València,municipality:valencia::el_real_de_gandia,"i-DE Redes Eléctricas Inteligentes, S.A.U.",needs_municipal_review,official_tool_review_required,no,i-DE — mapa oficial de distribuidoras,https://www.i-de.es/conexion-red-electrica/mapa-de-distribuidoras,official_public_source_or_review_tool,no,i-DE ofrece herramienta oficial de consulta por zona. No hay tabla municipal simple en este research; requiere validación municipal antes de producción.
comunitat_valenciana,Costur,Castelló,municipality:castello::costur,"i-DE Redes Eléctricas Inteligentes, S.A.U.",needs_municipal_review,official_tool_review_required,no,i-DE — mapa oficial de distribuidoras,https://www.i-de.es/conexion-red-electrica/mapa-de-distribuidoras,official_public_source_or_review_tool,no,i-DE ofrece herramienta oficial de consulta por zona. No hay tabla municipal simple en este research; requiere validación municipal antes de producción.
comunitat_valenciana,la Serratella,Castelló,municipality:castello::la_serratella,"i-DE Redes Eléctricas Inteligentes, S.A.U.",needs_municipal_review,official_tool_review_required,no,i-DE — mapa oficial de distribuidoras,https://www.i-de.es/conexion-red-electrica/mapa-de-distribuidoras,official_public_source_or_review_tool,no,i-DE ofrece herramienta oficial de consulta por zona. No hay tabla municipal simple en este research; requiere validación municipal antes de producción.
comunitat_valenciana,Granja de Rocamora,Alacant,municipality:alacant::granja_de_rocamora,"i-DE Redes Eléctricas Inteligentes, S.A.U.",needs_municipal_review,official_tool_review_required,no,i-DE — mapa oficial de distribuidoras,https://www.i-de.es/conexion-red-electrica/mapa-de-distribuidoras,official_public_source_or_review_tool,no,i-DE ofrece herramienta oficial de consulta por zona. No hay tabla municipal simple en este research; requiere validación municipal antes de producción.
comunitat_valenciana,Villahermosa del Río,Castelló,municipality:castello::villahermosa_del_rio,"i-DE Redes Eléctricas Inteligentes, S.A.U.",needs_municipal_review,official_tool_review_required,no,i-DE — mapa oficial de distribuidoras,https://www.i-de.es/conexion-red-electrica/mapa-de-distribuidoras,official_public_source_or_review_tool,no,i-DE ofrece herramienta oficial de consulta por zona. No hay tabla municipal simple en este research; requiere validación municipal antes de producción.
comunitat_valenciana,Sant Joanet,València,municipality:valencia::sant_joanet,"i-DE Redes Eléctricas Inteligentes, S.A.U.",needs_municipal_review,official_tool_review_required,no,i-DE — mapa oficial de distribuidoras,https://www.i-de.es/conexion-red-electrica/mapa-de-distribuidoras,official_public_source_or_review_tool,no,i-DE ofrece herramienta oficial de consulta por zona. No hay tabla municipal simple en este research; requiere validación municipal antes de producción.
comunitat_valenciana,Senija,Alacant,municipality:alacant::senija,"i-DE Redes Eléctricas Inteligentes, S.A.U.",needs_municipal_review,official_tool_review_required,no,i-DE — mapa oficial de distribuidoras,https://www.i-de.es/conexion-red-electrica/mapa-de-distribuidoras,official_public_source_or_review_tool,no,i-DE ofrece herramienta oficial de consulta por zona. No hay tabla municipal simple en este research; requiere validación municipal antes de producción.
comunitat_valenciana,Confrides,Alacant,municipality:alacant::confrides,"i-DE Redes Eléctricas Inteligentes, S.A.U.",needs_municipal_review,official_tool_review_required,no,i-DE — mapa oficial de distribuidoras,https://www.i-de.es/conexion-red-electrica/mapa-de-distribuidoras,official_public_source_or_review_tool,no,i-DE ofrece herramienta oficial de consulta por zona. No hay tabla municipal simple en este research; requiere validación municipal antes de producción.
comunitat_valenciana,Tales,Castelló,municipality:castello::tales,"i-DE Redes Eléctricas Inteligentes, S.A.U.",needs_municipal_review,official_tool_review_required,no,i-DE — mapa oficial de distribuidoras,https://www.i-de.es/conexion-red-electrica/mapa-de-distribuidoras,official_public_source_or_review_tool,no,i-DE ofrece herramienta oficial de consulta por zona. No hay tabla municipal simple en este research; requiere validación municipal antes de producción.
comunitat_valenciana,Onda,Castelló,municipality:castello::onda,"i-DE Redes Eléctricas Inteligentes, S.A.U.",needs_municipal_review,official_tool_review_required,no,i-DE — mapa oficial de distribuidoras,https://www.i-de.es/conexion-red-electrica/mapa-de-distribuidoras,official_public_source_or_review_tool,no,i-DE ofrece herramienta oficial de consulta por zona. No hay tabla municipal simple en este research; requiere validación municipal antes de producción.
comunitat_valenciana,Riola,València,municipality:valencia::riola,"i-DE Redes Eléctricas Inteligentes, S.A.U.",needs_municipal_review,official_tool_review_required,no,i-DE — mapa oficial de distribuidoras,https://www.i-de.es/conexion-red-electrica/mapa-de-distribuidoras,official_public_source_or_review_tool,no,i-DE ofrece herramienta oficial de consulta por zona. No hay tabla municipal simple en este research; requiere validación municipal antes de producción.
comunitat_valenciana,Monòver,Alacant,municipality:alacant::monover,"i-DE Redes Eléctricas Inteligentes, S.A.U.",needs_municipal_review,official_tool_review_required,no,i-DE — mapa oficial de distribuidoras,https://www.i-de.es/conexion-red-electrica/mapa-de-distribuidoras,official_public_source_or_review_tool,no,i-DE ofrece herramienta oficial de consulta por zona. No hay tabla municipal simple en este research; requiere validación municipal antes de producción.
comunitat_valenciana,Portell de Morella,Castelló,municipality:castello::portell_de_morella,"i-DE Redes Eléctricas Inteligentes, S.A.U.",needs_municipal_review,official_tool_review_required,no,i-DE — mapa oficial de distribuidoras,https://www.i-de.es/conexion-red-electrica/mapa-de-distribuidoras,official_public_source_or_review_tool,no,i-DE ofrece herramienta oficial de consulta por zona. No hay tabla municipal simple en este research; requiere validación municipal antes de producción.
comunitat_valenciana,Biar,Alacant,municipality:alacant::biar,"i-DE Redes Eléctricas Inteligentes, S.A.U.",needs_municipal_review,official_tool_review_required,no,i-DE — mapa oficial de distribuidoras,https://www.i-de.es/conexion-red-electrica/mapa-de-distribuidoras,official_public_source_or_review_tool,no,i-DE ofrece herramienta oficial de consulta por zona. No hay tabla municipal simple en este research; requiere validación municipal antes de producción.
comunitat_valenciana,Alcoleja,Alacant,municipality:alacant::alcoleja,"i-DE Redes Eléctricas Inteligentes, S.A.U.",needs_municipal_review,official_tool_review_required,no,i-DE — mapa oficial de distribuidoras,https://www.i-de.es/conexion-red-electrica/mapa-de-distribuidoras,official_public_source_or_review_tool,no,i-DE ofrece herramienta oficial de consulta por zona. No hay tabla municipal simple en este research; requiere validación municipal antes de producción.
comunitat_valenciana,la Salzadella,Castelló,municipality:castello::la_salzadella,"i-DE Redes Eléctricas Inteligentes, S.A.U.",needs_municipal_review,official_tool_review_required,no,i-DE — mapa oficial de distribuidoras,https://www.i-de.es/conexion-red-electrica/mapa-de-distribuidoras,official_public_source_or_review_tool,no,i-DE ofrece herramienta oficial de consulta por zona. No hay tabla municipal simple en este research; requiere validación municipal antes de producción.
comunitat_valenciana,Segart,València,municipality:valencia::segart,"i-DE Redes Eléctricas Inteligentes, S.A.U.",needs_municipal_review,official_tool_review_required,no,i-DE — mapa oficial de distribuidoras,https://www.i-de.es/conexion-red-electrica/mapa-de-distribuidoras,official_public_source_or_review_tool,no,i-DE ofrece herramienta oficial de consulta por zona. No hay tabla municipal simple en este research; requiere validación municipal antes de producción.
comunitat_valenciana,les Coves de Vinromà,Castelló,municipality:castello::les_coves_de_vinroma,"i-DE Redes Eléctricas Inteligentes, S.A.U.",needs_municipal_review,official_tool_review_required,no,i-DE — mapa oficial de distribuidoras,https://www.i-de.es/conexion-red-electrica/mapa-de-distribuidoras,official_public_source_or_review_tool,no,i-DE ofrece herramienta oficial de consulta por zona. No hay tabla municipal simple en este research; requiere validación municipal antes de producción.
comunitat_valenciana,Tavernes de la Valldigna,València,municipality:valencia::tavernes_de_la_valldigna,"i-DE Redes Eléctricas Inteligentes, S.A.U.",needs_municipal_review,official_tool_review_required,no,i-DE — mapa oficial de distribuidoras,https://www.i-de.es/conexion-red-electrica/mapa-de-distribuidoras,official_public_source_or_review_tool,no,i-DE ofrece herramienta oficial de consulta por zona. No hay tabla municipal simple en este research; requiere validación municipal antes de producción.
comunitat_valenciana,Barracas,Castelló,municipality:castello::barracas,"i-DE Redes Eléctricas Inteligentes, S.A.U.",needs_municipal_review,official_tool_review_required,no,i-DE — mapa oficial de distribuidoras,https://www.i-de.es/conexion-red-electrica/mapa-de-distribuidoras,official_public_source_or_review_tool,no,i-DE ofrece herramienta oficial de consulta por zona. No hay tabla municipal simple en este research; requiere validación municipal antes de producción.
comunitat_valenciana,Paiporta,València,municipality:valencia::paiporta,"i-DE Redes Eléctricas Inteligentes, S.A.U.",needs_municipal_review,official_tool_review_required,no,i-DE — mapa oficial de distribuidoras,https://www.i-de.es/conexion-red-electrica/mapa-de-distribuidoras,official_public_source_or_review_tool,no,i-DE ofrece herramienta oficial de consulta por zona. No hay tabla municipal simple en este research; requiere validación municipal antes de producción.
comunitat_valenciana,Benillup,Alacant,municipality:alacant::benillup,"i-DE Redes Eléctricas Inteligentes, S.A.U.",needs_municipal_review,official_tool_review_required,no,i-DE — mapa oficial de distribuidoras,https://www.i-de.es/conexion-red-electrica/mapa-de-distribuidoras,official_public_source_or_review_tool,no,i-DE ofrece herramienta oficial de consulta por zona. No hay tabla municipal simple en este research; requiere validación municipal antes de producción.
comunitat_valenciana,el Fondó de les Neus,Alacant,municipality:alacant::el_fondo_de_les_neus,"i-DE Redes Eléctricas Inteligentes, S.A.U.",needs_municipal_review,official_tool_review_required,no,i-DE — mapa oficial de distribuidoras,https://www.i-de.es/conexion-red-electrica/mapa-de-distribuidoras,official_public_source_or_review_tool,no,i-DE ofrece herramienta oficial de consulta por zona. No hay tabla municipal simple en este research; requiere validación municipal antes de producción.
comunitat_valenciana,Aras de los Olmos,València,municipality:valencia::aras_de_los_olmos,"i-DE Redes Eléctricas Inteligentes, S.A.U.",needs_municipal_review,official_tool_review_required,no,i-DE — mapa oficial de distribuidoras,https://www.i-de.es/conexion-red-electrica/mapa-de-distribuidoras,official_public_source_or_review_tool,no,i-DE ofrece herramienta oficial de consulta por zona. No hay tabla municipal simple en este research; requiere validación municipal antes de producción.
comunitat_valenciana,Castell de Cabres,Castelló,municipality:castello::castell_de_cabres,"i-DE Redes Eléctricas Inteligentes, S.A.U.",needs_municipal_review,official_tool_review_required,no,i-DE — mapa oficial de distribuidoras,https://www.i-de.es/conexion-red-electrica/mapa-de-distribuidoras,official_public_source_or_review_tool,no,i-DE ofrece herramienta oficial de consulta por zona. No hay tabla municipal simple en este research; requiere validación municipal antes de producción.
comunitat_valenciana,Palanques,Castelló,municipality:castello::palanques,"i-DE Redes Eléctricas Inteligentes, S.A.U.",needs_municipal_review,official_tool_review_required,no,i-DE — mapa oficial de distribuidoras,https://www.i-de.es/conexion-red-electrica/mapa-de-distribuidoras,official_public_source_or_review_tool,no,i-DE ofrece herramienta oficial de consulta por zona. No hay tabla municipal simple en este research; requiere validación municipal antes de producción.
comunitat_valenciana,Alcàsser,València,municipality:valencia::alcasser,"i-DE Redes Eléctricas Inteligentes, S.A.U.",needs_municipal_review,official_tool_review_required,no,i-DE — mapa oficial de distribuidoras,https://www.i-de.es/conexion-red-electrica/mapa-de-distribuidoras,official_public_source_or_review_tool,no,i-DE ofrece herramienta oficial de consulta por zona. No hay tabla municipal simple en este research; requiere validación municipal antes de producción.
comunitat_valenciana,Vilafranca,Castelló,municipality:castello::vilafranca,"i-DE Redes Eléctricas Inteligentes, S.A.U.",needs_municipal_review,official_tool_review_required,no,i-DE — mapa oficial de distribuidoras,https://www.i-de.es/conexion-red-electrica/mapa-de-distribuidoras,official_public_source_or_review_tool,no,i-DE ofrece herramienta oficial de consulta por zona. No hay tabla municipal simple en este research; requiere validación municipal antes de producción.
comunitat_valenciana,Alborache,València,municipality:valencia::alborache,"i-DE Redes Eléctricas Inteligentes, S.A.U.",needs_municipal_review,official_tool_review_required,no,i-DE — mapa oficial de distribuidoras,https://www.i-de.es/conexion-red-electrica/mapa-de-distribuidoras,official_public_source_or_review_tool,no,i-DE ofrece herramienta oficial de consulta por zona. No hay tabla municipal simple en este research; requiere validación municipal antes de producción.
comunitat_valenciana,Aielo de Rugat,València,municipality:valencia::aielo_de_rugat,"i-DE Redes Eléctricas Inteligentes, S.A.U.",needs_municipal_review,official_tool_review_required,no,i-DE — mapa oficial de distribuidoras,https://www.i-de.es/conexion-red-electrica/mapa-de-distribuidoras,official_public_source_or_review_tool,no,i-DE ofrece herramienta oficial de consulta por zona. No hay tabla municipal simple en este research; requiere validación municipal antes de producción.
comunitat_valenciana,Muro de Alcoy,Alacant,municipality:alacant::muro_de_alcoy,"i-DE Redes Eléctricas Inteligentes, S.A.U.",needs_municipal_review,official_tool_review_required,no,i-DE — mapa oficial de distribuidoras,https://www.i-de.es/conexion-red-electrica/mapa-de-distribuidoras,official_public_source_or_review_tool,no,i-DE ofrece herramienta oficial de consulta por zona. No hay tabla municipal simple en este research; requiere validación municipal antes de producción.
comunitat_valenciana,Montanejos,Castelló,municipality:castello::montanejos,"i-DE Redes Eléctricas Inteligentes, S.A.U.",needs_municipal_review,official_tool_review_required,no,i-DE — mapa oficial de distribuidoras,https://www.i-de.es/conexion-red-electrica/mapa-de-distribuidoras,official_public_source_or_review_tool,no,i-DE ofrece herramienta oficial de consulta por zona. No hay tabla municipal simple en este research; requiere validación municipal antes de producción.
comunitat_valenciana,Villamalur,Castelló,municipality:castello::villamalur,"i-DE Redes Eléctricas Inteligentes, S.A.U.",needs_municipal_review,official_tool_review_required,no,i-DE — mapa oficial de distribuidoras,https://www.i-de.es/conexion-red-electrica/mapa-de-distribuidoras,official_public_source_or_review_tool,no,i-DE ofrece herramienta oficial de consulta por zona. No hay tabla municipal simple en este research; requiere validación municipal antes de producción.
comunitat_valenciana,Albalat dels Tarongers,València,municipality:valencia::albalat_dels_tarongers,"i-DE Redes Eléctricas Inteligentes, S.A.U.",needs_municipal_review,official_tool_review_required,no,i-DE — mapa oficial de distribuidoras,https://www.i-de.es/conexion-red-electrica/mapa-de-distribuidoras,official_public_source_or_review_tool,no,i-DE ofrece herramienta oficial de consulta por zona. No hay tabla municipal simple en este research; requiere validación municipal antes de producción.
comunitat_valenciana,Massalavés,València,municipality:valencia::massalaves,"i-DE Redes Eléctricas Inteligentes, S.A.U.",needs_municipal_review,official_tool_review_required,no,i-DE — mapa oficial de distribuidoras,https://www.i-de.es/conexion-red-electrica/mapa-de-distribuidoras,official_public_source_or_review_tool,no,i-DE ofrece herramienta oficial de consulta por zona. No hay tabla municipal simple en este research; requiere validación municipal antes de producción.
comunitat_valenciana,Museros,València,municipality:valencia::museros,"i-DE Redes Eléctricas Inteligentes, S.A.U.",needs_municipal_review,official_tool_review_required,no,i-DE — mapa oficial de distribuidoras,https://www.i-de.es/conexion-red-electrica/mapa-de-distribuidoras,official_public_source_or_review_tool,no,i-DE ofrece herramienta oficial de consulta por zona. No hay tabla municipal simple en este research; requiere validación municipal antes de producción.
comunitat_valenciana,Sellent,València,municipality:valencia::sellent,"i-DE Redes Eléctricas Inteligentes, S.A.U.",needs_municipal_review,official_tool_review_required,no,i-DE — mapa oficial de distribuidoras,https://www.i-de.es/conexion-red-electrica/mapa-de-distribuidoras,official_public_source_or_review_tool,no,i-DE ofrece herramienta oficial de consulta por zona. No hay tabla municipal simple en este research; requiere validación municipal antes de producción.
comunitat_valenciana,Benicarló,Castelló,municipality:castello::benicarlo,"i-DE Redes Eléctricas Inteligentes, S.A.U.",needs_municipal_review,official_tool_review_required,no,i-DE — mapa oficial de distribuidoras,https://www.i-de.es/conexion-red-electrica/mapa-de-distribuidoras,official_public_source_or_review_tool,no,i-DE ofrece herramienta oficial de consulta por zona. No hay tabla municipal simple en este research; requiere validación municipal antes de producción.
comunitat_valenciana,Chelva,València,municipality:valencia::chelva,"i-DE Redes Eléctricas Inteligentes, S.A.U.",needs_municipal_review,official_tool_review_required,no,i-DE — mapa oficial de distribuidoras,https://www.i-de.es/conexion-red-electrica/mapa-de-distribuidoras,official_public_source_or_review_tool,no,i-DE ofrece herramienta oficial de consulta por zona. No hay tabla municipal simple en este research; requiere validación municipal antes de producción.
comunitat_valenciana,Paterna,València,municipality:valencia::paterna,"i-DE Redes Eléctricas Inteligentes, S.A.U.",needs_municipal_review,official_tool_review_required,no,i-DE — mapa oficial de distribuidoras,https://www.i-de.es/conexion-red-electrica/mapa-de-distribuidoras,official_public_source_or_review_tool,no,i-DE ofrece herramienta oficial de consulta por zona. No hay tabla municipal simple en este research; requiere validación municipal antes de producción.
comunitat_valenciana,Domeño,València,municipality:valencia::domeno,"i-DE Redes Eléctricas Inteligentes, S.A.U.",needs_municipal_review,official_tool_review_required,no,i-DE — mapa oficial de distribuidoras,https://www.i-de.es/conexion-red-electrica/mapa-de-distribuidoras,official_public_source_or_review_tool,no,i-DE ofrece herramienta oficial de consulta por zona. No hay tabla municipal simple en este research; requiere validación municipal antes de producción.
comunitat_valenciana,Polop,Alacant,municipality:alacant::polop,"i-DE Redes Eléctricas Inteligentes, S.A.U.",needs_municipal_review,official_tool_review_required,no,i-DE — mapa oficial de distribuidoras,https://www.i-de.es/conexion-red-electrica/mapa-de-distribuidoras,official_public_source_or_review_tool,no,i-DE ofrece herramienta oficial de consulta por zona. No hay tabla municipal simple en este research; requiere validación municipal antes de producción.
comunitat_valenciana,Benifairó de les Valls,València,municipality:valencia::benifairo_de_les_valls,"i-DE Redes Eléctricas Inteligentes, S.A.U.",needs_municipal_review,official_tool_review_required,no,i-DE — mapa oficial de distribuidoras,https://www.i-de.es/conexion-red-electrica/mapa-de-distribuidoras,official_public_source_or_review_tool,no,i-DE ofrece herramienta oficial de consulta por zona. No hay tabla municipal simple en este research; requiere validación municipal antes de producción.
comunitat_valenciana,Bonrepòs i Mirambell,València,municipality:valencia::bonrepos_i_mirambell,"i-DE Redes Eléctricas Inteligentes, S.A.U.",needs_municipal_review,official_tool_review_required,no,i-DE — mapa oficial de distribuidoras,https://www.i-de.es/conexion-red-electrica/mapa-de-distribuidoras,official_public_source_or_review_tool,no,i-DE ofrece herramienta oficial de consulta por zona. No hay tabla municipal simple en este research; requiere validación municipal antes de producción.
comunitat_valenciana,Benimassot,Alacant,municipality:alacant::benimassot,"i-DE Redes Eléctricas Inteligentes, S.A.U.",needs_municipal_review,official_tool_review_required,no,i-DE — mapa oficial de distribuidoras,https://www.i-de.es/conexion-red-electrica/mapa-de-distribuidoras,official_public_source_or_review_tool,no,i-DE ofrece herramienta oficial de consulta por zona. No hay tabla municipal simple en este research; requiere validación municipal antes de producción.
comunitat_valenciana,el Pinós,Alacant,municipality:alacant::el_pinos,"i-DE Redes Eléctricas Inteligentes, S.A.U.",needs_municipal_review,official_tool_review_required,no,i-DE — mapa oficial de distribuidoras,https://www.i-de.es/conexion-red-electrica/mapa-de-distribuidoras,official_public_source_or_review_tool,no,i-DE ofrece herramienta oficial de consulta por zona. No hay tabla municipal simple en este research; requiere validación municipal antes de producción.
comunitat_valenciana,Higueras,Castelló,municipality:castello::higueras,"i-DE Redes Eléctricas Inteligentes, S.A.U.",needs_municipal_review,official_tool_review_required,no,i-DE — mapa oficial de distribuidoras,https://www.i-de.es/conexion-red-electrica/mapa-de-distribuidoras,official_public_source_or_review_tool,no,i-DE ofrece herramienta oficial de consulta por zona. No hay tabla municipal simple en este research; requiere validación municipal antes de producción.
comunitat_valenciana,Moixent,València,municipality:valencia::moixent,"i-DE Redes Eléctricas Inteligentes, S.A.U.",needs_municipal_review,official_tool_review_required,no,i-DE — mapa oficial de distribuidoras,https://www.i-de.es/conexion-red-electrica/mapa-de-distribuidoras,official_public_source_or_review_tool,no,i-DE ofrece herramienta oficial de consulta por zona. No hay tabla municipal simple en este research; requiere validación municipal antes de producción.
comunitat_valenciana,Vistabella del Maestrat,Castelló,municipality:castello::vistabella_del_maestrat,"i-DE Redes Eléctricas Inteligentes, S.A.U.",needs_municipal_review,official_tool_review_required,no,i-DE — mapa oficial de distribuidoras,https://www.i-de.es/conexion-red-electrica/mapa-de-distribuidoras,official_public_source_or_review_tool,no,i-DE ofrece herramienta oficial de consulta por zona. No hay tabla municipal simple en este research; requiere validación municipal antes de producción.
comunitat_valenciana,Sot de Ferrer,Castelló,municipality:castello::sot_de_ferrer,"i-DE Redes Eléctricas Inteligentes, S.A.U.",needs_municipal_review,official_tool_review_required,no,i-DE — mapa oficial de distribuidoras,https://www.i-de.es/conexion-red-electrica/mapa-de-distribuidoras,official_public_source_or_review_tool,no,i-DE ofrece herramienta oficial de consulta por zona. No hay tabla municipal simple en este research; requiere validación municipal antes de producción.
comunitat_valenciana,l'Alfàs del Pi,Alacant,municipality:alacant::l_alfas_del_pi,"i-DE Redes Eléctricas Inteligentes, S.A.U.",needs_municipal_review,official_tool_review_required,no,i-DE — mapa oficial de distribuidoras,https://www.i-de.es/conexion-red-electrica/mapa-de-distribuidoras,official_public_source_or_review_tool,no,i-DE ofrece herramienta oficial de consulta por zona. No hay tabla municipal simple en este research; requiere validación municipal antes de producción.
comunitat_valenciana,Caudete de las Fuentes,València,municipality:valencia::caudete_de_las_fuentes,"i-DE Redes Eléctricas Inteligentes, S.A.U.",needs_municipal_review,official_tool_review_required,no,i-DE — mapa oficial de distribuidoras,https://www.i-de.es/conexion-red-electrica/mapa-de-distribuidoras,official_public_source_or_review_tool,no,i-DE ofrece herramienta oficial de consulta por zona. No hay tabla municipal simple en este research; requiere validación municipal antes de producción.
comunitat_valenciana,Benafigos,Castelló,municipality:castello::benafigos,"i-DE Redes Eléctricas Inteligentes, S.A.U.",needs_municipal_review,official_tool_review_required,no,i-DE — mapa oficial de distribuidoras,https://www.i-de.es/conexion-red-electrica/mapa-de-distribuidoras,official_public_source_or_review_tool,no,i-DE ofrece herramienta oficial de consulta por zona. No hay tabla municipal simple en este research; requiere validación municipal antes de producción.
comunitat_valenciana,Nules,Castelló,municipality:castello::nules,"i-DE Redes Eléctricas Inteligentes, S.A.U.",needs_municipal_review,official_tool_review_required,no,i-DE — mapa oficial de distribuidoras,https://www.i-de.es/conexion-red-electrica/mapa-de-distribuidoras,official_public_source_or_review_tool,no,i-DE ofrece herramienta oficial de consulta por zona. No hay tabla municipal simple en este research; requiere validación municipal antes de producción.
comunitat_valenciana,Turís,València,municipality:valencia::turis,"i-DE Redes Eléctricas Inteligentes, S.A.U.",needs_municipal_review,official_tool_review_required,no,i-DE — mapa oficial de distribuidoras,https://www.i-de.es/conexion-red-electrica/mapa-de-distribuidoras,official_public_source_or_review_tool,no,i-DE ofrece herramienta oficial de consulta por zona. No hay tabla municipal simple en este research; requiere validación municipal antes de producción.
comunitat_valenciana,Millares,València,municipality:valencia::millares,"i-DE Redes Eléctricas Inteligentes, S.A.U.",needs_municipal_review,official_tool_review_required,no,i-DE — mapa oficial de distribuidoras,https://www.i-de.es/conexion-red-electrica/mapa-de-distribuidoras,official_public_source_or_review_tool,no,i-DE ofrece herramienta oficial de consulta por zona. No hay tabla municipal simple en este research; requiere validación municipal antes de producción.
comunitat_valenciana,les Alqueries,Castelló,municipality:castello::les_alqueries,"i-DE Redes Eléctricas Inteligentes, S.A.U.",needs_municipal_review,official_tool_review_required,no,i-DE — mapa oficial de distribuidoras,https://www.i-de.es/conexion-red-electrica/mapa-de-distribuidoras,official_public_source_or_review_tool,no,i-DE ofrece herramienta oficial de consulta por zona. No hay tabla municipal simple en este research; requiere validación municipal antes de producción.
comunitat_valenciana,Chulilla,València,municipality:valencia::chulilla,"i-DE Redes Eléctricas Inteligentes, S.A.U.",needs_municipal_review,official_tool_review_required,no,i-DE — mapa oficial de distribuidoras,https://www.i-de.es/conexion-red-electrica/mapa-de-distribuidoras,official_public_source_or_review_tool,no,i-DE ofrece herramienta oficial de consulta por zona. No hay tabla municipal simple en este research; requiere validación municipal antes de producción.
comunitat_valenciana,Sant Joan de Moró,Castelló,municipality:castello::sant_joan_de_moro,"i-DE Redes Eléctricas Inteligentes, S.A.U.",needs_municipal_review,official_tool_review_required,no,i-DE — mapa oficial de distribuidoras,https://www.i-de.es/conexion-red-electrica/mapa-de-distribuidoras,official_public_source_or_review_tool,no,i-DE ofrece herramienta oficial de consulta por zona. No hay tabla municipal simple en este research; requiere validación municipal antes de producción.
comunitat_valenciana,Beniparrell,València,municipality:valencia::beniparrell,"i-DE Redes Eléctricas Inteligentes, S.A.U.",needs_municipal_review,official_tool_review_required,no,i-DE — mapa oficial de distribuidoras,https://www.i-de.es/conexion-red-electrica/mapa-de-distribuidoras,official_public_source_or_review_tool,no,i-DE ofrece herramienta oficial de consulta por zona. No hay tabla municipal simple en este research; requiere validación municipal antes de producción.
comunitat_valenciana,Benifaió,València,municipality:valencia::benifaio,"i-DE Redes Eléctricas Inteligentes, S.A.U.",needs_municipal_review,official_tool_review_required,no,i-DE — mapa oficial de distribuidoras,https://www.i-de.es/conexion-red-electrica/mapa-de-distribuidoras,official_public_source_or_review_tool,no,i-DE ofrece herramienta oficial de consulta por zona. No hay tabla municipal simple en este research; requiere validación municipal antes de producción.
comunitat_valenciana,Benigànim,València,municipality:valencia::beniganim,"i-DE Redes Eléctricas Inteligentes, S.A.U.",needs_municipal_review,official_tool_review_required,no,i-DE — mapa oficial de distribuidoras,https://www.i-de.es/conexion-red-electrica/mapa-de-distribuidoras,official_public_source_or_review_tool,no,i-DE ofrece herramienta oficial de consulta por zona. No hay tabla municipal simple en este research; requiere validación municipal antes de producción.
comunitat_valenciana,Almenara,Castelló,municipality:castello::almenara,"i-DE Redes Eléctricas Inteligentes, S.A.U.",needs_municipal_review,official_tool_review_required,no,i-DE — mapa oficial de distribuidoras,https://www.i-de.es/conexion-red-electrica/mapa-de-distribuidoras,official_public_source_or_review_tool,no,i-DE ofrece herramienta oficial de consulta por zona. No hay tabla municipal simple en este research; requiere validación municipal antes de producción.
comunitat_valenciana,el Puig de Santa Maria,València,municipality:valencia::el_puig_de_santa_maria,"i-DE Redes Eléctricas Inteligentes, S.A.U.",needs_municipal_review,official_tool_review_required,no,i-DE — mapa oficial de distribuidoras,https://www.i-de.es/conexion-red-electrica/mapa-de-distribuidoras,official_public_source_or_review_tool,no,i-DE ofrece herramienta oficial de consulta por zona. No hay tabla municipal simple en este research; requiere validación municipal antes de producción.
comunitat_valenciana,València,València,municipality:valencia::valencia,"i-DE Redes Eléctricas Inteligentes, S.A.U.",needs_municipal_review,official_tool_review_required,no,i-DE — mapa oficial de distribuidoras,https://www.i-de.es/conexion-red-electrica/mapa-de-distribuidoras,official_public_source_or_review_tool,no,i-DE ofrece herramienta oficial de consulta por zona. No hay tabla municipal simple en este research; requiere validación municipal antes de producción.
comunitat_valenciana,Chiva,València,municipality:valencia::chiva,"i-DE Redes Eléctricas Inteligentes, S.A.U.",needs_municipal_review,official_tool_review_required,no,i-DE — mapa oficial de distribuidoras,https://www.i-de.es/conexion-red-electrica/mapa-de-distribuidoras,official_public_source_or_review_tool,no,i-DE ofrece herramienta oficial de consulta por zona. No hay tabla municipal simple en este research; requiere validación municipal antes de producción.
comunitat_valenciana,Rafelguaraf,València,municipality:valencia::rafelguaraf,"i-DE Redes Eléctricas Inteligentes, S.A.U.",needs_municipal_review,official_tool_review_required,no,i-DE — mapa oficial de distribuidoras,https://www.i-de.es/conexion-red-electrica/mapa-de-distribuidoras,official_public_source_or_review_tool,no,i-DE ofrece herramienta oficial de consulta por zona. No hay tabla municipal simple en este research; requiere validación municipal antes de producción.
comunitat_valenciana,Almedíjar,Castelló,municipality:castello::almedijar,"i-DE Redes Eléctricas Inteligentes, S.A.U.",needs_municipal_review,official_tool_review_required,no,i-DE — mapa oficial de distribuidoras,https://www.i-de.es/conexion-red-electrica/mapa-de-distribuidoras,official_public_source_or_review_tool,no,i-DE ofrece herramienta oficial de consulta por zona. No hay tabla municipal simple en este research; requiere validación municipal antes de producción.
comunitat_valenciana,Alcalalí,Alacant,municipality:alacant::alcalali,"i-DE Redes Eléctricas Inteligentes, S.A.U.",needs_municipal_review,official_tool_review_required,no,i-DE — mapa oficial de distribuidoras,https://www.i-de.es/conexion-red-electrica/mapa-de-distribuidoras,official_public_source_or_review_tool,no,i-DE ofrece herramienta oficial de consulta por zona. No hay tabla municipal simple en este research; requiere validación municipal antes de producción.
comunitat_valenciana,Sella,Alacant,municipality:alacant::sella,"i-DE Redes Eléctricas Inteligentes, S.A.U.",needs_municipal_review,official_tool_review_required,no,i-DE — mapa oficial de distribuidoras,https://www.i-de.es/conexion-red-electrica/mapa-de-distribuidoras,official_public_source_or_review_tool,no,i-DE ofrece herramienta oficial de consulta por zona. No hay tabla municipal simple en este research; requiere validación municipal antes de producción.
comunitat_valenciana,Rossell,Castelló,municipality:castello::rossell,"i-DE Redes Eléctricas Inteligentes, S.A.U.",needs_municipal_review,official_tool_review_required,no,i-DE — mapa oficial de distribuidoras,https://www.i-de.es/conexion-red-electrica/mapa-de-distribuidoras,official_public_source_or_review_tool,no,i-DE ofrece herramienta oficial de consulta por zona. No hay tabla municipal simple en este research; requiere validación municipal antes de producción.
comunitat_valenciana,Carlet,València,municipality:valencia::carlet,"i-DE Redes Eléctricas Inteligentes, S.A.U.",needs_municipal_review,official_tool_review_required,no,i-DE — mapa oficial de distribuidoras,https://www.i-de.es/conexion-red-electrica/mapa-de-distribuidoras,official_public_source_or_review_tool,no,i-DE ofrece herramienta oficial de consulta por zona. No hay tabla municipal simple en este research; requiere validación municipal antes de producción.
comunitat_valenciana,Rugat,València,municipality:valencia::rugat,"i-DE Redes Eléctricas Inteligentes, S.A.U.",needs_municipal_review,official_tool_review_required,no,i-DE — mapa oficial de distribuidoras,https://www.i-de.es/conexion-red-electrica/mapa-de-distribuidoras,official_public_source_or_review_tool,no,i-DE ofrece herramienta oficial de consulta por zona. No hay tabla municipal simple en este research; requiere validación municipal antes de producción.
comunitat_valenciana,Venta del Moro,València,municipality:valencia::venta_del_moro,"i-DE Redes Eléctricas Inteligentes, S.A.U.",needs_municipal_review,official_tool_review_required,no,i-DE — mapa oficial de distribuidoras,https://www.i-de.es/conexion-red-electrica/mapa-de-distribuidoras,official_public_source_or_review_tool,no,i-DE ofrece herramienta oficial de consulta por zona. No hay tabla municipal simple en este research; requiere validación municipal antes de producción.
comunitat_valenciana,Finestrat,Alacant,municipality:alacant::finestrat,"i-DE Redes Eléctricas Inteligentes, S.A.U.",needs_municipal_review,official_tool_review_required,no,i-DE — mapa oficial de distribuidoras,https://www.i-de.es/conexion-red-electrica/mapa-de-distribuidoras,official_public_source_or_review_tool,no,i-DE ofrece herramienta oficial de consulta por zona. No hay tabla municipal simple en este research; requiere validación municipal antes de producción.
comunitat_valenciana,Loriguilla,València,municipality:valencia::loriguilla,"i-DE Redes Eléctricas Inteligentes, S.A.U.",needs_municipal_review,official_tool_review_required,no,i-DE — mapa oficial de distribuidoras,https://www.i-de.es/conexion-red-electrica/mapa-de-distribuidoras,official_public_source_or_review_tool,no,i-DE ofrece herramienta oficial de consulta por zona. No hay tabla municipal simple en este research; requiere validación municipal antes de producción.
comunitat_valenciana,Manises,València,municipality:valencia::manises,"i-DE Redes Eléctricas Inteligentes, S.A.U.",needs_municipal_review,official_tool_review_required,no,i-DE — mapa oficial de distribuidoras,https://www.i-de.es/conexion-red-electrica/mapa-de-distribuidoras,official_public_source_or_review_tool,no,i-DE ofrece herramienta oficial de consulta por zona. No hay tabla municipal simple en este research; requiere validación municipal antes de producción.
comunitat_valenciana,Rotglà i Corberà,València,municipality:valencia::rotgla_i_corbera,"i-DE Redes Eléctricas Inteligentes, S.A.U.",needs_municipal_review,official_tool_review_required,no,i-DE — mapa oficial de distribuidoras,https://www.i-de.es/conexion-red-electrica/mapa-de-distribuidoras,official_public_source_or_review_tool,no,i-DE ofrece herramienta oficial de consulta por zona. No hay tabla municipal simple en este research; requiere validación municipal antes de producción.
comunitat_valenciana,Guadassuar,València,municipality:valencia::guadassuar,"i-DE Redes Eléctricas Inteligentes, S.A.U.",needs_municipal_review,official_tool_review_required,no,i-DE — mapa oficial de distribuidoras,https://www.i-de.es/conexion-red-electrica/mapa-de-distribuidoras,official_public_source_or_review_tool,no,i-DE ofrece herramienta oficial de consulta por zona. No hay tabla municipal simple en este research; requiere validación municipal antes de producción.
comunitat_valenciana,la Romana,Alacant,municipality:alacant::la_romana,"i-DE Redes Eléctricas Inteligentes, S.A.U.",needs_municipal_review,official_tool_review_required,no,i-DE — mapa oficial de distribuidoras,https://www.i-de.es/conexion-red-electrica/mapa-de-distribuidoras,official_public_source_or_review_tool,no,i-DE ofrece herramienta oficial de consulta por zona. No hay tabla municipal simple en este research; requiere validación municipal antes de producción.
comunitat_valenciana,Benissanó,València,municipality:valencia::benissano,"i-DE Redes Eléctricas Inteligentes, S.A.U.",needs_municipal_review,official_tool_review_required,no,i-DE — mapa oficial de distribuidoras,https://www.i-de.es/conexion-red-electrica/mapa-de-distribuidoras,official_public_source_or_review_tool,no,i-DE ofrece herramienta oficial de consulta por zona. No hay tabla municipal simple en este research; requiere validación municipal antes de producción.
comunitat_valenciana,Villar del Arzobispo,València,municipality:valencia::villar_del_arzobispo,"i-DE Redes Eléctricas Inteligentes, S.A.U.",needs_municipal_review,official_tool_review_required,no,i-DE — mapa oficial de distribuidoras,https://www.i-de.es/conexion-red-electrica/mapa-de-distribuidoras,official_public_source_or_review_tool,no,i-DE ofrece herramienta oficial de consulta por zona. No hay tabla municipal simple en este research; requiere validación municipal antes de producción.
comunitat_valenciana,Alcàntera de Xúquer,València,municipality:valencia::alcantera_de_xuquer,"i-DE Redes Eléctricas Inteligentes, S.A.U.",needs_municipal_review,official_tool_review_required,no,i-DE — mapa oficial de distribuidoras,https://www.i-de.es/conexion-red-electrica/mapa-de-distribuidoras,official_public_source_or_review_tool,no,i-DE ofrece herramienta oficial de consulta por zona. No hay tabla municipal simple en este research; requiere validación municipal antes de producción.
comunitat_valenciana,Beniflá,València,municipality:valencia::benifla,"i-DE Redes Eléctricas Inteligentes, S.A.U.",needs_municipal_review,official_tool_review_required,no,i-DE — mapa oficial de distribuidoras,https://www.i-de.es/conexion-red-electrica/mapa-de-distribuidoras,official_public_source_or_review_tool,no,i-DE ofrece herramienta oficial de consulta por zona. No hay tabla municipal simple en este research; requiere validación municipal antes de producción.
comunitat_valenciana,Llocnou de Sant Jeroni,València,municipality:valencia::llocnou_de_sant_jeroni,"i-DE Redes Eléctricas Inteligentes, S.A.U.",needs_municipal_review,official_tool_review_required,no,i-DE — mapa oficial de distribuidoras,https://www.i-de.es/conexion-red-electrica/mapa-de-distribuidoras,official_public_source_or_review_tool,no,i-DE ofrece herramienta oficial de consulta por zona. No hay tabla municipal simple en este research; requiere validación municipal antes de producción.
comunitat_valenciana,Titaguas,València,municipality:valencia::titaguas,"i-DE Redes Eléctricas Inteligentes, S.A.U.",needs_municipal_review,official_tool_review_required,no,i-DE — mapa oficial de distribuidoras,https://www.i-de.es/conexion-red-electrica/mapa-de-distribuidoras,official_public_source_or_review_tool,no,i-DE ofrece herramienta oficial de consulta por zona. No hay tabla municipal simple en este research; requiere validación municipal antes de producción.
comunitat_valenciana,Traiguera,Castelló,municipality:castello::traiguera,"i-DE Redes Eléctricas Inteligentes, S.A.U.",needs_municipal_review,official_tool_review_required,no,i-DE — mapa oficial de distribuidoras,https://www.i-de.es/conexion-red-electrica/mapa-de-distribuidoras,official_public_source_or_review_tool,no,i-DE ofrece herramienta oficial de consulta por zona. No hay tabla municipal simple en este research; requiere validación municipal antes de producción.
comunitat_valenciana,Vilamarxant,València,municipality:valencia::vilamarxant,"i-DE Redes Eléctricas Inteligentes, S.A.U.",needs_municipal_review,official_tool_review_required,no,i-DE — mapa oficial de distribuidoras,https://www.i-de.es/conexion-red-electrica/mapa-de-distribuidoras,official_public_source_or_review_tool,no,i-DE ofrece herramienta oficial de consulta por zona. No hay tabla municipal simple en este research; requiere validación municipal antes de producción.
comunitat_valenciana,Llutxent,València,municipality:valencia::llutxent,"i-DE Redes Eléctricas Inteligentes, S.A.U.",needs_municipal_review,official_tool_review_required,no,i-DE — mapa oficial de distribuidoras,https://www.i-de.es/conexion-red-electrica/mapa-de-distribuidoras,official_public_source_or_review_tool,no,i-DE ofrece herramienta oficial de consulta por zona. No hay tabla municipal simple en este research; requiere validación municipal antes de producción.
comunitat_valenciana,Alfarp,València,municipality:valencia::alfarp,"i-DE Redes Eléctricas Inteligentes, S.A.U.",needs_municipal_review,official_tool_review_required,no,i-DE — mapa oficial de distribuidoras,https://www.i-de.es/conexion-red-electrica/mapa-de-distribuidoras,official_public_source_or_review_tool,no,i-DE ofrece herramienta oficial de consulta por zona. No hay tabla municipal simple en este research; requiere validación municipal antes de producción.
comunitat_valenciana,Atzeneta d'Albaida,València,municipality:valencia::atzeneta_d_albaida,"i-DE Redes Eléctricas Inteligentes, S.A.U.",needs_municipal_review,official_tool_review_required,no,i-DE — mapa oficial de distribuidoras,https://www.i-de.es/conexion-red-electrica/mapa-de-distribuidoras,official_public_source_or_review_tool,no,i-DE ofrece herramienta oficial de consulta por zona. No hay tabla municipal simple en este research; requiere validación municipal antes de producción.
comunitat_valenciana,Monforte del Cid,Alacant,municipality:alacant::monforte_del_cid,"i-DE Redes Eléctricas Inteligentes, S.A.U.",needs_municipal_review,official_tool_review_required,no,i-DE — mapa oficial de distribuidoras,https://www.i-de.es/conexion-red-electrica/mapa-de-distribuidoras,official_public_source_or_review_tool,no,i-DE ofrece herramienta oficial de consulta por zona. No hay tabla municipal simple en este research; requiere validación municipal antes de producción.
comunitat_valenciana,Benissoda,València,municipality:valencia::benissoda,"i-DE Redes Eléctricas Inteligentes, S.A.U.",needs_municipal_review,official_tool_review_required,no,i-DE — mapa oficial de distribuidoras,https://www.i-de.es/conexion-red-electrica/mapa-de-distribuidoras,official_public_source_or_review_tool,no,i-DE ofrece herramienta oficial de consulta por zona. No hay tabla municipal simple en este research; requiere validación municipal antes de producción.
comunitat_valenciana,Guardamar de la Safor,València,municipality:valencia::guardamar_de_la_safor,"i-DE Redes Eléctricas Inteligentes, S.A.U.",needs_municipal_review,official_tool_review_required,no,i-DE — mapa oficial de distribuidoras,https://www.i-de.es/conexion-red-electrica/mapa-de-distribuidoras,official_public_source_or_review_tool,no,i-DE ofrece herramienta oficial de consulta por zona. No hay tabla municipal simple en este research; requiere validación municipal antes de producción.
comunitat_valenciana,Albaida,València,municipality:valencia::albaida,"i-DE Redes Eléctricas Inteligentes, S.A.U.",needs_municipal_review,official_tool_review_required,no,i-DE — mapa oficial de distribuidoras,https://www.i-de.es/conexion-red-electrica/mapa-de-distribuidoras,official_public_source_or_review_tool,no,i-DE ofrece herramienta oficial de consulta por zona. No hay tabla municipal simple en este research; requiere validación municipal antes de producción.
comunitat_valenciana,la Llosa,Castelló,municipality:castello::la_llosa,"i-DE Redes Eléctricas Inteligentes, S.A.U.",needs_municipal_review,official_tool_review_required,no,i-DE — mapa oficial de distribuidoras,https://www.i-de.es/conexion-red-electrica/mapa-de-distribuidoras,official_public_source_or_review_tool,no,i-DE ofrece herramienta oficial de consulta por zona. No hay tabla municipal simple en este research; requiere validación municipal antes de producción.
comunitat_valenciana,Agullent,València,municipality:valencia::agullent,"i-DE Redes Eléctricas Inteligentes, S.A.U.",needs_municipal_review,official_tool_review_required,no,i-DE — mapa oficial de distribuidoras,https://www.i-de.es/conexion-red-electrica/mapa-de-distribuidoras,official_public_source_or_review_tool,no,i-DE ofrece herramienta oficial de consulta por zona. No hay tabla municipal simple en este research; requiere validación municipal antes de producción.
comunitat_valenciana,Canet d'En Berenguer,València,municipality:valencia::canet_d_en_berenguer,"i-DE Redes Eléctricas Inteligentes, S.A.U.",needs_municipal_review,official_tool_review_required,no,i-DE — mapa oficial de distribuidoras,https://www.i-de.es/conexion-red-electrica/mapa-de-distribuidoras,official_public_source_or_review_tool,no,i-DE ofrece herramienta oficial de consulta por zona. No hay tabla municipal simple en este research; requiere validación municipal antes de producción.
comunitat_valenciana,Andilla,València,municipality:valencia::andilla,"i-DE Redes Eléctricas Inteligentes, S.A.U.",needs_municipal_review,official_tool_review_required,no,i-DE — mapa oficial de distribuidoras,https://www.i-de.es/conexion-red-electrica/mapa-de-distribuidoras,official_public_source_or_review_tool,no,i-DE ofrece herramienta oficial de consulta por zona. No hay tabla municipal simple en este research; requiere validación municipal antes de producción.
comunitat_valenciana,Ayora,València,municipality:valencia::ayora,"i-DE Redes Eléctricas Inteligentes, S.A.U.",needs_municipal_review,official_tool_review_required,no,i-DE — mapa oficial de distribuidoras,https://www.i-de.es/conexion-red-electrica/mapa-de-distribuidoras,official_public_source_or_review_tool,no,i-DE ofrece herramienta oficial de consulta por zona. No hay tabla municipal simple en este research; requiere validación municipal antes de producción.
comunitat_valenciana,Llaurí,València,municipality:valencia::llauri,"i-DE Redes Eléctricas Inteligentes, S.A.U.",needs_municipal_review,official_tool_review_required,no,i-DE — mapa oficial de distribuidoras,https://www.i-de.es/conexion-red-electrica/mapa-de-distribuidoras,official_public_source_or_review_tool,no,i-DE ofrece herramienta oficial de consulta por zona. No hay tabla municipal simple en este research; requiere validación municipal antes de producción.
comunitat_valenciana,Massanassa,València,municipality:valencia::massanassa,"i-DE Redes Eléctricas Inteligentes, S.A.U.",needs_municipal_review,official_tool_review_required,no,i-DE — mapa oficial de distribuidoras,https://www.i-de.es/conexion-red-electrica/mapa-de-distribuidoras,official_public_source_or_review_tool,no,i-DE ofrece herramienta oficial de consulta por zona. No hay tabla municipal simple en este research; requiere validación municipal antes de producción.
comunitat_valenciana,Villargordo del Cabriel,València,municipality:valencia::villargordo_del_cabriel,"i-DE Redes Eléctricas Inteligentes, S.A.U.",needs_municipal_review,official_tool_review_required,no,i-DE — mapa oficial de distribuidoras,https://www.i-de.es/conexion-red-electrica/mapa-de-distribuidoras,official_public_source_or_review_tool,no,i-DE ofrece herramienta oficial de consulta por zona. No hay tabla municipal simple en este research; requiere validación municipal antes de producción.
comunitat_valenciana,Benimarfull,Alacant,municipality:alacant::benimarfull,"i-DE Redes Eléctricas Inteligentes, S.A.U.",needs_municipal_review,official_tool_review_required,no,i-DE — mapa oficial de distribuidoras,https://www.i-de.es/conexion-red-electrica/mapa-de-distribuidoras,official_public_source_or_review_tool,no,i-DE ofrece herramienta oficial de consulta por zona. No hay tabla municipal simple en este research; requiere validación municipal antes de producción.
comunitat_valenciana,Petrés,València,municipality:valencia::petres,"i-DE Redes Eléctricas Inteligentes, S.A.U.",needs_municipal_review,official_tool_review_required,no,i-DE — mapa oficial de distribuidoras,https://www.i-de.es/conexion-red-electrica/mapa-de-distribuidoras,official_public_source_or_review_tool,no,i-DE ofrece herramienta oficial de consulta por zona. No hay tabla municipal simple en este research; requiere validación municipal antes de producción.
comunitat_valenciana,Pedreguer,Alacant,municipality:alacant::pedreguer,"i-DE Redes Eléctricas Inteligentes, S.A.U.",needs_municipal_review,official_tool_review_required,no,i-DE — mapa oficial de distribuidoras,https://www.i-de.es/conexion-red-electrica/mapa-de-distribuidoras,official_public_source_or_review_tool,no,i-DE ofrece herramienta oficial de consulta por zona. No hay tabla municipal simple en este research; requiere validación municipal antes de producción.
comunitat_valenciana,la Jana,Castelló,municipality:castello::la_jana,"i-DE Redes Eléctricas Inteligentes, S.A.U.",needs_municipal_review,official_tool_review_required,no,i-DE — mapa oficial de distribuidoras,https://www.i-de.es/conexion-red-electrica/mapa-de-distribuidoras,official_public_source_or_review_tool,no,i-DE ofrece herramienta oficial de consulta por zona. No hay tabla municipal simple en este research; requiere validación municipal antes de producción.
comunitat_valenciana,Hondón de los Frailes,Alacant,municipality:alacant::hondon_de_los_frailes,"i-DE Redes Eléctricas Inteligentes, S.A.U.",needs_municipal_review,official_tool_review_required,no,i-DE — mapa oficial de distribuidoras,https://www.i-de.es/conexion-red-electrica/mapa-de-distribuidoras,official_public_source_or_review_tool,no,i-DE ofrece herramienta oficial de consulta por zona. No hay tabla municipal simple en este research; requiere validación municipal antes de producción.
comunitat_valenciana,Xaló,Alacant,municipality:alacant::xalo,"i-DE Redes Eléctricas Inteligentes, S.A.U.",needs_municipal_review,official_tool_review_required,no,i-DE — mapa oficial de distribuidoras,https://www.i-de.es/conexion-red-electrica/mapa-de-distribuidoras,official_public_source_or_review_tool,no,i-DE ofrece herramienta oficial de consulta por zona. No hay tabla municipal simple en este research; requiere validación municipal antes de producción.
comunitat_valenciana,Sant Jordi,Castelló,municipality:castello::sant_jordi,"i-DE Redes Eléctricas Inteligentes, S.A.U.",needs_municipal_review,official_tool_review_required,no,i-DE — mapa oficial de distribuidoras,https://www.i-de.es/conexion-red-electrica/mapa-de-distribuidoras,official_public_source_or_review_tool,no,i-DE ofrece herramienta oficial de consulta por zona. No hay tabla municipal simple en este research; requiere validación municipal antes de producción.
comunitat_valenciana,Vila-real,Castelló,municipality:castello::vila_real,"i-DE Redes Eléctricas Inteligentes, S.A.U.",needs_municipal_review,official_tool_review_required,no,i-DE — mapa oficial de distribuidoras,https://www.i-de.es/conexion-red-electrica/mapa-de-distribuidoras,official_public_source_or_review_tool,no,i-DE ofrece herramienta oficial de consulta por zona. No hay tabla municipal simple en este research; requiere validación municipal antes de producción.
comunitat_valenciana,Xodos,Castelló,municipality:castello::xodos,"i-DE Redes Eléctricas Inteligentes, S.A.U.",needs_municipal_review,official_tool_review_required,no,i-DE — mapa oficial de distribuidoras,https://www.i-de.es/conexion-red-electrica/mapa-de-distribuidoras,official_public_source_or_review_tool,no,i-DE ofrece herramienta oficial de consulta por zona. No hay tabla municipal simple en este research; requiere validación municipal antes de producción.
comunitat_valenciana,Meliana,València,municipality:valencia::meliana,"i-DE Redes Eléctricas Inteligentes, S.A.U.",needs_municipal_review,official_tool_review_required,no,i-DE — mapa oficial de distribuidoras,https://www.i-de.es/conexion-red-electrica/mapa-de-distribuidoras,official_public_source_or_review_tool,no,i-DE ofrece herramienta oficial de consulta por zona. No hay tabla municipal simple en este research; requiere validación municipal antes de producción.
comunitat_valenciana,Gaianes,Alacant,municipality:alacant::gaianes,"i-DE Redes Eléctricas Inteligentes, S.A.U.",needs_municipal_review,official_tool_review_required,no,i-DE — mapa oficial de distribuidoras,https://www.i-de.es/conexion-red-electrica/mapa-de-distribuidoras,official_public_source_or_review_tool,no,i-DE ofrece herramienta oficial de consulta por zona. No hay tabla municipal simple en este research; requiere validación municipal antes de producción.
comunitat_valenciana,Casas Altas,València,municipality:valencia::casas_altas,"i-DE Redes Eléctricas Inteligentes, S.A.U.",needs_municipal_review,official_tool_review_required,no,i-DE — mapa oficial de distribuidoras,https://www.i-de.es/conexion-red-electrica/mapa-de-distribuidoras,official_public_source_or_review_tool,no,i-DE ofrece herramienta oficial de consulta por zona. No hay tabla municipal simple en este research; requiere validación municipal antes de producción.
comunitat_valenciana,Siete Aguas,València,municipality:valencia::siete_aguas,"i-DE Redes Eléctricas Inteligentes, S.A.U.",needs_municipal_review,official_tool_review_required,no,i-DE — mapa oficial de distribuidoras,https://www.i-de.es/conexion-red-electrica/mapa-de-distribuidoras,official_public_source_or_review_tool,no,i-DE ofrece herramienta oficial de consulta por zona. No hay tabla municipal simple en este research; requiere validación municipal antes de producción.
comunitat_valenciana,Castellonet de la Conquesta,València,municipality:valencia::castellonet_de_la_conquesta,"i-DE Redes Eléctricas Inteligentes, S.A.U.",needs_municipal_review,official_tool_review_required,no,i-DE — mapa oficial de distribuidoras,https://www.i-de.es/conexion-red-electrica/mapa-de-distribuidoras,official_public_source_or_review_tool,no,i-DE ofrece herramienta oficial de consulta por zona. No hay tabla municipal simple en este research; requiere validación municipal antes de producción.
comunitat_valenciana,Navajas,Castelló,municipality:castello::navajas,"i-DE Redes Eléctricas Inteligentes, S.A.U.",needs_municipal_review,official_tool_review_required,no,i-DE — mapa oficial de distribuidoras,https://www.i-de.es/conexion-red-electrica/mapa-de-distribuidoras,official_public_source_or_review_tool,no,i-DE ofrece herramienta oficial de consulta por zona. No hay tabla municipal simple en este research; requiere validación municipal antes de producción.
comunitat_valenciana,Chella,València,municipality:valencia::chella,"i-DE Redes Eléctricas Inteligentes, S.A.U.",needs_municipal_review,official_tool_review_required,no,i-DE — mapa oficial de distribuidoras,https://www.i-de.es/conexion-red-electrica/mapa-de-distribuidoras,official_public_source_or_review_tool,no,i-DE ofrece herramienta oficial de consulta por zona. No hay tabla municipal simple en este research; requiere validación municipal antes de producción.
comunitat_valenciana,Jalance,València,municipality:valencia::jalance,"i-DE Redes Eléctricas Inteligentes, S.A.U.",needs_municipal_review,official_tool_review_required,no,i-DE — mapa oficial de distribuidoras,https://www.i-de.es/conexion-red-electrica/mapa-de-distribuidoras,official_public_source_or_review_tool,no,i-DE ofrece herramienta oficial de consulta por zona. No hay tabla municipal simple en este research; requiere validación municipal antes de producción.
comunitat_valenciana,Torrella,València,municipality:valencia::torrella,"i-DE Redes Eléctricas Inteligentes, S.A.U.",needs_municipal_review,official_tool_review_required,no,i-DE — mapa oficial de distribuidoras,https://www.i-de.es/conexion-red-electrica/mapa-de-distribuidoras,official_public_source_or_review_tool,no,i-DE ofrece herramienta oficial de consulta por zona. No hay tabla municipal simple en este research; requiere validación municipal antes de producción.
comunitat_valenciana,la Vila Joiosa,Alacant,municipality:alacant::la_vila_joiosa,"i-DE Redes Eléctricas Inteligentes, S.A.U.",needs_municipal_review,official_tool_review_required,no,i-DE — mapa oficial de distribuidoras,https://www.i-de.es/conexion-red-electrica/mapa-de-distribuidoras,official_public_source_or_review_tool,no,i-DE ofrece herramienta oficial de consulta por zona. No hay tabla municipal simple en este research; requiere validación municipal antes de producción.
comunitat_valenciana,Barxeta,València,municipality:valencia::barxeta,"i-DE Redes Eléctricas Inteligentes, S.A.U.",needs_municipal_review,official_tool_review_required,no,i-DE — mapa oficial de distribuidoras,https://www.i-de.es/conexion-red-electrica/mapa-de-distribuidoras,official_public_source_or_review_tool,no,i-DE ofrece herramienta oficial de consulta por zona. No hay tabla municipal simple en este research; requiere validación municipal antes de producción.
comunitat_valenciana,Barx,València,municipality:valencia::barx,"i-DE Redes Eléctricas Inteligentes, S.A.U.",needs_municipal_review,official_tool_review_required,no,i-DE — mapa oficial de distribuidoras,https://www.i-de.es/conexion-red-electrica/mapa-de-distribuidoras,official_public_source_or_review_tool,no,i-DE ofrece herramienta oficial de consulta por zona. No hay tabla municipal simple en este research; requiere validación municipal antes de producción.
comunitat_valenciana,Sinarcas,València,municipality:valencia::sinarcas,"i-DE Redes Eléctricas Inteligentes, S.A.U.",needs_municipal_review,official_tool_review_required,no,i-DE — mapa oficial de distribuidoras,https://www.i-de.es/conexion-red-electrica/mapa-de-distribuidoras,official_public_source_or_review_tool,no,i-DE ofrece herramienta oficial de consulta por zona. No hay tabla municipal simple en este research; requiere validación municipal antes de producción.
comunitat_valenciana,Massamagrell,València,municipality:valencia::massamagrell,"i-DE Redes Eléctricas Inteligentes, S.A.U.",needs_municipal_review,official_tool_review_required,no,i-DE — mapa oficial de distribuidoras,https://www.i-de.es/conexion-red-electrica/mapa-de-distribuidoras,official_public_source_or_review_tool,no,i-DE ofrece herramienta oficial de consulta por zona. No hay tabla municipal simple en este research; requiere validación municipal antes de producción.
comunitat_valenciana,la Pobla Tornesa,Castelló,municipality:castello::la_pobla_tornesa,"i-DE Redes Eléctricas Inteligentes, S.A.U.",needs_municipal_review,official_tool_review_required,no,i-DE — mapa oficial de distribuidoras,https://www.i-de.es/conexion-red-electrica/mapa-de-distribuidoras,official_public_source_or_review_tool,no,i-DE ofrece herramienta oficial de consulta por zona. No hay tabla municipal simple en este research; requiere validación municipal antes de producción.
comunitat_valenciana,Alfafara,Alacant,municipality:alacant::alfafara,"i-DE Redes Eléctricas Inteligentes, S.A.U.",needs_municipal_review,official_tool_review_required,no,i-DE — mapa oficial de distribuidoras,https://www.i-de.es/conexion-red-electrica/mapa-de-distribuidoras,official_public_source_or_review_tool,no,i-DE ofrece herramienta oficial de consulta por zona. No hay tabla municipal simple en este research; requiere validación municipal antes de producción.
comunitat_valenciana,Geldo,Castelló,municipality:castello::geldo,"i-DE Redes Eléctricas Inteligentes, S.A.U.",needs_municipal_review,official_tool_review_required,no,i-DE — mapa oficial de distribuidoras,https://www.i-de.es/conexion-red-electrica/mapa-de-distribuidoras,official_public_source_or_review_tool,no,i-DE ofrece herramienta oficial de consulta por zona. No hay tabla municipal simple en este research; requiere validación municipal antes de producción.
comunitat_valenciana,Culla,Castelló,municipality:castello::culla,"i-DE Redes Eléctricas Inteligentes, S.A.U.",needs_municipal_review,official_tool_review_required,no,i-DE — mapa oficial de distribuidoras,https://www.i-de.es/conexion-red-electrica/mapa-de-distribuidoras,official_public_source_or_review_tool,no,i-DE ofrece herramienta oficial de consulta por zona. No hay tabla municipal simple en este research; requiere validación municipal antes de producción.
comunitat_valenciana,Estivella,València,municipality:valencia::estivella,"i-DE Redes Eléctricas Inteligentes, S.A.U.",needs_municipal_review,official_tool_review_required,no,i-DE — mapa oficial de distribuidoras,https://www.i-de.es/conexion-red-electrica/mapa-de-distribuidoras,official_public_source_or_review_tool,no,i-DE ofrece herramienta oficial de consulta por zona. No hay tabla municipal simple en este research; requiere validación municipal antes de producción.
comunitat_valenciana,Daimús,València,municipality:valencia::daimus,"i-DE Redes Eléctricas Inteligentes, S.A.U.",needs_municipal_review,official_tool_review_required,no,i-DE — mapa oficial de distribuidoras,https://www.i-de.es/conexion-red-electrica/mapa-de-distribuidoras,official_public_source_or_review_tool,no,i-DE ofrece herramienta oficial de consulta por zona. No hay tabla municipal simple en este research; requiere validación municipal antes de producción.
comunitat_valenciana,Aigües,Alacant,municipality:alacant::aigues,"i-DE Redes Eléctricas Inteligentes, S.A.U.",needs_municipal_review,official_tool_review_required,no,i-DE — mapa oficial de distribuidoras,https://www.i-de.es/conexion-red-electrica/mapa-de-distribuidoras,official_public_source_or_review_tool,no,i-DE ofrece herramienta oficial de consulta por zona. No hay tabla municipal simple en este research; requiere validación municipal antes de producción.
comunitat_valenciana,Balones,Alacant,municipality:alacant::balones,"i-DE Redes Eléctricas Inteligentes, S.A.U.",needs_municipal_review,official_tool_review_required,no,i-DE — mapa oficial de distribuidoras,https://www.i-de.es/conexion-red-electrica/mapa-de-distribuidoras,official_public_source_or_review_tool,no,i-DE ofrece herramienta oficial de consulta por zona. No hay tabla municipal simple en este research; requiere validación municipal antes de producción.
comunitat_valenciana,Palma de Gandía,València,municipality:valencia::palma_de_gandia,"i-DE Redes Eléctricas Inteligentes, S.A.U.",needs_municipal_review,official_tool_review_required,no,i-DE — mapa oficial de distribuidoras,https://www.i-de.es/conexion-red-electrica/mapa-de-distribuidoras,official_public_source_or_review_tool,no,i-DE ofrece herramienta oficial de consulta por zona. No hay tabla municipal simple en este research; requiere validación municipal antes de producción.
comunitat_valenciana,Chóvar,Castelló,municipality:castello::chovar,"i-DE Redes Eléctricas Inteligentes, S.A.U.",needs_municipal_review,official_tool_review_required,no,i-DE — mapa oficial de distribuidoras,https://www.i-de.es/conexion-red-electrica/mapa-de-distribuidoras,official_public_source_or_review_tool,no,i-DE ofrece herramienta oficial de consulta por zona. No hay tabla municipal simple en este research; requiere validación municipal antes de producción.
comunitat_valenciana,Algímia d'Alfara,València,municipality:valencia::algimia_d_alfara,"i-DE Redes Eléctricas Inteligentes, S.A.U.",needs_municipal_review,official_tool_review_required,no,i-DE — mapa oficial de distribuidoras,https://www.i-de.es/conexion-red-electrica/mapa-de-distribuidoras,official_public_source_or_review_tool,no,i-DE ofrece herramienta oficial de consulta por zona. No hay tabla municipal simple en este research; requiere validación municipal antes de producción.
comunitat_valenciana,Relleu,Alacant,municipality:alacant::relleu,"i-DE Redes Eléctricas Inteligentes, S.A.U.",needs_municipal_review,official_tool_review_required,no,i-DE — mapa oficial de distribuidoras,https://www.i-de.es/conexion-red-electrica/mapa-de-distribuidoras,official_public_source_or_review_tool,no,i-DE ofrece herramienta oficial de consulta por zona. No hay tabla municipal simple en este research; requiere validación municipal antes de producción.
comunitat_valenciana,Guardamar del Segura,Alacant,municipality:alacant::guardamar_del_segura,"i-DE Redes Eléctricas Inteligentes, S.A.U.",needs_municipal_review,official_tool_review_required,no,i-DE — mapa oficial de distribuidoras,https://www.i-de.es/conexion-red-electrica/mapa-de-distribuidoras,official_public_source_or_review_tool,no,i-DE ofrece herramienta oficial de consulta por zona. No hay tabla municipal simple en este research; requiere validación municipal antes de producción.
comunitat_valenciana,Aín,Castelló,municipality:castello::ain,"i-DE Redes Eléctricas Inteligentes, S.A.U.",needs_municipal_review,official_tool_review_required,no,i-DE — mapa oficial de distribuidoras,https://www.i-de.es/conexion-red-electrica/mapa-de-distribuidoras,official_public_source_or_review_tool,no,i-DE ofrece herramienta oficial de consulta por zona. No hay tabla municipal simple en este research; requiere validación municipal antes de producción.
comunitat_valenciana,Olocau,València,municipality:valencia::olocau,"i-DE Redes Eléctricas Inteligentes, S.A.U.",needs_municipal_review,official_tool_review_required,no,i-DE — mapa oficial de distribuidoras,https://www.i-de.es/conexion-red-electrica/mapa-de-distribuidoras,official_public_source_or_review_tool,no,i-DE ofrece herramienta oficial de consulta por zona. No hay tabla municipal simple en este research; requiere validación municipal antes de producción.
comunitat_valenciana,Albalat de la Ribera,València,municipality:valencia::albalat_de_la_ribera,"i-DE Redes Eléctricas Inteligentes, S.A.U.",needs_municipal_review,official_tool_review_required,no,i-DE — mapa oficial de distribuidoras,https://www.i-de.es/conexion-red-electrica/mapa-de-distribuidoras,official_public_source_or_review_tool,no,i-DE ofrece herramienta oficial de consulta por zona. No hay tabla municipal simple en este research; requiere validación municipal antes de producción.
comunitat_valenciana,Ribesalbes,Castelló,municipality:castello::ribesalbes,"i-DE Redes Eléctricas Inteligentes, S.A.U.",needs_municipal_review,official_tool_review_required,no,i-DE — mapa oficial de distribuidoras,https://www.i-de.es/conexion-red-electrica/mapa-de-distribuidoras,official_public_source_or_review_tool,no,i-DE ofrece herramienta oficial de consulta por zona. No hay tabla municipal simple en este research; requiere validación municipal antes de producción.
comunitat_valenciana,Ayódar,Castelló,municipality:castello::ayodar,"i-DE Redes Eléctricas Inteligentes, S.A.U.",needs_municipal_review,official_tool_review_required,no,i-DE — mapa oficial de distribuidoras,https://www.i-de.es/conexion-red-electrica/mapa-de-distribuidoras,official_public_source_or_review_tool,no,i-DE ofrece herramienta oficial de consulta por zona. No hay tabla municipal simple en este research; requiere validación municipal antes de producción.
comunitat_valenciana,Piles,València,municipality:valencia::piles,"i-DE Redes Eléctricas Inteligentes, S.A.U.",needs_municipal_review,official_tool_review_required,no,i-DE — mapa oficial de distribuidoras,https://www.i-de.es/conexion-red-electrica/mapa-de-distribuidoras,official_public_source_or_review_tool,no,i-DE ofrece herramienta oficial de consulta por zona. No hay tabla municipal simple en este research; requiere validación municipal antes de producción.
comunitat_valenciana,Castalla,Alacant,municipality:alacant::castalla,"i-DE Redes Eléctricas Inteligentes, S.A.U.",needs_municipal_review,official_tool_review_required,no,i-DE — mapa oficial de distribuidoras,https://www.i-de.es/conexion-red-electrica/mapa-de-distribuidoras,official_public_source_or_review_tool,no,i-DE ofrece herramienta oficial de consulta por zona. No hay tabla municipal simple en este research; requiere validación municipal antes de producción.
comunitat_valenciana,la Torre de les Maçanes,Alacant,municipality:alacant::la_torre_de_les_macanes,"i-DE Redes Eléctricas Inteligentes, S.A.U.",needs_municipal_review,official_tool_review_required,no,i-DE — mapa oficial de distribuidoras,https://www.i-de.es/conexion-red-electrica/mapa-de-distribuidoras,official_public_source_or_review_tool,no,i-DE ofrece herramienta oficial de consulta por zona. No hay tabla municipal simple en este research; requiere validación municipal antes de producción.
comunitat_valenciana,Borriana,Castelló,municipality:castello::borriana,"i-DE Redes Eléctricas Inteligentes, S.A.U.",needs_municipal_review,official_tool_review_required,no,i-DE — mapa oficial de distribuidoras,https://www.i-de.es/conexion-red-electrica/mapa-de-distribuidoras,official_public_source_or_review_tool,no,i-DE ofrece herramienta oficial de consulta por zona. No hay tabla municipal simple en este research; requiere validación municipal antes de producción.
comunitat_valenciana,Vall de Almonacid,Castelló,municipality:castello::vall_de_almonacid,"i-DE Redes Eléctricas Inteligentes, S.A.U.",needs_municipal_review,official_tool_review_required,no,i-DE — mapa oficial de distribuidoras,https://www.i-de.es/conexion-red-electrica/mapa-de-distribuidoras,official_public_source_or_review_tool,no,i-DE ofrece herramienta oficial de consulta por zona. No hay tabla municipal simple en este research; requiere validación municipal antes de producción.
comunitat_valenciana,Dolores,Alacant,municipality:alacant::dolores,"i-DE Redes Eléctricas Inteligentes, S.A.U.",needs_municipal_review,official_tool_review_required,no,i-DE — mapa oficial de distribuidoras,https://www.i-de.es/conexion-red-electrica/mapa-de-distribuidoras,official_public_source_or_review_tool,no,i-DE ofrece herramienta oficial de consulta por zona. No hay tabla municipal simple en este research; requiere validación municipal antes de producción.
comunitat_valenciana,Viver,Castelló,municipality:castello::viver,"i-DE Redes Eléctricas Inteligentes, S.A.U.",needs_municipal_review,official_tool_review_required,no,i-DE — mapa oficial de distribuidoras,https://www.i-de.es/conexion-red-electrica/mapa-de-distribuidoras,official_public_source_or_review_tool,no,i-DE ofrece herramienta oficial de consulta por zona. No hay tabla municipal simple en este research; requiere validación municipal antes de producción.
comunitat_valenciana,la Pobla de Vallbona,València,municipality:valencia::la_pobla_de_vallbona,"i-DE Redes Eléctricas Inteligentes, S.A.U.",needs_municipal_review,official_tool_review_required,no,i-DE — mapa oficial de distribuidoras,https://www.i-de.es/conexion-red-electrica/mapa-de-distribuidoras,official_public_source_or_review_tool,no,i-DE ofrece herramienta oficial de consulta por zona. No hay tabla municipal simple en este research; requiere validación municipal antes de producción.
comunitat_valenciana,Cotes,València,municipality:valencia::cotes,"i-DE Redes Eléctricas Inteligentes, S.A.U.",needs_municipal_review,official_tool_review_required,no,i-DE — mapa oficial de distribuidoras,https://www.i-de.es/conexion-red-electrica/mapa-de-distribuidoras,official_public_source_or_review_tool,no,i-DE ofrece herramienta oficial de consulta por zona. No hay tabla municipal simple en este research; requiere validación municipal antes de producción.
comunitat_valenciana,Senyera,València,municipality:valencia::senyera,"i-DE Redes Eléctricas Inteligentes, S.A.U.",needs_municipal_review,official_tool_review_required,no,i-DE — mapa oficial de distribuidoras,https://www.i-de.es/conexion-red-electrica/mapa-de-distribuidoras,official_public_source_or_review_tool,no,i-DE ofrece herramienta oficial de consulta por zona. No hay tabla municipal simple en este research; requiere validación municipal antes de producción.
comunitat_valenciana,Otos,València,municipality:valencia::otos,"i-DE Redes Eléctricas Inteligentes, S.A.U.",needs_municipal_review,official_tool_review_required,no,i-DE — mapa oficial de distribuidoras,https://www.i-de.es/conexion-red-electrica/mapa-de-distribuidoras,official_public_source_or_review_tool,no,i-DE ofrece herramienta oficial de consulta por zona. No hay tabla municipal simple en este research; requiere validación municipal antes de producción.
comunitat_valenciana,Vilallonga,València,municipality:valencia::vilallonga,"i-DE Redes Eléctricas Inteligentes, S.A.U.",needs_municipal_review,official_tool_review_required,no,i-DE — mapa oficial de distribuidoras,https://www.i-de.es/conexion-red-electrica/mapa-de-distribuidoras,official_public_source_or_review_tool,no,i-DE ofrece herramienta oficial de consulta por zona. No hay tabla municipal simple en este research; requiere validación municipal antes de producción.
comunitat_valenciana,Castelló de Rugat,València,municipality:valencia::castello_de_rugat,"i-DE Redes Eléctricas Inteligentes, S.A.U.",needs_municipal_review,official_tool_review_required,no,i-DE — mapa oficial de distribuidoras,https://www.i-de.es/conexion-red-electrica/mapa-de-distribuidoras,official_public_source_or_review_tool,no,i-DE ofrece herramienta oficial de consulta por zona. No hay tabla municipal simple en este research; requiere validación municipal antes de producción.
comunitat_valenciana,Antella,València,municipality:valencia::antella,"i-DE Redes Eléctricas Inteligentes, S.A.U.",needs_municipal_review,official_tool_review_required,no,i-DE — mapa oficial de distribuidoras,https://www.i-de.es/conexion-red-electrica/mapa-de-distribuidoras,official_public_source_or_review_tool,no,i-DE ofrece herramienta oficial de consulta por zona. No hay tabla municipal simple en este research; requiere validación municipal antes de producción.
comunitat_valenciana,Yátova,València,municipality:valencia::yatova,"i-DE Redes Eléctricas Inteligentes, S.A.U.",needs_municipal_review,official_tool_review_required,no,i-DE — mapa oficial de distribuidoras,https://www.i-de.es/conexion-red-electrica/mapa-de-distribuidoras,official_public_source_or_review_tool,no,i-DE ofrece herramienta oficial de consulta por zona. No hay tabla municipal simple en este research; requiere validación municipal antes de producción.
comunitat_valenciana,Carcaixent,València,municipality:valencia::carcaixent,"i-DE Redes Eléctricas Inteligentes, S.A.U.",needs_municipal_review,official_tool_review_required,no,i-DE — mapa oficial de distribuidoras,https://www.i-de.es/conexion-red-electrica/mapa-de-distribuidoras,official_public_source_or_review_tool,no,i-DE ofrece herramienta oficial de consulta por zona. No hay tabla municipal simple en este research; requiere validación municipal antes de producción.
comunitat_valenciana,Bicorp,València,municipality:valencia::bicorp,"i-DE Redes Eléctricas Inteligentes, S.A.U.",needs_municipal_review,official_tool_review_required,no,i-DE — mapa oficial de distribuidoras,https://www.i-de.es/conexion-red-electrica/mapa-de-distribuidoras,official_public_source_or_review_tool,no,i-DE ofrece herramienta oficial de consulta por zona. No hay tabla municipal simple en este research; requiere validación municipal antes de producción.
comunitat_valenciana,Alcalà de Xivert,Castelló,municipality:castello::alcala_de_xivert,"i-DE Redes Eléctricas Inteligentes, S.A.U.",needs_municipal_review,official_tool_review_required,no,i-DE — mapa oficial de distribuidoras,https://www.i-de.es/conexion-red-electrica/mapa-de-distribuidoras,official_public_source_or_review_tool,no,i-DE ofrece herramienta oficial de consulta por zona. No hay tabla municipal simple en este research; requiere validación municipal antes de producción.
comunitat_valenciana,Tuéjar,València,municipality:valencia::tuejar,"i-DE Redes Eléctricas Inteligentes, S.A.U.",needs_municipal_review,official_tool_review_required,no,i-DE — mapa oficial de distribuidoras,https://www.i-de.es/conexion-red-electrica/mapa-de-distribuidoras,official_public_source_or_review_tool,no,i-DE ofrece herramienta oficial de consulta por zona. No hay tabla municipal simple en este research; requiere validación municipal antes de producción.
comunitat_valenciana,Beneixama,Alacant,municipality:alacant::beneixama,"i-DE Redes Eléctricas Inteligentes, S.A.U.",needs_municipal_review,official_tool_review_required,no,i-DE — mapa oficial de distribuidoras,https://www.i-de.es/conexion-red-electrica/mapa-de-distribuidoras,official_public_source_or_review_tool,no,i-DE ofrece herramienta oficial de consulta por zona. No hay tabla municipal simple en este research; requiere validación municipal antes de producción.
comunitat_valenciana,Benijófar,Alacant,municipality:alacant::benijofar,"i-DE Redes Eléctricas Inteligentes, S.A.U.",needs_municipal_review,official_tool_review_required,no,i-DE — mapa oficial de distribuidoras,https://www.i-de.es/conexion-red-electrica/mapa-de-distribuidoras,official_public_source_or_review_tool,no,i-DE ofrece herramienta oficial de consulta por zona. No hay tabla municipal simple en este research; requiere validación municipal antes de producción.
comunitat_valenciana,Quatretondeta,Alacant,municipality:alacant::quatretondeta,"i-DE Redes Eléctricas Inteligentes, S.A.U.",needs_municipal_review,official_tool_review_required,no,i-DE — mapa oficial de distribuidoras,https://www.i-de.es/conexion-red-electrica/mapa-de-distribuidoras,official_public_source_or_review_tool,no,i-DE ofrece herramienta oficial de consulta por zona. No hay tabla municipal simple en este research; requiere validación municipal antes de producción.
comunitat_valenciana,Penàguila,Alacant,municipality:alacant::penaguila,"i-DE Redes Eléctricas Inteligentes, S.A.U.",needs_municipal_review,official_tool_review_required,no,i-DE — mapa oficial de distribuidoras,https://www.i-de.es/conexion-red-electrica/mapa-de-distribuidoras,official_public_source_or_review_tool,no,i-DE ofrece herramienta oficial de consulta por zona. No hay tabla municipal simple en este research; requiere validación municipal antes de producción.
comunitat_valenciana,la Vall de Laguar,Alacant,municipality:alacant::la_vall_de_laguar,"i-DE Redes Eléctricas Inteligentes, S.A.U.",needs_municipal_review,official_tool_review_required,no,i-DE — mapa oficial de distribuidoras,https://www.i-de.es/conexion-red-electrica/mapa-de-distribuidoras,official_public_source_or_review_tool,no,i-DE ofrece herramienta oficial de consulta por zona. No hay tabla municipal simple en este research; requiere validación municipal antes de producción.
comunitat_valenciana,Buñol,València,municipality:valencia::bunol,"i-DE Redes Eléctricas Inteligentes, S.A.U.",needs_municipal_review,official_tool_review_required,no,i-DE — mapa oficial de distribuidoras,https://www.i-de.es/conexion-red-electrica/mapa-de-distribuidoras,official_public_source_or_review_tool,no,i-DE ofrece herramienta oficial de consulta por zona. No hay tabla municipal simple en este research; requiere validación municipal antes de producción.
comunitat_valenciana,Benimodo,València,municipality:valencia::benimodo,"i-DE Redes Eléctricas Inteligentes, S.A.U.",needs_municipal_review,official_tool_review_required,no,i-DE — mapa oficial de distribuidoras,https://www.i-de.es/conexion-red-electrica/mapa-de-distribuidoras,official_public_source_or_review_tool,no,i-DE ofrece herramienta oficial de consulta por zona. No hay tabla municipal simple en este research; requiere validación municipal antes de producción.
comunitat_valenciana,Puebla de San Miguel,València,municipality:valencia::puebla_de_san_miguel,"i-DE Redes Eléctricas Inteligentes, S.A.U.",needs_municipal_review,official_tool_review_required,no,i-DE — mapa oficial de distribuidoras,https://www.i-de.es/conexion-red-electrica/mapa-de-distribuidoras,official_public_source_or_review_tool,no,i-DE ofrece herramienta oficial de consulta por zona. No hay tabla municipal simple en este research; requiere validación municipal antes de producción.
comunitat_valenciana,Chera,València,municipality:valencia::chera,"i-DE Redes Eléctricas Inteligentes, S.A.U.",needs_municipal_review,official_tool_review_required,no,i-DE — mapa oficial de distribuidoras,https://www.i-de.es/conexion-red-electrica/mapa-de-distribuidoras,official_public_source_or_review_tool,no,i-DE ofrece herramienta oficial de consulta por zona. No hay tabla municipal simple en este research; requiere validación municipal antes de producción.
comunitat_valenciana,Xirivella,València,municipality:valencia::xirivella,"i-DE Redes Eléctricas Inteligentes, S.A.U.",needs_municipal_review,official_tool_review_required,no,i-DE — mapa oficial de distribuidoras,https://www.i-de.es/conexion-red-electrica/mapa-de-distribuidoras,official_public_source_or_review_tool,no,i-DE ofrece herramienta oficial de consulta por zona. No hay tabla municipal simple en este research; requiere validación municipal antes de producción.
comunitat_valenciana,Tollos,Alacant,municipality:alacant::tollos,"i-DE Redes Eléctricas Inteligentes, S.A.U.",needs_municipal_review,official_tool_review_required,no,i-DE — mapa oficial de distribuidoras,https://www.i-de.es/conexion-red-electrica/mapa-de-distribuidoras,official_public_source_or_review_tool,no,i-DE ofrece herramienta oficial de consulta por zona. No hay tabla municipal simple en este research; requiere validación municipal antes de producción.
comunitat_valenciana,Silla,València,municipality:valencia::silla,"i-DE Redes Eléctricas Inteligentes, S.A.U.",needs_municipal_review,official_tool_review_required,no,i-DE — mapa oficial de distribuidoras,https://www.i-de.es/conexion-red-electrica/mapa-de-distribuidoras,official_public_source_or_review_tool,no,i-DE ofrece herramienta oficial de consulta por zona. No hay tabla municipal simple en este research; requiere validación municipal antes de producción.
comunitat_valenciana,Torrechiva,Castelló,municipality:castello::torrechiva,"i-DE Redes Eléctricas Inteligentes, S.A.U.",needs_municipal_review,official_tool_review_required,no,i-DE — mapa oficial de distribuidoras,https://www.i-de.es/conexion-red-electrica/mapa-de-distribuidoras,official_public_source_or_review_tool,no,i-DE ofrece herramienta oficial de consulta por zona. No hay tabla municipal simple en este research; requiere validación municipal antes de producción.
comunitat_valenciana,Beniardà,Alacant,municipality:alacant::beniarda,"i-DE Redes Eléctricas Inteligentes, S.A.U.",needs_municipal_review,official_tool_review_required,no,i-DE — mapa oficial de distribuidoras,https://www.i-de.es/conexion-red-electrica/mapa-de-distribuidoras,official_public_source_or_review_tool,no,i-DE ofrece herramienta oficial de consulta por zona. No hay tabla municipal simple en este research; requiere validación municipal antes de producción.
comunitat_valenciana,Planes,Alacant,municipality:alacant::planes,"i-DE Redes Eléctricas Inteligentes, S.A.U.",needs_municipal_review,official_tool_review_required,no,i-DE — mapa oficial de distribuidoras,https://www.i-de.es/conexion-red-electrica/mapa-de-distribuidoras,official_public_source_or_review_tool,no,i-DE ofrece herramienta oficial de consulta por zona. No hay tabla municipal simple en este research; requiere validación municipal antes de producción.
comunitat_valenciana,Alginet,València,municipality:valencia::alginet,"i-DE Redes Eléctricas Inteligentes, S.A.U.",needs_municipal_review,official_tool_review_required,no,i-DE — mapa oficial de distribuidoras,https://www.i-de.es/conexion-red-electrica/mapa-de-distribuidoras,official_public_source_or_review_tool,no,i-DE ofrece herramienta oficial de consulta por zona. No hay tabla municipal simple en este research; requiere validación municipal antes de producción.
comunitat_valenciana,Aielo de Malferit,València,municipality:valencia::aielo_de_malferit,"i-DE Redes Eléctricas Inteligentes, S.A.U.",needs_municipal_review,official_tool_review_required,no,i-DE — mapa oficial de distribuidoras,https://www.i-de.es/conexion-red-electrica/mapa-de-distribuidoras,official_public_source_or_review_tool,no,i-DE ofrece herramienta oficial de consulta por zona. No hay tabla municipal simple en este research; requiere validación municipal antes de producción.
comunitat_valenciana,Benagéber,València,municipality:valencia::benageber,"i-DE Redes Eléctricas Inteligentes, S.A.U.",needs_municipal_review,official_tool_review_required,no,i-DE — mapa oficial de distribuidoras,https://www.i-de.es/conexion-red-electrica/mapa-de-distribuidoras,official_public_source_or_review_tool,no,i-DE ofrece herramienta oficial de consulta por zona. No hay tabla municipal simple en este research; requiere validación municipal antes de producción.
comunitat_valenciana,Vall d'Alba,Castelló,municipality:castello::vall_d_alba,"i-DE Redes Eléctricas Inteligentes, S.A.U.",needs_municipal_review,official_tool_review_required,no,i-DE — mapa oficial de distribuidoras,https://www.i-de.es/conexion-red-electrica/mapa-de-distribuidoras,official_public_source_or_review_tool,no,i-DE ofrece herramienta oficial de consulta por zona. No hay tabla municipal simple en este research; requiere validación municipal antes de producción.
comunitat_valenciana,Algemesí,València,municipality:valencia::algemesi,"i-DE Redes Eléctricas Inteligentes, S.A.U.",needs_municipal_review,official_tool_review_required,no,i-DE — mapa oficial de distribuidoras,https://www.i-de.es/conexion-red-electrica/mapa-de-distribuidoras,official_public_source_or_review_tool,no,i-DE ofrece herramienta oficial de consulta por zona. No hay tabla municipal simple en este research; requiere validación municipal antes de producción.
comunitat_valenciana,Anna,València,municipality:valencia::anna,"i-DE Redes Eléctricas Inteligentes, S.A.U.",needs_municipal_review,official_tool_review_required,no,i-DE — mapa oficial de distribuidoras,https://www.i-de.es/conexion-red-electrica/mapa-de-distribuidoras,official_public_source_or_review_tool,no,i-DE ofrece herramienta oficial de consulta por zona. No hay tabla municipal simple en este research; requiere validación municipal antes de producción.
comunitat_valenciana,Tibi,Alacant,municipality:alacant::tibi,"i-DE Redes Eléctricas Inteligentes, S.A.U.",needs_municipal_review,official_tool_review_required,no,i-DE — mapa oficial de distribuidoras,https://www.i-de.es/conexion-red-electrica/mapa-de-distribuidoras,official_public_source_or_review_tool,no,i-DE ofrece herramienta oficial de consulta por zona. No hay tabla municipal simple en este research; requiere validación municipal antes de producción.
comunitat_valenciana,Famorca,Alacant,municipality:alacant::famorca,"i-DE Redes Eléctricas Inteligentes, S.A.U.",needs_municipal_review,official_tool_review_required,no,i-DE — mapa oficial de distribuidoras,https://www.i-de.es/conexion-red-electrica/mapa-de-distribuidoras,official_public_source_or_review_tool,no,i-DE ofrece herramienta oficial de consulta por zona. No hay tabla municipal simple en este research; requiere validación municipal antes de producción.
comunitat_valenciana,Zorita del Maestrazgo,Castelló,municipality:castello::zorita_del_maestrazgo,"i-DE Redes Eléctricas Inteligentes, S.A.U.",needs_municipal_review,official_tool_review_required,no,i-DE — mapa oficial de distribuidoras,https://www.i-de.es/conexion-red-electrica/mapa-de-distribuidoras,official_public_source_or_review_tool,no,i-DE ofrece herramienta oficial de consulta por zona. No hay tabla municipal simple en este research; requiere validación municipal antes de producción.
comunitat_valenciana,Enguera,València,municipality:valencia::enguera,"i-DE Redes Eléctricas Inteligentes, S.A.U.",needs_municipal_review,official_tool_review_required,no,i-DE — mapa oficial de distribuidoras,https://www.i-de.es/conexion-red-electrica/mapa-de-distribuidoras,official_public_source_or_review_tool,no,i-DE ofrece herramienta oficial de consulta por zona. No hay tabla municipal simple en este research; requiere validación municipal antes de producción.
comunitat_valenciana,Llucena,Castelló,municipality:castello::llucena,"i-DE Redes Eléctricas Inteligentes, S.A.U.",needs_municipal_review,official_tool_review_required,no,i-DE — mapa oficial de distribuidoras,https://www.i-de.es/conexion-red-electrica/mapa-de-distribuidoras,official_public_source_or_review_tool,no,i-DE ofrece herramienta oficial de consulta por zona. No hay tabla municipal simple en este research; requiere validación municipal antes de producción.
comunitat_valenciana,Bigastro,Alacant,municipality:alacant::bigastro,"i-DE Redes Eléctricas Inteligentes, S.A.U.",needs_municipal_review,official_tool_review_required,no,i-DE — mapa oficial de distribuidoras,https://www.i-de.es/conexion-red-electrica/mapa-de-distribuidoras,official_public_source_or_review_tool,no,i-DE ofrece herramienta oficial de consulta por zona. No hay tabla municipal simple en este research; requiere validación municipal antes de producción.
comunitat_valenciana,Benaguasil,València,municipality:valencia::benaguasil,"i-DE Redes Eléctricas Inteligentes, S.A.U.",needs_municipal_review,official_tool_review_required,no,i-DE — mapa oficial de distribuidoras,https://www.i-de.es/conexion-red-electrica/mapa-de-distribuidoras,official_public_source_or_review_tool,no,i-DE ofrece herramienta oficial de consulta por zona. No hay tabla municipal simple en este research; requiere validación municipal antes de producción.
comunitat_valenciana,Gestalgar,València,municipality:valencia::gestalgar,"i-DE Redes Eléctricas Inteligentes, S.A.U.",needs_municipal_review,official_tool_review_required,no,i-DE — mapa oficial de distribuidoras,https://www.i-de.es/conexion-red-electrica/mapa-de-distribuidoras,official_public_source_or_review_tool,no,i-DE ofrece herramienta oficial de consulta por zona. No hay tabla municipal simple en este research; requiere validación municipal antes de producción.
comunitat_valenciana,Ròtova,València,municipality:valencia::rotova,"i-DE Redes Eléctricas Inteligentes, S.A.U.",needs_municipal_review,official_tool_review_required,no,i-DE — mapa oficial de distribuidoras,https://www.i-de.es/conexion-red-electrica/mapa-de-distribuidoras,official_public_source_or_review_tool,no,i-DE ofrece herramienta oficial de consulta por zona. No hay tabla municipal simple en este research; requiere validación municipal antes de producción.
comunitat_valenciana,Peníscola,Castelló,municipality:castello::peniscola,"i-DE Redes Eléctricas Inteligentes, S.A.U.",needs_municipal_review,official_tool_review_required,no,i-DE — mapa oficial de distribuidoras,https://www.i-de.es/conexion-red-electrica/mapa-de-distribuidoras,official_public_source_or_review_tool,no,i-DE ofrece herramienta oficial de consulta por zona. No hay tabla municipal simple en este research; requiere validación municipal antes de producción.
comunitat_valenciana,Massalfassar,València,municipality:valencia::massalfassar,"i-DE Redes Eléctricas Inteligentes, S.A.U.",needs_municipal_review,official_tool_review_required,no,i-DE — mapa oficial de distribuidoras,https://www.i-de.es/conexion-red-electrica/mapa-de-distribuidoras,official_public_source_or_review_tool,no,i-DE ofrece herramienta oficial de consulta por zona. No hay tabla municipal simple en este research; requiere validación municipal antes de producción.
comunitat_valenciana,Agost,Alacant,municipality:alacant::agost,"i-DE Redes Eléctricas Inteligentes, S.A.U.",needs_municipal_review,official_tool_review_required,no,i-DE — mapa oficial de distribuidoras,https://www.i-de.es/conexion-red-electrica/mapa-de-distribuidoras,official_public_source_or_review_tool,no,i-DE ofrece herramienta oficial de consulta por zona. No hay tabla municipal simple en este research; requiere validación municipal antes de producción.
comunitat_valenciana,San Rafael del Río,Castelló,municipality:castello::san_rafael_del_rio,"i-DE Redes Eléctricas Inteligentes, S.A.U.",needs_municipal_review,official_tool_review_required,no,i-DE — mapa oficial de distribuidoras,https://www.i-de.es/conexion-red-electrica/mapa-de-distribuidoras,official_public_source_or_review_tool,no,i-DE ofrece herramienta oficial de consulta por zona. No hay tabla municipal simple en este research; requiere validación municipal antes de producción.
comunitat_valenciana,Montitxelvo,València,municipality:valencia::montitxelvo,"i-DE Redes Eléctricas Inteligentes, S.A.U.",needs_municipal_review,official_tool_review_required,no,i-DE — mapa oficial de distribuidoras,https://www.i-de.es/conexion-red-electrica/mapa-de-distribuidoras,official_public_source_or_review_tool,no,i-DE ofrece herramienta oficial de consulta por zona. No hay tabla municipal simple en este research; requiere validación municipal antes de producción.
comunitat_valenciana,Nàquera,València,municipality:valencia::naquera,"i-DE Redes Eléctricas Inteligentes, S.A.U.",needs_municipal_review,official_tool_review_required,no,i-DE — mapa oficial de distribuidoras,https://www.i-de.es/conexion-red-electrica/mapa-de-distribuidoras,official_public_source_or_review_tool,no,i-DE ofrece herramienta oficial de consulta por zona. No hay tabla municipal simple en este research; requiere validación municipal antes de producción.
comunitat_valenciana,Benifato,Alacant,municipality:alacant::benifato,"i-DE Redes Eléctricas Inteligentes, S.A.U.",needs_municipal_review,official_tool_review_required,no,i-DE — mapa oficial de distribuidoras,https://www.i-de.es/conexion-red-electrica/mapa-de-distribuidoras,official_public_source_or_review_tool,no,i-DE ofrece herramienta oficial de consulta por zona. No hay tabla municipal simple en este research; requiere validación municipal antes de producción.
comunitat_valenciana,Vilar de Canes,Castelló,municipality:castello::vilar_de_canes,"i-DE Redes Eléctricas Inteligentes, S.A.U.",needs_municipal_review,official_tool_review_required,no,i-DE — mapa oficial de distribuidoras,https://www.i-de.es/conexion-red-electrica/mapa-de-distribuidoras,official_public_source_or_review_tool,no,i-DE ofrece herramienta oficial de consulta por zona. No hay tabla municipal simple en este research; requiere validación municipal antes de producción.
comunitat_valenciana,Emperador,València,municipality:valencia::emperador,"i-DE Redes Eléctricas Inteligentes, S.A.U.",needs_municipal_review,official_tool_review_required,no,i-DE — mapa oficial de distribuidoras,https://www.i-de.es/conexion-red-electrica/mapa-de-distribuidoras,official_public_source_or_review_tool,no,i-DE ofrece herramienta oficial de consulta por zona. No hay tabla municipal simple en este research; requiere validación municipal antes de producción.
comunitat_valenciana,Manuel,València,municipality:valencia::manuel,"i-DE Redes Eléctricas Inteligentes, S.A.U.",needs_municipal_review,official_tool_review_required,no,i-DE — mapa oficial de distribuidoras,https://www.i-de.es/conexion-red-electrica/mapa-de-distribuidoras,official_public_source_or_review_tool,no,i-DE ofrece herramienta oficial de consulta por zona. No hay tabla municipal simple en este research; requiere validación municipal antes de producción.
comunitat_valenciana,Moncofa,Castelló,municipality:castello::moncofa,"i-DE Redes Eléctricas Inteligentes, S.A.U.",needs_municipal_review,official_tool_review_required,no,i-DE — mapa oficial de distribuidoras,https://www.i-de.es/conexion-red-electrica/mapa-de-distribuidoras,official_public_source_or_review_tool,no,i-DE ofrece herramienta oficial de consulta por zona. No hay tabla municipal simple en este research; requiere validación municipal antes de producción.
comunitat_valenciana,Alcoi,Alacant,municipality:alacant::alcoi,"i-DE Redes Eléctricas Inteligentes, S.A.U.",needs_municipal_review,official_tool_review_required,no,i-DE — mapa oficial de distribuidoras,https://www.i-de.es/conexion-red-electrica/mapa-de-distribuidoras,official_public_source_or_review_tool,no,i-DE ofrece herramienta oficial de consulta por zona. No hay tabla municipal simple en este research; requiere validación municipal antes de producción.
comunitat_valenciana,Busot,Alacant,municipality:alacant::busot,"i-DE Redes Eléctricas Inteligentes, S.A.U.",needs_municipal_review,official_tool_review_required,no,i-DE — mapa oficial de distribuidoras,https://www.i-de.es/conexion-red-electrica/mapa-de-distribuidoras,official_public_source_or_review_tool,no,i-DE ofrece herramienta oficial de consulta por zona. No hay tabla municipal simple en este research; requiere validación municipal antes de producción.
comunitat_valenciana,les Useres,Castelló,municipality:castello::les_useres,"i-DE Redes Eléctricas Inteligentes, S.A.U.",needs_municipal_review,official_tool_review_required,no,i-DE — mapa oficial de distribuidoras,https://www.i-de.es/conexion-red-electrica/mapa-de-distribuidoras,official_public_source_or_review_tool,no,i-DE ofrece herramienta oficial de consulta por zona. No hay tabla municipal simple en este research; requiere validación municipal antes de producción.
comunitat_valenciana,Sagunt,València,municipality:valencia::sagunt,"i-DE Redes Eléctricas Inteligentes, S.A.U.",needs_municipal_review,official_tool_review_required,no,i-DE — mapa oficial de distribuidoras,https://www.i-de.es/conexion-red-electrica/mapa-de-distribuidoras,official_public_source_or_review_tool,no,i-DE ofrece herramienta oficial de consulta por zona. No hay tabla municipal simple en este research; requiere validación municipal antes de producción.
comunitat_valenciana,Montaverner,València,municipality:valencia::montaverner,"i-DE Redes Eléctricas Inteligentes, S.A.U.",needs_municipal_review,official_tool_review_required,no,i-DE — mapa oficial de distribuidoras,https://www.i-de.es/conexion-red-electrica/mapa-de-distribuidoras,official_public_source_or_review_tool,no,i-DE ofrece herramienta oficial de consulta por zona. No hay tabla municipal simple en este research; requiere validación municipal antes de producción.
comunitat_valenciana,Benimeli,Alacant,municipality:alacant::benimeli,"i-DE Redes Eléctricas Inteligentes, S.A.U.",needs_municipal_review,official_tool_review_required,no,i-DE — mapa oficial de distribuidoras,https://www.i-de.es/conexion-red-electrica/mapa-de-distribuidoras,official_public_source_or_review_tool,no,i-DE ofrece herramienta oficial de consulta por zona. No hay tabla municipal simple en este research; requiere validación municipal antes de producción.
comunitat_valenciana,Jarafuel,València,municipality:valencia::jarafuel,"i-DE Redes Eléctricas Inteligentes, S.A.U.",needs_municipal_review,official_tool_review_required,no,i-DE — mapa oficial de distribuidoras,https://www.i-de.es/conexion-red-electrica/mapa-de-distribuidoras,official_public_source_or_review_tool,no,i-DE ofrece herramienta oficial de consulta por zona. No hay tabla municipal simple en este research; requiere validación municipal antes de producción.
comunitat_valenciana,Benidoleig,Alacant,municipality:alacant::benidoleig,"i-DE Redes Eléctricas Inteligentes, S.A.U.",needs_municipal_review,official_tool_review_required,no,i-DE — mapa oficial de distribuidoras,https://www.i-de.es/conexion-red-electrica/mapa-de-distribuidoras,official_public_source_or_review_tool,no,i-DE ofrece herramienta oficial de consulta por zona. No hay tabla municipal simple en este research; requiere validación municipal antes de producción.
comunitat_valenciana,Benimuslem,València,municipality:valencia::benimuslem,"i-DE Redes Eléctricas Inteligentes, S.A.U.",needs_municipal_review,official_tool_review_required,no,i-DE — mapa oficial de distribuidoras,https://www.i-de.es/conexion-red-electrica/mapa-de-distribuidoras,official_public_source_or_review_tool,no,i-DE ofrece herramienta oficial de consulta por zona. No hay tabla municipal simple en este research; requiere validación municipal antes de producción.
comunitat_valenciana,Xert,Castelló,municipality:castello::xert,"i-DE Redes Eléctricas Inteligentes, S.A.U.",needs_municipal_review,official_tool_review_required,no,i-DE — mapa oficial de distribuidoras,https://www.i-de.es/conexion-red-electrica/mapa-de-distribuidoras,official_public_source_or_review_tool,no,i-DE ofrece herramienta oficial de consulta por zona. No hay tabla municipal simple en este research; requiere validación municipal antes de producción.
comunitat_valenciana,Cox,Alacant,municipality:alacant::cox,"i-DE Redes Eléctricas Inteligentes, S.A.U.",needs_municipal_review,official_tool_review_required,no,i-DE — mapa oficial de distribuidoras,https://www.i-de.es/conexion-red-electrica/mapa-de-distribuidoras,official_public_source_or_review_tool,no,i-DE ofrece herramienta oficial de consulta por zona. No hay tabla municipal simple en este research; requiere validación municipal antes de producción.
comunitat_valenciana,el Castell de Guadalest,Alacant,municipality:alacant::el_castell_de_guadalest,"i-DE Redes Eléctricas Inteligentes, S.A.U.",needs_municipal_review,official_tool_review_required,no,i-DE — mapa oficial de distribuidoras,https://www.i-de.es/conexion-red-electrica/mapa-de-distribuidoras,official_public_source_or_review_tool,no,i-DE ofrece herramienta oficial de consulta por zona. No hay tabla municipal simple en este research; requiere validación municipal antes de producción.
comunitat_valenciana,la Torre d'en Doménec,Castelló,municipality:castello::la_torre_d_en_domenec,"i-DE Redes Eléctricas Inteligentes, S.A.U.",needs_municipal_review,official_tool_review_required,no,i-DE — mapa oficial de distribuidoras,https://www.i-de.es/conexion-red-electrica/mapa-de-distribuidoras,official_public_source_or_review_tool,no,i-DE ofrece herramienta oficial de consulta por zona. No hay tabla municipal simple en este research; requiere validación municipal antes de producción.
comunitat_valenciana,Canet lo Roig,Castelló,municipality:castello::canet_lo_roig,"i-DE Redes Eléctricas Inteligentes, S.A.U.",needs_municipal_review,official_tool_review_required,no,i-DE — mapa oficial de distribuidoras,https://www.i-de.es/conexion-red-electrica/mapa-de-distribuidoras,official_public_source_or_review_tool,no,i-DE ofrece herramienta oficial de consulta por zona. No hay tabla municipal simple en este research; requiere validación municipal antes de producción.
comunitat_valenciana,Aldaia,València,municipality:valencia::aldaia,"i-DE Redes Eléctricas Inteligentes, S.A.U.",needs_municipal_review,official_tool_review_required,no,i-DE — mapa oficial de distribuidoras,https://www.i-de.es/conexion-red-electrica/mapa-de-distribuidoras,official_public_source_or_review_tool,no,i-DE ofrece herramienta oficial de consulta por zona. No hay tabla municipal simple en este research; requiere validación municipal antes de producción.
comunitat_valenciana,Montserrat,València,municipality:valencia::montserrat,"i-DE Redes Eléctricas Inteligentes, S.A.U.",needs_municipal_review,official_tool_review_required,no,i-DE — mapa oficial de distribuidoras,https://www.i-de.es/conexion-red-electrica/mapa-de-distribuidoras,official_public_source_or_review_tool,no,i-DE ofrece herramienta oficial de consulta por zona. No hay tabla municipal simple en este research; requiere validación municipal antes de producción.
comunitat_valenciana,Borriol,Castelló,municipality:castello::borriol,"i-DE Redes Eléctricas Inteligentes, S.A.U.",needs_municipal_review,official_tool_review_required,no,i-DE — mapa oficial de distribuidoras,https://www.i-de.es/conexion-red-electrica/mapa-de-distribuidoras,official_public_source_or_review_tool,no,i-DE ofrece herramienta oficial de consulta por zona. No hay tabla municipal simple en este research; requiere validación municipal antes de producción.
comunitat_valenciana,la Pobla Llarga,València,municipality:valencia::la_pobla_llarga,"i-DE Redes Eléctricas Inteligentes, S.A.U.",needs_municipal_review,official_tool_review_required,no,i-DE — mapa oficial de distribuidoras,https://www.i-de.es/conexion-red-electrica/mapa-de-distribuidoras,official_public_source_or_review_tool,no,i-DE ofrece herramienta oficial de consulta por zona. No hay tabla municipal simple en este research; requiere validación municipal antes de producción.
comunitat_valenciana,Altea,Alacant,municipality:alacant::altea,"i-DE Redes Eléctricas Inteligentes, S.A.U.",needs_municipal_review,official_tool_review_required,no,i-DE — mapa oficial de distribuidoras,https://www.i-de.es/conexion-red-electrica/mapa-de-distribuidoras,official_public_source_or_review_tool,no,i-DE ofrece herramienta oficial de consulta por zona. No hay tabla municipal simple en este research; requiere validación municipal antes de producción.
comunitat_valenciana,la Vall de Gallinera,Alacant,municipality:alacant::la_vall_de_gallinera,"i-DE Redes Eléctricas Inteligentes, S.A.U.",needs_municipal_review,official_tool_review_required,no,i-DE — mapa oficial de distribuidoras,https://www.i-de.es/conexion-red-electrica/mapa-de-distribuidoras,official_public_source_or_review_tool,no,i-DE ofrece herramienta oficial de consulta por zona. No hay tabla municipal simple en este research; requiere validación municipal antes de producción.
comunitat_valenciana,Almudaina,Alacant,municipality:alacant::almudaina,"i-DE Redes Eléctricas Inteligentes, S.A.U.",needs_municipal_review,official_tool_review_required,no,i-DE — mapa oficial de distribuidoras,https://www.i-de.es/conexion-red-electrica/mapa-de-distribuidoras,official_public_source_or_review_tool,no,i-DE ofrece herramienta oficial de consulta por zona. No hay tabla municipal simple en este research; requiere validación municipal antes de producción.
comunitat_valenciana,Bejís,Castelló,municipality:castello::bejis,"i-DE Redes Eléctricas Inteligentes, S.A.U.",needs_municipal_review,official_tool_review_required,no,i-DE — mapa oficial de distribuidoras,https://www.i-de.es/conexion-red-electrica/mapa-de-distribuidoras,official_public_source_or_review_tool,no,i-DE ofrece herramienta oficial de consulta por zona. No hay tabla municipal simple en este research; requiere validación municipal antes de producción.
comunitat_valenciana,Albatera,Alacant,municipality:alacant::albatera,"i-DE Redes Eléctricas Inteligentes, S.A.U.",needs_municipal_review,official_tool_review_required,no,i-DE — mapa oficial de distribuidoras,https://www.i-de.es/conexion-red-electrica/mapa-de-distribuidoras,official_public_source_or_review_tool,no,i-DE ofrece herramienta oficial de consulta por zona. No hay tabla municipal simple en este research; requiere validación municipal antes de producción.
comunitat_valenciana,Jacarilla,Alacant,municipality:alacant::jacarilla,"i-DE Redes Eléctricas Inteligentes, S.A.U.",needs_municipal_review,official_tool_review_required,no,i-DE — mapa oficial de distribuidoras,https://www.i-de.es/conexion-red-electrica/mapa-de-distribuidoras,official_public_source_or_review_tool,no,i-DE ofrece herramienta oficial de consulta por zona. No hay tabla municipal simple en este research; requiere validación municipal antes de producción.
comunitat_valenciana,Bolbaite,València,municipality:valencia::bolbaite,"i-DE Redes Eléctricas Inteligentes, S.A.U.",needs_municipal_review,official_tool_review_required,no,i-DE — mapa oficial de distribuidoras,https://www.i-de.es/conexion-red-electrica/mapa-de-distribuidoras,official_public_source_or_review_tool,no,i-DE ofrece herramienta oficial de consulta por zona. No hay tabla municipal simple en este research; requiere validación municipal antes de producción.
comunitat_valenciana,Fontanars dels Alforins,València,municipality:valencia::fontanars_dels_alforins,"i-DE Redes Eléctricas Inteligentes, S.A.U.",needs_municipal_review,official_tool_review_required,no,i-DE — mapa oficial de distribuidoras,https://www.i-de.es/conexion-red-electrica/mapa-de-distribuidoras,official_public_source_or_review_tool,no,i-DE ofrece herramienta oficial de consulta por zona. No hay tabla municipal simple en este research; requiere validación municipal antes de producción.
comunitat_valenciana,Sant Vicent del Raspeig,Alacant,municipality:alacant::sant_vicent_del_raspeig,"i-DE Redes Eléctricas Inteligentes, S.A.U.",needs_municipal_review,official_tool_review_required,no,i-DE — mapa oficial de distribuidoras,https://www.i-de.es/conexion-red-electrica/mapa-de-distribuidoras,official_public_source_or_review_tool,no,i-DE ofrece herramienta oficial de consulta por zona. No hay tabla municipal simple en este research; requiere validación municipal antes de producción.
comunitat_valenciana,Albuixech,València,municipality:valencia::albuixech,"i-DE Redes Eléctricas Inteligentes, S.A.U.",needs_municipal_review,official_tool_review_required,no,i-DE — mapa oficial de distribuidoras,https://www.i-de.es/conexion-red-electrica/mapa-de-distribuidoras,official_public_source_or_review_tool,no,i-DE ofrece herramienta oficial de consulta por zona. No hay tabla municipal simple en este research; requiere validación municipal antes de producción.
comunitat_valenciana,Losa del Obispo,València,municipality:valencia::losa_del_obispo,"i-DE Redes Eléctricas Inteligentes, S.A.U.",needs_municipal_review,official_tool_review_required,no,i-DE — mapa oficial de distribuidoras,https://www.i-de.es/conexion-red-electrica/mapa-de-distribuidoras,official_public_source_or_review_tool,no,i-DE ofrece herramienta oficial de consulta por zona. No hay tabla municipal simple en este research; requiere validación municipal antes de producción.
comunitat_valenciana,Requena,València,municipality:valencia::requena,"i-DE Redes Eléctricas Inteligentes, S.A.U.",needs_municipal_review,official_tool_review_required,no,i-DE — mapa oficial de distribuidoras,https://www.i-de.es/conexion-red-electrica/mapa-de-distribuidoras,official_public_source_or_review_tool,no,i-DE ofrece herramienta oficial de consulta por zona. No hay tabla municipal simple en este research; requiere validación municipal antes de producción.
comunitat_valenciana,Artana,Castelló,municipality:castello::artana,"i-DE Redes Eléctricas Inteligentes, S.A.U.",needs_municipal_review,official_tool_review_required,no,i-DE — mapa oficial de distribuidoras,https://www.i-de.es/conexion-red-electrica/mapa-de-distribuidoras,official_public_source_or_review_tool,no,i-DE ofrece herramienta oficial de consulta por zona. No hay tabla municipal simple en este research; requiere validación municipal antes de producción.
comunitat_valenciana,Navarrés,València,municipality:valencia::navarres,"i-DE Redes Eléctricas Inteligentes, S.A.U.",needs_municipal_review,official_tool_review_required,no,i-DE — mapa oficial de distribuidoras,https://www.i-de.es/conexion-red-electrica/mapa-de-distribuidoras,official_public_source_or_review_tool,no,i-DE ofrece herramienta oficial de consulta por zona. No hay tabla municipal simple en este research; requiere validación municipal antes de producción.
comunitat_valenciana,Alfafar,València,municipality:valencia::alfafar,"i-DE Redes Eléctricas Inteligentes, S.A.U.",needs_municipal_review,official_tool_review_required,no,i-DE — mapa oficial de distribuidoras,https://www.i-de.es/conexion-red-electrica/mapa-de-distribuidoras,official_public_source_or_review_tool,no,i-DE ofrece herramienta oficial de consulta por zona. No hay tabla municipal simple en este research; requiere validación municipal antes de producción.
comunitat_valenciana,Benassal,Castelló,municipality:castello::benassal,"i-DE Redes Eléctricas Inteligentes, S.A.U.",needs_municipal_review,official_tool_review_required,no,i-DE — mapa oficial de distribuidoras,https://www.i-de.es/conexion-red-electrica/mapa-de-distribuidoras,official_public_source_or_review_tool,no,i-DE ofrece herramienta oficial de consulta por zona. No hay tabla municipal simple en este research; requiere validación municipal antes de producción.
comunitat_valenciana,Ludiente,Castelló,municipality:castello::ludiente,"i-DE Redes Eléctricas Inteligentes, S.A.U.",needs_municipal_review,official_tool_review_required,no,i-DE — mapa oficial de distribuidoras,https://www.i-de.es/conexion-red-electrica/mapa-de-distribuidoras,official_public_source_or_review_tool,no,i-DE ofrece herramienta oficial de consulta por zona. No hay tabla municipal simple en este research; requiere validación municipal antes de producción.
comunitat_valenciana,Torás,Castelló,municipality:castello::toras,"i-DE Redes Eléctricas Inteligentes, S.A.U.",needs_municipal_review,official_tool_review_required,no,i-DE — mapa oficial de distribuidoras,https://www.i-de.es/conexion-red-electrica/mapa-de-distribuidoras,official_public_source_or_review_tool,no,i-DE ofrece herramienta oficial de consulta por zona. No hay tabla municipal simple en este research; requiere validación municipal antes de producción.
comunitat_valenciana,Vilanova d'Alcolea,Castelló,municipality:castello::vilanova_d_alcolea,"i-DE Redes Eléctricas Inteligentes, S.A.U.",needs_municipal_review,official_tool_review_required,no,i-DE — mapa oficial de distribuidoras,https://www.i-de.es/conexion-red-electrica/mapa-de-distribuidoras,official_public_source_or_review_tool,no,i-DE ofrece herramienta oficial de consulta por zona. No hay tabla municipal simple en este research; requiere validación municipal antes de producción.
comunitat_valenciana,La Yesa,València,municipality:valencia::la_yesa,"i-DE Redes Eléctricas Inteligentes, S.A.U.",needs_municipal_review,official_tool_review_required,no,i-DE — mapa oficial de distribuidoras,https://www.i-de.es/conexion-red-electrica/mapa-de-distribuidoras,official_public_source_or_review_tool,no,i-DE ofrece herramienta oficial de consulta por zona. No hay tabla municipal simple en este research; requiere validación municipal antes de producción.
comunitat_valenciana,l'Énova,València,municipality:valencia::l_enova,"i-DE Redes Eléctricas Inteligentes, S.A.U.",needs_municipal_review,official_tool_review_required,no,i-DE — mapa oficial de distribuidoras,https://www.i-de.es/conexion-red-electrica/mapa-de-distribuidoras,official_public_source_or_review_tool,no,i-DE ofrece herramienta oficial de consulta por zona. No hay tabla municipal simple en este research; requiere validación municipal antes de producción.
comunitat_valenciana,Algorfa,Alacant,municipality:alacant::algorfa,"i-DE Redes Eléctricas Inteligentes, S.A.U.",needs_municipal_review,official_tool_review_required,no,i-DE — mapa oficial de distribuidoras,https://www.i-de.es/conexion-red-electrica/mapa-de-distribuidoras,official_public_source_or_review_tool,no,i-DE ofrece herramienta oficial de consulta por zona. No hay tabla municipal simple en este research; requiere validación municipal antes de producción.
comunitat_valenciana,Altura,Castelló,municipality:castello::altura,"i-DE Redes Eléctricas Inteligentes, S.A.U.",needs_municipal_review,official_tool_review_required,no,i-DE — mapa oficial de distribuidoras,https://www.i-de.es/conexion-red-electrica/mapa-de-distribuidoras,official_public_source_or_review_tool,no,i-DE ofrece herramienta oficial de consulta por zona. No hay tabla municipal simple en este research; requiere validación municipal antes de producción.
comunitat_valenciana,Fageca,Alacant,municipality:alacant::fageca,"i-DE Redes Eléctricas Inteligentes, S.A.U.",needs_municipal_review,official_tool_review_required,no,i-DE — mapa oficial de distribuidoras,https://www.i-de.es/conexion-red-electrica/mapa-de-distribuidoras,official_public_source_or_review_tool,no,i-DE ofrece herramienta oficial de consulta por zona. No hay tabla municipal simple en este research; requiere validación municipal antes de producción.
comunitat_valenciana,Quesa,València,municipality:valencia::quesa,"i-DE Redes Eléctricas Inteligentes, S.A.U.",needs_municipal_review,official_tool_review_required,no,i-DE — mapa oficial de distribuidoras,https://www.i-de.es/conexion-red-electrica/mapa-de-distribuidoras,official_public_source_or_review_tool,no,i-DE ofrece herramienta oficial de consulta por zona. No hay tabla municipal simple en este research; requiere validación municipal antes de producción.
comunitat_valenciana,Tírig,Castelló,municipality:castello::tirig,"i-DE Redes Eléctricas Inteligentes, S.A.U.",needs_municipal_review,official_tool_review_required,no,i-DE — mapa oficial de distribuidoras,https://www.i-de.es/conexion-red-electrica/mapa-de-distribuidoras,official_public_source_or_review_tool,no,i-DE ofrece herramienta oficial de consulta por zona. No hay tabla municipal simple en este research; requiere validación municipal antes de producción.
comunitat_valenciana,l'Orxa,Alacant,municipality:alacant::l_orxa,"i-DE Redes Eléctricas Inteligentes, S.A.U.",needs_municipal_review,official_tool_review_required,no,i-DE — mapa oficial de distribuidoras,https://www.i-de.es/conexion-red-electrica/mapa-de-distribuidoras,official_public_source_or_review_tool,no,i-DE ofrece herramienta oficial de consulta por zona. No hay tabla municipal simple en este research; requiere validación municipal antes de producción.
comunitat_valenciana,Bocairent,València,municipality:valencia::bocairent,"i-DE Redes Eléctricas Inteligentes, S.A.U.",needs_municipal_review,official_tool_review_required,no,i-DE — mapa oficial de distribuidoras,https://www.i-de.es/conexion-red-electrica/mapa-de-distribuidoras,official_public_source_or_review_tool,no,i-DE ofrece herramienta oficial de consulta por zona. No hay tabla municipal simple en este research; requiere validación municipal antes de producción.
comunitat_valenciana,Sant Joan d'Alacant,Alacant,municipality:alacant::sant_joan_d_alacant,"i-DE Redes Eléctricas Inteligentes, S.A.U.",needs_municipal_review,official_tool_review_required,no,i-DE — mapa oficial de distribuidoras,https://www.i-de.es/conexion-red-electrica/mapa-de-distribuidoras,official_public_source_or_review_tool,no,i-DE ofrece herramienta oficial de consulta por zona. No hay tabla municipal simple en este research; requiere validación municipal antes de producción.
comunitat_valenciana,Pilar de la Horadada,Alacant,municipality:alacant::pilar_de_la_horadada,"i-DE Redes Eléctricas Inteligentes, S.A.U.",needs_municipal_review,official_tool_review_required,no,i-DE — mapa oficial de distribuidoras,https://www.i-de.es/conexion-red-electrica/mapa-de-distribuidoras,official_public_source_or_review_tool,no,i-DE ofrece herramienta oficial de consulta por zona. No hay tabla municipal simple en este research; requiere validación municipal antes de producción.
comunitat_valenciana,Vilafamés,Castelló,municipality:castello::vilafames,"i-DE Redes Eléctricas Inteligentes, S.A.U.",needs_municipal_review,official_tool_review_required,no,i-DE — mapa oficial de distribuidoras,https://www.i-de.es/conexion-red-electrica/mapa-de-distribuidoras,official_public_source_or_review_tool,no,i-DE ofrece herramienta oficial de consulta por zona. No hay tabla municipal simple en este research; requiere validación municipal antes de producción.
comunitat_valenciana,Alberic,València,municipality:valencia::alberic,"i-DE Redes Eléctricas Inteligentes, S.A.U.",needs_municipal_review,official_tool_review_required,no,i-DE — mapa oficial de distribuidoras,https://www.i-de.es/conexion-red-electrica/mapa-de-distribuidoras,official_public_source_or_review_tool,no,i-DE ofrece herramienta oficial de consulta por zona. No hay tabla municipal simple en este research; requiere validación municipal antes de producción.
comunitat_valenciana,Llíber,Alacant,municipality:alacant::lliber,"i-DE Redes Eléctricas Inteligentes, S.A.U.",needs_municipal_review,official_tool_review_required,no,i-DE — mapa oficial de distribuidoras,https://www.i-de.es/conexion-red-electrica/mapa-de-distribuidoras,official_public_source_or_review_tool,no,i-DE ofrece herramienta oficial de consulta por zona. No hay tabla municipal simple en este research; requiere validación municipal antes de producción.
comunitat_valenciana,la Llosa de Ranes,València,municipality:valencia::la_llosa_de_ranes,"i-DE Redes Eléctricas Inteligentes, S.A.U.",needs_municipal_review,official_tool_review_required,no,i-DE — mapa oficial de distribuidoras,https://www.i-de.es/conexion-red-electrica/mapa-de-distribuidoras,official_public_source_or_review_tool,no,i-DE ofrece herramienta oficial de consulta por zona. No hay tabla municipal simple en este research; requiere validación municipal antes de producción.
comunitat_valenciana,Torralba del Pinar,Castelló,municipality:castello::torralba_del_pinar,"i-DE Redes Eléctricas Inteligentes, S.A.U.",needs_municipal_review,official_tool_review_required,no,i-DE — mapa oficial de distribuidoras,https://www.i-de.es/conexion-red-electrica/mapa-de-distribuidoras,official_public_source_or_review_tool,no,i-DE ofrece herramienta oficial de consulta por zona. No hay tabla municipal simple en este research; requiere validación municipal antes de producción.
comunitat_valenciana,Alpuente,València,municipality:valencia::alpuente,"i-DE Redes Eléctricas Inteligentes, S.A.U.",needs_municipal_review,official_tool_review_required,no,i-DE — mapa oficial de distribuidoras,https://www.i-de.es/conexion-red-electrica/mapa-de-distribuidoras,official_public_source_or_review_tool,no,i-DE ofrece herramienta oficial de consulta por zona. No hay tabla municipal simple en este research; requiere validación municipal antes de producción.
comunitat_valenciana,la Font d'en Carròs,València,municipality:valencia::la_font_d_en_carros,"i-DE Redes Eléctricas Inteligentes, S.A.U.",needs_municipal_review,official_tool_review_required,no,i-DE — mapa oficial de distribuidoras,https://www.i-de.es/conexion-red-electrica/mapa-de-distribuidoras,official_public_source_or_review_tool,no,i-DE ofrece herramienta oficial de consulta por zona. No hay tabla municipal simple en este research; requiere validación municipal antes de producción.
comunitat_valenciana,Rafelcofer,València,municipality:valencia::rafelcofer,"i-DE Redes Eléctricas Inteligentes, S.A.U.",needs_municipal_review,official_tool_review_required,no,i-DE — mapa oficial de distribuidoras,https://www.i-de.es/conexion-red-electrica/mapa-de-distribuidoras,official_public_source_or_review_tool,no,i-DE ofrece herramienta oficial de consulta por zona. No hay tabla municipal simple en este research; requiere validación municipal antes de producción.
comunitat_valenciana,Corbera,València,municipality:valencia::corbera,"i-DE Redes Eléctricas Inteligentes, S.A.U.",needs_municipal_review,official_tool_review_required,no,i-DE — mapa oficial de distribuidoras,https://www.i-de.es/conexion-red-electrica/mapa-de-distribuidoras,official_public_source_or_review_tool,no,i-DE ofrece herramienta oficial de consulta por zona. No hay tabla municipal simple en este research; requiere validación municipal antes de producción.
comunitat_valenciana,Puçol,València,municipality:valencia::pucol,"i-DE Redes Eléctricas Inteligentes, S.A.U.",needs_municipal_review,official_tool_review_required,no,i-DE — mapa oficial de distribuidoras,https://www.i-de.es/conexion-red-electrica/mapa-de-distribuidoras,official_public_source_or_review_tool,no,i-DE ofrece herramienta oficial de consulta por zona. No hay tabla municipal simple en este research; requiere validación municipal antes de producción.
comunitat_valenciana,Calles,València,municipality:valencia::calles,"i-DE Redes Eléctricas Inteligentes, S.A.U.",needs_municipal_review,official_tool_review_required,no,i-DE — mapa oficial de distribuidoras,https://www.i-de.es/conexion-red-electrica/mapa-de-distribuidoras,official_public_source_or_review_tool,no,i-DE ofrece herramienta oficial de consulta por zona. No hay tabla municipal simple en este research; requiere validación municipal antes de producción.
comunitat_valenciana,la Vall d'Ebo,Alacant,municipality:alacant::la_vall_d_ebo,"i-DE Redes Eléctricas Inteligentes, S.A.U.",needs_municipal_review,official_tool_review_required,no,i-DE — mapa oficial de distribuidoras,https://www.i-de.es/conexion-red-electrica/mapa-de-distribuidoras,official_public_source_or_review_tool,no,i-DE ofrece herramienta oficial de consulta por zona. No hay tabla municipal simple en este research; requiere validación municipal antes de producción.
comunitat_valenciana,Olocau del Rey,Castelló,municipality:castello::olocau_del_rey,"i-DE Redes Eléctricas Inteligentes, S.A.U.",needs_municipal_review,official_tool_review_required,no,i-DE — mapa oficial de distribuidoras,https://www.i-de.es/conexion-red-electrica/mapa-de-distribuidoras,official_public_source_or_review_tool,no,i-DE ofrece herramienta oficial de consulta por zona. No hay tabla municipal simple en este research; requiere validación municipal antes de producción.
comunitat_valenciana,l'Atzúbia,Alacant,municipality:alacant::l_atzubia,"i-DE Redes Eléctricas Inteligentes, S.A.U.",needs_municipal_review,official_tool_review_required,no,i-DE — mapa oficial de distribuidoras,https://www.i-de.es/conexion-red-electrica/mapa-de-distribuidoras,official_public_source_or_review_tool,no,i-DE ofrece herramienta oficial de consulta por zona. No hay tabla municipal simple en este research; requiere validación municipal antes de producción.
comunitat_valenciana,Benavites,València,municipality:valencia::benavites,"i-DE Redes Eléctricas Inteligentes, S.A.U.",needs_municipal_review,official_tool_review_required,no,i-DE — mapa oficial de distribuidoras,https://www.i-de.es/conexion-red-electrica/mapa-de-distribuidoras,official_public_source_or_review_tool,no,i-DE ofrece herramienta oficial de consulta por zona. No hay tabla municipal simple en este research; requiere validación municipal antes de producción.
comunitat_valenciana,Macastre,València,municipality:valencia::macastre,"i-DE Redes Eléctricas Inteligentes, S.A.U.",needs_municipal_review,official_tool_review_required,no,i-DE — mapa oficial de distribuidoras,https://www.i-de.es/conexion-red-electrica/mapa-de-distribuidoras,official_public_source_or_review_tool,no,i-DE ofrece herramienta oficial de consulta por zona. No hay tabla municipal simple en este research; requiere validación municipal antes de producción.
comunitat_valenciana,Serra,València,municipality:valencia::serra,"i-DE Redes Eléctricas Inteligentes, S.A.U.",needs_municipal_review,official_tool_review_required,no,i-DE — mapa oficial de distribuidoras,https://www.i-de.es/conexion-red-electrica/mapa-de-distribuidoras,official_public_source_or_review_tool,no,i-DE ofrece herramienta oficial de consulta por zona. No hay tabla municipal simple en este research; requiere validación municipal antes de producción.
comunitat_valenciana,Terrateig,València,municipality:valencia::terrateig,"i-DE Redes Eléctricas Inteligentes, S.A.U.",needs_municipal_review,official_tool_review_required,no,i-DE — mapa oficial de distribuidoras,https://www.i-de.es/conexion-red-electrica/mapa-de-distribuidoras,official_public_source_or_review_tool,no,i-DE ofrece herramienta oficial de consulta por zona. No hay tabla municipal simple en este research; requiere validación municipal antes de producción.
comunitat_valenciana,el Verger,Alacant,municipality:alacant::el_verger,"i-DE Redes Eléctricas Inteligentes, S.A.U.",needs_municipal_review,official_tool_review_required,no,i-DE — mapa oficial de distribuidoras,https://www.i-de.es/conexion-red-electrica/mapa-de-distribuidoras,official_public_source_or_review_tool,no,i-DE ofrece herramienta oficial de consulta por zona. No hay tabla municipal simple en este research; requiere validación municipal antes de producción.
comunitat_valenciana,la Vall d'Uixó,Castelló,municipality:castello::la_vall_d_uixo,"i-DE Redes Eléctricas Inteligentes, S.A.U.",needs_municipal_review,official_tool_review_required,no,i-DE — mapa oficial de distribuidoras,https://www.i-de.es/conexion-red-electrica/mapa-de-distribuidoras,official_public_source_or_review_tool,no,i-DE ofrece herramienta oficial de consulta por zona. No hay tabla municipal simple en este research; requiere validación municipal antes de producción.
comunitat_valenciana,el Campello,Alacant,municipality:alacant::el_campello,"i-DE Redes Eléctricas Inteligentes, S.A.U.",needs_municipal_review,official_tool_review_required,no,i-DE — mapa oficial de distribuidoras,https://www.i-de.es/conexion-red-electrica/mapa-de-distribuidoras,official_public_source_or_review_tool,no,i-DE ofrece herramienta oficial de consulta por zona. No hay tabla municipal simple en este research; requiere validación municipal antes de producción.
comunitat_valenciana,Orba,Alacant,municipality:alacant::orba,"i-DE Redes Eléctricas Inteligentes, S.A.U.",needs_municipal_review,official_tool_review_required,no,i-DE — mapa oficial de distribuidoras,https://www.i-de.es/conexion-red-electrica/mapa-de-distribuidoras,official_public_source_or_review_tool,no,i-DE ofrece herramienta oficial de consulta por zona. No hay tabla municipal simple en este research; requiere validación municipal antes de producción.
comunitat_valenciana,Cinctorres,Castelló,municipality:castello::cinctorres,"i-DE Redes Eléctricas Inteligentes, S.A.U.",needs_municipal_review,official_tool_review_required,no,i-DE — mapa oficial de distribuidoras,https://www.i-de.es/conexion-red-electrica/mapa-de-distribuidoras,official_public_source_or_review_tool,no,i-DE ofrece herramienta oficial de consulta por zona. No hay tabla municipal simple en este research; requiere validación municipal antes de producción.
comunitat_valenciana,la Torre d'En Besora,Castelló,municipality:castello::la_torre_d_en_besora,"i-DE Redes Eléctricas Inteligentes, S.A.U.",needs_municipal_review,official_tool_review_required,no,i-DE — mapa oficial de distribuidoras,https://www.i-de.es/conexion-red-electrica/mapa-de-distribuidoras,official_public_source_or_review_tool,no,i-DE ofrece herramienta oficial de consulta por zona. No hay tabla municipal simple en este research; requiere validación municipal antes de producción.
comunitat_valenciana,Quartell,València,municipality:valencia::quartell,"i-DE Redes Eléctricas Inteligentes, S.A.U.",needs_municipal_review,official_tool_review_required,no,i-DE — mapa oficial de distribuidoras,https://www.i-de.es/conexion-red-electrica/mapa-de-distribuidoras,official_public_source_or_review_tool,no,i-DE ofrece herramienta oficial de consulta por zona. No hay tabla municipal simple en este research; requiere validación municipal antes de producción.
comunitat_valenciana,Benilloba,Alacant,municipality:alacant::benilloba,"i-DE Redes Eléctricas Inteligentes, S.A.U.",needs_municipal_review,official_tool_review_required,no,i-DE — mapa oficial de distribuidoras,https://www.i-de.es/conexion-red-electrica/mapa-de-distribuidoras,official_public_source_or_review_tool,no,i-DE ofrece herramienta oficial de consulta por zona. No hay tabla municipal simple en este research; requiere validación municipal antes de producción.
comunitat_valenciana,Gátova,València,municipality:valencia::gatova,"i-DE Redes Eléctricas Inteligentes, S.A.U.",needs_municipal_review,official_tool_review_required,no,i-DE — mapa oficial de distribuidoras,https://www.i-de.es/conexion-red-electrica/mapa-de-distribuidoras,official_public_source_or_review_tool,no,i-DE ofrece herramienta oficial de consulta por zona. No hay tabla municipal simple en este research; requiere validación municipal antes de producción.
comunitat_valenciana,Redován,Alacant,municipality:alacant::redovan,"i-DE Redes Eléctricas Inteligentes, S.A.U.",needs_municipal_review,official_tool_review_required,no,i-DE — mapa oficial de distribuidoras,https://www.i-de.es/conexion-red-electrica/mapa-de-distribuidoras,official_public_source_or_review_tool,no,i-DE ofrece herramienta oficial de consulta por zona. No hay tabla municipal simple en este research; requiere validación municipal antes de producción.
comunitat_valenciana,Castell de Castells,Alacant,municipality:alacant::castell_de_castells,"i-DE Redes Eléctricas Inteligentes, S.A.U.",needs_municipal_review,official_tool_review_required,no,i-DE — mapa oficial de distribuidoras,https://www.i-de.es/conexion-red-electrica/mapa-de-distribuidoras,official_public_source_or_review_tool,no,i-DE ofrece herramienta oficial de consulta por zona. No hay tabla municipal simple en este research; requiere validación municipal antes de producción.
comunitat_valenciana,Ador,València,municipality:valencia::ador,"i-DE Redes Eléctricas Inteligentes, S.A.U.",needs_municipal_review,official_tool_review_required,no,i-DE — mapa oficial de distribuidoras,https://www.i-de.es/conexion-red-electrica/mapa-de-distribuidoras,official_public_source_or_review_tool,no,i-DE ofrece herramienta oficial de consulta por zona. No hay tabla municipal simple en este research; requiere validación municipal antes de producción.
comunitat_valenciana,Bellreguard,València,municipality:valencia::bellreguard,"i-DE Redes Eléctricas Inteligentes, S.A.U.",needs_municipal_review,official_tool_review_required,no,i-DE — mapa oficial de distribuidoras,https://www.i-de.es/conexion-red-electrica/mapa-de-distribuidoras,official_public_source_or_review_tool,no,i-DE ofrece herramienta oficial de consulta por zona. No hay tabla municipal simple en este research; requiere validación municipal antes de producción.
comunitat_valenciana,Pedralba,València,municipality:valencia::pedralba,"i-DE Redes Eléctricas Inteligentes, S.A.U.",needs_municipal_review,official_tool_review_required,no,i-DE — mapa oficial de distribuidoras,https://www.i-de.es/conexion-red-electrica/mapa-de-distribuidoras,official_public_source_or_review_tool,no,i-DE ofrece herramienta oficial de consulta por zona. No hay tabla municipal simple en este research; requiere validación municipal antes de producción.
comunitat_valenciana,Gaibiel,Castelló,municipality:castello::gaibiel,"i-DE Redes Eléctricas Inteligentes, S.A.U.",needs_municipal_review,official_tool_review_required,no,i-DE — mapa oficial de distribuidoras,https://www.i-de.es/conexion-red-electrica/mapa-de-distribuidoras,official_public_source_or_review_tool,no,i-DE ofrece herramienta oficial de consulta por zona. No hay tabla municipal simple en este research; requiere validación municipal antes de producción.
comunitat_valenciana,Burjassot,València,municipality:valencia::burjassot,"i-DE Redes Eléctricas Inteligentes, S.A.U.",needs_municipal_review,official_tool_review_required,no,i-DE — mapa oficial de distribuidoras,https://www.i-de.es/conexion-red-electrica/mapa-de-distribuidoras,official_public_source_or_review_tool,no,i-DE ofrece herramienta oficial de consulta por zona. No hay tabla municipal simple en este research; requiere validación municipal antes de producción.
comunitat_valenciana,Marines,València,municipality:valencia::marines,"i-DE Redes Eléctricas Inteligentes, S.A.U.",needs_municipal_review,official_tool_review_required,no,i-DE — mapa oficial de distribuidoras,https://www.i-de.es/conexion-red-electrica/mapa-de-distribuidoras,official_public_source_or_review_tool,no,i-DE ofrece herramienta oficial de consulta por zona. No hay tabla municipal simple en este research; requiere validación municipal antes de producción.
comunitat_valenciana,Real,València,municipality:valencia::real,"i-DE Redes Eléctricas Inteligentes, S.A.U.",needs_municipal_review,official_tool_review_required,no,i-DE — mapa oficial de distribuidoras,https://www.i-de.es/conexion-red-electrica/mapa-de-distribuidoras,official_public_source_or_review_tool,no,i-DE ofrece herramienta oficial de consulta por zona. No hay tabla municipal simple en este research; requiere validación municipal antes de producción.
comunitat_valenciana,el Camp de Mirra,Alacant,municipality:alacant::el_camp_de_mirra,"i-DE Redes Eléctricas Inteligentes, S.A.U.",needs_municipal_review,official_tool_review_required,no,i-DE — mapa oficial de distribuidoras,https://www.i-de.es/conexion-red-electrica/mapa-de-distribuidoras,official_public_source_or_review_tool,no,i-DE ofrece herramienta oficial de consulta por zona. No hay tabla municipal simple en este research; requiere validación municipal antes de producción.
comunitat_valenciana,Murla,Alacant,municipality:alacant::murla,"i-DE Redes Eléctricas Inteligentes, S.A.U.",needs_municipal_review,official_tool_review_required,no,i-DE — mapa oficial de distribuidoras,https://www.i-de.es/conexion-red-electrica/mapa-de-distribuidoras,official_public_source_or_review_tool,no,i-DE ofrece herramienta oficial de consulta por zona. No hay tabla municipal simple en este research; requiere validación municipal antes de producción.
comunitat_valenciana,Rafelbunyol,València,municipality:valencia::rafelbunyol,"i-DE Redes Eléctricas Inteligentes, S.A.U.",needs_municipal_review,official_tool_review_required,no,i-DE — mapa oficial de distribuidoras,https://www.i-de.es/conexion-red-electrica/mapa-de-distribuidoras,official_public_source_or_review_tool,no,i-DE ofrece herramienta oficial de consulta por zona. No hay tabla municipal simple en este research; requiere validación municipal antes de producción.
comunitat_valenciana,Novelda,Alacant,municipality:alacant::novelda,"i-DE Redes Eléctricas Inteligentes, S.A.U.",needs_municipal_review,official_tool_review_required,no,i-DE — mapa oficial de distribuidoras,https://www.i-de.es/conexion-red-electrica/mapa-de-distribuidoras,official_public_source_or_review_tool,no,i-DE ofrece herramienta oficial de consulta por zona. No hay tabla municipal simple en este research; requiere validación municipal antes de producción.
comunitat_valenciana,Xeraco,València,municipality:valencia::xeraco,"i-DE Redes Eléctricas Inteligentes, S.A.U.",needs_municipal_review,official_tool_review_required,no,i-DE — mapa oficial de distribuidoras,https://www.i-de.es/conexion-red-electrica/mapa-de-distribuidoras,official_public_source_or_review_tool,no,i-DE ofrece herramienta oficial de consulta por zona. No hay tabla municipal simple en este research; requiere validación municipal antes de producción.
comunitat_valenciana,Crevillent,Alacant,municipality:alacant::crevillent,"i-DE Redes Eléctricas Inteligentes, S.A.U.",needs_municipal_review,official_tool_review_required,no,i-DE — mapa oficial de distribuidoras,https://www.i-de.es/conexion-red-electrica/mapa-de-distribuidoras,official_public_source_or_review_tool,no,i-DE ofrece herramienta oficial de consulta por zona. No hay tabla municipal simple en este research; requiere validación municipal antes de producción.
comunitat_valenciana,Fortaleny,València,municipality:valencia::fortaleny,"i-DE Redes Eléctricas Inteligentes, S.A.U.",needs_municipal_review,official_tool_review_required,no,i-DE — mapa oficial de distribuidoras,https://www.i-de.es/conexion-red-electrica/mapa-de-distribuidoras,official_public_source_or_review_tool,no,i-DE ofrece herramienta oficial de consulta por zona. No hay tabla municipal simple en este research; requiere validación municipal antes de producción.
comunitat_valenciana,Almoradí,Alacant,municipality:alacant::almoradi,"i-DE Redes Eléctricas Inteligentes, S.A.U.",needs_municipal_review,official_tool_review_required,no,i-DE — mapa oficial de distribuidoras,https://www.i-de.es/conexion-red-electrica/mapa-de-distribuidoras,official_public_source_or_review_tool,no,i-DE ofrece herramienta oficial de consulta por zona. No hay tabla municipal simple en este research; requiere validación municipal antes de producción.
comunitat_valenciana,Sierra Engarcerán,Castelló,municipality:castello::sierra_engarceran,"i-DE Redes Eléctricas Inteligentes, S.A.U.",needs_municipal_review,official_tool_review_required,no,i-DE — mapa oficial de distribuidoras,https://www.i-de.es/conexion-red-electrica/mapa-de-distribuidoras,official_public_source_or_review_tool,no,i-DE ofrece herramienta oficial de consulta por zona. No hay tabla municipal simple en este research; requiere validación municipal antes de producción.
comunitat_valenciana,Orxeta,Alacant,municipality:alacant::orxeta,"i-DE Redes Eléctricas Inteligentes, S.A.U.",needs_municipal_review,official_tool_review_required,no,i-DE — mapa oficial de distribuidoras,https://www.i-de.es/conexion-red-electrica/mapa-de-distribuidoras,official_public_source_or_review_tool,no,i-DE ofrece herramienta oficial de consulta por zona. No hay tabla municipal simple en este research; requiere validación municipal antes de producción.
comunitat_valenciana,Foios,València,municipality:valencia::foios,"i-DE Redes Eléctricas Inteligentes, S.A.U.",needs_municipal_review,official_tool_review_required,no,i-DE — mapa oficial de distribuidoras,https://www.i-de.es/conexion-red-electrica/mapa-de-distribuidoras,official_public_source_or_review_tool,no,i-DE ofrece herramienta oficial de consulta por zona. No hay tabla municipal simple en este research; requiere validación municipal antes de producción.
comunitat_valenciana,Algueña,Alacant,municipality:alacant::alguena,"i-DE Redes Eléctricas Inteligentes, S.A.U.",needs_municipal_review,official_tool_review_required,no,i-DE — mapa oficial de distribuidoras,https://www.i-de.es/conexion-red-electrica/mapa-de-distribuidoras,official_public_source_or_review_tool,no,i-DE ofrece herramienta oficial de consulta por zona. No hay tabla municipal simple en este research; requiere validación municipal antes de producción.
comunitat_valenciana,Benissa,Alacant,municipality:alacant::benissa,"i-DE Redes Eléctricas Inteligentes, S.A.U.",needs_municipal_review,official_tool_review_required,no,i-DE — mapa oficial de distribuidoras,https://www.i-de.es/conexion-red-electrica/mapa-de-distribuidoras,official_public_source_or_review_tool,no,i-DE ofrece herramienta oficial de consulta por zona. No hay tabla municipal simple en este research; requiere validación municipal antes de producción.
comunitat_valenciana,Almiserà,València,municipality:valencia::almisera,"i-DE Redes Eléctricas Inteligentes, S.A.U.",needs_municipal_review,official_tool_review_required,no,i-DE — mapa oficial de distribuidoras,https://www.i-de.es/conexion-red-electrica/mapa-de-distribuidoras,official_public_source_or_review_tool,no,i-DE ofrece herramienta oficial de consulta por zona. No hay tabla municipal simple en este research; requiere validación municipal antes de producción.
comunitat_valenciana,Sanet y Negrals,Alacant,municipality:alacant::sanet_y_negrals,"i-DE Redes Eléctricas Inteligentes, S.A.U.",needs_municipal_review,official_tool_review_required,no,i-DE — mapa oficial de distribuidoras,https://www.i-de.es/conexion-red-electrica/mapa-de-distribuidoras,official_public_source_or_review_tool,no,i-DE ofrece herramienta oficial de consulta por zona. No hay tabla municipal simple en este research; requiere validación municipal antes de producción.
comunitat_valenciana,Tàrbena,Alacant,municipality:alacant::tarbena,"i-DE Redes Eléctricas Inteligentes, S.A.U.",needs_municipal_review,official_tool_review_required,no,i-DE — mapa oficial de distribuidoras,https://www.i-de.es/conexion-red-electrica/mapa-de-distribuidoras,official_public_source_or_review_tool,no,i-DE ofrece herramienta oficial de consulta por zona. No hay tabla municipal simple en este research; requiere validación municipal antes de producción.
comunitat_valenciana,Cañada,Alacant,municipality:alacant::canada,"i-DE Redes Eléctricas Inteligentes, S.A.U.",needs_municipal_review,official_tool_review_required,no,i-DE — mapa oficial de distribuidoras,https://www.i-de.es/conexion-red-electrica/mapa-de-distribuidoras,official_public_source_or_review_tool,no,i-DE ofrece herramienta oficial de consulta por zona. No hay tabla municipal simple en este research; requiere validación municipal antes de producción.
comunitat_valenciana,Cullera,València,municipality:valencia::cullera,"i-DE Redes Eléctricas Inteligentes, S.A.U.",needs_municipal_review,official_tool_review_required,no,i-DE — mapa oficial de distribuidoras,https://www.i-de.es/conexion-red-electrica/mapa-de-distribuidoras,official_public_source_or_review_tool,no,i-DE ofrece herramienta oficial de consulta por zona. No hay tabla municipal simple en este research; requiere validación municipal antes de producción.
comunitat_valenciana,Potries,València,municipality:valencia::potries,"i-DE Redes Eléctricas Inteligentes, S.A.U.",needs_municipal_review,official_tool_review_required,no,i-DE — mapa oficial de distribuidoras,https://www.i-de.es/conexion-red-electrica/mapa-de-distribuidoras,official_public_source_or_review_tool,no,i-DE ofrece herramienta oficial de consulta por zona. No hay tabla municipal simple en este research; requiere validación municipal antes de producción.
comunitat_valenciana,San Antonio de Benagéber,València,municipality:valencia::san_antonio_de_benageber,"i-DE Redes Eléctricas Inteligentes, S.A.U.",needs_municipal_review,official_tool_review_required,no,i-DE — mapa oficial de distribuidoras,https://www.i-de.es/conexion-red-electrica/mapa-de-distribuidoras,official_public_source_or_review_tool,no,i-DE ofrece herramienta oficial de consulta por zona. No hay tabla municipal simple en este research; requiere validación municipal antes de producción.
comunitat_valenciana,Callosa de Segura,Alacant,municipality:alacant::callosa_de_segura,"i-DE Redes Eléctricas Inteligentes, S.A.U.",needs_municipal_review,official_tool_review_required,no,i-DE — mapa oficial de distribuidoras,https://www.i-de.es/conexion-red-electrica/mapa-de-distribuidoras,official_public_source_or_review_tool,no,i-DE ofrece herramienta oficial de consulta por zona. No hay tabla municipal simple en este research; requiere validación municipal antes de producción.
comunitat_valenciana,Beniarjó,València,municipality:valencia::beniarjo,"i-DE Redes Eléctricas Inteligentes, S.A.U.",needs_municipal_review,official_tool_review_required,no,i-DE — mapa oficial de distribuidoras,https://www.i-de.es/conexion-red-electrica/mapa-de-distribuidoras,official_public_source_or_review_tool,no,i-DE ofrece herramienta oficial de consulta por zona. No hay tabla municipal simple en este research; requiere validación municipal antes de producción.
comunitat_valenciana,Daya Nueva,Alacant,municipality:alacant::daya_nueva,"i-DE Redes Eléctricas Inteligentes, S.A.U.",needs_municipal_review,official_tool_review_required,no,i-DE — mapa oficial de distribuidoras,https://www.i-de.es/conexion-red-electrica/mapa-de-distribuidoras,official_public_source_or_review_tool,no,i-DE ofrece herramienta oficial de consulta por zona. No hay tabla municipal simple en este research; requiere validación municipal antes de producción.
comunitat_valenciana,Pavías,Castelló,municipality:castello::pavias,"i-DE Redes Eléctricas Inteligentes, S.A.U.",needs_municipal_review,official_tool_review_required,no,i-DE — mapa oficial de distribuidoras,https://www.i-de.es/conexion-red-electrica/mapa-de-distribuidoras,official_public_source_or_review_tool,no,i-DE ofrece herramienta oficial de consulta por zona. No hay tabla municipal simple en este research; requiere validación municipal antes de producción.
comunitat_valenciana,Ibi,Alacant,municipality:alacant::ibi,"i-DE Redes Eléctricas Inteligentes, S.A.U.",needs_municipal_review,official_tool_review_required,no,i-DE — mapa oficial de distribuidoras,https://www.i-de.es/conexion-red-electrica/mapa-de-distribuidoras,official_public_source_or_review_tool,no,i-DE ofrece herramienta oficial de consulta por zona. No hay tabla municipal simple en este research; requiere validación municipal antes de producción.
comunitat_valenciana,Ares del Maestrat,Castelló,municipality:castello::ares_del_maestrat,"i-DE Redes Eléctricas Inteligentes, S.A.U.",needs_municipal_review,official_tool_review_required,no,i-DE — mapa oficial de distribuidoras,https://www.i-de.es/conexion-red-electrica/mapa-de-distribuidoras,official_public_source_or_review_tool,no,i-DE ofrece herramienta oficial de consulta por zona. No hay tabla municipal simple en este research; requiere validación municipal antes de producción.
comunitat_valenciana,Castielfabib,València,municipality:valencia::castielfabib,"i-DE Redes Eléctricas Inteligentes, S.A.U.",needs_municipal_review,official_tool_review_required,no,i-DE — mapa oficial de distribuidoras,https://www.i-de.es/conexion-red-electrica/mapa-de-distribuidoras,official_public_source_or_review_tool,no,i-DE ofrece herramienta oficial de consulta por zona. No hay tabla municipal simple en este research; requiere validación municipal antes de producción.
comunitat_valenciana,Benigembla,Alacant,municipality:alacant::benigembla,"i-DE Redes Eléctricas Inteligentes, S.A.U.",needs_municipal_review,official_tool_review_required,no,i-DE — mapa oficial de distribuidoras,https://www.i-de.es/conexion-red-electrica/mapa-de-distribuidoras,official_public_source_or_review_tool,no,i-DE ofrece herramienta oficial de consulta por zona. No hay tabla municipal simple en este research; requiere validación municipal antes de producción.
comunitat_valenciana,Benissuera,València,municipality:valencia::benissuera,"i-DE Redes Eléctricas Inteligentes, S.A.U.",needs_municipal_review,official_tool_review_required,no,i-DE — mapa oficial de distribuidoras,https://www.i-de.es/conexion-red-electrica/mapa-de-distribuidoras,official_public_source_or_review_tool,no,i-DE ofrece herramienta oficial de consulta por zona. No hay tabla municipal simple en este research; requiere validación municipal antes de producción.
comunitat_valenciana,el Palomar,València,municipality:valencia::el_palomar,"i-DE Redes Eléctricas Inteligentes, S.A.U.",needs_municipal_review,official_tool_review_required,no,i-DE — mapa oficial de distribuidoras,https://www.i-de.es/conexion-red-electrica/mapa-de-distribuidoras,official_public_source_or_review_tool,no,i-DE ofrece herramienta oficial de consulta por zona. No hay tabla municipal simple en este research; requiere validación municipal antes de producción.
comunitat_valenciana,Villores,Castelló,municipality:castello::villores,"i-DE Redes Eléctricas Inteligentes, S.A.U.",needs_municipal_review,official_tool_review_required,no,i-DE — mapa oficial de distribuidoras,https://www.i-de.es/conexion-red-electrica/mapa-de-distribuidoras,official_public_source_or_review_tool,no,i-DE ofrece herramienta oficial de consulta por zona. No hay tabla municipal simple en este research; requiere validación municipal antes de producción.
comunitat_valenciana,Benetússer,València,municipality:valencia::benetusser,"i-DE Redes Eléctricas Inteligentes, S.A.U.",needs_municipal_review,official_tool_review_required,no,i-DE — mapa oficial de distribuidoras,https://www.i-de.es/conexion-red-electrica/mapa-de-distribuidoras,official_public_source_or_review_tool,no,i-DE ofrece herramienta oficial de consulta por zona. No hay tabla municipal simple en este research; requiere validación municipal antes de producción.
comunitat_valenciana,Mislata,València,municipality:valencia::mislata,"i-DE Redes Eléctricas Inteligentes, S.A.U.",needs_municipal_review,official_tool_review_required,no,i-DE — mapa oficial de distribuidoras,https://www.i-de.es/conexion-red-electrica/mapa-de-distribuidoras,official_public_source_or_review_tool,no,i-DE ofrece herramienta oficial de consulta por zona. No hay tabla municipal simple en este research; requiere validación municipal antes de producción.
comunitat_valenciana,Bèlgida,València,municipality:valencia::belgida,"i-DE Redes Eléctricas Inteligentes, S.A.U.",needs_municipal_review,official_tool_review_required,no,i-DE — mapa oficial de distribuidoras,https://www.i-de.es/conexion-red-electrica/mapa-de-distribuidoras,official_public_source_or_review_tool,no,i-DE ofrece herramienta oficial de consulta por zona. No hay tabla municipal simple en este research; requiere validación municipal antes de producción.
comunitat_valenciana,Catadau,València,municipality:valencia::catadau,"i-DE Redes Eléctricas Inteligentes, S.A.U.",needs_municipal_review,official_tool_review_required,no,i-DE — mapa oficial de distribuidoras,https://www.i-de.es/conexion-red-electrica/mapa-de-distribuidoras,official_public_source_or_review_tool,no,i-DE ofrece herramienta oficial de consulta por zona. No hay tabla municipal simple en este research; requiere validación municipal antes de producción.
comunitat_valenciana,el Ràfol d'Almúnia,Alacant,municipality:alacant::el_rafol_d_almunia,"i-DE Redes Eléctricas Inteligentes, S.A.U.",needs_municipal_review,official_tool_review_required,no,i-DE — mapa oficial de distribuidoras,https://www.i-de.es/conexion-red-electrica/mapa-de-distribuidoras,official_public_source_or_review_tool,no,i-DE ofrece herramienta oficial de consulta por zona. No hay tabla municipal simple en este research; requiere validación municipal antes de producción.
comunitat_valenciana,Benidorm,Alacant,municipality:alacant::benidorm,"i-DE Redes Eléctricas Inteligentes, S.A.U.",needs_municipal_review,official_tool_review_required,no,i-DE — mapa oficial de distribuidoras,https://www.i-de.es/conexion-red-electrica/mapa-de-distribuidoras,official_public_source_or_review_tool,no,i-DE ofrece herramienta oficial de consulta por zona. No hay tabla municipal simple en este research; requiere validación municipal antes de producción.
comunitat_valenciana,la Nucia,Alacant,municipality:alacant::la_nucia,"i-DE Redes Eléctricas Inteligentes, S.A.U.",needs_municipal_review,official_tool_review_required,no,i-DE — mapa oficial de distribuidoras,https://www.i-de.es/conexion-red-electrica/mapa-de-distribuidoras,official_public_source_or_review_tool,no,i-DE ofrece herramienta oficial de consulta por zona. No hay tabla municipal simple en este research; requiere validación municipal antes de producción.
comunitat_valenciana,Tavernes Blanques,València,municipality:valencia::tavernes_blanques,"i-DE Redes Eléctricas Inteligentes, S.A.U.",needs_municipal_review,official_tool_review_required,no,i-DE — mapa oficial de distribuidoras,https://www.i-de.es/conexion-red-electrica/mapa-de-distribuidoras,official_public_source_or_review_tool,no,i-DE ofrece herramienta oficial de consulta por zona. No hay tabla municipal simple en este research; requiere validación municipal antes de producción.
comunitat_valenciana,Algar de Palancia,València,municipality:valencia::algar_de_palancia,"i-DE Redes Eléctricas Inteligentes, S.A.U.",needs_municipal_review,official_tool_review_required,no,i-DE — mapa oficial de distribuidoras,https://www.i-de.es/conexion-red-electrica/mapa-de-distribuidoras,official_public_source_or_review_tool,no,i-DE ofrece herramienta oficial de consulta por zona. No hay tabla municipal simple en este research; requiere validación municipal antes de producción.
comunitat_valenciana,l'Eliana,València,municipality:valencia::l_eliana,"i-DE Redes Eléctricas Inteligentes, S.A.U.",needs_municipal_review,official_tool_review_required,no,i-DE — mapa oficial de distribuidoras,https://www.i-de.es/conexion-red-electrica/mapa-de-distribuidoras,official_public_source_or_review_tool,no,i-DE ofrece herramienta oficial de consulta por zona. No hay tabla municipal simple en este research; requiere validación municipal antes de producción.
comunitat_valenciana,Teresa de Cofrentes,València,municipality:valencia::teresa_de_cofrentes,"i-DE Redes Eléctricas Inteligentes, S.A.U.",needs_municipal_review,official_tool_review_required,no,i-DE — mapa oficial de distribuidoras,https://www.i-de.es/conexion-red-electrica/mapa-de-distribuidoras,official_public_source_or_review_tool,no,i-DE ofrece herramienta oficial de consulta por zona. No hay tabla municipal simple en este research; requiere validación municipal antes de producción.
comunitat_valenciana,Salinas,Alacant,municipality:alacant::salinas,"i-DE Redes Eléctricas Inteligentes, S.A.U.",needs_municipal_review,official_tool_review_required,no,i-DE — mapa oficial de distribuidoras,https://www.i-de.es/conexion-red-electrica/mapa-de-distribuidoras,official_public_source_or_review_tool,no,i-DE ofrece herramienta oficial de consulta por zona. No hay tabla municipal simple en este research; requiere validación municipal antes de producción.
comunitat_valenciana,Agres,Alacant,municipality:alacant::agres,"i-DE Redes Eléctricas Inteligentes, S.A.U.",needs_municipal_review,official_tool_review_required,no,i-DE — mapa oficial de distribuidoras,https://www.i-de.es/conexion-red-electrica/mapa-de-distribuidoras,official_public_source_or_review_tool,no,i-DE ofrece herramienta oficial de consulta por zona. No hay tabla municipal simple en este research; requiere validación municipal antes de producción.
comunitat_valenciana,Xàbia,Alacant,municipality:alacant::xabia,"i-DE Redes Eléctricas Inteligentes, S.A.U.",needs_municipal_review,official_tool_review_required,no,i-DE — mapa oficial de distribuidoras,https://www.i-de.es/conexion-red-electrica/mapa-de-distribuidoras,official_public_source_or_review_tool,no,i-DE ofrece herramienta oficial de consulta por zona. No hay tabla municipal simple en este research; requiere validación municipal antes de producción.
comunitat_valenciana,Cirat,Castelló,municipality:castello::cirat,"i-DE Redes Eléctricas Inteligentes, S.A.U.",needs_municipal_review,official_tool_review_required,no,i-DE — mapa oficial de distribuidoras,https://www.i-de.es/conexion-red-electrica/mapa-de-distribuidoras,official_public_source_or_review_tool,no,i-DE ofrece herramienta oficial de consulta por zona. No hay tabla municipal simple en este research; requiere validación municipal antes de producción.
comunitat_valenciana,Figueroles,Castelló,municipality:castello::figueroles,"i-DE Redes Eléctricas Inteligentes, S.A.U.",needs_municipal_review,official_tool_review_required,no,i-DE — mapa oficial de distribuidoras,https://www.i-de.es/conexion-red-electrica/mapa-de-distribuidoras,official_public_source_or_review_tool,no,i-DE ofrece herramienta oficial de consulta por zona. No hay tabla municipal simple en este research; requiere validación municipal antes de producción.
comunitat_valenciana,Millena,Alacant,municipality:alacant::millena,"i-DE Redes Eléctricas Inteligentes, S.A.U.",needs_municipal_review,official_tool_review_required,no,i-DE — mapa oficial de distribuidoras,https://www.i-de.es/conexion-red-electrica/mapa-de-distribuidoras,official_public_source_or_review_tool,no,i-DE ofrece herramienta oficial de consulta por zona. No hay tabla municipal simple en este research; requiere validación municipal antes de producción.
comunitat_valenciana,Albocàsser,Castelló,municipality:castello::albocasser,"i-DE Redes Eléctricas Inteligentes, S.A.U.",needs_municipal_review,official_tool_review_required,no,i-DE — mapa oficial de distribuidoras,https://www.i-de.es/conexion-red-electrica/mapa-de-distribuidoras,official_public_source_or_review_tool,no,i-DE ofrece herramienta oficial de consulta por zona. No hay tabla municipal simple en este research; requiere validación municipal antes de producción.
comunitat_valenciana,Favara,València,municipality:valencia::favara,"i-DE Redes Eléctricas Inteligentes, S.A.U.",needs_municipal_review,official_tool_review_required,no,i-DE — mapa oficial de distribuidoras,https://www.i-de.es/conexion-red-electrica/mapa-de-distribuidoras,official_public_source_or_review_tool,no,i-DE ofrece herramienta oficial de consulta por zona. No hay tabla municipal simple en este research; requiere validación municipal antes de producción.
comunitat_valenciana,Sedaví,València,municipality:valencia::sedavi,"i-DE Redes Eléctricas Inteligentes, S.A.U.",needs_municipal_review,official_tool_review_required,no,i-DE — mapa oficial de distribuidoras,https://www.i-de.es/conexion-red-electrica/mapa-de-distribuidoras,official_public_source_or_review_tool,no,i-DE ofrece herramienta oficial de consulta por zona. No hay tabla municipal simple en este research; requiere validación municipal antes de producción.
comunitat_valenciana,Cortes de Arenoso,Castelló,municipality:castello::cortes_de_arenoso,"i-DE Redes Eléctricas Inteligentes, S.A.U.",needs_municipal_review,official_tool_review_required,no,i-DE — mapa oficial de distribuidoras,https://www.i-de.es/conexion-red-electrica/mapa-de-distribuidoras,official_public_source_or_review_tool,no,i-DE ofrece herramienta oficial de consulta por zona. No hay tabla municipal simple en este research; requiere validación municipal antes de producción.
comunitat_valenciana,la Mata de Morella,Castelló,municipality:castello::la_mata_de_morella,"i-DE Redes Eléctricas Inteligentes, S.A.U.",needs_municipal_review,official_tool_review_required,no,i-DE — mapa oficial de distribuidoras,https://www.i-de.es/conexion-red-electrica/mapa-de-distribuidoras,official_public_source_or_review_tool,no,i-DE ofrece herramienta oficial de consulta por zona. No hay tabla municipal simple en este research; requiere validación municipal antes de producción.
comunitat_valenciana,Espadilla,Castelló,municipality:castello::espadilla,"i-DE Redes Eléctricas Inteligentes, S.A.U.",needs_municipal_review,official_tool_review_required,no,i-DE — mapa oficial de distribuidoras,https://www.i-de.es/conexion-red-electrica/mapa-de-distribuidoras,official_public_source_or_review_tool,no,i-DE ofrece herramienta oficial de consulta por zona. No hay tabla municipal simple en este research; requiere validación municipal antes de producción.
comunitat_valenciana,Ondara,Alacant,municipality:alacant::ondara,"i-DE Redes Eléctricas Inteligentes, S.A.U.",needs_municipal_review,official_tool_review_required,no,i-DE — mapa oficial de distribuidoras,https://www.i-de.es/conexion-red-electrica/mapa-de-distribuidoras,official_public_source_or_review_tool,no,i-DE ofrece herramienta oficial de consulta por zona. No hay tabla municipal simple en este research; requiere validación municipal antes de producción.
comunitat_valenciana,Torres Torres,València,municipality:valencia::torres_torres,"i-DE Redes Eléctricas Inteligentes, S.A.U.",needs_municipal_review,official_tool_review_required,no,i-DE — mapa oficial de distribuidoras,https://www.i-de.es/conexion-red-electrica/mapa-de-distribuidoras,official_public_source_or_review_tool,no,i-DE ofrece herramienta oficial de consulta por zona. No hay tabla municipal simple en este research; requiere validación municipal antes de producción.
comunitat_valenciana,Alcudia de Veo,Castelló,municipality:castello::alcudia_de_veo,"i-DE Redes Eléctricas Inteligentes, S.A.U.",needs_municipal_review,official_tool_review_required,no,i-DE — mapa oficial de distribuidoras,https://www.i-de.es/conexion-red-electrica/mapa-de-distribuidoras,official_public_source_or_review_tool,no,i-DE ofrece herramienta oficial de consulta por zona. No hay tabla municipal simple en este research; requiere validación municipal antes de producción.
comunitat_valenciana,Betxí,Castelló,municipality:castello::betxi,"i-DE Redes Eléctricas Inteligentes, S.A.U.",needs_municipal_review,official_tool_review_required,no,i-DE — mapa oficial de distribuidoras,https://www.i-de.es/conexion-red-electrica/mapa-de-distribuidoras,official_public_source_or_review_tool,no,i-DE ofrece herramienta oficial de consulta por zona. No hay tabla municipal simple en este research; requiere validación municipal antes de producción.
comunitat_valenciana,Estubeny,València,municipality:valencia::estubeny,"i-DE Redes Eléctricas Inteligentes, S.A.U.",needs_municipal_review,official_tool_review_required,no,i-DE — mapa oficial de distribuidoras,https://www.i-de.es/conexion-red-electrica/mapa-de-distribuidoras,official_public_source_or_review_tool,no,i-DE ofrece herramienta oficial de consulta por zona. No hay tabla municipal simple en este research; requiere validación municipal antes de producción.
comunitat_valenciana,Almassora,Castelló,municipality:castello::almassora,"i-DE Redes Eléctricas Inteligentes, S.A.U.",needs_municipal_review,official_tool_review_required,no,i-DE — mapa oficial de distribuidoras,https://www.i-de.es/conexion-red-electrica/mapa-de-distribuidoras,official_public_source_or_review_tool,no,i-DE ofrece herramienta oficial de consulta por zona. No hay tabla municipal simple en este research; requiere validación municipal antes de producción.
comunitat_valenciana,la Font de la Figuera,València,municipality:valencia::la_font_de_la_figuera,"i-DE Redes Eléctricas Inteligentes, S.A.U.",needs_municipal_review,official_tool_review_required,no,i-DE — mapa oficial de distribuidoras,https://www.i-de.es/conexion-red-electrica/mapa-de-distribuidoras,official_public_source_or_review_tool,no,i-DE ofrece herramienta oficial de consulta por zona. No hay tabla municipal simple en este research; requiere validación municipal antes de producción.
comunitat_valenciana,Ráfol de Salem,València,municipality:valencia::rafol_de_salem,"i-DE Redes Eléctricas Inteligentes, S.A.U.",needs_municipal_review,official_tool_review_required,no,i-DE — mapa oficial de distribuidoras,https://www.i-de.es/conexion-red-electrica/mapa-de-distribuidoras,official_public_source_or_review_tool,no,i-DE ofrece herramienta oficial de consulta por zona. No hay tabla municipal simple en este research; requiere validación municipal antes de producción.
comunitat_valenciana,l'Alqueria d'Asnar,Alacant,municipality:alacant::l_alqueria_d_asnar,"i-DE Redes Eléctricas Inteligentes, S.A.U.",needs_municipal_review,official_tool_review_required,no,i-DE — mapa oficial de distribuidoras,https://www.i-de.es/conexion-red-electrica/mapa-de-distribuidoras,official_public_source_or_review_tool,no,i-DE ofrece herramienta oficial de consulta por zona. No hay tabla municipal simple en este research; requiere validación municipal antes de producción.
comunitat_valenciana,Quart de Poblet,València,municipality:valencia::quart_de_poblet,"i-DE Redes Eléctricas Inteligentes, S.A.U.",needs_municipal_review,official_tool_review_required,no,i-DE — mapa oficial de distribuidoras,https://www.i-de.es/conexion-red-electrica/mapa-de-distribuidoras,official_public_source_or_review_tool,no,i-DE ofrece herramienta oficial de consulta por zona. No hay tabla municipal simple en este research; requiere validación municipal antes de producción.
comunitat_valenciana,Llocnou d'En Fenollet,València,municipality:valencia::llocnou_d_en_fenollet,"i-DE Redes Eléctricas Inteligentes, S.A.U.",needs_municipal_review,official_tool_review_required,no,i-DE — mapa oficial de distribuidoras,https://www.i-de.es/conexion-red-electrica/mapa-de-distribuidoras,official_public_source_or_review_tool,no,i-DE ofrece herramienta oficial de consulta por zona. No hay tabla municipal simple en este research; requiere validación municipal antes de producción.
comunitat_valenciana,Bolulla,Alacant,municipality:alacant::bolulla,"i-DE Redes Eléctricas Inteligentes, S.A.U.",needs_municipal_review,official_tool_review_required,no,i-DE — mapa oficial de distribuidoras,https://www.i-de.es/conexion-red-electrica/mapa-de-distribuidoras,official_public_source_or_review_tool,no,i-DE ofrece herramienta oficial de consulta por zona. No hay tabla municipal simple en este research; requiere validación municipal antes de producción.
comunitat_valenciana,Pego,Alacant,municipality:alacant::pego,"i-DE Redes Eléctricas Inteligentes, S.A.U.",needs_municipal_review,official_tool_review_required,no,i-DE — mapa oficial de distribuidoras,https://www.i-de.es/conexion-red-electrica/mapa-de-distribuidoras,official_public_source_or_review_tool,no,i-DE ofrece herramienta oficial de consulta por zona. No hay tabla municipal simple en este research; requiere validación municipal antes de producción.
comunitat_valenciana,Quart de les Valls,València,municipality:valencia::quart_de_les_valls,"i-DE Redes Eléctricas Inteligentes, S.A.U.",needs_municipal_review,official_tool_review_required,no,i-DE — mapa oficial de distribuidoras,https://www.i-de.es/conexion-red-electrica/mapa-de-distribuidoras,official_public_source_or_review_tool,no,i-DE ofrece herramienta oficial de consulta por zona. No hay tabla municipal simple en este research; requiere validación municipal antes de producción.
comunitat_valenciana,l'Olleria,València,municipality:valencia::l_olleria,"i-DE Redes Eléctricas Inteligentes, S.A.U.",needs_municipal_review,official_tool_review_required,no,i-DE — mapa oficial de distribuidoras,https://www.i-de.es/conexion-red-electrica/mapa-de-distribuidoras,official_public_source_or_review_tool,no,i-DE ofrece herramienta oficial de consulta por zona. No hay tabla municipal simple en este research; requiere validación municipal antes de producción.
comunitat_valenciana,Alfarrasí,València,municipality:valencia::alfarrasi,"i-DE Redes Eléctricas Inteligentes, S.A.U.",needs_municipal_review,official_tool_review_required,no,i-DE — mapa oficial de distribuidoras,https://www.i-de.es/conexion-red-electrica/mapa-de-distribuidoras,official_public_source_or_review_tool,no,i-DE ofrece herramienta oficial de consulta por zona. No hay tabla municipal simple en este research; requiere validación municipal antes de producción.
comunitat_valenciana,Cortes de Pallás,València,municipality:valencia::cortes_de_pallas,"i-DE Redes Eléctricas Inteligentes, S.A.U.",needs_municipal_review,official_tool_review_required,no,i-DE — mapa oficial de distribuidoras,https://www.i-de.es/conexion-red-electrica/mapa-de-distribuidoras,official_public_source_or_review_tool,no,i-DE ofrece herramienta oficial de consulta por zona. No hay tabla municipal simple en este research; requiere validación municipal antes de producción.
comunitat_valenciana,Vinaròs,Castelló,municipality:castello::vinaros,"i-DE Redes Eléctricas Inteligentes, S.A.U.",needs_municipal_review,official_tool_review_required,no,i-DE — mapa oficial de distribuidoras,https://www.i-de.es/conexion-red-electrica/mapa-de-distribuidoras,official_public_source_or_review_tool,no,i-DE ofrece herramienta oficial de consulta por zona. No hay tabla municipal simple en este research; requiere validación municipal antes de producción.
comunitat_valenciana,Rocafort,València,municipality:valencia::rocafort,"i-DE Redes Eléctricas Inteligentes, S.A.U.",needs_municipal_review,official_tool_review_required,no,i-DE — mapa oficial de distribuidoras,https://www.i-de.es/conexion-red-electrica/mapa-de-distribuidoras,official_public_source_or_review_tool,no,i-DE ofrece herramienta oficial de consulta por zona. No hay tabla municipal simple en este research; requiere validación municipal antes de producción.
comunitat_valenciana,Alacant,Alacant,municipality:alacant::alacant,"i-DE Redes Eléctricas Inteligentes, S.A.U.",needs_municipal_review,official_tool_review_required,no,i-DE — mapa oficial de distribuidoras,https://www.i-de.es/conexion-red-electrica/mapa-de-distribuidoras,official_public_source_or_review_tool,no,i-DE ofrece herramienta oficial de consulta por zona. No hay tabla municipal simple en este research; requiere validación municipal antes de producción.
comunitat_valenciana,Gandia,València,municipality:valencia::gandia,"i-DE Redes Eléctricas Inteligentes, S.A.U.",needs_municipal_review,official_tool_review_required,no,i-DE — mapa oficial de distribuidoras,https://www.i-de.es/conexion-red-electrica/mapa-de-distribuidoras,official_public_source_or_review_tool,no,i-DE ofrece herramienta oficial de consulta por zona. No hay tabla municipal simple en este research; requiere validación municipal antes de producción.
comunitat_valenciana,Puebla de Arenoso,Castelló,municipality:castello::puebla_de_arenoso,"i-DE Redes Eléctricas Inteligentes, S.A.U.",needs_municipal_review,official_tool_review_required,no,i-DE — mapa oficial de distribuidoras,https://www.i-de.es/conexion-red-electrica/mapa-de-distribuidoras,official_public_source_or_review_tool,no,i-DE ofrece herramienta oficial de consulta por zona. No hay tabla municipal simple en este research; requiere validación municipal antes de producción.
comunitat_valenciana,Sumacàrcer,València,municipality:valencia::sumacarcer,"i-DE Redes Eléctricas Inteligentes, S.A.U.",needs_municipal_review,official_tool_review_required,no,i-DE — mapa oficial de distribuidoras,https://www.i-de.es/conexion-red-electrica/mapa-de-distribuidoras,official_public_source_or_review_tool,no,i-DE ofrece herramienta oficial de consulta por zona. No hay tabla municipal simple en este research; requiere validación municipal antes de producción.
comunitat_valenciana,Elda,Alacant,municipality:alacant::elda,"i-DE Redes Eléctricas Inteligentes, S.A.U.",needs_municipal_review,official_tool_review_required,no,i-DE — mapa oficial de distribuidoras,https://www.i-de.es/conexion-red-electrica/mapa-de-distribuidoras,official_public_source_or_review_tool,no,i-DE ofrece herramienta oficial de consulta por zona. No hay tabla municipal simple en este research; requiere validación municipal antes de producción.
comunitat_valenciana,Almussafes,València,municipality:valencia::almussafes,"i-DE Redes Eléctricas Inteligentes, S.A.U.",needs_municipal_review,official_tool_review_required,no,i-DE — mapa oficial de distribuidoras,https://www.i-de.es/conexion-red-electrica/mapa-de-distribuidoras,official_public_source_or_review_tool,no,i-DE ofrece herramienta oficial de consulta por zona. No hay tabla municipal simple en este research; requiere validación municipal antes de producción.
comunitat_valenciana,Faura,València,municipality:valencia::faura,"i-DE Redes Eléctricas Inteligentes, S.A.U.",needs_municipal_review,official_tool_review_required,no,i-DE — mapa oficial de distribuidoras,https://www.i-de.es/conexion-red-electrica/mapa-de-distribuidoras,official_public_source_or_review_tool,no,i-DE ofrece herramienta oficial de consulta por zona. No hay tabla municipal simple en este research; requiere validación municipal antes de producción.
comunitat_valenciana,Santa Pola,Alacant,municipality:alacant::santa_pola,"i-DE Redes Eléctricas Inteligentes, S.A.U.",needs_municipal_review,official_tool_review_required,no,i-DE — mapa oficial de distribuidoras,https://www.i-de.es/conexion-red-electrica/mapa-de-distribuidoras,official_public_source_or_review_tool,no,i-DE ofrece herramienta oficial de consulta por zona. No hay tabla municipal simple en este research; requiere validación municipal antes de producción.
comunitat_valenciana,Alfara de la Baronia,València,municipality:valencia::alfara_de_la_baronia,"i-DE Redes Eléctricas Inteligentes, S.A.U.",needs_municipal_review,official_tool_review_required,no,i-DE — mapa oficial de distribuidoras,https://www.i-de.es/conexion-red-electrica/mapa-de-distribuidoras,official_public_source_or_review_tool,no,i-DE ofrece herramienta oficial de consulta por zona. No hay tabla municipal simple en este research; requiere validación municipal antes de producción.
comunitat_valenciana,Villena,Alacant,municipality:alacant::villena,"i-DE Redes Eléctricas Inteligentes, S.A.U.",needs_municipal_review,official_tool_review_required,no,i-DE — mapa oficial de distribuidoras,https://www.i-de.es/conexion-red-electrica/mapa-de-distribuidoras,official_public_source_or_review_tool,no,i-DE ofrece herramienta oficial de consulta por zona. No hay tabla municipal simple en este research; requiere validación municipal antes de producción.
comunitat_valenciana,Alfauir,València,municipality:valencia::alfauir,"i-DE Redes Eléctricas Inteligentes, S.A.U.",needs_municipal_review,official_tool_review_required,no,i-DE — mapa oficial de distribuidoras,https://www.i-de.es/conexion-red-electrica/mapa-de-distribuidoras,official_public_source_or_review_tool,no,i-DE ofrece herramienta oficial de consulta por zona. No hay tabla municipal simple en este research; requiere validación municipal antes de producción.
comunitat_valenciana,Xeresa,València,municipality:valencia::xeresa,"i-DE Redes Eléctricas Inteligentes, S.A.U.",needs_municipal_review,official_tool_review_required,no,i-DE — mapa oficial de distribuidoras,https://www.i-de.es/conexion-red-electrica/mapa-de-distribuidoras,official_public_source_or_review_tool,no,i-DE ofrece herramienta oficial de consulta por zona. No hay tabla municipal simple en este research; requiere validación municipal antes de producción.
comunitat_valenciana,Sollana,València,municipality:valencia::sollana,"i-DE Redes Eléctricas Inteligentes, S.A.U.",needs_municipal_review,official_tool_review_required,no,i-DE — mapa oficial de distribuidoras,https://www.i-de.es/conexion-red-electrica/mapa-de-distribuidoras,official_public_source_or_review_tool,no,i-DE ofrece herramienta oficial de consulta por zona. No hay tabla municipal simple en este research; requiere validación municipal antes de producción.
comunitat_valenciana,Petrer,Alacant,municipality:alacant::petrer,"i-DE Redes Eléctricas Inteligentes, S.A.U.",needs_municipal_review,official_tool_review_required,no,i-DE — mapa oficial de distribuidoras,https://www.i-de.es/conexion-red-electrica/mapa-de-distribuidoras,official_public_source_or_review_tool,no,i-DE ofrece herramienta oficial de consulta por zona. No hay tabla municipal simple en este research; requiere validación municipal antes de producción.
comunitat_valenciana,Llocnou de la Corona,València,municipality:valencia::llocnou_de_la_corona,"i-DE Redes Eléctricas Inteligentes, S.A.U.",needs_municipal_review,official_tool_review_required,no,i-DE — mapa oficial de distribuidoras,https://www.i-de.es/conexion-red-electrica/mapa-de-distribuidoras,official_public_source_or_review_tool,no,i-DE ofrece herramienta oficial de consulta por zona. No hay tabla municipal simple en este research; requiere validación municipal antes de producción.
comunitat_valenciana,San Miguel de Salinas,Alacant,municipality:alacant::san_miguel_de_salinas,"i-DE Redes Eléctricas Inteligentes, S.A.U.",needs_municipal_review,official_tool_review_required,no,i-DE — mapa oficial de distribuidoras,https://www.i-de.es/conexion-red-electrica/mapa-de-distribuidoras,official_public_source_or_review_tool,no,i-DE ofrece herramienta oficial de consulta por zona. No hay tabla municipal simple en este research; requiere validación municipal antes de producción.
comunitat_valenciana,Jérica,Castelló,municipality:castello::jerica,"i-DE Redes Eléctricas Inteligentes, S.A.U.",needs_municipal_review,official_tool_review_required,no,i-DE — mapa oficial de distribuidoras,https://www.i-de.es/conexion-red-electrica/mapa-de-distribuidoras,official_public_source_or_review_tool,no,i-DE ofrece herramienta oficial de consulta por zona. No hay tabla municipal simple en este research; requiere validación municipal antes de producción.
comunitat_valenciana,Benicull de Xúquer,València,municipality:valencia::benicull_de_xuquer,"i-DE Redes Eléctricas Inteligentes, S.A.U.",needs_municipal_review,official_tool_review_required,no,i-DE — mapa oficial de distribuidoras,https://www.i-de.es/conexion-red-electrica/mapa-de-distribuidoras,official_public_source_or_review_tool,no,i-DE ofrece herramienta oficial de consulta por zona. No hay tabla municipal simple en este research; requiere validación municipal antes de producción.
comunitat_valenciana,Quatretonda,València,municipality:valencia::quatretonda,"i-DE Redes Eléctricas Inteligentes, S.A.U.",needs_municipal_review,official_tool_review_required,no,i-DE — mapa oficial de distribuidoras,https://www.i-de.es/conexion-red-electrica/mapa-de-distribuidoras,official_public_source_or_review_tool,no,i-DE ofrece herramienta oficial de consulta por zona. No hay tabla municipal simple en este research; requiere validación municipal antes de producción.
comunitat_valenciana,Alfondeguilla,Castelló,municipality:castello::alfondeguilla,"i-DE Redes Eléctricas Inteligentes, S.A.U.",needs_municipal_review,official_tool_review_required,no,i-DE — mapa oficial de distribuidoras,https://www.i-de.es/conexion-red-electrica/mapa-de-distribuidoras,official_public_source_or_review_tool,no,i-DE ofrece herramienta oficial de consulta por zona. No hay tabla municipal simple en este research; requiere validación municipal antes de producción.
comunitat_valenciana,Cerdà,València,municipality:valencia::cerda,"i-DE Redes Eléctricas Inteligentes, S.A.U.",needs_municipal_review,official_tool_review_required,no,i-DE — mapa oficial de distribuidoras,https://www.i-de.es/conexion-red-electrica/mapa-de-distribuidoras,official_public_source_or_review_tool,no,i-DE ofrece herramienta oficial de consulta por zona. No hay tabla municipal simple en este research; requiere validación municipal antes de producción.
comunitat_valenciana,Orihuela,Alacant,municipality:alacant::orihuela,"i-DE Redes Eléctricas Inteligentes, S.A.U.",needs_municipal_review,official_tool_review_required,no,i-DE — mapa oficial de distribuidoras,https://www.i-de.es/conexion-red-electrica/mapa-de-distribuidoras,official_public_source_or_review_tool,no,i-DE ofrece herramienta oficial de consulta por zona. No hay tabla municipal simple en este research; requiere validación municipal antes de producción.
comunitat_valenciana,Catral,Alacant,municipality:alacant::catral,"i-DE Redes Eléctricas Inteligentes, S.A.U.",needs_municipal_review,official_tool_review_required,no,i-DE — mapa oficial de distribuidoras,https://www.i-de.es/conexion-red-electrica/mapa-de-distribuidoras,official_public_source_or_review_tool,no,i-DE ofrece herramienta oficial de consulta por zona. No hay tabla municipal simple en este research; requiere validación municipal antes de producción.
comunitat_valenciana,Daya Vieja,Alacant,municipality:alacant::daya_vieja,"i-DE Redes Eléctricas Inteligentes, S.A.U.",needs_municipal_review,official_tool_review_required,no,i-DE — mapa oficial de distribuidoras,https://www.i-de.es/conexion-red-electrica/mapa-de-distribuidoras,official_public_source_or_review_tool,no,i-DE ofrece herramienta oficial de consulta por zona. No hay tabla municipal simple en este research; requiere validación municipal antes de producción.
comunitat_valenciana,el Genovés,València,municipality:valencia::el_genoves,"i-DE Redes Eléctricas Inteligentes, S.A.U.",needs_municipal_review,official_tool_review_required,no,i-DE — mapa oficial de distribuidoras,https://www.i-de.es/conexion-red-electrica/mapa-de-distribuidoras,official_public_source_or_review_tool,no,i-DE ofrece herramienta oficial de consulta por zona. No hay tabla municipal simple en este research; requiere validación municipal antes de producción.
comunitat_valenciana,la Pobla del Duc,València,municipality:valencia::la_pobla_del_duc,"i-DE Redes Eléctricas Inteligentes, S.A.U.",needs_municipal_review,official_tool_review_required,no,i-DE — mapa oficial de distribuidoras,https://www.i-de.es/conexion-red-electrica/mapa-de-distribuidoras,official_public_source_or_review_tool,no,i-DE ofrece herramienta oficial de consulta por zona. No hay tabla municipal simple en este research; requiere validación municipal antes de producción.
comunitat_valenciana,Cervera del Maestre,Castelló,municipality:castello::cervera_del_maestre,"i-DE Redes Eléctricas Inteligentes, S.A.U.",needs_municipal_review,official_tool_review_required,no,i-DE — mapa oficial de distribuidoras,https://www.i-de.es/conexion-red-electrica/mapa-de-distribuidoras,official_public_source_or_review_tool,no,i-DE ofrece herramienta oficial de consulta por zona. No hay tabla municipal simple en este research; requiere validación municipal antes de producción.
comunitat_valenciana,Algimia de Almonacid,Castelló,municipality:castello::algimia_de_almonacid,"i-DE Redes Eléctricas Inteligentes, S.A.U.",needs_municipal_review,official_tool_review_required,no,i-DE — mapa oficial de distribuidoras,https://www.i-de.es/conexion-red-electrica/mapa-de-distribuidoras,official_public_source_or_review_tool,no,i-DE ofrece herramienta oficial de consulta por zona. No hay tabla municipal simple en este research; requiere validación municipal antes de producción.
comunitat_valenciana,Càlig,Castelló,municipality:castello::calig,"i-DE Redes Eléctricas Inteligentes, S.A.U.",needs_municipal_review,official_tool_review_required,no,i-DE — mapa oficial de distribuidoras,https://www.i-de.es/conexion-red-electrica/mapa-de-distribuidoras,official_public_source_or_review_tool,no,i-DE ofrece herramienta oficial de consulta por zona. No hay tabla municipal simple en este research; requiere validación municipal antes de producción.
comunitat_valenciana,Almoines,València,municipality:valencia::almoines,"i-DE Redes Eléctricas Inteligentes, S.A.U.",needs_municipal_review,official_tool_review_required,no,i-DE — mapa oficial de distribuidoras,https://www.i-de.es/conexion-red-electrica/mapa-de-distribuidoras,official_public_source_or_review_tool,no,i-DE ofrece herramienta oficial de consulta por zona. No hay tabla municipal simple en este research; requiere validación municipal antes de producción.
comunitat_valenciana,Novelé,València,municipality:valencia::novele,"i-DE Redes Eléctricas Inteligentes, S.A.U.",needs_municipal_review,official_tool_review_required,no,i-DE — mapa oficial de distribuidoras,https://www.i-de.es/conexion-red-electrica/mapa-de-distribuidoras,official_public_source_or_review_tool,no,i-DE ofrece herramienta oficial de consulta por zona. No hay tabla municipal simple en este research; requiere validación municipal antes de producción.
comunitat_valenciana,Castelló de la Plana,Castelló,municipality:castello::castello_de_la_plana,"i-DE Redes Eléctricas Inteligentes, S.A.U.",needs_municipal_review,official_tool_review_required,no,i-DE — mapa oficial de distribuidoras,https://www.i-de.es/conexion-red-electrica/mapa-de-distribuidoras,official_public_source_or_review_tool,no,i-DE ofrece herramienta oficial de consulta por zona. No hay tabla municipal simple en este research; requiere validación municipal antes de producción.
comunitat_valenciana,Catí,Castelló,municipality:castello::cati,"i-DE Redes Eléctricas Inteligentes, S.A.U.",needs_municipal_review,official_tool_review_required,no,i-DE — mapa oficial de distribuidoras,https://www.i-de.es/conexion-red-electrica/mapa-de-distribuidoras,official_public_source_or_review_tool,no,i-DE ofrece herramienta oficial de consulta por zona. No hay tabla municipal simple en este research; requiere validación municipal antes de producción.
comunitat_valenciana,Teresa,Castelló,municipality:castello::teresa,"i-DE Redes Eléctricas Inteligentes, S.A.U.",needs_municipal_review,official_tool_review_required,no,i-DE — mapa oficial de distribuidoras,https://www.i-de.es/conexion-red-electrica/mapa-de-distribuidoras,official_public_source_or_review_tool,no,i-DE ofrece herramienta oficial de consulta por zona. No hay tabla municipal simple en este research; requiere validación municipal antes de producción.
comunitat_valenciana,l'Alcora,Castelló,municipality:castello::l_alcora,"i-DE Redes Eléctricas Inteligentes, S.A.U.",needs_municipal_review,official_tool_review_required,no,i-DE — mapa oficial de distribuidoras,https://www.i-de.es/conexion-red-electrica/mapa-de-distribuidoras,official_public_source_or_review_tool,no,i-DE ofrece herramienta oficial de consulta por zona. No hay tabla municipal simple en este research; requiere validación municipal antes de producción.
comunitat_valenciana,la Vall d'Alcalà,Alacant,municipality:alacant::la_vall_d_alcala,"i-DE Redes Eléctricas Inteligentes, S.A.U.",needs_municipal_review,official_tool_review_required,no,i-DE — mapa oficial de distribuidoras,https://www.i-de.es/conexion-red-electrica/mapa-de-distribuidoras,official_public_source_or_review_tool,no,i-DE ofrece herramienta oficial de consulta por zona. No hay tabla municipal simple en este research; requiere validación municipal antes de producción.
comunitat_valenciana,la Granja de la Costera,València,municipality:valencia::la_granja_de_la_costera,"i-DE Redes Eléctricas Inteligentes, S.A.U.",needs_municipal_review,official_tool_review_required,no,i-DE — mapa oficial de distribuidoras,https://www.i-de.es/conexion-red-electrica/mapa-de-distribuidoras,official_public_source_or_review_tool,no,i-DE ofrece herramienta oficial de consulta por zona. No hay tabla municipal simple en este research; requiere validación municipal antes de producción.
comunitat_valenciana,Xàtiva,València,municipality:valencia::xativa,"i-DE Redes Eléctricas Inteligentes, S.A.U.",needs_municipal_review,official_tool_review_required,no,i-DE — mapa oficial de distribuidoras,https://www.i-de.es/conexion-red-electrica/mapa-de-distribuidoras,official_public_source_or_review_tool,no,i-DE ofrece herramienta oficial de consulta por zona. No hay tabla municipal simple en este research; requiere validación municipal antes de producción.
comunitat_valenciana,Arañuel,Castelló,municipality:castello::aranuel,"i-DE Redes Eléctricas Inteligentes, S.A.U.",needs_municipal_review,official_tool_review_required,no,i-DE — mapa oficial de distribuidoras,https://www.i-de.es/conexion-red-electrica/mapa-de-distribuidoras,official_public_source_or_review_tool,no,i-DE ofrece herramienta oficial de consulta por zona. No hay tabla municipal simple en este research; requiere validación municipal antes de producción.
comunitat_valenciana,Benifallim,Alacant,municipality:alacant::benifallim,"i-DE Redes Eléctricas Inteligentes, S.A.U.",needs_municipal_review,official_tool_review_required,no,i-DE — mapa oficial de distribuidoras,https://www.i-de.es/conexion-red-electrica/mapa-de-distribuidoras,official_public_source_or_review_tool,no,i-DE ofrece herramienta oficial de consulta por zona. No hay tabla municipal simple en este research; requiere validación municipal antes de producción.
comunitat_valenciana,Moncada,València,municipality:valencia::moncada,"i-DE Redes Eléctricas Inteligentes, S.A.U.",needs_municipal_review,official_tool_review_required,no,i-DE — mapa oficial de distribuidoras,https://www.i-de.es/conexion-red-electrica/mapa-de-distribuidoras,official_public_source_or_review_tool,no,i-DE ofrece herramienta oficial de consulta por zona. No hay tabla municipal simple en este research; requiere validación municipal antes de producción.
comunitat_valenciana,Benejúzar,Alacant,municipality:alacant::benejuzar,"i-DE Redes Eléctricas Inteligentes, S.A.U.",needs_municipal_review,official_tool_review_required,no,i-DE — mapa oficial de distribuidoras,https://www.i-de.es/conexion-red-electrica/mapa-de-distribuidoras,official_public_source_or_review_tool,no,i-DE ofrece herramienta oficial de consulta por zona. No hay tabla municipal simple en este research; requiere validación municipal antes de producción.
comunitat_valenciana,Ademuz,València,municipality:valencia::ademuz,"i-DE Redes Eléctricas Inteligentes, S.A.U.",needs_municipal_review,official_tool_review_required,no,i-DE — mapa oficial de distribuidoras,https://www.i-de.es/conexion-red-electrica/mapa-de-distribuidoras,official_public_source_or_review_tool,no,i-DE ofrece herramienta oficial de consulta por zona. No hay tabla municipal simple en este research; requiere validación municipal antes de producción.
comunitat_valenciana,Simat de la Valldigna,València,municipality:valencia::simat_de_la_valldigna,"i-DE Redes Eléctricas Inteligentes, S.A.U.",needs_municipal_review,official_tool_review_required,no,i-DE — mapa oficial de distribuidoras,https://www.i-de.es/conexion-red-electrica/mapa-de-distribuidoras,official_public_source_or_review_tool,no,i-DE ofrece herramienta oficial de consulta por zona. No hay tabla municipal simple en este research; requiere validación municipal antes de producción.
comunitat_valenciana,Zucaina,Castelló,municipality:castello::zucaina,"i-DE Redes Eléctricas Inteligentes, S.A.U.",needs_municipal_review,official_tool_review_required,no,i-DE — mapa oficial de distribuidoras,https://www.i-de.es/conexion-red-electrica/mapa-de-distribuidoras,official_public_source_or_review_tool,no,i-DE ofrece herramienta oficial de consulta por zona. No hay tabla municipal simple en este research; requiere validación municipal antes de producción.
comunitat_valenciana,Xixona,Alacant,municipality:alacant::xixona,"i-DE Redes Eléctricas Inteligentes, S.A.U.",needs_municipal_review,official_tool_review_required,no,i-DE — mapa oficial de distribuidoras,https://www.i-de.es/conexion-red-electrica/mapa-de-distribuidoras,official_public_source_or_review_tool,no,i-DE ofrece herramienta oficial de consulta por zona. No hay tabla municipal simple en este research; requiere validación municipal antes de producción.
comunitat_valenciana,Almàssera,València,municipality:valencia::almassera,"i-DE Redes Eléctricas Inteligentes, S.A.U.",needs_municipal_review,official_tool_review_required,no,i-DE — mapa oficial de distribuidoras,https://www.i-de.es/conexion-red-electrica/mapa-de-distribuidoras,official_public_source_or_review_tool,no,i-DE ofrece herramienta oficial de consulta por zona. No hay tabla municipal simple en este research; requiere validación municipal antes de producción.
comunitat_valenciana,Ontinyent,València,municipality:valencia::ontinyent,"i-DE Redes Eléctricas Inteligentes, S.A.U.",needs_municipal_review,official_tool_review_required,no,i-DE — mapa oficial de distribuidoras,https://www.i-de.es/conexion-red-electrica/mapa-de-distribuidoras,official_public_source_or_review_tool,no,i-DE ofrece herramienta oficial de consulta por zona. No hay tabla municipal simple en este research; requiere validación municipal antes de producción.
comunitat_valenciana,Beniatjar,València,municipality:valencia::beniatjar,"i-DE Redes Eléctricas Inteligentes, S.A.U.",needs_municipal_review,official_tool_review_required,no,i-DE — mapa oficial de distribuidoras,https://www.i-de.es/conexion-red-electrica/mapa-de-distribuidoras,official_public_source_or_review_tool,no,i-DE ofrece herramienta oficial de consulta por zona. No hay tabla municipal simple en este research; requiere validación municipal antes de producción.
comunitat_valenciana,Benicolet,València,municipality:valencia::benicolet,"i-DE Redes Eléctricas Inteligentes, S.A.U.",needs_municipal_review,official_tool_review_required,no,i-DE — mapa oficial de distribuidoras,https://www.i-de.es/conexion-red-electrica/mapa-de-distribuidoras,official_public_source_or_review_tool,no,i-DE ofrece herramienta oficial de consulta por zona. No hay tabla municipal simple en este research; requiere validación municipal antes de producción.
comunitat_valenciana,Sagra,Alacant,municipality:alacant::sagra,"i-DE Redes Eléctricas Inteligentes, S.A.U.",needs_municipal_review,official_tool_review_required,no,i-DE — mapa oficial de distribuidoras,https://www.i-de.es/conexion-red-electrica/mapa-de-distribuidoras,official_public_source_or_review_tool,no,i-DE ofrece herramienta oficial de consulta por zona. No hay tabla municipal simple en este research; requiere validación municipal antes de producción.
comunitat_valenciana,Camporrobles,València,municipality:valencia::camporrobles,"i-DE Redes Eléctricas Inteligentes, S.A.U.",needs_municipal_review,official_tool_review_required,no,i-DE — mapa oficial de distribuidoras,https://www.i-de.es/conexion-red-electrica/mapa-de-distribuidoras,official_public_source_or_review_tool,no,i-DE ofrece herramienta oficial de consulta por zona. No hay tabla municipal simple en este research; requiere validación municipal antes de producción.
comunitat_valenciana,Rafal,Alacant,municipality:alacant::rafal,"i-DE Redes Eléctricas Inteligentes, S.A.U.",needs_municipal_review,official_tool_review_required,no,i-DE — mapa oficial de distribuidoras,https://www.i-de.es/conexion-red-electrica/mapa-de-distribuidoras,official_public_source_or_review_tool,no,i-DE ofrece herramienta oficial de consulta por zona. No hay tabla municipal simple en este research; requiere validación municipal antes de producción.
comunitat_valenciana,Banyeres de Mariola,Alacant,municipality:alacant::banyeres_de_mariola,"i-DE Redes Eléctricas Inteligentes, S.A.U.",needs_municipal_review,official_tool_review_required,no,i-DE — mapa oficial de distribuidoras,https://www.i-de.es/conexion-red-electrica/mapa-de-distribuidoras,official_public_source_or_review_tool,no,i-DE ofrece herramienta oficial de consulta por zona. No hay tabla municipal simple en este research; requiere validación municipal antes de producción.
comunitat_valenciana,Novetlè,València,municipality:valencia::novetle,"i-DE Redes Eléctricas Inteligentes, S.A.U.",needs_municipal_review,official_tool_review_required,no,i-DE — mapa oficial de distribuidoras,https://www.i-de.es/conexion-red-electrica/mapa-de-distribuidoras,official_public_source_or_review_tool,no,i-DE ofrece herramienta oficial de consulta por zona. No hay tabla municipal simple en este research; requiere validación municipal antes de producción.
comunitat_valenciana,Morella,Castelló,municipality:castello::morella,"i-DE Redes Eléctricas Inteligentes, S.A.U.",needs_municipal_review,official_tool_review_required,no,i-DE — mapa oficial de distribuidoras,https://www.i-de.es/conexion-red-electrica/mapa-de-distribuidoras,official_public_source_or_review_tool,no,i-DE ofrece herramienta oficial de consulta por zona. No hay tabla municipal simple en este research; requiere validación municipal antes de producción.
comunitat_valenciana,Vallés,València,municipality:valencia::valles,"i-DE Redes Eléctricas Inteligentes, S.A.U.",needs_municipal_review,official_tool_review_required,no,i-DE — mapa oficial de distribuidoras,https://www.i-de.es/conexion-red-electrica/mapa-de-distribuidoras,official_public_source_or_review_tool,no,i-DE ofrece herramienta oficial de consulta por zona. No hay tabla municipal simple en este research; requiere validación municipal antes de producción.
comunitat_valenciana,Elx,Alacant,municipality:alacant::elx,"i-DE Redes Eléctricas Inteligentes, S.A.U.",needs_municipal_review,official_tool_review_required,no,i-DE — mapa oficial de distribuidoras,https://www.i-de.es/conexion-red-electrica/mapa-de-distribuidoras,official_public_source_or_review_tool,no,i-DE ofrece herramienta oficial de consulta por zona. No hay tabla municipal simple en este research; requiere validación municipal antes de producción.
comunitat_valenciana,Gorga,Alacant,municipality:alacant::gorga,"i-DE Redes Eléctricas Inteligentes, S.A.U.",needs_municipal_review,official_tool_review_required,no,i-DE — mapa oficial de distribuidoras,https://www.i-de.es/conexion-red-electrica/mapa-de-distribuidoras,official_public_source_or_review_tool,no,i-DE ofrece herramienta oficial de consulta por zona. No hay tabla municipal simple en este research; requiere validación municipal antes de producción.
comunitat_valenciana,Fuente la Reina,Castelló,municipality:castello::fuente_la_reina,"i-DE Redes Eléctricas Inteligentes, S.A.U.",needs_municipal_review,official_tool_review_required,no,i-DE — mapa oficial de distribuidoras,https://www.i-de.es/conexion-red-electrica/mapa-de-distribuidoras,official_public_source_or_review_tool,no,i-DE ofrece herramienta oficial de consulta por zona. No hay tabla municipal simple en este research; requiere validación municipal antes de producción.
comunitat_valenciana,Toga,Castelló,municipality:castello::toga,"i-DE Redes Eléctricas Inteligentes, S.A.U.",needs_municipal_review,official_tool_review_required,no,i-DE — mapa oficial de distribuidoras,https://www.i-de.es/conexion-red-electrica/mapa-de-distribuidoras,official_public_source_or_review_tool,no,i-DE ofrece herramienta oficial de consulta por zona. No hay tabla municipal simple en este research; requiere validación municipal antes de producción.
comunitat_valenciana,Vallanca,València,municipality:valencia::vallanca,"i-DE Redes Eléctricas Inteligentes, S.A.U.",needs_municipal_review,official_tool_review_required,no,i-DE — mapa oficial de distribuidoras,https://www.i-de.es/conexion-red-electrica/mapa-de-distribuidoras,official_public_source_or_review_tool,no,i-DE ofrece herramienta oficial de consulta por zona. No hay tabla municipal simple en este research; requiere validación municipal antes de producción.
comunitat_valenciana,Callosa d'en Sarrià,Alacant,municipality:alacant::callosa_d_en_sarria,"i-DE Redes Eléctricas Inteligentes, S.A.U.",needs_municipal_review,official_tool_review_required,no,i-DE — mapa oficial de distribuidoras,https://www.i-de.es/conexion-red-electrica/mapa-de-distribuidoras,official_public_source_or_review_tool,no,i-DE ofrece herramienta oficial de consulta por zona. No hay tabla municipal simple en este research; requiere validación municipal antes de producción.
comunitat_valenciana,Formentera del Segura,Alacant,municipality:alacant::formentera_del_segura,"i-DE Redes Eléctricas Inteligentes, S.A.U.",needs_municipal_review,official_tool_review_required,no,i-DE — mapa oficial de distribuidoras,https://www.i-de.es/conexion-red-electrica/mapa-de-distribuidoras,official_public_source_or_review_tool,no,i-DE ofrece herramienta oficial de consulta por zona. No hay tabla municipal simple en este research; requiere validación municipal antes de producción.
comunitat_valenciana,Forcall,Castelló,municipality:castello::forcall,"i-DE Redes Eléctricas Inteligentes, S.A.U.",needs_municipal_review,official_tool_review_required,no,i-DE — mapa oficial de distribuidoras,https://www.i-de.es/conexion-red-electrica/mapa-de-distribuidoras,official_public_source_or_review_tool,no,i-DE ofrece herramienta oficial de consulta por zona. No hay tabla municipal simple en este research; requiere validación municipal antes de producción.
comunitat_valenciana,Eslida,Castelló,municipality:castello::eslida,"i-DE Redes Eléctricas Inteligentes, S.A.U.",needs_municipal_review,official_tool_review_required,no,i-DE — mapa oficial de distribuidoras,https://www.i-de.es/conexion-red-electrica/mapa-de-distribuidoras,official_public_source_or_review_tool,no,i-DE ofrece herramienta oficial de consulta por zona. No hay tabla municipal simple en este research; requiere validación municipal antes de producción.
comunitat_valenciana,El Toro,Castelló,municipality:castello::el_toro,"i-DE Redes Eléctricas Inteligentes, S.A.U.",needs_municipal_review,official_tool_review_required,no,i-DE — mapa oficial de distribuidoras,https://www.i-de.es/conexion-red-electrica/mapa-de-distribuidoras,official_public_source_or_review_tool,no,i-DE ofrece herramienta oficial de consulta por zona. No hay tabla municipal simple en este research; requiere validación municipal antes de producción.
comunitat_valenciana,Beneixida,València,municipality:valencia::beneixida,"i-DE Redes Eléctricas Inteligentes, S.A.U.",needs_municipal_review,official_tool_review_required,no,i-DE — mapa oficial de distribuidoras,https://www.i-de.es/conexion-red-electrica/mapa-de-distribuidoras,official_public_source_or_review_tool,no,i-DE ofrece herramienta oficial de consulta por zona. No hay tabla municipal simple en este research; requiere validación municipal antes de producción.
comunitat_valenciana,Beniarrés,Alacant,municipality:alacant::beniarres,"i-DE Redes Eléctricas Inteligentes, S.A.U.",needs_municipal_review,official_tool_review_required,no,i-DE — mapa oficial de distribuidoras,https://www.i-de.es/conexion-red-electrica/mapa-de-distribuidoras,official_public_source_or_review_tool,no,i-DE ofrece herramienta oficial de consulta por zona. No hay tabla municipal simple en este research; requiere validación municipal antes de producción.
comunitat_valenciana,Sueca,València,municipality:valencia::sueca,"i-DE Redes Eléctricas Inteligentes, S.A.U.",needs_municipal_review,official_tool_review_required,no,i-DE — mapa oficial de distribuidoras,https://www.i-de.es/conexion-red-electrica/mapa-de-distribuidoras,official_public_source_or_review_tool,no,i-DE ofrece herramienta oficial de consulta por zona. No hay tabla municipal simple en este research; requiere validación municipal antes de producción.
comunitat_valenciana,Godelleta,València,municipality:valencia::godelleta,"i-DE Redes Eléctricas Inteligentes, S.A.U.",needs_municipal_review,official_tool_review_required,no,i-DE — mapa oficial de distribuidoras,https://www.i-de.es/conexion-red-electrica/mapa-de-distribuidoras,official_public_source_or_review_tool,no,i-DE ofrece herramienta oficial de consulta por zona. No hay tabla municipal simple en este research; requiere validación municipal antes de producción.
comunitat_valenciana,Picassent,València,municipality:valencia::picassent,"i-DE Redes Eléctricas Inteligentes, S.A.U.",needs_municipal_review,official_tool_review_required,no,i-DE — mapa oficial de distribuidoras,https://www.i-de.es/conexion-red-electrica/mapa-de-distribuidoras,official_public_source_or_review_tool,no,i-DE ofrece herramienta oficial de consulta por zona. No hay tabla municipal simple en este research; requiere validación municipal antes de producción.
comunitat_valenciana,Azuébar,Castelló,municipality:castello::azuebar,"i-DE Redes Eléctricas Inteligentes, S.A.U.",needs_municipal_review,official_tool_review_required,no,i-DE — mapa oficial de distribuidoras,https://www.i-de.es/conexion-red-electrica/mapa-de-distribuidoras,official_public_source_or_review_tool,no,i-DE ofrece herramienta oficial de consulta por zona. No hay tabla municipal simple en este research; requiere validación municipal antes de producción.
comunitat_valenciana,Castelló,València,municipality:valencia::castello,"i-DE Redes Eléctricas Inteligentes, S.A.U.",needs_municipal_review,official_tool_review_required,no,i-DE — mapa oficial de distribuidoras,https://www.i-de.es/conexion-red-electrica/mapa-de-distribuidoras,official_public_source_or_review_tool,no,i-DE ofrece herramienta oficial de consulta por zona. No hay tabla municipal simple en este research; requiere validación municipal antes de producción.
comunitat_valenciana,Soneja,Castelló,municipality:castello::soneja,"i-DE Redes Eléctricas Inteligentes, S.A.U.",needs_municipal_review,official_tool_review_required,no,i-DE — mapa oficial de distribuidoras,https://www.i-de.es/conexion-red-electrica/mapa-de-distribuidoras,official_public_source_or_review_tool,no,i-DE ofrece herramienta oficial de consulta por zona. No hay tabla municipal simple en este research; requiere validación municipal antes de producción.
comunitat_valenciana,Villanueva de Viver,Castelló,municipality:castello::villanueva_de_viver,"i-DE Redes Eléctricas Inteligentes, S.A.U.",needs_municipal_review,official_tool_review_required,no,i-DE — mapa oficial de distribuidoras,https://www.i-de.es/conexion-red-electrica/mapa-de-distribuidoras,official_public_source_or_review_tool,no,i-DE ofrece herramienta oficial de consulta por zona. No hay tabla municipal simple en este research; requiere validación municipal antes de producción.
comunitat_valenciana,Canals,València,municipality:valencia::canals,"i-DE Redes Eléctricas Inteligentes, S.A.U.",needs_municipal_review,official_tool_review_required,no,i-DE — mapa oficial de distribuidoras,https://www.i-de.es/conexion-red-electrica/mapa-de-distribuidoras,official_public_source_or_review_tool,no,i-DE ofrece herramienta oficial de consulta por zona. No hay tabla municipal simple en este research; requiere validación municipal antes de producción.
comunitat_valenciana,Fuentes de Ayódar,Castelló,municipality:castello::fuentes_de_ayodar,"i-DE Redes Eléctricas Inteligentes, S.A.U.",needs_municipal_review,official_tool_review_required,no,i-DE — mapa oficial de distribuidoras,https://www.i-de.es/conexion-red-electrica/mapa-de-distribuidoras,official_public_source_or_review_tool,no,i-DE ofrece herramienta oficial de consulta por zona. No hay tabla municipal simple en este research; requiere validación municipal antes de producción.
comunitat_valenciana,Santa Magdalena de Pulpis,Castelló,municipality:castello::santa_magdalena_de_pulpis,"i-DE Redes Eléctricas Inteligentes, S.A.U.",needs_municipal_review,official_tool_review_required,no,i-DE — mapa oficial de distribuidoras,https://www.i-de.es/conexion-red-electrica/mapa-de-distribuidoras,official_public_source_or_review_tool,no,i-DE ofrece herramienta oficial de consulta por zona. No hay tabla municipal simple en este research; requiere validación municipal antes de producción.
comunitat_valenciana,Calp,Alacant,municipality:alacant::calp,"i-DE Redes Eléctricas Inteligentes, S.A.U.",needs_municipal_review,official_tool_review_required,no,i-DE — mapa oficial de distribuidoras,https://www.i-de.es/conexion-red-electrica/mapa-de-distribuidoras,official_public_source_or_review_tool,no,i-DE ofrece herramienta oficial de consulta por zona. No hay tabla municipal simple en este research; requiere validación municipal antes de producción.
comunitat_valenciana,Alaquàs,València,municipality:valencia::alaquas,"i-DE Redes Eléctricas Inteligentes, S.A.U.",needs_municipal_review,official_tool_review_required,no,i-DE — mapa oficial de distribuidoras,https://www.i-de.es/conexion-red-electrica/mapa-de-distribuidoras,official_public_source_or_review_tool,no,i-DE ofrece herramienta oficial de consulta por zona. No hay tabla municipal simple en este research; requiere validación municipal antes de producción.
comunitat_valenciana,Miramar,València,municipality:valencia::miramar,"i-DE Redes Eléctricas Inteligentes, S.A.U.",needs_municipal_review,official_tool_review_required,no,i-DE — mapa oficial de distribuidoras,https://www.i-de.es/conexion-red-electrica/mapa-de-distribuidoras,official_public_source_or_review_tool,no,i-DE ofrece herramienta oficial de consulta por zona. No hay tabla municipal simple en este research; requiere validación municipal antes de producción.
comunitat_valenciana,Aspe,Alacant,municipality:alacant::aspe,"i-DE Redes Eléctricas Inteligentes, S.A.U.",needs_municipal_review,official_tool_review_required,no,i-DE — mapa oficial de distribuidoras,https://www.i-de.es/conexion-red-electrica/mapa-de-distribuidoras,official_public_source_or_review_tool,no,i-DE ofrece herramienta oficial de consulta por zona. No hay tabla municipal simple en este research; requiere validación municipal antes de producción.
comunitat_valenciana,Vallada,València,municipality:valencia::vallada,"i-DE Redes Eléctricas Inteligentes, S.A.U.",needs_municipal_review,official_tool_review_required,no,i-DE — mapa oficial de distribuidoras,https://www.i-de.es/conexion-red-electrica/mapa-de-distribuidoras,official_public_source_or_review_tool,no,i-DE ofrece herramienta oficial de consulta por zona. No hay tabla municipal simple en este research; requiere validación municipal antes de producción.
comunitat_valenciana,Tormos,Alacant,municipality:alacant::tormos,"i-DE Redes Eléctricas Inteligentes, S.A.U.",needs_municipal_review,official_tool_review_required,no,i-DE — mapa oficial de distribuidoras,https://www.i-de.es/conexion-red-electrica/mapa-de-distribuidoras,official_public_source_or_review_tool,no,i-DE ofrece herramienta oficial de consulta por zona. No hay tabla municipal simple en este research; requiere validación municipal antes de producción.
comunitat_valenciana,Càrcer,València,municipality:valencia::carcer,"i-DE Redes Eléctricas Inteligentes, S.A.U.",needs_municipal_review,official_tool_review_required,no,i-DE — mapa oficial de distribuidoras,https://www.i-de.es/conexion-red-electrica/mapa-de-distribuidoras,official_public_source_or_review_tool,no,i-DE ofrece herramienta oficial de consulta por zona. No hay tabla municipal simple en este research; requiere validación municipal antes de producción.
comunitat_valenciana,Llíria,València,municipality:valencia::lliria,"i-DE Redes Eléctricas Inteligentes, S.A.U.",needs_municipal_review,official_tool_review_required,no,i-DE — mapa oficial de distribuidoras,https://www.i-de.es/conexion-red-electrica/mapa-de-distribuidoras,official_public_source_or_review_tool,no,i-DE ofrece herramienta oficial de consulta por zona. No hay tabla municipal simple en este research; requiere validación municipal antes de producción.
comunitat_valenciana,Dos Aguas,València,municipality:valencia::dos_aguas,"i-DE Redes Eléctricas Inteligentes, S.A.U.",needs_municipal_review,official_tool_review_required,no,i-DE — mapa oficial de distribuidoras,https://www.i-de.es/conexion-red-electrica/mapa-de-distribuidoras,official_public_source_or_review_tool,no,i-DE ofrece herramienta oficial de consulta por zona. No hay tabla municipal simple en este research; requiere validación municipal antes de producción.
comunitat_valenciana,Atzeneta del Maestrat,Castelló,municipality:castello::atzeneta_del_maestrat,"i-DE Redes Eléctricas Inteligentes, S.A.U.",needs_municipal_review,official_tool_review_required,no,i-DE — mapa oficial de distribuidoras,https://www.i-de.es/conexion-red-electrica/mapa-de-distribuidoras,official_public_source_or_review_tool,no,i-DE ofrece herramienta oficial de consulta por zona. No hay tabla municipal simple en este research; requiere validación municipal antes de producción.
comunitat_valenciana,la Pobla de Farnals,València,municipality:valencia::la_pobla_de_farnals,"i-DE Redes Eléctricas Inteligentes, S.A.U.",needs_municipal_review,official_tool_review_required,no,i-DE — mapa oficial de distribuidoras,https://www.i-de.es/conexion-red-electrica/mapa-de-distribuidoras,official_public_source_or_review_tool,no,i-DE ofrece herramienta oficial de consulta por zona. No hay tabla municipal simple en este research; requiere validación municipal antes de producción.
comunitat_valenciana,Catarroja,València,municipality:valencia::catarroja,"i-DE Redes Eléctricas Inteligentes, S.A.U.",needs_municipal_review,official_tool_review_required,no,i-DE — mapa oficial de distribuidoras,https://www.i-de.es/conexion-red-electrica/mapa-de-distribuidoras,official_public_source_or_review_tool,no,i-DE ofrece herramienta oficial de consulta por zona. No hay tabla municipal simple en este research; requiere validación municipal antes de producción.
comunitat_valenciana,Benafer,Castelló,municipality:castello::benafer,"i-DE Redes Eléctricas Inteligentes, S.A.U.",needs_municipal_review,official_tool_review_required,no,i-DE — mapa oficial de distribuidoras,https://www.i-de.es/conexion-red-electrica/mapa-de-distribuidoras,official_public_source_or_review_tool,no,i-DE ofrece herramienta oficial de consulta por zona. No hay tabla municipal simple en este research; requiere validación municipal antes de producción.
comunitat_valenciana,Todolella,Castelló,municipality:castello::todolella,"i-DE Redes Eléctricas Inteligentes, S.A.U.",needs_municipal_review,official_tool_review_required,no,i-DE — mapa oficial de distribuidoras,https://www.i-de.es/conexion-red-electrica/mapa-de-distribuidoras,official_public_source_or_review_tool,no,i-DE ofrece herramienta oficial de consulta por zona. No hay tabla municipal simple en este research; requiere validación municipal antes de producción.
comunitat_valenciana,Alzira,València,municipality:valencia::alzira,"i-DE Redes Eléctricas Inteligentes, S.A.U.",needs_municipal_review,official_tool_review_required,no,i-DE — mapa oficial de distribuidoras,https://www.i-de.es/conexion-red-electrica/mapa-de-distribuidoras,official_public_source_or_review_tool,no,i-DE ofrece herramienta oficial de consulta por zona. No hay tabla municipal simple en este research; requiere validación municipal antes de producción.
comunitat_valenciana,Dénia,Alacant,municipality:alacant::denia,"i-DE Redes Eléctricas Inteligentes, S.A.U.",needs_municipal_review,official_tool_review_required,no,i-DE — mapa oficial de distribuidoras,https://www.i-de.es/conexion-red-electrica/mapa-de-distribuidoras,official_public_source_or_review_tool,no,i-DE ofrece herramienta oficial de consulta por zona. No hay tabla municipal simple en este research; requiere validación municipal antes de producción.
comunitat_valenciana,Godella,València,municipality:valencia::godella,"i-DE Redes Eléctricas Inteligentes, S.A.U.",needs_municipal_review,official_tool_review_required,no,i-DE — mapa oficial de distribuidoras,https://www.i-de.es/conexion-red-electrica/mapa-de-distribuidoras,official_public_source_or_review_tool,no,i-DE ofrece herramienta oficial de consulta por zona. No hay tabla municipal simple en este research; requiere validación municipal antes de producción.
comunitat_valenciana,Gilet,València,municipality:valencia::gilet,"i-DE Redes Eléctricas Inteligentes, S.A.U.",needs_municipal_review,official_tool_review_required,no,i-DE — mapa oficial de distribuidoras,https://www.i-de.es/conexion-red-electrica/mapa-de-distribuidoras,official_public_source_or_review_tool,no,i-DE ofrece herramienta oficial de consulta por zona. No hay tabla municipal simple en este research; requiere validación municipal antes de producción.
comunitat_valenciana,l'Alqueria de la Comtessa,València,municipality:valencia::l_alqueria_de_la_comtessa,"i-DE Redes Eléctricas Inteligentes, S.A.U.",needs_municipal_review,official_tool_review_required,no,i-DE — mapa oficial de distribuidoras,https://www.i-de.es/conexion-red-electrica/mapa-de-distribuidoras,official_public_source_or_review_tool,no,i-DE ofrece herramienta oficial de consulta por zona. No hay tabla municipal simple en este research; requiere validación municipal antes de producción.
comunitat_valenciana,Mutxamel,Alacant,municipality:alacant::mutxamel,"i-DE Redes Eléctricas Inteligentes, S.A.U.",needs_municipal_review,official_tool_review_required,no,i-DE — mapa oficial de distribuidoras,https://www.i-de.es/conexion-red-electrica/mapa-de-distribuidoras,official_public_source_or_review_tool,no,i-DE ofrece herramienta oficial de consulta por zona. No hay tabla municipal simple en este research; requiere validación municipal antes de producción.
comunitat_valenciana,Fuenterrobles,València,municipality:valencia::fuenterrobles,"i-DE Redes Eléctricas Inteligentes, S.A.U.",needs_municipal_review,official_tool_review_required,no,i-DE — mapa oficial de distribuidoras,https://www.i-de.es/conexion-red-electrica/mapa-de-distribuidoras,official_public_source_or_review_tool,no,i-DE ofrece herramienta oficial de consulta por zona. No hay tabla municipal simple en este research; requiere validación municipal antes de producción.
comunitat_valenciana,Casinos,València,municipality:valencia::casinos,"i-DE Redes Eléctricas Inteligentes, S.A.U.",needs_municipal_review,official_tool_review_required,no,i-DE — mapa oficial de distribuidoras,https://www.i-de.es/conexion-red-electrica/mapa-de-distribuidoras,official_public_source_or_review_tool,no,i-DE ofrece herramienta oficial de consulta por zona. No hay tabla municipal simple en este research; requiere validación municipal antes de producción.
comunitat_valenciana,Bétera,València,municipality:valencia::betera,"i-DE Redes Eléctricas Inteligentes, S.A.U.",needs_municipal_review,official_tool_review_required,no,i-DE — mapa oficial de distribuidoras,https://www.i-de.es/conexion-red-electrica/mapa-de-distribuidoras,official_public_source_or_review_tool,no,i-DE ofrece herramienta oficial de consulta por zona. No hay tabla municipal simple en este research; requiere validación municipal antes de producción.
comunitat_valenciana,Torrent,València,municipality:valencia::torrent,"i-DE Redes Eléctricas Inteligentes, S.A.U.",needs_municipal_review,official_tool_review_required,no,i-DE — mapa oficial de distribuidoras,https://www.i-de.es/conexion-red-electrica/mapa-de-distribuidoras,official_public_source_or_review_tool,no,i-DE ofrece herramienta oficial de consulta por zona. No hay tabla municipal simple en este research; requiere validación municipal antes de producción.
comunitat_valenciana,Albalat dels Sorells,València,municipality:valencia::albalat_dels_sorells,"i-DE Redes Eléctricas Inteligentes, S.A.U.",needs_municipal_review,official_tool_review_required,no,i-DE — mapa oficial de distribuidoras,https://www.i-de.es/conexion-red-electrica/mapa-de-distribuidoras,official_public_source_or_review_tool,no,i-DE ofrece herramienta oficial de consulta por zona. No hay tabla municipal simple en este research; requiere validación municipal antes de producción.
comunitat_valenciana,el Poble Nou de Benitatxell,Alacant,municipality:alacant::el_poble_nou_de_benitatxell,"i-DE Redes Eléctricas Inteligentes, S.A.U.",needs_municipal_review,official_tool_review_required,no,i-DE — mapa oficial de distribuidoras,https://www.i-de.es/conexion-red-electrica/mapa-de-distribuidoras,official_public_source_or_review_tool,no,i-DE ofrece herramienta oficial de consulta por zona. No hay tabla municipal simple en este research; requiere validación municipal antes de producción.
comunitat_valenciana,Parcent,Alacant,municipality:alacant::parcent,"i-DE Redes Eléctricas Inteligentes, S.A.U.",needs_municipal_review,official_tool_review_required,no,i-DE — mapa oficial de distribuidoras,https://www.i-de.es/conexion-red-electrica/mapa-de-distribuidoras,official_public_source_or_review_tool,no,i-DE ofrece herramienta oficial de consulta por zona. No hay tabla municipal simple en este research; requiere validación municipal antes de producción.
comunitat_valenciana,Alboraia,València,municipality:valencia::alboraia,"i-DE Redes Eléctricas Inteligentes, S.A.U.",needs_municipal_review,official_tool_review_required,no,i-DE — mapa oficial de distribuidoras,https://www.i-de.es/conexion-red-electrica/mapa-de-distribuidoras,official_public_source_or_review_tool,no,i-DE ofrece herramienta oficial de consulta por zona. No hay tabla municipal simple en este research; requiere validación municipal antes de producción.
comunitat_valenciana,la Pobla de Benifassà,Castelló,municipality:castello::la_pobla_de_benifassa,"i-DE Redes Eléctricas Inteligentes, S.A.U.",needs_municipal_review,official_tool_review_required,no,i-DE — mapa oficial de distribuidoras,https://www.i-de.es/conexion-red-electrica/mapa-de-distribuidoras,official_public_source_or_review_tool,no,i-DE ofrece herramienta oficial de consulta por zona. No hay tabla municipal simple en este research; requiere validación municipal antes de producción.
comunitat_valenciana,Zarra,València,municipality:valencia::zarra,"i-DE Redes Eléctricas Inteligentes, S.A.U.",needs_municipal_review,official_tool_review_required,no,i-DE — mapa oficial de distribuidoras,https://www.i-de.es/conexion-red-electrica/mapa-de-distribuidoras,official_public_source_or_review_tool,no,i-DE ofrece herramienta oficial de consulta por zona. No hay tabla municipal simple en este research; requiere validación municipal antes de producción.
comunitat_valenciana,Casas Bajas,València,municipality:valencia::casas_bajas,"i-DE Redes Eléctricas Inteligentes, S.A.U.",needs_municipal_review,official_tool_review_required,no,i-DE — mapa oficial de distribuidoras,https://www.i-de.es/conexion-red-electrica/mapa-de-distribuidoras,official_public_source_or_review_tool,no,i-DE ofrece herramienta oficial de consulta por zona. No hay tabla municipal simple en este research; requiere validación municipal antes de producción.
comunitat_valenciana,Argelita,Castelló,municipality:castello::argelita,"i-DE Redes Eléctricas Inteligentes, S.A.U.",needs_municipal_review,official_tool_review_required,no,i-DE — mapa oficial de distribuidoras,https://www.i-de.es/conexion-red-electrica/mapa-de-distribuidoras,official_public_source_or_review_tool,no,i-DE ofrece herramienta oficial de consulta por zona. No hay tabla municipal simple en este research; requiere validación municipal antes de producción.
comunitat_valenciana,Benferri,Alacant,municipality:alacant::benferri,"i-DE Redes Eléctricas Inteligentes, S.A.U.",needs_municipal_review,official_tool_review_required,no,i-DE — mapa oficial de distribuidoras,https://www.i-de.es/conexion-red-electrica/mapa-de-distribuidoras,official_public_source_or_review_tool,no,i-DE ofrece herramienta oficial de consulta por zona. No hay tabla municipal simple en este research; requiere validación municipal antes de producción.
comunitat_valenciana,Gata de Gorgos,Alacant,municipality:alacant::gata_de_gorgos,"i-DE Redes Eléctricas Inteligentes, S.A.U.",needs_municipal_review,official_tool_review_required,no,i-DE — mapa oficial de distribuidoras,https://www.i-de.es/conexion-red-electrica/mapa-de-distribuidoras,official_public_source_or_review_tool,no,i-DE ofrece herramienta oficial de consulta por zona. No hay tabla municipal simple en este research; requiere validación municipal antes de producción.
comunitat_valenciana,Matet,Castelló,municipality:castello::matet,"i-DE Redes Eléctricas Inteligentes, S.A.U.",needs_municipal_review,official_tool_review_required,no,i-DE — mapa oficial de distribuidoras,https://www.i-de.es/conexion-red-electrica/mapa-de-distribuidoras,official_public_source_or_review_tool,no,i-DE ofrece herramienta oficial de consulta por zona. No hay tabla municipal simple en este research; requiere validación municipal antes de producción.
comunitat_valenciana,Montroi,València,municipality:valencia::montroi,"i-DE Redes Eléctricas Inteligentes, S.A.U.",needs_municipal_review,official_tool_review_required,no,i-DE — mapa oficial de distribuidoras,https://www.i-de.es/conexion-red-electrica/mapa-de-distribuidoras,official_public_source_or_review_tool,no,i-DE ofrece herramienta oficial de consulta por zona. No hay tabla municipal simple en este research; requiere validación municipal antes de producción.
comunitat_valenciana,Sant Mateu,Castelló,municipality:castello::sant_mateu,"i-DE Redes Eléctricas Inteligentes, S.A.U.",needs_municipal_review,official_tool_review_required,no,i-DE — mapa oficial de distribuidoras,https://www.i-de.es/conexion-red-electrica/mapa-de-distribuidoras,official_public_source_or_review_tool,no,i-DE ofrece herramienta oficial de consulta por zona. No hay tabla municipal simple en este research; requiere validación municipal antes de producción.
comunitat_valenciana,Beniarbeig,Alacant,municipality:alacant::beniarbeig,"i-DE Redes Eléctricas Inteligentes, S.A.U.",needs_municipal_review,official_tool_review_required,no,i-DE — mapa oficial de distribuidoras,https://www.i-de.es/conexion-red-electrica/mapa-de-distribuidoras,official_public_source_or_review_tool,no,i-DE ofrece herramienta oficial de consulta por zona. No hay tabla municipal simple en este research; requiere validación municipal antes de producción.
comunitat_valenciana,Benasau,Alacant,municipality:alacant::benasau,"i-DE Redes Eléctricas Inteligentes, S.A.U.",needs_municipal_review,official_tool_review_required,no,i-DE — mapa oficial de distribuidoras,https://www.i-de.es/conexion-red-electrica/mapa-de-distribuidoras,official_public_source_or_review_tool,no,i-DE ofrece herramienta oficial de consulta por zona. No hay tabla municipal simple en este research; requiere validación municipal antes de producción.
comunitat_valenciana,els Poblets,Alacant,municipality:alacant::els_poblets,"i-DE Redes Eléctricas Inteligentes, S.A.U.",needs_municipal_review,official_tool_review_required,no,i-DE — mapa oficial de distribuidoras,https://www.i-de.es/conexion-red-electrica/mapa-de-distribuidoras,official_public_source_or_review_tool,no,i-DE ofrece herramienta oficial de consulta por zona. No hay tabla municipal simple en este research; requiere validación municipal antes de producción.
comunitat_valenciana,Cocentaina,Alacant,municipality:alacant::cocentaina,"i-DE Redes Eléctricas Inteligentes, S.A.U.",needs_municipal_review,official_tool_review_required,no,i-DE — mapa oficial de distribuidoras,https://www.i-de.es/conexion-red-electrica/mapa-de-distribuidoras,official_public_source_or_review_tool,no,i-DE ofrece herramienta oficial de consulta por zona. No hay tabla municipal simple en este research; requiere validación municipal antes de producción.
comunitat_valenciana,Montán,Castelló,municipality:castello::montan,"i-DE Redes Eléctricas Inteligentes, S.A.U.",needs_municipal_review,official_tool_review_required,no,i-DE — mapa oficial de distribuidoras,https://www.i-de.es/conexion-red-electrica/mapa-de-distribuidoras,official_public_source_or_review_tool,no,i-DE ofrece herramienta oficial de consulta por zona. No hay tabla municipal simple en este research; requiere validación municipal antes de producción.
comunitat_valenciana,Pina de Montalgrao,Castelló,municipality:castello::pina_de_montalgrao,"i-DE Redes Eléctricas Inteligentes, S.A.U.",needs_municipal_review,official_tool_review_required,no,i-DE — mapa oficial de distribuidoras,https://www.i-de.es/conexion-red-electrica/mapa-de-distribuidoras,official_public_source_or_review_tool,no,i-DE ofrece herramienta oficial de consulta por zona. No hay tabla municipal simple en este research; requiere validación municipal antes de producción.
comunitat_valenciana,Alfara del Patriarca,València,municipality:valencia::alfara_del_patriarca,"i-DE Redes Eléctricas Inteligentes, S.A.U.",needs_municipal_review,official_tool_review_required,no,i-DE — mapa oficial de distribuidoras,https://www.i-de.es/conexion-red-electrica/mapa-de-distribuidoras,official_public_source_or_review_tool,no,i-DE ofrece herramienta oficial de consulta por zona. No hay tabla municipal simple en este research; requiere validación municipal antes de producción.
comunitat_valenciana,Sempere,València,municipality:valencia::sempere,"i-DE Redes Eléctricas Inteligentes, S.A.U.",needs_municipal_review,official_tool_review_required,no,i-DE — mapa oficial de distribuidoras,https://www.i-de.es/conexion-red-electrica/mapa-de-distribuidoras,official_public_source_or_review_tool,no,i-DE ofrece herramienta oficial de consulta por zona. No hay tabla municipal simple en este research; requiere validación municipal antes de producción.
comunitat_valenciana,la Vilavella,Castelló,municipality:castello::la_vilavella,"i-DE Redes Eléctricas Inteligentes, S.A.U.",needs_municipal_review,official_tool_review_required,no,i-DE — mapa oficial de distribuidoras,https://www.i-de.es/conexion-red-electrica/mapa-de-distribuidoras,official_public_source_or_review_tool,no,i-DE ofrece herramienta oficial de consulta por zona. No hay tabla municipal simple en este research; requiere validación municipal antes de producción.
comunitat_valenciana,Higueruelas,València,municipality:valencia::higueruelas,"i-DE Redes Eléctricas Inteligentes, S.A.U.",needs_municipal_review,official_tool_review_required,no,i-DE — mapa oficial de distribuidoras,https://www.i-de.es/conexion-red-electrica/mapa-de-distribuidoras,official_public_source_or_review_tool,no,i-DE ofrece herramienta oficial de consulta por zona. No hay tabla municipal simple en este research; requiere validación municipal antes de producción.
comunitat_valenciana,Castillo de Villamalefa,Castelló,municipality:castello::castillo_de_villamalefa,"i-DE Redes Eléctricas Inteligentes, S.A.U.",needs_municipal_review,official_tool_review_required,no,i-DE — mapa oficial de distribuidoras,https://www.i-de.es/conexion-red-electrica/mapa-de-distribuidoras,official_public_source_or_review_tool,no,i-DE ofrece herramienta oficial de consulta por zona. No hay tabla municipal simple en este research; requiere validación municipal antes de producción.
comunitat_valenciana,Albal,València,municipality:valencia::albal,"i-DE Redes Eléctricas Inteligentes, S.A.U.",needs_municipal_review,official_tool_review_required,no,i-DE — mapa oficial de distribuidoras,https://www.i-de.es/conexion-red-electrica/mapa-de-distribuidoras,official_public_source_or_review_tool,no,i-DE ofrece herramienta oficial de consulta por zona. No hay tabla municipal simple en este research; requiere validación municipal antes de producción.
comunitat_valenciana,Alcublas,València,municipality:valencia::alcublas,"i-DE Redes Eléctricas Inteligentes, S.A.U.",needs_municipal_review,official_tool_review_required,no,i-DE — mapa oficial de distribuidoras,https://www.i-de.es/conexion-red-electrica/mapa-de-distribuidoras,official_public_source_or_review_tool,no,i-DE ofrece herramienta oficial de consulta por zona. No hay tabla municipal simple en este research; requiere validación municipal antes de producción.
comunitat_valenciana,Picanya,València,municipality:valencia::picanya,"i-DE Redes Eléctricas Inteligentes, S.A.U.",needs_municipal_review,official_tool_review_required,no,i-DE — mapa oficial de distribuidoras,https://www.i-de.es/conexion-red-electrica/mapa-de-distribuidoras,official_public_source_or_review_tool,no,i-DE ofrece herramienta oficial de consulta por zona. No hay tabla municipal simple en este research; requiere validación municipal antes de producción.
comunitat_valenciana,Chilches,Castelló,municipality:castello::chilches,"i-DE Redes Eléctricas Inteligentes, S.A.U.",needs_municipal_review,official_tool_review_required,no,i-DE — mapa oficial de distribuidoras,https://www.i-de.es/conexion-red-electrica/mapa-de-distribuidoras,official_public_source_or_review_tool,no,i-DE ofrece herramienta oficial de consulta por zona. No hay tabla municipal simple en este research; requiere validación municipal antes de producción.
comunitat_valenciana,Alicante,Alacant,municipality:alacant::alicante,"i-DE Redes Eléctricas Inteligentes, S.A.U.",needs_municipal_review,official_tool_review_required,no,i-DE — mapa oficial de distribuidoras,https://www.i-de.es/conexion-red-electrica/mapa-de-distribuidoras,official_public_source_or_review_tool,no,i-DE ofrece herramienta oficial de consulta por zona. No hay tabla municipal simple en este research; requiere validación municipal antes de producción.
comunitat_valenciana,Fanzara,Castelló,municipality:castello::fanzara,"i-DE Redes Eléctricas Inteligentes, S.A.U.",needs_municipal_review,official_tool_review_required,no,i-DE — mapa oficial de distribuidoras,https://www.i-de.es/conexion-red-electrica/mapa-de-distribuidoras,official_public_source_or_review_tool,no,i-DE ofrece herramienta oficial de consulta por zona. No hay tabla municipal simple en este research; requiere validación municipal antes de producción.
comunitat_valenciana,l'Alcúdia de Crespins,València,municipality:valencia::l_alcudia_de_crespins,"i-DE Redes Eléctricas Inteligentes, S.A.U.",needs_municipal_review,official_tool_review_required,no,i-DE — mapa oficial de distribuidoras,https://www.i-de.es/conexion-red-electrica/mapa-de-distribuidoras,official_public_source_or_review_tool,no,i-DE ofrece herramienta oficial de consulta por zona. No hay tabla municipal simple en este research; requiere validación municipal antes de producción.
comunitat_valenciana,Sueras,Castelló,municipality:castello::sueras,"i-DE Redes Eléctricas Inteligentes, S.A.U.",needs_municipal_review,official_tool_review_required,no,i-DE — mapa oficial de distribuidoras,https://www.i-de.es/conexion-red-electrica/mapa-de-distribuidoras,official_public_source_or_review_tool,no,i-DE ofrece herramienta oficial de consulta por zona. No hay tabla municipal simple en este research; requiere validación municipal antes de producción.
comunitat_valenciana,Segorbe,Castelló,municipality:castello::segorbe,"i-DE Redes Eléctricas Inteligentes, S.A.U.",needs_municipal_review,official_tool_review_required,no,i-DE — mapa oficial de distribuidoras,https://www.i-de.es/conexion-red-electrica/mapa-de-distribuidoras,official_public_source_or_review_tool,no,i-DE ofrece herramienta oficial de consulta por zona. No hay tabla municipal simple en este research; requiere validación municipal antes de producción.
comunitat_valenciana,Utiel,València,municipality:valencia::utiel,"i-DE Redes Eléctricas Inteligentes, S.A.U.",needs_municipal_review,official_tool_review_required,no,i-DE — mapa oficial de distribuidoras,https://www.i-de.es/conexion-red-electrica/mapa-de-distribuidoras,official_public_source_or_review_tool,no,i-DE ofrece herramienta oficial de consulta por zona. No hay tabla municipal simple en este research; requiere validación municipal antes de producción.
