dataset_id,municipio,province,zone_id,candidate_distributor,candidate_confidence,review_status,bulk_import_allowed,source_name,source_url,source_type,already_productive,notes
euskadi,Berantevilla,Araba,municipality:araba::berantevilla,"i-DE Redes Eléctricas Inteligentes, S.A.U.",needs_municipal_review,official_tool_review_required,no,i-DE — mapa oficial de distribuidoras,https://www.i-de.es/conexion-red-electrica/mapa-de-distribuidoras,official_public_source_or_review_tool,no,"Candidato razonable para revisión, pero no importación masiva sin comprobar municipios y posibles distribuidoras locales."
euskadi,Bilbao,Bizkaia,municipality:bizkaia::bilbao,"i-DE Redes Eléctricas Inteligentes, S.A.U.",needs_municipal_review,official_tool_review_required,no,i-DE — mapa oficial de distribuidoras,https://www.i-de.es/conexion-red-electrica/mapa-de-distribuidoras,official_public_source_or_review_tool,no,"Candidato razonable para revisión, pero no importación masiva sin comprobar municipios y posibles distribuidoras locales."
euskadi,Berrobi,Gipuzkoa,municipality:gipuzkoa::berrobi,"i-DE Redes Eléctricas Inteligentes, S.A.U.",needs_municipal_review,official_tool_review_required,no,i-DE — mapa oficial de distribuidoras,https://www.i-de.es/conexion-red-electrica/mapa-de-distribuidoras,official_public_source_or_review_tool,no,"Candidato razonable para revisión, pero no importación masiva sin comprobar municipios y posibles distribuidoras locales."
euskadi,Plentzia,Bizkaia,municipality:bizkaia::plentzia,"i-DE Redes Eléctricas Inteligentes, S.A.U.",needs_municipal_review,official_tool_review_required,no,i-DE — mapa oficial de distribuidoras,https://www.i-de.es/conexion-red-electrica/mapa-de-distribuidoras,official_public_source_or_review_tool,no,"Candidato razonable para revisión, pero no importación masiva sin comprobar municipios y posibles distribuidoras locales."
euskadi,Errenteria,Gipuzkoa,municipality:gipuzkoa::errenteria,"i-DE Redes Eléctricas Inteligentes, S.A.U.",needs_municipal_review,official_tool_review_required,no,i-DE — mapa oficial de distribuidoras,https://www.i-de.es/conexion-red-electrica/mapa-de-distribuidoras,official_public_source_or_review_tool,no,"Candidato razonable para revisión, pero no importación masiva sin comprobar municipios y posibles distribuidoras locales."
euskadi,Sondika,Bizkaia,municipality:bizkaia::sondika,"i-DE Redes Eléctricas Inteligentes, S.A.U.",needs_municipal_review,official_tool_review_required,no,i-DE — mapa oficial de distribuidoras,https://www.i-de.es/conexion-red-electrica/mapa-de-distribuidoras,official_public_source_or_review_tool,no,"Candidato razonable para revisión, pero no importación masiva sin comprobar municipios y posibles distribuidoras locales."
euskadi,Bergara,Gipuzkoa,municipality:gipuzkoa::bergara,"i-DE Redes Eléctricas Inteligentes, S.A.U.",needs_municipal_review,official_tool_review_required,no,i-DE — mapa oficial de distribuidoras,https://www.i-de.es/conexion-red-electrica/mapa-de-distribuidoras,official_public_source_or_review_tool,no,"Candidato razonable para revisión, pero no importación masiva sin comprobar municipios y posibles distribuidoras locales."
euskadi,Maruri-Jatabe,Bizkaia,municipality:bizkaia::maruri_jatabe,"i-DE Redes Eléctricas Inteligentes, S.A.U.",needs_municipal_review,official_tool_review_required,no,i-DE — mapa oficial de distribuidoras,https://www.i-de.es/conexion-red-electrica/mapa-de-distribuidoras,official_public_source_or_review_tool,no,"Candidato razonable para revisión, pero no importación masiva sin comprobar municipios y posibles distribuidoras locales."
euskadi,Berriatua,Bizkaia,municipality:bizkaia::berriatua,"i-DE Redes Eléctricas Inteligentes, S.A.U.",needs_municipal_review,official_tool_review_required,no,i-DE — mapa oficial de distribuidoras,https://www.i-de.es/conexion-red-electrica/mapa-de-distribuidoras,official_public_source_or_review_tool,no,"Candidato razonable para revisión, pero no importación masiva sin comprobar municipios y posibles distribuidoras locales."
euskadi,Alkiza,Gipuzkoa,municipality:gipuzkoa::alkiza,"i-DE Redes Eléctricas Inteligentes, S.A.U.",needs_municipal_review,official_tool_review_required,no,i-DE — mapa oficial de distribuidoras,https://www.i-de.es/conexion-red-electrica/mapa-de-distribuidoras,official_public_source_or_review_tool,no,"Candidato razonable para revisión, pero no importación masiva sin comprobar municipios y posibles distribuidoras locales."
euskadi,Alegia,Gipuzkoa,municipality:gipuzkoa::alegia,"i-DE Redes Eléctricas Inteligentes, S.A.U.",needs_municipal_review,official_tool_review_required,no,i-DE — mapa oficial de distribuidoras,https://www.i-de.es/conexion-red-electrica/mapa-de-distribuidoras,official_public_source_or_review_tool,no,"Candidato razonable para revisión, pero no importación masiva sin comprobar municipios y posibles distribuidoras locales."
euskadi,Mallabia,Bizkaia,municipality:bizkaia::mallabia,"i-DE Redes Eléctricas Inteligentes, S.A.U.",needs_municipal_review,official_tool_review_required,no,i-DE — mapa oficial de distribuidoras,https://www.i-de.es/conexion-red-electrica/mapa-de-distribuidoras,official_public_source_or_review_tool,no,"Candidato razonable para revisión, pero no importación masiva sin comprobar municipios y posibles distribuidoras locales."
euskadi,Ordizia,Gipuzkoa,municipality:gipuzkoa::ordizia,"i-DE Redes Eléctricas Inteligentes, S.A.U.",needs_municipal_review,official_tool_review_required,no,i-DE — mapa oficial de distribuidoras,https://www.i-de.es/conexion-red-electrica/mapa-de-distribuidoras,official_public_source_or_review_tool,no,"Candidato razonable para revisión, pero no importación masiva sin comprobar municipios y posibles distribuidoras locales."
euskadi,Mundaka,Bizkaia,municipality:bizkaia::mundaka,"i-DE Redes Eléctricas Inteligentes, S.A.U.",needs_municipal_review,official_tool_review_required,no,i-DE — mapa oficial de distribuidoras,https://www.i-de.es/conexion-red-electrica/mapa-de-distribuidoras,official_public_source_or_review_tool,no,"Candidato razonable para revisión, pero no importación masiva sin comprobar municipios y posibles distribuidoras locales."
euskadi,Artziniega,Araba,municipality:araba::artziniega,"i-DE Redes Eléctricas Inteligentes, S.A.U.",needs_municipal_review,official_tool_review_required,no,i-DE — mapa oficial de distribuidoras,https://www.i-de.es/conexion-red-electrica/mapa-de-distribuidoras,official_public_source_or_review_tool,no,"Candidato razonable para revisión, pero no importación masiva sin comprobar municipios y posibles distribuidoras locales."
euskadi,Valle de Trápaga-Trapagaran,Bizkaia,municipality:bizkaia::valle_de_trapaga_trapagaran,"i-DE Redes Eléctricas Inteligentes, S.A.U.",needs_municipal_review,official_tool_review_required,no,i-DE — mapa oficial de distribuidoras,https://www.i-de.es/conexion-red-electrica/mapa-de-distribuidoras,official_public_source_or_review_tool,no,"Candidato razonable para revisión, pero no importación masiva sin comprobar municipios y posibles distribuidoras locales."
euskadi,Galdames,Bizkaia,municipality:bizkaia::galdames,"i-DE Redes Eléctricas Inteligentes, S.A.U.",needs_municipal_review,official_tool_review_required,no,i-DE — mapa oficial de distribuidoras,https://www.i-de.es/conexion-red-electrica/mapa-de-distribuidoras,official_public_source_or_review_tool,no,"Candidato razonable para revisión, pero no importación masiva sin comprobar municipios y posibles distribuidoras locales."
euskadi,Lantarón,Araba,municipality:araba::lantaron,"i-DE Redes Eléctricas Inteligentes, S.A.U.",needs_municipal_review,official_tool_review_required,no,i-DE — mapa oficial de distribuidoras,https://www.i-de.es/conexion-red-electrica/mapa-de-distribuidoras,official_public_source_or_review_tool,no,"Candidato razonable para revisión, pero no importación masiva sin comprobar municipios y posibles distribuidoras locales."
euskadi,Beizama,Gipuzkoa,municipality:gipuzkoa::beizama,"i-DE Redes Eléctricas Inteligentes, S.A.U.",needs_municipal_review,official_tool_review_required,no,i-DE — mapa oficial de distribuidoras,https://www.i-de.es/conexion-red-electrica/mapa-de-distribuidoras,official_public_source_or_review_tool,no,"Candidato razonable para revisión, pero no importación masiva sin comprobar municipios y posibles distribuidoras locales."
euskadi,Zerain,Gipuzkoa,municipality:gipuzkoa::zerain,"i-DE Redes Eléctricas Inteligentes, S.A.U.",needs_municipal_review,official_tool_review_required,no,i-DE — mapa oficial de distribuidoras,https://www.i-de.es/conexion-red-electrica/mapa-de-distribuidoras,official_public_source_or_review_tool,no,"Candidato razonable para revisión, pero no importación masiva sin comprobar municipios y posibles distribuidoras locales."
euskadi,Lizartza,Gipuzkoa,municipality:gipuzkoa::lizartza,"i-DE Redes Eléctricas Inteligentes, S.A.U.",needs_municipal_review,official_tool_review_required,no,i-DE — mapa oficial de distribuidoras,https://www.i-de.es/conexion-red-electrica/mapa-de-distribuidoras,official_public_source_or_review_tool,no,"Candidato razonable para revisión, pero no importación masiva sin comprobar municipios y posibles distribuidoras locales."
euskadi,Astigarraga,Gipuzkoa,municipality:gipuzkoa::astigarraga,"i-DE Redes Eléctricas Inteligentes, S.A.U.",needs_municipal_review,official_tool_review_required,no,i-DE — mapa oficial de distribuidoras,https://www.i-de.es/conexion-red-electrica/mapa-de-distribuidoras,official_public_source_or_review_tool,no,"Candidato razonable para revisión, pero no importación masiva sin comprobar municipios y posibles distribuidoras locales."
euskadi,Baños de Ebro,Araba,municipality:araba::banos_de_ebro,"i-DE Redes Eléctricas Inteligentes, S.A.U.",needs_municipal_review,official_tool_review_required,no,i-DE — mapa oficial de distribuidoras,https://www.i-de.es/conexion-red-electrica/mapa-de-distribuidoras,official_public_source_or_review_tool,no,"Candidato razonable para revisión, pero no importación masiva sin comprobar municipios y posibles distribuidoras locales."
euskadi,Busturia,Bizkaia,municipality:bizkaia::busturia,"i-DE Redes Eléctricas Inteligentes, S.A.U.",needs_municipal_review,official_tool_review_required,no,i-DE — mapa oficial de distribuidoras,https://www.i-de.es/conexion-red-electrica/mapa-de-distribuidoras,official_public_source_or_review_tool,no,"Candidato razonable para revisión, pero no importación masiva sin comprobar municipios y posibles distribuidoras locales."
euskadi,Gautegiz Arteaga,Bizkaia,municipality:bizkaia::gautegiz_arteaga,"i-DE Redes Eléctricas Inteligentes, S.A.U.",needs_municipal_review,official_tool_review_required,no,i-DE — mapa oficial de distribuidoras,https://www.i-de.es/conexion-red-electrica/mapa-de-distribuidoras,official_public_source_or_review_tool,no,"Candidato razonable para revisión, pero no importación masiva sin comprobar municipios y posibles distribuidoras locales."
euskadi,Itsasondo,Gipuzkoa,municipality:gipuzkoa::itsasondo,"i-DE Redes Eléctricas Inteligentes, S.A.U.",needs_municipal_review,official_tool_review_required,no,i-DE — mapa oficial de distribuidoras,https://www.i-de.es/conexion-red-electrica/mapa-de-distribuidoras,official_public_source_or_review_tool,no,"Candidato razonable para revisión, pero no importación masiva sin comprobar municipios y posibles distribuidoras locales."
euskadi,Alegría-Dulantzi,Araba,municipality:araba::alegria_dulantzi,"i-DE Redes Eléctricas Inteligentes, S.A.U.",needs_municipal_review,official_tool_review_required,no,i-DE — mapa oficial de distribuidoras,https://www.i-de.es/conexion-red-electrica/mapa-de-distribuidoras,official_public_source_or_review_tool,no,"Candidato razonable para revisión, pero no importación masiva sin comprobar municipios y posibles distribuidoras locales."
euskadi,Hondarribia,Gipuzkoa,municipality:gipuzkoa::hondarribia,"i-DE Redes Eléctricas Inteligentes, S.A.U.",needs_municipal_review,official_tool_review_required,no,i-DE — mapa oficial de distribuidoras,https://www.i-de.es/conexion-red-electrica/mapa-de-distribuidoras,official_public_source_or_review_tool,no,"Candidato razonable para revisión, pero no importación masiva sin comprobar municipios y posibles distribuidoras locales."
euskadi,Nabarniz,Bizkaia,municipality:bizkaia::nabarniz,"i-DE Redes Eléctricas Inteligentes, S.A.U.",needs_municipal_review,official_tool_review_required,no,i-DE — mapa oficial de distribuidoras,https://www.i-de.es/conexion-red-electrica/mapa-de-distribuidoras,official_public_source_or_review_tool,no,"Candidato razonable para revisión, pero no importación masiva sin comprobar municipios y posibles distribuidoras locales."
euskadi,Ereño,Bizkaia,municipality:bizkaia::ereno,"i-DE Redes Eléctricas Inteligentes, S.A.U.",needs_municipal_review,official_tool_review_required,no,i-DE — mapa oficial de distribuidoras,https://www.i-de.es/conexion-red-electrica/mapa-de-distribuidoras,official_public_source_or_review_tool,no,"Candidato razonable para revisión, pero no importación masiva sin comprobar municipios y posibles distribuidoras locales."
euskadi,Vitoria-Gasteiz,Araba,municipality:araba::vitoria_gasteiz,"i-DE Redes Eléctricas Inteligentes, S.A.U.",needs_municipal_review,official_tool_review_required,no,i-DE — mapa oficial de distribuidoras,https://www.i-de.es/conexion-red-electrica/mapa-de-distribuidoras,official_public_source_or_review_tool,no,"Candidato razonable para revisión, pero no importación masiva sin comprobar municipios y posibles distribuidoras locales."
euskadi,Urnieta,Gipuzkoa,municipality:gipuzkoa::urnieta,"i-DE Redes Eléctricas Inteligentes, S.A.U.",needs_municipal_review,official_tool_review_required,no,i-DE — mapa oficial de distribuidoras,https://www.i-de.es/conexion-red-electrica/mapa-de-distribuidoras,official_public_source_or_review_tool,no,"Candidato razonable para revisión, pero no importación masiva sin comprobar municipios y posibles distribuidoras locales."
euskadi,Aduna,Gipuzkoa,municipality:gipuzkoa::aduna,"i-DE Redes Eléctricas Inteligentes, S.A.U.",needs_municipal_review,official_tool_review_required,no,i-DE — mapa oficial de distribuidoras,https://www.i-de.es/conexion-red-electrica/mapa-de-distribuidoras,official_public_source_or_review_tool,no,"Candidato razonable para revisión, pero no importación masiva sin comprobar municipios y posibles distribuidoras locales."
euskadi,Kuartango,Araba,municipality:araba::kuartango,"i-DE Redes Eléctricas Inteligentes, S.A.U.",needs_municipal_review,official_tool_review_required,no,i-DE — mapa oficial de distribuidoras,https://www.i-de.es/conexion-red-electrica/mapa-de-distribuidoras,official_public_source_or_review_tool,no,"Candidato razonable para revisión, pero no importación masiva sin comprobar municipios y posibles distribuidoras locales."
euskadi,Urkabustaiz,Araba,municipality:araba::urkabustaiz,"i-DE Redes Eléctricas Inteligentes, S.A.U.",needs_municipal_review,official_tool_review_required,no,i-DE — mapa oficial de distribuidoras,https://www.i-de.es/conexion-red-electrica/mapa-de-distribuidoras,official_public_source_or_review_tool,no,"Candidato razonable para revisión, pero no importación masiva sin comprobar municipios y posibles distribuidoras locales."
euskadi,Samaniego,Araba,municipality:araba::samaniego,"i-DE Redes Eléctricas Inteligentes, S.A.U.",needs_municipal_review,official_tool_review_required,no,i-DE — mapa oficial de distribuidoras,https://www.i-de.es/conexion-red-electrica/mapa-de-distribuidoras,official_public_source_or_review_tool,no,"Candidato razonable para revisión, pero no importación masiva sin comprobar municipios y posibles distribuidoras locales."
euskadi,Zaratamo,Bizkaia,municipality:bizkaia::zaratamo,"i-DE Redes Eléctricas Inteligentes, S.A.U.",needs_municipal_review,official_tool_review_required,no,i-DE — mapa oficial de distribuidoras,https://www.i-de.es/conexion-red-electrica/mapa-de-distribuidoras,official_public_source_or_review_tool,no,"Candidato razonable para revisión, pero no importación masiva sin comprobar municipios y posibles distribuidoras locales."
euskadi,Errigoiti,Bizkaia,municipality:bizkaia::errigoiti,"i-DE Redes Eléctricas Inteligentes, S.A.U.",needs_municipal_review,official_tool_review_required,no,i-DE — mapa oficial de distribuidoras,https://www.i-de.es/conexion-red-electrica/mapa-de-distribuidoras,official_public_source_or_review_tool,no,"Candidato razonable para revisión, pero no importación masiva sin comprobar municipios y posibles distribuidoras locales."
euskadi,Azkoitia,Gipuzkoa,municipality:gipuzkoa::azkoitia,"i-DE Redes Eléctricas Inteligentes, S.A.U.",needs_municipal_review,official_tool_review_required,no,i-DE — mapa oficial de distribuidoras,https://www.i-de.es/conexion-red-electrica/mapa-de-distribuidoras,official_public_source_or_review_tool,no,"Candidato razonable para revisión, pero no importación masiva sin comprobar municipios y posibles distribuidoras locales."
euskadi,Zigoitia,Araba,municipality:araba::zigoitia,"i-DE Redes Eléctricas Inteligentes, S.A.U.",needs_municipal_review,official_tool_review_required,no,i-DE — mapa oficial de distribuidoras,https://www.i-de.es/conexion-red-electrica/mapa-de-distribuidoras,official_public_source_or_review_tool,no,"Candidato razonable para revisión, pero no importación masiva sin comprobar municipios y posibles distribuidoras locales."
euskadi,Igorre,Bizkaia,municipality:bizkaia::igorre,"i-DE Redes Eléctricas Inteligentes, S.A.U.",needs_municipal_review,official_tool_review_required,no,i-DE — mapa oficial de distribuidoras,https://www.i-de.es/conexion-red-electrica/mapa-de-distribuidoras,official_public_source_or_review_tool,no,"Candidato razonable para revisión, pero no importación masiva sin comprobar municipios y posibles distribuidoras locales."
euskadi,Lezo,Gipuzkoa,municipality:gipuzkoa::lezo,"i-DE Redes Eléctricas Inteligentes, S.A.U.",needs_municipal_review,official_tool_review_required,no,i-DE — mapa oficial de distribuidoras,https://www.i-de.es/conexion-red-electrica/mapa-de-distribuidoras,official_public_source_or_review_tool,no,"Candidato razonable para revisión, pero no importación masiva sin comprobar municipios y posibles distribuidoras locales."
euskadi,Bermeo,Bizkaia,municipality:bizkaia::bermeo,"i-DE Redes Eléctricas Inteligentes, S.A.U.",needs_municipal_review,official_tool_review_required,no,i-DE — mapa oficial de distribuidoras,https://www.i-de.es/conexion-red-electrica/mapa-de-distribuidoras,official_public_source_or_review_tool,no,"Candidato razonable para revisión, pero no importación masiva sin comprobar municipios y posibles distribuidoras locales."
euskadi,Donostia,Gipuzkoa,municipality:gipuzkoa::donostia,"i-DE Redes Eléctricas Inteligentes, S.A.U.",needs_municipal_review,official_tool_review_required,no,i-DE — mapa oficial de distribuidoras,https://www.i-de.es/conexion-red-electrica/mapa-de-distribuidoras,official_public_source_or_review_tool,no,"Candidato razonable para revisión, pero no importación masiva sin comprobar municipios y posibles distribuidoras locales."
euskadi,Baliarrain,Gipuzkoa,municipality:gipuzkoa::baliarrain,"i-DE Redes Eléctricas Inteligentes, S.A.U.",needs_municipal_review,official_tool_review_required,no,i-DE — mapa oficial de distribuidoras,https://www.i-de.es/conexion-red-electrica/mapa-de-distribuidoras,official_public_source_or_review_tool,no,"Candidato razonable para revisión, pero no importación masiva sin comprobar municipios y posibles distribuidoras locales."
euskadi,Aizarnazabal,Gipuzkoa,municipality:gipuzkoa::aizarnazabal,"i-DE Redes Eléctricas Inteligentes, S.A.U.",needs_municipal_review,official_tool_review_required,no,i-DE — mapa oficial de distribuidoras,https://www.i-de.es/conexion-red-electrica/mapa-de-distribuidoras,official_public_source_or_review_tool,no,"Candidato razonable para revisión, pero no importación masiva sin comprobar municipios y posibles distribuidoras locales."
euskadi,Mancomunidad de Amezketa y Ordizia,Gipuzkoa,municipality:gipuzkoa::mancomunidad_de_amezketa_y_ordizia,"i-DE Redes Eléctricas Inteligentes, S.A.U.",needs_municipal_review,official_tool_review_required,no,i-DE — mapa oficial de distribuidoras,https://www.i-de.es/conexion-red-electrica/mapa-de-distribuidoras,official_public_source_or_review_tool,no,"Candidato razonable para revisión, pero no importación masiva sin comprobar municipios y posibles distribuidoras locales."
euskadi,Lanciego,Araba,municipality:araba::lanciego,"i-DE Redes Eléctricas Inteligentes, S.A.U.",needs_municipal_review,official_tool_review_required,no,i-DE — mapa oficial de distribuidoras,https://www.i-de.es/conexion-red-electrica/mapa-de-distribuidoras,official_public_source_or_review_tool,no,"Candidato razonable para revisión, pero no importación masiva sin comprobar municipios y posibles distribuidoras locales."
euskadi,Leioa,Bizkaia,municipality:bizkaia::leioa,"i-DE Redes Eléctricas Inteligentes, S.A.U.",needs_municipal_review,official_tool_review_required,no,i-DE — mapa oficial de distribuidoras,https://www.i-de.es/conexion-red-electrica/mapa-de-distribuidoras,official_public_source_or_review_tool,no,"Candidato razonable para revisión, pero no importación masiva sin comprobar municipios y posibles distribuidoras locales."
euskadi,Atxondo,Bizkaia,municipality:bizkaia::atxondo,"i-DE Redes Eléctricas Inteligentes, S.A.U.",needs_municipal_review,official_tool_review_required,no,i-DE — mapa oficial de distribuidoras,https://www.i-de.es/conexion-red-electrica/mapa-de-distribuidoras,official_public_source_or_review_tool,no,"Candidato razonable para revisión, pero no importación masiva sin comprobar municipios y posibles distribuidoras locales."
euskadi,Arrasate,Gipuzkoa,municipality:gipuzkoa::arrasate,"i-DE Redes Eléctricas Inteligentes, S.A.U.",needs_municipal_review,official_tool_review_required,no,i-DE — mapa oficial de distribuidoras,https://www.i-de.es/conexion-red-electrica/mapa-de-distribuidoras,official_public_source_or_review_tool,no,"Candidato razonable para revisión, pero no importación masiva sin comprobar municipios y posibles distribuidoras locales."
euskadi,Ibarrangelu,Bizkaia,municipality:bizkaia::ibarrangelu,"i-DE Redes Eléctricas Inteligentes, S.A.U.",needs_municipal_review,official_tool_review_required,no,i-DE — mapa oficial de distribuidoras,https://www.i-de.es/conexion-red-electrica/mapa-de-distribuidoras,official_public_source_or_review_tool,no,"Candidato razonable para revisión, pero no importación masiva sin comprobar municipios y posibles distribuidoras locales."
euskadi,Lekeitio,Bizkaia,municipality:bizkaia::lekeitio,"i-DE Redes Eléctricas Inteligentes, S.A.U.",needs_municipal_review,official_tool_review_required,no,i-DE — mapa oficial de distribuidoras,https://www.i-de.es/conexion-red-electrica/mapa-de-distribuidoras,official_public_source_or_review_tool,no,"Candidato razonable para revisión, pero no importación masiva sin comprobar municipios y posibles distribuidoras locales."
euskadi,Armiñón,Araba,municipality:araba::arminon,"i-DE Redes Eléctricas Inteligentes, S.A.U.",needs_municipal_review,official_tool_review_required,no,i-DE — mapa oficial de distribuidoras,https://www.i-de.es/conexion-red-electrica/mapa-de-distribuidoras,official_public_source_or_review_tool,no,"Candidato razonable para revisión, pero no importación masiva sin comprobar municipios y posibles distribuidoras locales."
euskadi,Idiazabal,Gipuzkoa,municipality:gipuzkoa::idiazabal,"i-DE Redes Eléctricas Inteligentes, S.A.U.",needs_municipal_review,official_tool_review_required,no,i-DE — mapa oficial de distribuidoras,https://www.i-de.es/conexion-red-electrica/mapa-de-distribuidoras,official_public_source_or_review_tool,no,"Candidato razonable para revisión, pero no importación masiva sin comprobar municipios y posibles distribuidoras locales."
euskadi,Zestoa,Gipuzkoa,municipality:gipuzkoa::zestoa,"i-DE Redes Eléctricas Inteligentes, S.A.U.",needs_municipal_review,official_tool_review_required,no,i-DE — mapa oficial de distribuidoras,https://www.i-de.es/conexion-red-electrica/mapa-de-distribuidoras,official_public_source_or_review_tool,no,"Candidato razonable para revisión, pero no importación masiva sin comprobar municipios y posibles distribuidoras locales."
euskadi,Leintz-Gatzaga,Gipuzkoa,municipality:gipuzkoa::leintz_gatzaga,"i-DE Redes Eléctricas Inteligentes, S.A.U.",needs_municipal_review,official_tool_review_required,no,i-DE — mapa oficial de distribuidoras,https://www.i-de.es/conexion-red-electrica/mapa-de-distribuidoras,official_public_source_or_review_tool,no,"Candidato razonable para revisión, pero no importación masiva sin comprobar municipios y posibles distribuidoras locales."
euskadi,Barrika,Bizkaia,municipality:bizkaia::barrika,"i-DE Redes Eléctricas Inteligentes, S.A.U.",needs_municipal_review,official_tool_review_required,no,i-DE — mapa oficial de distribuidoras,https://www.i-de.es/conexion-red-electrica/mapa-de-distribuidoras,official_public_source_or_review_tool,no,"Candidato razonable para revisión, pero no importación masiva sin comprobar municipios y posibles distribuidoras locales."
euskadi,Leaburu,Gipuzkoa,municipality:gipuzkoa::leaburu,"i-DE Redes Eléctricas Inteligentes, S.A.U.",needs_municipal_review,official_tool_review_required,no,i-DE — mapa oficial de distribuidoras,https://www.i-de.es/conexion-red-electrica/mapa-de-distribuidoras,official_public_source_or_review_tool,no,"Candidato razonable para revisión, pero no importación masiva sin comprobar municipios y posibles distribuidoras locales."
euskadi,Urretxu,Gipuzkoa,municipality:gipuzkoa::urretxu,"i-DE Redes Eléctricas Inteligentes, S.A.U.",needs_municipal_review,official_tool_review_required,no,i-DE — mapa oficial de distribuidoras,https://www.i-de.es/conexion-red-electrica/mapa-de-distribuidoras,official_public_source_or_review_tool,no,"Candidato razonable para revisión, pero no importación masiva sin comprobar municipios y posibles distribuidoras locales."
euskadi,Tolosa,Gipuzkoa,municipality:gipuzkoa::tolosa,"i-DE Redes Eléctricas Inteligentes, S.A.U.",needs_municipal_review,official_tool_review_required,no,i-DE — mapa oficial de distribuidoras,https://www.i-de.es/conexion-red-electrica/mapa-de-distribuidoras,official_public_source_or_review_tool,no,"Candidato razonable para revisión, pero no importación masiva sin comprobar municipios y posibles distribuidoras locales."
euskadi,Legorreta,Gipuzkoa,municipality:gipuzkoa::legorreta,"i-DE Redes Eléctricas Inteligentes, S.A.U.",needs_municipal_review,official_tool_review_required,no,i-DE — mapa oficial de distribuidoras,https://www.i-de.es/conexion-red-electrica/mapa-de-distribuidoras,official_public_source_or_review_tool,no,"Candidato razonable para revisión, pero no importación masiva sin comprobar municipios y posibles distribuidoras locales."
euskadi,Lemoiz,Bizkaia,municipality:bizkaia::lemoiz,"i-DE Redes Eléctricas Inteligentes, S.A.U.",needs_municipal_review,official_tool_review_required,no,i-DE — mapa oficial de distribuidoras,https://www.i-de.es/conexion-red-electrica/mapa-de-distribuidoras,official_public_source_or_review_tool,no,"Candidato razonable para revisión, pero no importación masiva sin comprobar municipios y posibles distribuidoras locales."
euskadi,Navaridas,Araba,municipality:araba::navaridas,"i-DE Redes Eléctricas Inteligentes, S.A.U.",needs_municipal_review,official_tool_review_required,no,i-DE — mapa oficial de distribuidoras,https://www.i-de.es/conexion-red-electrica/mapa-de-distribuidoras,official_public_source_or_review_tool,no,"Candidato razonable para revisión, pero no importación masiva sin comprobar municipios y posibles distribuidoras locales."
euskadi,Gatika,Bizkaia,municipality:bizkaia::gatika,"i-DE Redes Eléctricas Inteligentes, S.A.U.",needs_municipal_review,official_tool_review_required,no,i-DE — mapa oficial de distribuidoras,https://www.i-de.es/conexion-red-electrica/mapa-de-distribuidoras,official_public_source_or_review_tool,no,"Candidato razonable para revisión, pero no importación masiva sin comprobar municipios y posibles distribuidoras locales."
euskadi,Bernedo,Araba,municipality:araba::bernedo,"i-DE Redes Eléctricas Inteligentes, S.A.U.",needs_municipal_review,official_tool_review_required,no,i-DE — mapa oficial de distribuidoras,https://www.i-de.es/conexion-red-electrica/mapa-de-distribuidoras,official_public_source_or_review_tool,no,"Candidato razonable para revisión, pero no importación masiva sin comprobar municipios y posibles distribuidoras locales."
euskadi,Soraluze-Placencia de las Armas,Gipuzkoa,municipality:gipuzkoa::soraluze_placencia_de_las_armas,"i-DE Redes Eléctricas Inteligentes, S.A.U.",needs_municipal_review,official_tool_review_required,no,i-DE — mapa oficial de distribuidoras,https://www.i-de.es/conexion-red-electrica/mapa-de-distribuidoras,official_public_source_or_review_tool,no,"Candidato razonable para revisión, pero no importación masiva sin comprobar municipios y posibles distribuidoras locales."
euskadi,Amorebieta-Etxano,Bizkaia,municipality:bizkaia::amorebieta_etxano,"i-DE Redes Eléctricas Inteligentes, S.A.U.",needs_municipal_review,official_tool_review_required,no,i-DE — mapa oficial de distribuidoras,https://www.i-de.es/conexion-red-electrica/mapa-de-distribuidoras,official_public_source_or_review_tool,no,"Candidato razonable para revisión, pero no importación masiva sin comprobar municipios y posibles distribuidoras locales."
euskadi,San Millán,Araba,municipality:araba::san_millan,"i-DE Redes Eléctricas Inteligentes, S.A.U.",needs_municipal_review,official_tool_review_required,no,i-DE — mapa oficial de distribuidoras,https://www.i-de.es/conexion-red-electrica/mapa-de-distribuidoras,official_public_source_or_review_tool,no,"Candidato razonable para revisión, pero no importación masiva sin comprobar municipios y posibles distribuidoras locales."
euskadi,Legazpi,Gipuzkoa,municipality:gipuzkoa::legazpi,"i-DE Redes Eléctricas Inteligentes, S.A.U.",needs_municipal_review,official_tool_review_required,no,i-DE — mapa oficial de distribuidoras,https://www.i-de.es/conexion-red-electrica/mapa-de-distribuidoras,official_public_source_or_review_tool,no,"Candidato razonable para revisión, pero no importación masiva sin comprobar municipios y posibles distribuidoras locales."
euskadi,Ondarroa,Bizkaia,municipality:bizkaia::ondarroa,"i-DE Redes Eléctricas Inteligentes, S.A.U.",needs_municipal_review,official_tool_review_required,no,i-DE — mapa oficial de distribuidoras,https://www.i-de.es/conexion-red-electrica/mapa-de-distribuidoras,official_public_source_or_review_tool,no,"Candidato razonable para revisión, pero no importación masiva sin comprobar municipios y posibles distribuidoras locales."
euskadi,Arakaldo,Bizkaia,municipality:bizkaia::arakaldo,"i-DE Redes Eléctricas Inteligentes, S.A.U.",needs_municipal_review,official_tool_review_required,no,i-DE — mapa oficial de distribuidoras,https://www.i-de.es/conexion-red-electrica/mapa-de-distribuidoras,official_public_source_or_review_tool,no,"Candidato razonable para revisión, pero no importación masiva sin comprobar municipios y posibles distribuidoras locales."
euskadi,Izurtza,Bizkaia,municipality:bizkaia::izurtza,"i-DE Redes Eléctricas Inteligentes, S.A.U.",needs_municipal_review,official_tool_review_required,no,i-DE — mapa oficial de distribuidoras,https://www.i-de.es/conexion-red-electrica/mapa-de-distribuidoras,official_public_source_or_review_tool,no,"Candidato razonable para revisión, pero no importación masiva sin comprobar municipios y posibles distribuidoras locales."
euskadi,Villabona,Gipuzkoa,municipality:gipuzkoa::villabona,"i-DE Redes Eléctricas Inteligentes, S.A.U.",needs_municipal_review,official_tool_review_required,no,i-DE — mapa oficial de distribuidoras,https://www.i-de.es/conexion-red-electrica/mapa-de-distribuidoras,official_public_source_or_review_tool,no,"Candidato razonable para revisión, pero no importación masiva sin comprobar municipios y posibles distribuidoras locales."
euskadi,Ikaztegieta,Gipuzkoa,municipality:gipuzkoa::ikaztegieta,"i-DE Redes Eléctricas Inteligentes, S.A.U.",needs_municipal_review,official_tool_review_required,no,i-DE — mapa oficial de distribuidoras,https://www.i-de.es/conexion-red-electrica/mapa-de-distribuidoras,official_public_source_or_review_tool,no,"Candidato razonable para revisión, pero no importación masiva sin comprobar municipios y posibles distribuidoras locales."
euskadi,Gamiz-Fika,Bizkaia,municipality:bizkaia::gamiz_fika,"i-DE Redes Eléctricas Inteligentes, S.A.U.",needs_municipal_review,official_tool_review_required,no,i-DE — mapa oficial de distribuidoras,https://www.i-de.es/conexion-red-electrica/mapa-de-distribuidoras,official_public_source_or_review_tool,no,"Candidato razonable para revisión, pero no importación masiva sin comprobar municipios y posibles distribuidoras locales."
euskadi,Zambrana,Araba,municipality:araba::zambrana,"i-DE Redes Eléctricas Inteligentes, S.A.U.",needs_municipal_review,official_tool_review_required,no,i-DE — mapa oficial de distribuidoras,https://www.i-de.es/conexion-red-electrica/mapa-de-distribuidoras,official_public_source_or_review_tool,no,"Candidato razonable para revisión, pero no importación masiva sin comprobar municipios y posibles distribuidoras locales."
euskadi,Zalla,Bizkaia,municipality:bizkaia::zalla,"i-DE Redes Eléctricas Inteligentes, S.A.U.",needs_municipal_review,official_tool_review_required,no,i-DE — mapa oficial de distribuidoras,https://www.i-de.es/conexion-red-electrica/mapa-de-distribuidoras,official_public_source_or_review_tool,no,"Candidato razonable para revisión, pero no importación masiva sin comprobar municipios y posibles distribuidoras locales."
euskadi,Ubide,Bizkaia,municipality:bizkaia::ubide,"i-DE Redes Eléctricas Inteligentes, S.A.U.",needs_municipal_review,official_tool_review_required,no,i-DE — mapa oficial de distribuidoras,https://www.i-de.es/conexion-red-electrica/mapa-de-distribuidoras,official_public_source_or_review_tool,no,"Candidato razonable para revisión, pero no importación masiva sin comprobar municipios y posibles distribuidoras locales."
euskadi,Berastegi,Gipuzkoa,municipality:gipuzkoa::berastegi,"i-DE Redes Eléctricas Inteligentes, S.A.U.",needs_municipal_review,official_tool_review_required,no,i-DE — mapa oficial de distribuidoras,https://www.i-de.es/conexion-red-electrica/mapa-de-distribuidoras,official_public_source_or_review_tool,no,"Candidato razonable para revisión, pero no importación masiva sin comprobar municipios y posibles distribuidoras locales."
euskadi,Otxandio,Bizkaia,municipality:bizkaia::otxandio,"i-DE Redes Eléctricas Inteligentes, S.A.U.",needs_municipal_review,official_tool_review_required,no,i-DE — mapa oficial de distribuidoras,https://www.i-de.es/conexion-red-electrica/mapa-de-distribuidoras,official_public_source_or_review_tool,no,"Candidato razonable para revisión, pero no importación masiva sin comprobar municipios y posibles distribuidoras locales."
euskadi,Zegama,Gipuzkoa,municipality:gipuzkoa::zegama,"i-DE Redes Eléctricas Inteligentes, S.A.U.",needs_municipal_review,official_tool_review_required,no,i-DE — mapa oficial de distribuidoras,https://www.i-de.es/conexion-red-electrica/mapa-de-distribuidoras,official_public_source_or_review_tool,no,"Candidato razonable para revisión, pero no importación masiva sin comprobar municipios y posibles distribuidoras locales."
euskadi,Derio,Bizkaia,municipality:bizkaia::derio,"i-DE Redes Eléctricas Inteligentes, S.A.U.",needs_municipal_review,official_tool_review_required,no,i-DE — mapa oficial de distribuidoras,https://www.i-de.es/conexion-red-electrica/mapa-de-distribuidoras,official_public_source_or_review_tool,no,"Candidato razonable para revisión, pero no importación masiva sin comprobar municipios y posibles distribuidoras locales."
euskadi,Elantxobe,Bizkaia,municipality:bizkaia::elantxobe,"i-DE Redes Eléctricas Inteligentes, S.A.U.",needs_municipal_review,official_tool_review_required,no,i-DE — mapa oficial de distribuidoras,https://www.i-de.es/conexion-red-electrica/mapa-de-distribuidoras,official_public_source_or_review_tool,no,"Candidato razonable para revisión, pero no importación masiva sin comprobar municipios y posibles distribuidoras locales."
euskadi,Ermua,Bizkaia,municipality:bizkaia::ermua,"i-DE Redes Eléctricas Inteligentes, S.A.U.",needs_municipal_review,official_tool_review_required,no,i-DE — mapa oficial de distribuidoras,https://www.i-de.es/conexion-red-electrica/mapa-de-distribuidoras,official_public_source_or_review_tool,no,"Candidato razonable para revisión, pero no importación masiva sin comprobar municipios y posibles distribuidoras locales."
euskadi,Mañaria,Bizkaia,municipality:bizkaia::manaria,"i-DE Redes Eléctricas Inteligentes, S.A.U.",needs_municipal_review,official_tool_review_required,no,i-DE — mapa oficial de distribuidoras,https://www.i-de.es/conexion-red-electrica/mapa-de-distribuidoras,official_public_source_or_review_tool,no,"Candidato razonable para revisión, pero no importación masiva sin comprobar municipios y posibles distribuidoras locales."
euskadi,Areatza,Bizkaia,municipality:bizkaia::areatza,"i-DE Redes Eléctricas Inteligentes, S.A.U.",needs_municipal_review,official_tool_review_required,no,i-DE — mapa oficial de distribuidoras,https://www.i-de.es/conexion-red-electrica/mapa-de-distribuidoras,official_public_source_or_review_tool,no,"Candidato razonable para revisión, pero no importación masiva sin comprobar municipios y posibles distribuidoras locales."
euskadi,Arratzua-Ubarrundia,Araba,municipality:araba::arratzua_ubarrundia,"i-DE Redes Eléctricas Inteligentes, S.A.U.",needs_municipal_review,official_tool_review_required,no,i-DE — mapa oficial de distribuidoras,https://www.i-de.es/conexion-red-electrica/mapa-de-distribuidoras,official_public_source_or_review_tool,no,"Candidato razonable para revisión, pero no importación masiva sin comprobar municipios y posibles distribuidoras locales."
euskadi,Aramaio,Araba,municipality:araba::aramaio,"i-DE Redes Eléctricas Inteligentes, S.A.U.",needs_municipal_review,official_tool_review_required,no,i-DE — mapa oficial de distribuidoras,https://www.i-de.es/conexion-red-electrica/mapa-de-distribuidoras,official_public_source_or_review_tool,no,"Candidato razonable para revisión, pero no importación masiva sin comprobar municipios y posibles distribuidoras locales."
euskadi,Arratzu,Bizkaia,municipality:bizkaia::arratzu,"i-DE Redes Eléctricas Inteligentes, S.A.U.",needs_municipal_review,official_tool_review_required,no,i-DE — mapa oficial de distribuidoras,https://www.i-de.es/conexion-red-electrica/mapa-de-distribuidoras,official_public_source_or_review_tool,no,"Candidato razonable para revisión, pero no importación masiva sin comprobar municipios y posibles distribuidoras locales."
euskadi,Laguardia,Araba,municipality:araba::laguardia,"i-DE Redes Eléctricas Inteligentes, S.A.U.",needs_municipal_review,official_tool_review_required,no,i-DE — mapa oficial de distribuidoras,https://www.i-de.es/conexion-red-electrica/mapa-de-distribuidoras,official_public_source_or_review_tool,no,"Candidato razonable para revisión, pero no importación masiva sin comprobar municipios y posibles distribuidoras locales."
euskadi,Ea,Bizkaia,municipality:bizkaia::ea,"i-DE Redes Eléctricas Inteligentes, S.A.U.",needs_municipal_review,official_tool_review_required,no,i-DE — mapa oficial de distribuidoras,https://www.i-de.es/conexion-red-electrica/mapa-de-distribuidoras,official_public_source_or_review_tool,no,"Candidato razonable para revisión, pero no importación masiva sin comprobar municipios y posibles distribuidoras locales."
euskadi,Getaria,Gipuzkoa,municipality:gipuzkoa::getaria,"i-DE Redes Eléctricas Inteligentes, S.A.U.",needs_municipal_review,official_tool_review_required,no,i-DE — mapa oficial de distribuidoras,https://www.i-de.es/conexion-red-electrica/mapa-de-distribuidoras,official_public_source_or_review_tool,no,"Candidato razonable para revisión, pero no importación masiva sin comprobar municipios y posibles distribuidoras locales."
euskadi,Markina-Xemein,Bizkaia,municipality:bizkaia::markina_xemein,"i-DE Redes Eléctricas Inteligentes, S.A.U.",needs_municipal_review,official_tool_review_required,no,i-DE — mapa oficial de distribuidoras,https://www.i-de.es/conexion-red-electrica/mapa-de-distribuidoras,official_public_source_or_review_tool,no,"Candidato razonable para revisión, pero no importación masiva sin comprobar municipios y posibles distribuidoras locales."
euskadi,Zeanuri,Bizkaia,municipality:bizkaia::zeanuri,"i-DE Redes Eléctricas Inteligentes, S.A.U.",needs_municipal_review,official_tool_review_required,no,i-DE — mapa oficial de distribuidoras,https://www.i-de.es/conexion-red-electrica/mapa-de-distribuidoras,official_public_source_or_review_tool,no,"Candidato razonable para revisión, pero no importación masiva sin comprobar municipios y posibles distribuidoras locales."
euskadi,Gernika-Lumo,Bizkaia,municipality:bizkaia::gernika_lumo,"i-DE Redes Eléctricas Inteligentes, S.A.U.",needs_municipal_review,official_tool_review_required,no,i-DE — mapa oficial de distribuidoras,https://www.i-de.es/conexion-red-electrica/mapa-de-distribuidoras,official_public_source_or_review_tool,no,"Candidato razonable para revisión, pero no importación masiva sin comprobar municipios y posibles distribuidoras locales."
euskadi,Durango,Bizkaia,municipality:bizkaia::durango,"i-DE Redes Eléctricas Inteligentes, S.A.U.",needs_municipal_review,official_tool_review_required,no,i-DE — mapa oficial de distribuidoras,https://www.i-de.es/conexion-red-electrica/mapa-de-distribuidoras,official_public_source_or_review_tool,no,"Candidato razonable para revisión, pero no importación masiva sin comprobar municipios y posibles distribuidoras locales."
euskadi,Erandio,Bizkaia,municipality:bizkaia::erandio,"i-DE Redes Eléctricas Inteligentes, S.A.U.",needs_municipal_review,official_tool_review_required,no,i-DE — mapa oficial de distribuidoras,https://www.i-de.es/conexion-red-electrica/mapa-de-distribuidoras,official_public_source_or_review_tool,no,"Candidato razonable para revisión, pero no importación masiva sin comprobar municipios y posibles distribuidoras locales."
euskadi,Irun,Gipuzkoa,municipality:gipuzkoa::irun,"i-DE Redes Eléctricas Inteligentes, S.A.U.",needs_municipal_review,official_tool_review_required,no,i-DE — mapa oficial de distribuidoras,https://www.i-de.es/conexion-red-electrica/mapa-de-distribuidoras,official_public_source_or_review_tool,no,"Candidato razonable para revisión, pero no importación masiva sin comprobar municipios y posibles distribuidoras locales."
euskadi,Fruiz,Bizkaia,municipality:bizkaia::fruiz,"i-DE Redes Eléctricas Inteligentes, S.A.U.",needs_municipal_review,official_tool_review_required,no,i-DE — mapa oficial de distribuidoras,https://www.i-de.es/conexion-red-electrica/mapa-de-distribuidoras,official_public_source_or_review_tool,no,"Candidato razonable para revisión, pero no importación masiva sin comprobar municipios y posibles distribuidoras locales."
euskadi,Labastida,Araba,municipality:araba::labastida,"i-DE Redes Eléctricas Inteligentes, S.A.U.",needs_municipal_review,official_tool_review_required,no,i-DE — mapa oficial de distribuidoras,https://www.i-de.es/conexion-red-electrica/mapa-de-distribuidoras,official_public_source_or_review_tool,no,"Candidato razonable para revisión, pero no importación masiva sin comprobar municipios y posibles distribuidoras locales."
euskadi,Barrundia,Araba,municipality:araba::barrundia,"i-DE Redes Eléctricas Inteligentes, S.A.U.",needs_municipal_review,official_tool_review_required,no,i-DE — mapa oficial de distribuidoras,https://www.i-de.es/conexion-red-electrica/mapa-de-distribuidoras,official_public_source_or_review_tool,no,"Candidato razonable para revisión, pero no importación masiva sin comprobar municipios y posibles distribuidoras locales."
euskadi,Gorliz,Bizkaia,municipality:bizkaia::gorliz,"i-DE Redes Eléctricas Inteligentes, S.A.U.",needs_municipal_review,official_tool_review_required,no,i-DE — mapa oficial de distribuidoras,https://www.i-de.es/conexion-red-electrica/mapa-de-distribuidoras,official_public_source_or_review_tool,no,"Candidato razonable para revisión, pero no importación masiva sin comprobar municipios y posibles distribuidoras locales."
euskadi,Anoeta,Gipuzkoa,municipality:gipuzkoa::anoeta,"i-DE Redes Eléctricas Inteligentes, S.A.U.",needs_municipal_review,official_tool_review_required,no,i-DE — mapa oficial de distribuidoras,https://www.i-de.es/conexion-red-electrica/mapa-de-distribuidoras,official_public_source_or_review_tool,no,"Candidato razonable para revisión, pero no importación masiva sin comprobar municipios y posibles distribuidoras locales."
euskadi,Azpeitia,Gipuzkoa,municipality:gipuzkoa::azpeitia,"i-DE Redes Eléctricas Inteligentes, S.A.U.",needs_municipal_review,official_tool_review_required,no,i-DE — mapa oficial de distribuidoras,https://www.i-de.es/conexion-red-electrica/mapa-de-distribuidoras,official_public_source_or_review_tool,no,"Candidato razonable para revisión, pero no importación masiva sin comprobar municipios y posibles distribuidoras locales."
euskadi,Dima,Bizkaia,municipality:bizkaia::dima,"i-DE Redes Eléctricas Inteligentes, S.A.U.",needs_municipal_review,official_tool_review_required,no,i-DE — mapa oficial de distribuidoras,https://www.i-de.es/conexion-red-electrica/mapa-de-distribuidoras,official_public_source_or_review_tool,no,"Candidato razonable para revisión, pero no importación masiva sin comprobar municipios y posibles distribuidoras locales."
euskadi,Erriberabeitia,Araba,municipality:araba::erriberabeitia,"i-DE Redes Eléctricas Inteligentes, S.A.U.",needs_municipal_review,official_tool_review_required,no,i-DE — mapa oficial de distribuidoras,https://www.i-de.es/conexion-red-electrica/mapa-de-distribuidoras,official_public_source_or_review_tool,no,"Candidato razonable para revisión, pero no importación masiva sin comprobar municipios y posibles distribuidoras locales."
euskadi,Andoain,Gipuzkoa,municipality:gipuzkoa::andoain,"i-DE Redes Eléctricas Inteligentes, S.A.U.",needs_municipal_review,official_tool_review_required,no,i-DE — mapa oficial de distribuidoras,https://www.i-de.es/conexion-red-electrica/mapa-de-distribuidoras,official_public_source_or_review_tool,no,"Candidato razonable para revisión, pero no importación masiva sin comprobar municipios y posibles distribuidoras locales."
euskadi,Abaltzisketa,Gipuzkoa,municipality:gipuzkoa::abaltzisketa,"i-DE Redes Eléctricas Inteligentes, S.A.U.",needs_municipal_review,official_tool_review_required,no,i-DE — mapa oficial de distribuidoras,https://www.i-de.es/conexion-red-electrica/mapa-de-distribuidoras,official_public_source_or_review_tool,no,"Candidato razonable para revisión, pero no importación masiva sin comprobar municipios y posibles distribuidoras locales."
euskadi,Orozko,Bizkaia,municipality:bizkaia::orozko,"i-DE Redes Eléctricas Inteligentes, S.A.U.",needs_municipal_review,official_tool_review_required,no,i-DE — mapa oficial de distribuidoras,https://www.i-de.es/conexion-red-electrica/mapa-de-distribuidoras,official_public_source_or_review_tool,no,"Candidato razonable para revisión, pero no importación masiva sin comprobar municipios y posibles distribuidoras locales."
euskadi,Aulesti,Bizkaia,municipality:bizkaia::aulesti,"i-DE Redes Eléctricas Inteligentes, S.A.U.",needs_municipal_review,official_tool_review_required,no,i-DE — mapa oficial de distribuidoras,https://www.i-de.es/conexion-red-electrica/mapa-de-distribuidoras,official_public_source_or_review_tool,no,"Candidato razonable para revisión, pero no importación masiva sin comprobar municipios y posibles distribuidoras locales."
euskadi,Iruraiz-Gauna,Araba,municipality:araba::iruraiz_gauna,"i-DE Redes Eléctricas Inteligentes, S.A.U.",needs_municipal_review,official_tool_review_required,no,i-DE — mapa oficial de distribuidoras,https://www.i-de.es/conexion-red-electrica/mapa-de-distribuidoras,official_public_source_or_review_tool,no,"Candidato razonable para revisión, pero no importación masiva sin comprobar municipios y posibles distribuidoras locales."
euskadi,Iruña Oka,Araba,municipality:araba::iruna_oka,"i-DE Redes Eléctricas Inteligentes, S.A.U.",needs_municipal_review,official_tool_review_required,no,i-DE — mapa oficial de distribuidoras,https://www.i-de.es/conexion-red-electrica/mapa-de-distribuidoras,official_public_source_or_review_tool,no,"Candidato razonable para revisión, pero no importación masiva sin comprobar municipios y posibles distribuidoras locales."
euskadi,Mutiloa,Gipuzkoa,municipality:gipuzkoa::mutiloa,"i-DE Redes Eléctricas Inteligentes, S.A.U.",needs_municipal_review,official_tool_review_required,no,i-DE — mapa oficial de distribuidoras,https://www.i-de.es/conexion-red-electrica/mapa-de-distribuidoras,official_public_source_or_review_tool,no,"Candidato razonable para revisión, pero no importación masiva sin comprobar municipios y posibles distribuidoras locales."
euskadi,Larrabetzu,Bizkaia,municipality:bizkaia::larrabetzu,"i-DE Redes Eléctricas Inteligentes, S.A.U.",needs_municipal_review,official_tool_review_required,no,i-DE — mapa oficial de distribuidoras,https://www.i-de.es/conexion-red-electrica/mapa-de-distribuidoras,official_public_source_or_review_tool,no,"Candidato razonable para revisión, pero no importación masiva sin comprobar municipios y posibles distribuidoras locales."
euskadi,Bedia,Bizkaia,municipality:bizkaia::bedia,"i-DE Redes Eléctricas Inteligentes, S.A.U.",needs_municipal_review,official_tool_review_required,no,i-DE — mapa oficial de distribuidoras,https://www.i-de.es/conexion-red-electrica/mapa-de-distribuidoras,official_public_source_or_review_tool,no,"Candidato razonable para revisión, pero no importación masiva sin comprobar municipios y posibles distribuidoras locales."
euskadi,Larraul,Gipuzkoa,municipality:gipuzkoa::larraul,"i-DE Redes Eléctricas Inteligentes, S.A.U.",needs_municipal_review,official_tool_review_required,no,i-DE — mapa oficial de distribuidoras,https://www.i-de.es/conexion-red-electrica/mapa-de-distribuidoras,official_public_source_or_review_tool,no,"Candidato razonable para revisión, pero no importación masiva sin comprobar municipios y posibles distribuidoras locales."
euskadi,Mendaro,Gipuzkoa,municipality:gipuzkoa::mendaro,"i-DE Redes Eléctricas Inteligentes, S.A.U.",needs_municipal_review,official_tool_review_required,no,i-DE — mapa oficial de distribuidoras,https://www.i-de.es/conexion-red-electrica/mapa-de-distribuidoras,official_public_source_or_review_tool,no,"Candidato razonable para revisión, pero no importación masiva sin comprobar municipios y posibles distribuidoras locales."
euskadi,Parzoneria de Entzia,Araba,municipality:araba::parzoneria_de_entzia,"i-DE Redes Eléctricas Inteligentes, S.A.U.",needs_municipal_review,official_tool_review_required,no,i-DE — mapa oficial de distribuidoras,https://www.i-de.es/conexion-red-electrica/mapa-de-distribuidoras,official_public_source_or_review_tool,no,"Candidato razonable para revisión, pero no importación masiva sin comprobar municipios y posibles distribuidoras locales."
euskadi,Laudio,Araba,municipality:araba::laudio,"i-DE Redes Eléctricas Inteligentes, S.A.U.",needs_municipal_review,official_tool_review_required,no,i-DE — mapa oficial de distribuidoras,https://www.i-de.es/conexion-red-electrica/mapa-de-distribuidoras,official_public_source_or_review_tool,no,"Candidato razonable para revisión, pero no importación masiva sin comprobar municipios y posibles distribuidoras locales."
euskadi,Lagrán,Araba,municipality:araba::lagran,"i-DE Redes Eléctricas Inteligentes, S.A.U.",needs_municipal_review,official_tool_review_required,no,i-DE — mapa oficial de distribuidoras,https://www.i-de.es/conexion-red-electrica/mapa-de-distribuidoras,official_public_source_or_review_tool,no,"Candidato razonable para revisión, pero no importación masiva sin comprobar municipios y posibles distribuidoras locales."
euskadi,Lanestosa,Bizkaia,municipality:bizkaia::lanestosa,"i-DE Redes Eléctricas Inteligentes, S.A.U.",needs_municipal_review,official_tool_review_required,no,i-DE — mapa oficial de distribuidoras,https://www.i-de.es/conexion-red-electrica/mapa-de-distribuidoras,official_public_source_or_review_tool,no,"Candidato razonable para revisión, pero no importación masiva sin comprobar municipios y posibles distribuidoras locales."
euskadi,Oiartzun,Gipuzkoa,municipality:gipuzkoa::oiartzun,"i-DE Redes Eléctricas Inteligentes, S.A.U.",needs_municipal_review,official_tool_review_required,no,i-DE — mapa oficial de distribuidoras,https://www.i-de.es/conexion-red-electrica/mapa-de-distribuidoras,official_public_source_or_review_tool,no,"Candidato razonable para revisión, pero no importación masiva sin comprobar municipios y posibles distribuidoras locales."
euskadi,Sestao,Bizkaia,municipality:bizkaia::sestao,"i-DE Redes Eléctricas Inteligentes, S.A.U.",needs_municipal_review,official_tool_review_required,no,i-DE — mapa oficial de distribuidoras,https://www.i-de.es/conexion-red-electrica/mapa-de-distribuidoras,official_public_source_or_review_tool,no,"Candidato razonable para revisión, pero no importación masiva sin comprobar municipios y posibles distribuidoras locales."
euskadi,Beasain,Gipuzkoa,municipality:gipuzkoa::beasain,"i-DE Redes Eléctricas Inteligentes, S.A.U.",needs_municipal_review,official_tool_review_required,no,i-DE — mapa oficial de distribuidoras,https://www.i-de.es/conexion-red-electrica/mapa-de-distribuidoras,official_public_source_or_review_tool,no,"Candidato razonable para revisión, pero no importación masiva sin comprobar municipios y posibles distribuidoras locales."
euskadi,Barakaldo,Bizkaia,municipality:bizkaia::barakaldo,"i-DE Redes Eléctricas Inteligentes, S.A.U.",needs_municipal_review,official_tool_review_required,no,i-DE — mapa oficial de distribuidoras,https://www.i-de.es/conexion-red-electrica/mapa-de-distribuidoras,official_public_source_or_review_tool,no,"Candidato razonable para revisión, pero no importación masiva sin comprobar municipios y posibles distribuidoras locales."
euskadi,Elgoibar,Gipuzkoa,municipality:gipuzkoa::elgoibar,"i-DE Redes Eléctricas Inteligentes, S.A.U.",needs_municipal_review,official_tool_review_required,no,i-DE — mapa oficial de distribuidoras,https://www.i-de.es/conexion-red-electrica/mapa-de-distribuidoras,official_public_source_or_review_tool,no,"Candidato razonable para revisión, pero no importación masiva sin comprobar municipios y posibles distribuidoras locales."
euskadi,Deba,Gipuzkoa,municipality:gipuzkoa::deba,"i-DE Redes Eléctricas Inteligentes, S.A.U.",needs_municipal_review,official_tool_review_required,no,i-DE — mapa oficial de distribuidoras,https://www.i-de.es/conexion-red-electrica/mapa-de-distribuidoras,official_public_source_or_review_tool,no,"Candidato razonable para revisión, pero no importación masiva sin comprobar municipios y posibles distribuidoras locales."
euskadi,Artea,Bizkaia,municipality:bizkaia::artea,"i-DE Redes Eléctricas Inteligentes, S.A.U.",needs_municipal_review,official_tool_review_required,no,i-DE — mapa oficial de distribuidoras,https://www.i-de.es/conexion-red-electrica/mapa-de-distribuidoras,official_public_source_or_review_tool,no,"Candidato razonable para revisión, pero no importación masiva sin comprobar municipios y posibles distribuidoras locales."
euskadi,Zizurkil,Gipuzkoa,municipality:gipuzkoa::zizurkil,"i-DE Redes Eléctricas Inteligentes, S.A.U.",needs_municipal_review,official_tool_review_required,no,i-DE — mapa oficial de distribuidoras,https://www.i-de.es/conexion-red-electrica/mapa-de-distribuidoras,official_public_source_or_review_tool,no,"Candidato razonable para revisión, pero no importación masiva sin comprobar municipios y posibles distribuidoras locales."
euskadi,Mendata,Bizkaia,municipality:bizkaia::mendata,"i-DE Redes Eléctricas Inteligentes, S.A.U.",needs_municipal_review,official_tool_review_required,no,i-DE — mapa oficial de distribuidoras,https://www.i-de.es/conexion-red-electrica/mapa-de-distribuidoras,official_public_source_or_review_tool,no,"Candidato razonable para revisión, pero no importación masiva sin comprobar municipios y posibles distribuidoras locales."
euskadi,Galdakao,Bizkaia,municipality:bizkaia::galdakao,"i-DE Redes Eléctricas Inteligentes, S.A.U.",needs_municipal_review,official_tool_review_required,no,i-DE — mapa oficial de distribuidoras,https://www.i-de.es/conexion-red-electrica/mapa-de-distribuidoras,official_public_source_or_review_tool,no,"Candidato razonable para revisión, pero no importación masiva sin comprobar municipios y posibles distribuidoras locales."
euskadi,Eskoriatza,Gipuzkoa,municipality:gipuzkoa::eskoriatza,"i-DE Redes Eléctricas Inteligentes, S.A.U.",needs_municipal_review,official_tool_review_required,no,i-DE — mapa oficial de distribuidoras,https://www.i-de.es/conexion-red-electrica/mapa-de-distribuidoras,official_public_source_or_review_tool,no,"Candidato razonable para revisión, pero no importación masiva sin comprobar municipios y posibles distribuidoras locales."
euskadi,Villabuena de Álava,Araba,municipality:araba::villabuena_de_alava,"i-DE Redes Eléctricas Inteligentes, S.A.U.",needs_municipal_review,official_tool_review_required,no,i-DE — mapa oficial de distribuidoras,https://www.i-de.es/conexion-red-electrica/mapa-de-distribuidoras,official_public_source_or_review_tool,no,"Candidato razonable para revisión, pero no importación masiva sin comprobar municipios y posibles distribuidoras locales."
euskadi,Portugalete,Bizkaia,municipality:bizkaia::portugalete,"i-DE Redes Eléctricas Inteligentes, S.A.U.",needs_municipal_review,official_tool_review_required,no,i-DE — mapa oficial de distribuidoras,https://www.i-de.es/conexion-red-electrica/mapa-de-distribuidoras,official_public_source_or_review_tool,no,"Candidato razonable para revisión, pero no importación masiva sin comprobar municipios y posibles distribuidoras locales."
euskadi,Karrantza Harana,Bizkaia,municipality:bizkaia::karrantza_harana,"i-DE Redes Eléctricas Inteligentes, S.A.U.",needs_municipal_review,official_tool_review_required,no,i-DE — mapa oficial de distribuidoras,https://www.i-de.es/conexion-red-electrica/mapa-de-distribuidoras,official_public_source_or_review_tool,no,"Candidato razonable para revisión, pero no importación masiva sin comprobar municipios y posibles distribuidoras locales."
euskadi,Elciego,Araba,municipality:araba::elciego,"i-DE Redes Eléctricas Inteligentes, S.A.U.",needs_municipal_review,official_tool_review_required,no,i-DE — mapa oficial de distribuidoras,https://www.i-de.es/conexion-red-electrica/mapa-de-distribuidoras,official_public_source_or_review_tool,no,"Candidato razonable para revisión, pero no importación masiva sin comprobar municipios y posibles distribuidoras locales."
euskadi,Getxo,Bizkaia,municipality:bizkaia::getxo,"i-DE Redes Eléctricas Inteligentes, S.A.U.",needs_municipal_review,official_tool_review_required,no,i-DE — mapa oficial de distribuidoras,https://www.i-de.es/conexion-red-electrica/mapa-de-distribuidoras,official_public_source_or_review_tool,no,"Candidato razonable para revisión, pero no importación masiva sin comprobar municipios y posibles distribuidoras locales."
euskadi,Santurtzi,Bizkaia,municipality:bizkaia::santurtzi,"i-DE Redes Eléctricas Inteligentes, S.A.U.",needs_municipal_review,official_tool_review_required,no,i-DE — mapa oficial de distribuidoras,https://www.i-de.es/conexion-red-electrica/mapa-de-distribuidoras,official_public_source_or_review_tool,no,"Candidato razonable para revisión, pero no importación masiva sin comprobar municipios y posibles distribuidoras locales."
euskadi,Garai,Bizkaia,municipality:bizkaia::garai,"i-DE Redes Eléctricas Inteligentes, S.A.U.",needs_municipal_review,official_tool_review_required,no,i-DE — mapa oficial de distribuidoras,https://www.i-de.es/conexion-red-electrica/mapa-de-distribuidoras,official_public_source_or_review_tool,no,"Candidato razonable para revisión, pero no importación masiva sin comprobar municipios y posibles distribuidoras locales."
euskadi,Amurrio,Araba,municipality:araba::amurrio,"i-DE Redes Eléctricas Inteligentes, S.A.U.",needs_municipal_review,official_tool_review_required,no,i-DE — mapa oficial de distribuidoras,https://www.i-de.es/conexion-red-electrica/mapa-de-distribuidoras,official_public_source_or_review_tool,no,"Candidato razonable para revisión, pero no importación masiva sin comprobar municipios y posibles distribuidoras locales."
euskadi,Belauntza,Gipuzkoa,municipality:gipuzkoa::belauntza,"i-DE Redes Eléctricas Inteligentes, S.A.U.",needs_municipal_review,official_tool_review_required,no,i-DE — mapa oficial de distribuidoras,https://www.i-de.es/conexion-red-electrica/mapa-de-distribuidoras,official_public_source_or_review_tool,no,"Candidato razonable para revisión, pero no importación masiva sin comprobar municipios y posibles distribuidoras locales."
euskadi,Ajangiz,Bizkaia,municipality:bizkaia::ajangiz,"i-DE Redes Eléctricas Inteligentes, S.A.U.",needs_municipal_review,official_tool_review_required,no,i-DE — mapa oficial de distribuidoras,https://www.i-de.es/conexion-red-electrica/mapa-de-distribuidoras,official_public_source_or_review_tool,no,"Candidato razonable para revisión, pero no importación masiva sin comprobar municipios y posibles distribuidoras locales."
euskadi,Elburgo,Araba,municipality:araba::elburgo,"i-DE Redes Eléctricas Inteligentes, S.A.U.",needs_municipal_review,official_tool_review_required,no,i-DE — mapa oficial de distribuidoras,https://www.i-de.es/conexion-red-electrica/mapa-de-distribuidoras,official_public_source_or_review_tool,no,"Candidato razonable para revisión, pero no importación masiva sin comprobar municipios y posibles distribuidoras locales."
euskadi,Zuia,Araba,municipality:araba::zuia,"i-DE Redes Eléctricas Inteligentes, S.A.U.",needs_municipal_review,official_tool_review_required,no,i-DE — mapa oficial de distribuidoras,https://www.i-de.es/conexion-red-electrica/mapa-de-distribuidoras,official_public_source_or_review_tool,no,"Candidato razonable para revisión, pero no importación masiva sin comprobar municipios y posibles distribuidoras locales."
euskadi,Sopela,Bizkaia,municipality:bizkaia::sopela,"i-DE Redes Eléctricas Inteligentes, S.A.U.",needs_municipal_review,official_tool_review_required,no,i-DE — mapa oficial de distribuidoras,https://www.i-de.es/conexion-red-electrica/mapa-de-distribuidoras,official_public_source_or_review_tool,no,"Candidato razonable para revisión, pero no importación masiva sin comprobar municipios y posibles distribuidoras locales."
euskadi,Elduain,Gipuzkoa,municipality:gipuzkoa::elduain,"i-DE Redes Eléctricas Inteligentes, S.A.U.",needs_municipal_review,official_tool_review_required,no,i-DE — mapa oficial de distribuidoras,https://www.i-de.es/conexion-red-electrica/mapa-de-distribuidoras,official_public_source_or_review_tool,no,"Candidato razonable para revisión, pero no importación masiva sin comprobar municipios y posibles distribuidoras locales."
euskadi,Sopuerta,Bizkaia,municipality:bizkaia::sopuerta,"i-DE Redes Eléctricas Inteligentes, S.A.U.",needs_municipal_review,official_tool_review_required,no,i-DE — mapa oficial de distribuidoras,https://www.i-de.es/conexion-red-electrica/mapa-de-distribuidoras,official_public_source_or_review_tool,no,"Candidato razonable para revisión, pero no importación masiva sin comprobar municipios y posibles distribuidoras locales."
euskadi,Berango,Bizkaia,municipality:bizkaia::berango,"i-DE Redes Eléctricas Inteligentes, S.A.U.",needs_municipal_review,official_tool_review_required,no,i-DE — mapa oficial de distribuidoras,https://www.i-de.es/conexion-red-electrica/mapa-de-distribuidoras,official_public_source_or_review_tool,no,"Candidato razonable para revisión, pero no importación masiva sin comprobar municipios y posibles distribuidoras locales."
euskadi,Gordexola,Bizkaia,municipality:bizkaia::gordexola,"i-DE Redes Eléctricas Inteligentes, S.A.U.",needs_municipal_review,official_tool_review_required,no,i-DE — mapa oficial de distribuidoras,https://www.i-de.es/conexion-red-electrica/mapa-de-distribuidoras,official_public_source_or_review_tool,no,"Candidato razonable para revisión, pero no importación masiva sin comprobar municipios y posibles distribuidoras locales."
euskadi,Irura,Gipuzkoa,municipality:gipuzkoa::irura,"i-DE Redes Eléctricas Inteligentes, S.A.U.",needs_municipal_review,official_tool_review_required,no,i-DE — mapa oficial de distribuidoras,https://www.i-de.es/conexion-red-electrica/mapa-de-distribuidoras,official_public_source_or_review_tool,no,"Candidato razonable para revisión, pero no importación masiva sin comprobar municipios y posibles distribuidoras locales."
euskadi,Hernialde,Gipuzkoa,municipality:gipuzkoa::hernialde,"i-DE Redes Eléctricas Inteligentes, S.A.U.",needs_municipal_review,official_tool_review_required,no,i-DE — mapa oficial de distribuidoras,https://www.i-de.es/conexion-red-electrica/mapa-de-distribuidoras,official_public_source_or_review_tool,no,"Candidato razonable para revisión, pero no importación masiva sin comprobar municipios y posibles distribuidoras locales."
euskadi,Zaldibia,Gipuzkoa,municipality:gipuzkoa::zaldibia,"i-DE Redes Eléctricas Inteligentes, S.A.U.",needs_municipal_review,official_tool_review_required,no,i-DE — mapa oficial de distribuidoras,https://www.i-de.es/conexion-red-electrica/mapa-de-distribuidoras,official_public_source_or_review_tool,no,"Candidato razonable para revisión, pero no importación masiva sin comprobar municipios y posibles distribuidoras locales."
euskadi,Arrieta,Bizkaia,municipality:bizkaia::arrieta,"i-DE Redes Eléctricas Inteligentes, S.A.U.",needs_municipal_review,official_tool_review_required,no,i-DE — mapa oficial de distribuidoras,https://www.i-de.es/conexion-red-electrica/mapa-de-distribuidoras,official_public_source_or_review_tool,no,"Candidato razonable para revisión, pero no importación masiva sin comprobar municipios y posibles distribuidoras locales."
euskadi,Añana,Araba,municipality:araba::anana,"i-DE Redes Eléctricas Inteligentes, S.A.U.",needs_municipal_review,official_tool_review_required,no,i-DE — mapa oficial de distribuidoras,https://www.i-de.es/conexion-red-electrica/mapa-de-distribuidoras,official_public_source_or_review_tool,no,"Candidato razonable para revisión, pero no importación masiva sin comprobar municipios y posibles distribuidoras locales."
euskadi,Amezketa,Gipuzkoa,municipality:gipuzkoa::amezketa,"i-DE Redes Eléctricas Inteligentes, S.A.U.",needs_municipal_review,official_tool_review_required,no,i-DE — mapa oficial de distribuidoras,https://www.i-de.es/conexion-red-electrica/mapa-de-distribuidoras,official_public_source_or_review_tool,no,"Candidato razonable para revisión, pero no importación masiva sin comprobar municipios y posibles distribuidoras locales."
euskadi,Arraia-Maeztu,Araba,municipality:araba::arraia_maeztu,"i-DE Redes Eléctricas Inteligentes, S.A.U.",needs_municipal_review,official_tool_review_required,no,i-DE — mapa oficial de distribuidoras,https://www.i-de.es/conexion-red-electrica/mapa-de-distribuidoras,official_public_source_or_review_tool,no,"Candidato razonable para revisión, pero no importación masiva sin comprobar municipios y posibles distribuidoras locales."
euskadi,Eibar,Gipuzkoa,municipality:gipuzkoa::eibar,"i-DE Redes Eléctricas Inteligentes, S.A.U.",needs_municipal_review,official_tool_review_required,no,i-DE — mapa oficial de distribuidoras,https://www.i-de.es/conexion-red-electrica/mapa-de-distribuidoras,official_public_source_or_review_tool,no,"Candidato razonable para revisión, pero no importación masiva sin comprobar municipios y posibles distribuidoras locales."
euskadi,Balmaseda,Bizkaia,municipality:bizkaia::balmaseda,"i-DE Redes Eléctricas Inteligentes, S.A.U.",needs_municipal_review,official_tool_review_required,no,i-DE — mapa oficial de distribuidoras,https://www.i-de.es/conexion-red-electrica/mapa-de-distribuidoras,official_public_source_or_review_tool,no,"Candidato razonable para revisión, pero no importación masiva sin comprobar municipios y posibles distribuidoras locales."
euskadi,Iurreta,Bizkaia,municipality:bizkaia::iurreta,"i-DE Redes Eléctricas Inteligentes, S.A.U.",needs_municipal_review,official_tool_review_required,no,i-DE — mapa oficial de distribuidoras,https://www.i-de.es/conexion-red-electrica/mapa-de-distribuidoras,official_public_source_or_review_tool,no,"Candidato razonable para revisión, pero no importación masiva sin comprobar municipios y posibles distribuidoras locales."
euskadi,Meñaka,Bizkaia,municipality:bizkaia::menaka,"i-DE Redes Eléctricas Inteligentes, S.A.U.",needs_municipal_review,official_tool_review_required,no,i-DE — mapa oficial de distribuidoras,https://www.i-de.es/conexion-red-electrica/mapa-de-distribuidoras,official_public_source_or_review_tool,no,"Candidato razonable para revisión, pero no importación masiva sin comprobar municipios y posibles distribuidoras locales."
euskadi,Legutio,Araba,municipality:araba::legutio,"i-DE Redes Eléctricas Inteligentes, S.A.U.",needs_municipal_review,official_tool_review_required,no,i-DE — mapa oficial de distribuidoras,https://www.i-de.es/conexion-red-electrica/mapa-de-distribuidoras,official_public_source_or_review_tool,no,"Candidato razonable para revisión, pero no importación masiva sin comprobar municipios y posibles distribuidoras locales."
euskadi,Hernani,Gipuzkoa,municipality:gipuzkoa::hernani,"i-DE Redes Eléctricas Inteligentes, S.A.U.",needs_municipal_review,official_tool_review_required,no,i-DE — mapa oficial de distribuidoras,https://www.i-de.es/conexion-red-electrica/mapa-de-distribuidoras,official_public_source_or_review_tool,no,"Candidato razonable para revisión, pero no importación masiva sin comprobar municipios y posibles distribuidoras locales."
euskadi,Olaberria,Gipuzkoa,municipality:gipuzkoa::olaberria,"i-DE Redes Eléctricas Inteligentes, S.A.U.",needs_municipal_review,official_tool_review_required,no,i-DE — mapa oficial de distribuidoras,https://www.i-de.es/conexion-red-electrica/mapa-de-distribuidoras,official_public_source_or_review_tool,no,"Candidato razonable para revisión, pero no importación masiva sin comprobar municipios y posibles distribuidoras locales."
euskadi,Artzentales,Bizkaia,municipality:bizkaia::artzentales,"i-DE Redes Eléctricas Inteligentes, S.A.U.",needs_municipal_review,official_tool_review_required,no,i-DE — mapa oficial de distribuidoras,https://www.i-de.es/conexion-red-electrica/mapa-de-distribuidoras,official_public_source_or_review_tool,no,"Candidato razonable para revisión, pero no importación masiva sin comprobar municipios y posibles distribuidoras locales."
euskadi,Yécora,Araba,municipality:araba::yecora,"i-DE Redes Eléctricas Inteligentes, S.A.U.",needs_municipal_review,official_tool_review_required,no,i-DE — mapa oficial de distribuidoras,https://www.i-de.es/conexion-red-electrica/mapa-de-distribuidoras,official_public_source_or_review_tool,no,"Candidato razonable para revisión, pero no importación masiva sin comprobar municipios y posibles distribuidoras locales."
euskadi,Etxebarria,Bizkaia,municipality:bizkaia::etxebarria,"i-DE Redes Eléctricas Inteligentes, S.A.U.",needs_municipal_review,official_tool_review_required,no,i-DE — mapa oficial de distribuidoras,https://www.i-de.es/conexion-red-electrica/mapa-de-distribuidoras,official_public_source_or_review_tool,no,"Candidato razonable para revisión, pero no importación masiva sin comprobar municipios y posibles distribuidoras locales."
euskadi,Zalduondo,Araba,municipality:araba::zalduondo,"i-DE Redes Eléctricas Inteligentes, S.A.U.",needs_municipal_review,official_tool_review_required,no,i-DE — mapa oficial de distribuidoras,https://www.i-de.es/conexion-red-electrica/mapa-de-distribuidoras,official_public_source_or_review_tool,no,"Candidato razonable para revisión, pero no importación masiva sin comprobar municipios y posibles distribuidoras locales."
euskadi,Ezkio-Itsaso,Gipuzkoa,municipality:gipuzkoa::ezkio_itsaso,"i-DE Redes Eléctricas Inteligentes, S.A.U.",needs_municipal_review,official_tool_review_required,no,i-DE — mapa oficial de distribuidoras,https://www.i-de.es/conexion-red-electrica/mapa-de-distribuidoras,official_public_source_or_review_tool,no,"Candidato razonable para revisión, pero no importación masiva sin comprobar municipios y posibles distribuidoras locales."
euskadi,Zaldibar,Bizkaia,municipality:bizkaia::zaldibar,"i-DE Redes Eléctricas Inteligentes, S.A.U.",needs_municipal_review,official_tool_review_required,no,i-DE — mapa oficial de distribuidoras,https://www.i-de.es/conexion-red-electrica/mapa-de-distribuidoras,official_public_source_or_review_tool,no,"Candidato razonable para revisión, pero no importación masiva sin comprobar municipios y posibles distribuidoras locales."
euskadi,Muskiz,Bizkaia,municipality:bizkaia::muskiz,"i-DE Redes Eléctricas Inteligentes, S.A.U.",needs_municipal_review,official_tool_review_required,no,i-DE — mapa oficial de distribuidoras,https://www.i-de.es/conexion-red-electrica/mapa-de-distribuidoras,official_public_source_or_review_tool,no,"Candidato razonable para revisión, pero no importación masiva sin comprobar municipios y posibles distribuidoras locales."
euskadi,Asparrena,Araba,municipality:araba::asparrena,"i-DE Redes Eléctricas Inteligentes, S.A.U.",needs_municipal_review,official_tool_review_required,no,i-DE — mapa oficial de distribuidoras,https://www.i-de.es/conexion-red-electrica/mapa-de-distribuidoras,official_public_source_or_review_tool,no,"Candidato razonable para revisión, pero no importación masiva sin comprobar municipios y posibles distribuidoras locales."
euskadi,Segura,Gipuzkoa,municipality:gipuzkoa::segura,"i-DE Redes Eléctricas Inteligentes, S.A.U.",needs_municipal_review,official_tool_review_required,no,i-DE — mapa oficial de distribuidoras,https://www.i-de.es/conexion-red-electrica/mapa-de-distribuidoras,official_public_source_or_review_tool,no,"Candidato razonable para revisión, pero no importación masiva sin comprobar municipios y posibles distribuidoras locales."
euskadi,Amoroto,Bizkaia,municipality:bizkaia::amoroto,"i-DE Redes Eléctricas Inteligentes, S.A.U.",needs_municipal_review,official_tool_review_required,no,i-DE — mapa oficial de distribuidoras,https://www.i-de.es/conexion-red-electrica/mapa-de-distribuidoras,official_public_source_or_review_tool,no,"Candidato razonable para revisión, pero no importación masiva sin comprobar municipios y posibles distribuidoras locales."
euskadi,Errezil,Gipuzkoa,municipality:gipuzkoa::errezil,"i-DE Redes Eléctricas Inteligentes, S.A.U.",needs_municipal_review,official_tool_review_required,no,i-DE — mapa oficial de distribuidoras,https://www.i-de.es/conexion-red-electrica/mapa-de-distribuidoras,official_public_source_or_review_tool,no,"Candidato razonable para revisión, pero no importación masiva sin comprobar municipios y posibles distribuidoras locales."
euskadi,Murueta,Bizkaia,municipality:bizkaia::murueta,"i-DE Redes Eléctricas Inteligentes, S.A.U.",needs_municipal_review,official_tool_review_required,no,i-DE — mapa oficial de distribuidoras,https://www.i-de.es/conexion-red-electrica/mapa-de-distribuidoras,official_public_source_or_review_tool,no,"Candidato razonable para revisión, pero no importación masiva sin comprobar municipios y posibles distribuidoras locales."
euskadi,Basauri,Bizkaia,municipality:bizkaia::basauri,"i-DE Redes Eléctricas Inteligentes, S.A.U.",needs_municipal_review,official_tool_review_required,no,i-DE — mapa oficial de distribuidoras,https://www.i-de.es/conexion-red-electrica/mapa-de-distribuidoras,official_public_source_or_review_tool,no,"Candidato razonable para revisión, pero no importación masiva sin comprobar municipios y posibles distribuidoras locales."
euskadi,Mendexa,Bizkaia,municipality:bizkaia::mendexa,"i-DE Redes Eléctricas Inteligentes, S.A.U.",needs_municipal_review,official_tool_review_required,no,i-DE — mapa oficial de distribuidoras,https://www.i-de.es/conexion-red-electrica/mapa-de-distribuidoras,official_public_source_or_review_tool,no,"Candidato razonable para revisión, pero no importación masiva sin comprobar municipios y posibles distribuidoras locales."
euskadi,Etxebarri,Bizkaia,municipality:bizkaia::etxebarri,"i-DE Redes Eléctricas Inteligentes, S.A.U.",needs_municipal_review,official_tool_review_required,no,i-DE — mapa oficial de distribuidoras,https://www.i-de.es/conexion-red-electrica/mapa-de-distribuidoras,official_public_source_or_review_tool,no,"Candidato razonable para revisión, pero no importación masiva sin comprobar municipios y posibles distribuidoras locales."
euskadi,Aretxabaleta,Gipuzkoa,municipality:gipuzkoa::aretxabaleta,"i-DE Redes Eléctricas Inteligentes, S.A.U.",needs_municipal_review,official_tool_review_required,no,i-DE — mapa oficial de distribuidoras,https://www.i-de.es/conexion-red-electrica/mapa-de-distribuidoras,official_public_source_or_review_tool,no,"Candidato razonable para revisión, pero no importación masiva sin comprobar municipios y posibles distribuidoras locales."
euskadi,Altzo,Gipuzkoa,municipality:gipuzkoa::altzo,"i-DE Redes Eléctricas Inteligentes, S.A.U.",needs_municipal_review,official_tool_review_required,no,i-DE — mapa oficial de distribuidoras,https://www.i-de.es/conexion-red-electrica/mapa-de-distribuidoras,official_public_source_or_review_tool,no,"Candidato razonable para revisión, pero no importación masiva sin comprobar municipios y posibles distribuidoras locales."
euskadi,Okondo,Araba,municipality:araba::okondo,"i-DE Redes Eléctricas Inteligentes, S.A.U.",needs_municipal_review,official_tool_review_required,no,i-DE — mapa oficial de distribuidoras,https://www.i-de.es/conexion-red-electrica/mapa-de-distribuidoras,official_public_source_or_review_tool,no,"Candidato razonable para revisión, pero no importación masiva sin comprobar municipios y posibles distribuidoras locales."
euskadi,Zumarraga,Gipuzkoa,municipality:gipuzkoa::zumarraga,"i-DE Redes Eléctricas Inteligentes, S.A.U.",needs_municipal_review,official_tool_review_required,no,i-DE — mapa oficial de distribuidoras,https://www.i-de.es/conexion-red-electrica/mapa-de-distribuidoras,official_public_source_or_review_tool,no,"Candidato razonable para revisión, pero no importación masiva sin comprobar municipios y posibles distribuidoras locales."
euskadi,Gaztelu,Gipuzkoa,municipality:gipuzkoa::gaztelu,"i-DE Redes Eléctricas Inteligentes, S.A.U.",needs_municipal_review,official_tool_review_required,no,i-DE — mapa oficial de distribuidoras,https://www.i-de.es/conexion-red-electrica/mapa-de-distribuidoras,official_public_source_or_review_tool,no,"Candidato razonable para revisión, pero no importación masiva sin comprobar municipios y posibles distribuidoras locales."
euskadi,Laukiz,Bizkaia,municipality:bizkaia::laukiz,"i-DE Redes Eléctricas Inteligentes, S.A.U.",needs_municipal_review,official_tool_review_required,no,i-DE — mapa oficial de distribuidoras,https://www.i-de.es/conexion-red-electrica/mapa-de-distribuidoras,official_public_source_or_review_tool,no,"Candidato razonable para revisión, pero no importación masiva sin comprobar municipios y posibles distribuidoras locales."
euskadi,Erriberagoitia,Araba,municipality:araba::erriberagoitia,"i-DE Redes Eléctricas Inteligentes, S.A.U.",needs_municipal_review,official_tool_review_required,no,i-DE — mapa oficial de distribuidoras,https://www.i-de.es/conexion-red-electrica/mapa-de-distribuidoras,official_public_source_or_review_tool,no,"Candidato razonable para revisión, pero no importación masiva sin comprobar municipios y posibles distribuidoras locales."
euskadi,Altzaga,Gipuzkoa,municipality:gipuzkoa::altzaga,"i-DE Redes Eléctricas Inteligentes, S.A.U.",needs_municipal_review,official_tool_review_required,no,i-DE — mapa oficial de distribuidoras,https://www.i-de.es/conexion-red-electrica/mapa-de-distribuidoras,official_public_source_or_review_tool,no,"Candidato razonable para revisión, pero no importación masiva sin comprobar municipios y posibles distribuidoras locales."
euskadi,Zarautz,Gipuzkoa,municipality:gipuzkoa::zarautz,"i-DE Redes Eléctricas Inteligentes, S.A.U.",needs_municipal_review,official_tool_review_required,no,i-DE — mapa oficial de distribuidoras,https://www.i-de.es/conexion-red-electrica/mapa-de-distribuidoras,official_public_source_or_review_tool,no,"Candidato razonable para revisión, pero no importación masiva sin comprobar municipios y posibles distribuidoras locales."
euskadi,Ayala,Araba,municipality:araba::ayala,"i-DE Redes Eléctricas Inteligentes, S.A.U.",needs_municipal_review,official_tool_review_required,no,i-DE — mapa oficial de distribuidoras,https://www.i-de.es/conexion-red-electrica/mapa-de-distribuidoras,official_public_source_or_review_tool,no,"Candidato razonable para revisión, pero no importación masiva sin comprobar municipios y posibles distribuidoras locales."
euskadi,Lazkao,Gipuzkoa,municipality:gipuzkoa::lazkao,"i-DE Redes Eléctricas Inteligentes, S.A.U.",needs_municipal_review,official_tool_review_required,no,i-DE — mapa oficial de distribuidoras,https://www.i-de.es/conexion-red-electrica/mapa-de-distribuidoras,official_public_source_or_review_tool,no,"Candidato razonable para revisión, pero no importación masiva sin comprobar municipios y posibles distribuidoras locales."
euskadi,Valdegovía,Araba,municipality:araba::valdegovia,"i-DE Redes Eléctricas Inteligentes, S.A.U.",needs_municipal_review,official_tool_review_required,no,i-DE — mapa oficial de distribuidoras,https://www.i-de.es/conexion-red-electrica/mapa-de-distribuidoras,official_public_source_or_review_tool,no,"Candidato razonable para revisión, pero no importación masiva sin comprobar municipios y posibles distribuidoras locales."
euskadi,Ibarra,Gipuzkoa,municipality:gipuzkoa::ibarra,"i-DE Redes Eléctricas Inteligentes, S.A.U.",needs_municipal_review,official_tool_review_required,no,i-DE — mapa oficial de distribuidoras,https://www.i-de.es/conexion-red-electrica/mapa-de-distribuidoras,official_public_source_or_review_tool,no,"Candidato razonable para revisión, pero no importación masiva sin comprobar municipios y posibles distribuidoras locales."
euskadi,Asteasu,Gipuzkoa,municipality:gipuzkoa::asteasu,"i-DE Redes Eléctricas Inteligentes, S.A.U.",needs_municipal_review,official_tool_review_required,no,i-DE — mapa oficial de distribuidoras,https://www.i-de.es/conexion-red-electrica/mapa-de-distribuidoras,official_public_source_or_review_tool,no,"Candidato razonable para revisión, pero no importación masiva sin comprobar municipios y posibles distribuidoras locales."
euskadi,Abadiño,Bizkaia,municipality:bizkaia::abadino,"i-DE Redes Eléctricas Inteligentes, S.A.U.",needs_municipal_review,official_tool_review_required,no,i-DE — mapa oficial de distribuidoras,https://www.i-de.es/conexion-red-electrica/mapa-de-distribuidoras,official_public_source_or_review_tool,no,"Candidato razonable para revisión, pero no importación masiva sin comprobar municipios y posibles distribuidoras locales."
euskadi,Ortuella,Bizkaia,municipality:bizkaia::ortuella,"i-DE Redes Eléctricas Inteligentes, S.A.U.",needs_municipal_review,official_tool_review_required,no,i-DE — mapa oficial de distribuidoras,https://www.i-de.es/conexion-red-electrica/mapa-de-distribuidoras,official_public_source_or_review_tool,no,"Candidato razonable para revisión, pero no importación masiva sin comprobar municipios y posibles distribuidoras locales."
euskadi,Leza,Araba,municipality:araba::leza,"i-DE Redes Eléctricas Inteligentes, S.A.U.",needs_municipal_review,official_tool_review_required,no,i-DE — mapa oficial de distribuidoras,https://www.i-de.es/conexion-red-electrica/mapa-de-distribuidoras,official_public_source_or_review_tool,no,"Candidato razonable para revisión, pero no importación masiva sin comprobar municipios y posibles distribuidoras locales."
euskadi,Urduña,Bizkaia,municipality:bizkaia::urduna,"i-DE Redes Eléctricas Inteligentes, S.A.U.",needs_municipal_review,official_tool_review_required,no,i-DE — mapa oficial de distribuidoras,https://www.i-de.es/conexion-red-electrica/mapa-de-distribuidoras,official_public_source_or_review_tool,no,"Candidato razonable para revisión, pero no importación masiva sin comprobar municipios y posibles distribuidoras locales."
euskadi,Antzuola,Gipuzkoa,municipality:gipuzkoa::antzuola,"i-DE Redes Eléctricas Inteligentes, S.A.U.",needs_municipal_review,official_tool_review_required,no,i-DE — mapa oficial de distribuidoras,https://www.i-de.es/conexion-red-electrica/mapa-de-distribuidoras,official_public_source_or_review_tool,no,"Candidato razonable para revisión, pero no importación masiva sin comprobar municipios y posibles distribuidoras locales."
euskadi,Zumaia,Gipuzkoa,municipality:gipuzkoa::zumaia,"i-DE Redes Eléctricas Inteligentes, S.A.U.",needs_municipal_review,official_tool_review_required,no,i-DE — mapa oficial de distribuidoras,https://www.i-de.es/conexion-red-electrica/mapa-de-distribuidoras,official_public_source_or_review_tool,no,"Candidato razonable para revisión, pero no importación masiva sin comprobar municipios y posibles distribuidoras locales."
euskadi,Alonsotegi,Bizkaia,municipality:bizkaia::alonsotegi,"i-DE Redes Eléctricas Inteligentes, S.A.U.",needs_municipal_review,official_tool_review_required,no,i-DE — mapa oficial de distribuidoras,https://www.i-de.es/conexion-red-electrica/mapa-de-distribuidoras,official_public_source_or_review_tool,no,"Candidato razonable para revisión, pero no importación masiva sin comprobar municipios y posibles distribuidoras locales."
euskadi,Lezama,Bizkaia,municipality:bizkaia::lezama,"i-DE Redes Eléctricas Inteligentes, S.A.U.",needs_municipal_review,official_tool_review_required,no,i-DE — mapa oficial de distribuidoras,https://www.i-de.es/conexion-red-electrica/mapa-de-distribuidoras,official_public_source_or_review_tool,no,"Candidato razonable para revisión, pero no importación masiva sin comprobar municipios y posibles distribuidoras locales."
euskadi,Oyón-Oion,Araba,municipality:araba::oyon_oion,"i-DE Redes Eléctricas Inteligentes, S.A.U.",needs_municipal_review,official_tool_review_required,no,i-DE — mapa oficial de distribuidoras,https://www.i-de.es/conexion-red-electrica/mapa-de-distribuidoras,official_public_source_or_review_tool,no,"Candidato razonable para revisión, pero no importación masiva sin comprobar municipios y posibles distribuidoras locales."
euskadi,Peñacerrada-Urizaharra,Araba,municipality:araba::penacerrada_urizaharra,"i-DE Redes Eléctricas Inteligentes, S.A.U.",needs_municipal_review,official_tool_review_required,no,i-DE — mapa oficial de distribuidoras,https://www.i-de.es/conexion-red-electrica/mapa-de-distribuidoras,official_public_source_or_review_tool,no,"Candidato razonable para revisión, pero no importación masiva sin comprobar municipios y posibles distribuidoras locales."
euskadi,Albiztur,Gipuzkoa,municipality:gipuzkoa::albiztur,"i-DE Redes Eléctricas Inteligentes, S.A.U.",needs_municipal_review,official_tool_review_required,no,i-DE — mapa oficial de distribuidoras,https://www.i-de.es/conexion-red-electrica/mapa-de-distribuidoras,official_public_source_or_review_tool,no,"Candidato razonable para revisión, pero no importación masiva sin comprobar municipios y posibles distribuidoras locales."
euskadi,Gizaburuaga,Bizkaia,municipality:bizkaia::gizaburuaga,"i-DE Redes Eléctricas Inteligentes, S.A.U.",needs_municipal_review,official_tool_review_required,no,i-DE — mapa oficial de distribuidoras,https://www.i-de.es/conexion-red-electrica/mapa-de-distribuidoras,official_public_source_or_review_tool,no,"Candidato razonable para revisión, pero no importación masiva sin comprobar municipios y posibles distribuidoras locales."
euskadi,Sukarrieta,Bizkaia,municipality:bizkaia::sukarrieta,"i-DE Redes Eléctricas Inteligentes, S.A.U.",needs_municipal_review,official_tool_review_required,no,i-DE — mapa oficial de distribuidoras,https://www.i-de.es/conexion-red-electrica/mapa-de-distribuidoras,official_public_source_or_review_tool,no,"Candidato razonable para revisión, pero no importación masiva sin comprobar municipios y posibles distribuidoras locales."
euskadi,Loiu,Bizkaia,municipality:bizkaia::loiu,"i-DE Redes Eléctricas Inteligentes, S.A.U.",needs_municipal_review,official_tool_review_required,no,i-DE — mapa oficial de distribuidoras,https://www.i-de.es/conexion-red-electrica/mapa-de-distribuidoras,official_public_source_or_review_tool,no,"Candidato razonable para revisión, pero no importación masiva sin comprobar municipios y posibles distribuidoras locales."
euskadi,Kortezubi,Bizkaia,municipality:bizkaia::kortezubi,"i-DE Redes Eléctricas Inteligentes, S.A.U.",needs_municipal_review,official_tool_review_required,no,i-DE — mapa oficial de distribuidoras,https://www.i-de.es/conexion-red-electrica/mapa-de-distribuidoras,official_public_source_or_review_tool,no,"Candidato razonable para revisión, pero no importación masiva sin comprobar municipios y posibles distribuidoras locales."
euskadi,Moreda de Álava,Araba,municipality:araba::moreda_de_alava,"i-DE Redes Eléctricas Inteligentes, S.A.U.",needs_municipal_review,official_tool_review_required,no,i-DE — mapa oficial de distribuidoras,https://www.i-de.es/conexion-red-electrica/mapa-de-distribuidoras,official_public_source_or_review_tool,no,"Candidato razonable para revisión, pero no importación masiva sin comprobar municipios y posibles distribuidoras locales."
euskadi,Bakio,Bizkaia,municipality:bizkaia::bakio,"i-DE Redes Eléctricas Inteligentes, S.A.U.",needs_municipal_review,official_tool_review_required,no,i-DE — mapa oficial de distribuidoras,https://www.i-de.es/conexion-red-electrica/mapa-de-distribuidoras,official_public_source_or_review_tool,no,"Candidato razonable para revisión, pero no importación masiva sin comprobar municipios y posibles distribuidoras locales."
euskadi,Arrankudiaga-Zollo,Bizkaia,municipality:bizkaia::arrankudiaga_zollo,"i-DE Redes Eléctricas Inteligentes, S.A.U.",needs_municipal_review,official_tool_review_required,no,i-DE — mapa oficial de distribuidoras,https://www.i-de.es/conexion-red-electrica/mapa-de-distribuidoras,official_public_source_or_review_tool,no,"Candidato razonable para revisión, pero no importación masiva sin comprobar municipios y posibles distribuidoras locales."
euskadi,Morga,Bizkaia,municipality:bizkaia::morga,"i-DE Redes Eléctricas Inteligentes, S.A.U.",needs_municipal_review,official_tool_review_required,no,i-DE — mapa oficial de distribuidoras,https://www.i-de.es/conexion-red-electrica/mapa-de-distribuidoras,official_public_source_or_review_tool,no,"Candidato razonable para revisión, pero no importación masiva sin comprobar municipios y posibles distribuidoras locales."
euskadi,Elorrio,Bizkaia,municipality:bizkaia::elorrio,"i-DE Redes Eléctricas Inteligentes, S.A.U.",needs_municipal_review,official_tool_review_required,no,i-DE — mapa oficial de distribuidoras,https://www.i-de.es/conexion-red-electrica/mapa-de-distribuidoras,official_public_source_or_review_tool,no,"Candidato razonable para revisión, pero no importación masiva sin comprobar municipios y posibles distribuidoras locales."
euskadi,Lasarte-Oria,Gipuzkoa,municipality:gipuzkoa::lasarte_oria,"i-DE Redes Eléctricas Inteligentes, S.A.U.",needs_municipal_review,official_tool_review_required,no,i-DE — mapa oficial de distribuidoras,https://www.i-de.es/conexion-red-electrica/mapa-de-distribuidoras,official_public_source_or_review_tool,no,"Candidato razonable para revisión, pero no importación masiva sin comprobar municipios y posibles distribuidoras locales."
euskadi,Parzonería general de Guipúzcoa y Álava,Gipuzkoa,municipality:gipuzkoa::parzoneria_general_de_guipuzcoa_y_alava,"i-DE Redes Eléctricas Inteligentes, S.A.U.",needs_municipal_review,official_tool_review_required,no,i-DE — mapa oficial de distribuidoras,https://www.i-de.es/conexion-red-electrica/mapa-de-distribuidoras,official_public_source_or_review_tool,no,"Candidato razonable para revisión, pero no importación masiva sin comprobar municipios y posibles distribuidoras locales."
euskadi,Oñati,Gipuzkoa,municipality:gipuzkoa::onati,"i-DE Redes Eléctricas Inteligentes, S.A.U.",needs_municipal_review,official_tool_review_required,no,i-DE — mapa oficial de distribuidoras,https://www.i-de.es/conexion-red-electrica/mapa-de-distribuidoras,official_public_source_or_review_tool,no,"Candidato razonable para revisión, pero no importación masiva sin comprobar municipios y posibles distribuidoras locales."
euskadi,Arrigorriaga,Bizkaia,municipality:bizkaia::arrigorriaga,"i-DE Redes Eléctricas Inteligentes, S.A.U.",needs_municipal_review,official_tool_review_required,no,i-DE — mapa oficial de distribuidoras,https://www.i-de.es/conexion-red-electrica/mapa-de-distribuidoras,official_public_source_or_review_tool,no,"Candidato razonable para revisión, pero no importación masiva sin comprobar municipios y posibles distribuidoras locales."
euskadi,Ormaiztegi,Gipuzkoa,municipality:gipuzkoa::ormaiztegi,"i-DE Redes Eléctricas Inteligentes, S.A.U.",needs_municipal_review,official_tool_review_required,no,i-DE — mapa oficial de distribuidoras,https://www.i-de.es/conexion-red-electrica/mapa-de-distribuidoras,official_public_source_or_review_tool,no,"Candidato razonable para revisión, pero no importación masiva sin comprobar municipios y posibles distribuidoras locales."
euskadi,Agurain,Araba,municipality:araba::agurain,"i-DE Redes Eléctricas Inteligentes, S.A.U.",needs_municipal_review,official_tool_review_required,no,i-DE — mapa oficial de distribuidoras,https://www.i-de.es/conexion-red-electrica/mapa-de-distribuidoras,official_public_source_or_review_tool,no,"Candidato razonable para revisión, pero no importación masiva sin comprobar municipios y posibles distribuidoras locales."
euskadi,Pasaia,Gipuzkoa,municipality:gipuzkoa::pasaia,"i-DE Redes Eléctricas Inteligentes, S.A.U.",needs_municipal_review,official_tool_review_required,no,i-DE — mapa oficial de distribuidoras,https://www.i-de.es/conexion-red-electrica/mapa-de-distribuidoras,official_public_source_or_review_tool,no,"Candidato razonable para revisión, pero no importación masiva sin comprobar municipios y posibles distribuidoras locales."
euskadi,Ataun,Gipuzkoa,municipality:gipuzkoa::ataun,"i-DE Redes Eléctricas Inteligentes, S.A.U.",needs_municipal_review,official_tool_review_required,no,i-DE — mapa oficial de distribuidoras,https://www.i-de.es/conexion-red-electrica/mapa-de-distribuidoras,official_public_source_or_review_tool,no,"Candidato razonable para revisión, pero no importación masiva sin comprobar municipios y posibles distribuidoras locales."
euskadi,Elgeta,Gipuzkoa,municipality:gipuzkoa::elgeta,"i-DE Redes Eléctricas Inteligentes, S.A.U.",needs_municipal_review,official_tool_review_required,no,i-DE — mapa oficial de distribuidoras,https://www.i-de.es/conexion-red-electrica/mapa-de-distribuidoras,official_public_source_or_review_tool,no,"Candidato razonable para revisión, pero no importación masiva sin comprobar municipios y posibles distribuidoras locales."
euskadi,Ispaster,Bizkaia,municipality:bizkaia::ispaster,"i-DE Redes Eléctricas Inteligentes, S.A.U.",needs_municipal_review,official_tool_review_required,no,i-DE — mapa oficial de distribuidoras,https://www.i-de.es/conexion-red-electrica/mapa-de-distribuidoras,official_public_source_or_review_tool,no,"Candidato razonable para revisión, pero no importación masiva sin comprobar municipios y posibles distribuidoras locales."
euskadi,Forua,Bizkaia,municipality:bizkaia::forua,"i-DE Redes Eléctricas Inteligentes, S.A.U.",needs_municipal_review,official_tool_review_required,no,i-DE — mapa oficial de distribuidoras,https://www.i-de.es/conexion-red-electrica/mapa-de-distribuidoras,official_public_source_or_review_tool,no,"Candidato razonable para revisión, pero no importación masiva sin comprobar municipios y posibles distribuidoras locales."
euskadi,Arantzazu,Bizkaia,municipality:bizkaia::arantzazu,"i-DE Redes Eléctricas Inteligentes, S.A.U.",needs_municipal_review,official_tool_review_required,no,i-DE — mapa oficial de distribuidoras,https://www.i-de.es/conexion-red-electrica/mapa-de-distribuidoras,official_public_source_or_review_tool,no,"Candidato razonable para revisión, pero no importación masiva sin comprobar municipios y posibles distribuidoras locales."
euskadi,Aia,Gipuzkoa,municipality:gipuzkoa::aia,"i-DE Redes Eléctricas Inteligentes, S.A.U.",needs_municipal_review,official_tool_review_required,no,i-DE — mapa oficial de distribuidoras,https://www.i-de.es/conexion-red-electrica/mapa-de-distribuidoras,official_public_source_or_review_tool,no,"Candidato razonable para revisión, pero no importación masiva sin comprobar municipios y posibles distribuidoras locales."
euskadi,Ziortza-Bolibar,Bizkaia,municipality:bizkaia::ziortza_bolibar,"i-DE Redes Eléctricas Inteligentes, S.A.U.",needs_municipal_review,official_tool_review_required,no,i-DE — mapa oficial de distribuidoras,https://www.i-de.es/conexion-red-electrica/mapa-de-distribuidoras,official_public_source_or_review_tool,no,"Candidato razonable para revisión, pero no importación masiva sin comprobar municipios y posibles distribuidoras locales."
euskadi,Gaintza,Gipuzkoa,municipality:gipuzkoa::gaintza,"i-DE Redes Eléctricas Inteligentes, S.A.U.",needs_municipal_review,official_tool_review_required,no,i-DE — mapa oficial de distribuidoras,https://www.i-de.es/conexion-red-electrica/mapa-de-distribuidoras,official_public_source_or_review_tool,no,"Candidato razonable para revisión, pero no importación masiva sin comprobar municipios y posibles distribuidoras locales."
euskadi,Gabiria,Gipuzkoa,municipality:gipuzkoa::gabiria,"i-DE Redes Eléctricas Inteligentes, S.A.U.",needs_municipal_review,official_tool_review_required,no,i-DE — mapa oficial de distribuidoras,https://www.i-de.es/conexion-red-electrica/mapa-de-distribuidoras,official_public_source_or_review_tool,no,"Candidato razonable para revisión, pero no importación masiva sin comprobar municipios y posibles distribuidoras locales."
euskadi,Campezo,Araba,municipality:araba::campezo,"i-DE Redes Eléctricas Inteligentes, S.A.U.",needs_municipal_review,official_tool_review_required,no,i-DE — mapa oficial de distribuidoras,https://www.i-de.es/conexion-red-electrica/mapa-de-distribuidoras,official_public_source_or_review_tool,no,"Candidato razonable para revisión, pero no importación masiva sin comprobar municipios y posibles distribuidoras locales."
euskadi,Mutriku,Gipuzkoa,municipality:gipuzkoa::mutriku,"i-DE Redes Eléctricas Inteligentes, S.A.U.",needs_municipal_review,official_tool_review_required,no,i-DE — mapa oficial de distribuidoras,https://www.i-de.es/conexion-red-electrica/mapa-de-distribuidoras,official_public_source_or_review_tool,no,"Candidato razonable para revisión, pero no importación masiva sin comprobar municipios y posibles distribuidoras locales."
euskadi,Güeñes,Bizkaia,municipality:bizkaia::guenes,"i-DE Redes Eléctricas Inteligentes, S.A.U.",needs_municipal_review,official_tool_review_required,no,i-DE — mapa oficial de distribuidoras,https://www.i-de.es/conexion-red-electrica/mapa-de-distribuidoras,official_public_source_or_review_tool,no,"Candidato razonable para revisión, pero no importación masiva sin comprobar municipios y posibles distribuidoras locales."
euskadi,Orio,Gipuzkoa,municipality:gipuzkoa::orio,"i-DE Redes Eléctricas Inteligentes, S.A.U.",needs_municipal_review,official_tool_review_required,no,i-DE — mapa oficial de distribuidoras,https://www.i-de.es/conexion-red-electrica/mapa-de-distribuidoras,official_public_source_or_review_tool,no,"Candidato razonable para revisión, pero no importación masiva sin comprobar municipios y posibles distribuidoras locales."
euskadi,Zamudio,Bizkaia,municipality:bizkaia::zamudio,"i-DE Redes Eléctricas Inteligentes, S.A.U.",needs_municipal_review,official_tool_review_required,no,i-DE — mapa oficial de distribuidoras,https://www.i-de.es/conexion-red-electrica/mapa-de-distribuidoras,official_public_source_or_review_tool,no,"Candidato razonable para revisión, pero no importación masiva sin comprobar municipios y posibles distribuidoras locales."
euskadi,Harana,Araba,municipality:araba::harana,"i-DE Redes Eléctricas Inteligentes, S.A.U.",needs_municipal_review,official_tool_review_required,no,i-DE — mapa oficial de distribuidoras,https://www.i-de.es/conexion-red-electrica/mapa-de-distribuidoras,official_public_source_or_review_tool,no,"Candidato razonable para revisión, pero no importación masiva sin comprobar municipios y posibles distribuidoras locales."
euskadi,Muxika,Bizkaia,municipality:bizkaia::muxika,"i-DE Redes Eléctricas Inteligentes, S.A.U.",needs_municipal_review,official_tool_review_required,no,i-DE — mapa oficial de distribuidoras,https://www.i-de.es/conexion-red-electrica/mapa-de-distribuidoras,official_public_source_or_review_tool,no,"Candidato razonable para revisión, pero no importación masiva sin comprobar municipios y posibles distribuidoras locales."
euskadi,Orendain,Gipuzkoa,municipality:gipuzkoa::orendain,"i-DE Redes Eléctricas Inteligentes, S.A.U.",needs_municipal_review,official_tool_review_required,no,i-DE — mapa oficial de distribuidoras,https://www.i-de.es/conexion-red-electrica/mapa-de-distribuidoras,official_public_source_or_review_tool,no,"Candidato razonable para revisión, pero no importación masiva sin comprobar municipios y posibles distribuidoras locales."
euskadi,Bidania-Goiatz,Gipuzkoa,municipality:gipuzkoa::bidania_goiatz,"i-DE Redes Eléctricas Inteligentes, S.A.U.",needs_municipal_review,official_tool_review_required,no,i-DE — mapa oficial de distribuidoras,https://www.i-de.es/conexion-red-electrica/mapa-de-distribuidoras,official_public_source_or_review_tool,no,"Candidato razonable para revisión, pero no importación masiva sin comprobar municipios y posibles distribuidoras locales."
euskadi,Urduliz,Bizkaia,municipality:bizkaia::urduliz,"i-DE Redes Eléctricas Inteligentes, S.A.U.",needs_municipal_review,official_tool_review_required,no,i-DE — mapa oficial de distribuidoras,https://www.i-de.es/conexion-red-electrica/mapa-de-distribuidoras,official_public_source_or_review_tool,no,"Candidato razonable para revisión, pero no importación masiva sin comprobar municipios y posibles distribuidoras locales."
euskadi,Munitibar-Arbatzegi Gerrikaitz,Bizkaia,municipality:bizkaia::munitibar_arbatzegi_gerrikaitz,"i-DE Redes Eléctricas Inteligentes, S.A.U.",needs_municipal_review,official_tool_review_required,no,i-DE — mapa oficial de distribuidoras,https://www.i-de.es/conexion-red-electrica/mapa-de-distribuidoras,official_public_source_or_review_tool,no,"Candidato razonable para revisión, pero no importación masiva sin comprobar municipios y posibles distribuidoras locales."
euskadi,Ugao-Miraballes,Bizkaia,municipality:bizkaia::ugao_miraballes,"i-DE Redes Eléctricas Inteligentes, S.A.U.",needs_municipal_review,official_tool_review_required,no,i-DE — mapa oficial de distribuidoras,https://www.i-de.es/conexion-red-electrica/mapa-de-distribuidoras,official_public_source_or_review_tool,no,"Candidato razonable para revisión, pero no importación masiva sin comprobar municipios y posibles distribuidoras locales."
euskadi,Elvillar,Araba,municipality:araba::elvillar,"i-DE Redes Eléctricas Inteligentes, S.A.U.",needs_municipal_review,official_tool_review_required,no,i-DE — mapa oficial de distribuidoras,https://www.i-de.es/conexion-red-electrica/mapa-de-distribuidoras,official_public_source_or_review_tool,no,"Candidato razonable para revisión, pero no importación masiva sin comprobar municipios y posibles distribuidoras locales."
euskadi,Lapuebla de Labarca,Araba,municipality:araba::lapuebla_de_labarca,"i-DE Redes Eléctricas Inteligentes, S.A.U.",needs_municipal_review,official_tool_review_required,no,i-DE — mapa oficial de distribuidoras,https://www.i-de.es/conexion-red-electrica/mapa-de-distribuidoras,official_public_source_or_review_tool,no,"Candidato razonable para revisión, pero no importación masiva sin comprobar municipios y posibles distribuidoras locales."
euskadi,Usurbil,Gipuzkoa,municipality:gipuzkoa::usurbil,"i-DE Redes Eléctricas Inteligentes, S.A.U.",needs_municipal_review,official_tool_review_required,no,i-DE — mapa oficial de distribuidoras,https://www.i-de.es/conexion-red-electrica/mapa-de-distribuidoras,official_public_source_or_review_tool,no,"Candidato razonable para revisión, pero no importación masiva sin comprobar municipios y posibles distribuidoras locales."
euskadi,Arama,Gipuzkoa,municipality:gipuzkoa::arama,"i-DE Redes Eléctricas Inteligentes, S.A.U.",needs_municipal_review,official_tool_review_required,no,i-DE — mapa oficial de distribuidoras,https://www.i-de.es/conexion-red-electrica/mapa-de-distribuidoras,official_public_source_or_review_tool,no,"Candidato razonable para revisión, pero no importación masiva sin comprobar municipios y posibles distribuidoras locales."
euskadi,Comunidad de la Sierra Brava de Badaya,Araba,municipality:araba::comunidad_de_la_sierra_brava_de_badaya,"i-DE Redes Eléctricas Inteligentes, S.A.U.",needs_municipal_review,official_tool_review_required,no,i-DE — mapa oficial de distribuidoras,https://www.i-de.es/conexion-red-electrica/mapa-de-distribuidoras,official_public_source_or_review_tool,no,"Candidato razonable para revisión, pero no importación masiva sin comprobar municipios y posibles distribuidoras locales."
euskadi,Orexa,Gipuzkoa,municipality:gipuzkoa::orexa,"i-DE Redes Eléctricas Inteligentes, S.A.U.",needs_municipal_review,official_tool_review_required,no,i-DE — mapa oficial de distribuidoras,https://www.i-de.es/conexion-red-electrica/mapa-de-distribuidoras,official_public_source_or_review_tool,no,"Candidato razonable para revisión, pero no importación masiva sin comprobar municipios y posibles distribuidoras locales."
euskadi,Lemoa,Bizkaia,municipality:bizkaia::lemoa,"i-DE Redes Eléctricas Inteligentes, S.A.U.",needs_municipal_review,official_tool_review_required,no,i-DE — mapa oficial de distribuidoras,https://www.i-de.es/conexion-red-electrica/mapa-de-distribuidoras,official_public_source_or_review_tool,no,"Candidato razonable para revisión, pero no importación masiva sin comprobar municipios y posibles distribuidoras locales."
euskadi,Zeberio,Bizkaia,municipality:bizkaia::zeberio,"i-DE Redes Eléctricas Inteligentes, S.A.U.",needs_municipal_review,official_tool_review_required,no,i-DE — mapa oficial de distribuidoras,https://www.i-de.es/conexion-red-electrica/mapa-de-distribuidoras,official_public_source_or_review_tool,no,"Candidato razonable para revisión, pero no importación masiva sin comprobar municipios y posibles distribuidoras locales."
euskadi,Abanto y Ciérvana-Abanto Zierbena,Bizkaia,municipality:bizkaia::abanto_y_ciervana_abanto_zierbena,"i-DE Redes Eléctricas Inteligentes, S.A.U.",needs_municipal_review,official_tool_review_required,no,i-DE — mapa oficial de distribuidoras,https://www.i-de.es/conexion-red-electrica/mapa-de-distribuidoras,official_public_source_or_review_tool,no,"Candidato razonable para revisión, pero no importación masiva sin comprobar municipios y posibles distribuidoras locales."
euskadi,Berriz,Bizkaia,municipality:bizkaia::berriz,"i-DE Redes Eléctricas Inteligentes, S.A.U.",needs_municipal_review,official_tool_review_required,no,i-DE — mapa oficial de distribuidoras,https://www.i-de.es/conexion-red-electrica/mapa-de-distribuidoras,official_public_source_or_review_tool,no,"Candidato razonable para revisión, pero no importación masiva sin comprobar municipios y posibles distribuidoras locales."
euskadi,Trucios-Turtzioz,Bizkaia,municipality:bizkaia::trucios_turtzioz,"i-DE Redes Eléctricas Inteligentes, S.A.U.",needs_municipal_review,official_tool_review_required,no,i-DE — mapa oficial de distribuidoras,https://www.i-de.es/conexion-red-electrica/mapa-de-distribuidoras,official_public_source_or_review_tool,no,"Candidato razonable para revisión, pero no importación masiva sin comprobar municipios y posibles distribuidoras locales."
euskadi,Mungia,Bizkaia,municipality:bizkaia::mungia,"i-DE Redes Eléctricas Inteligentes, S.A.U.",needs_municipal_review,official_tool_review_required,no,i-DE — mapa oficial de distribuidoras,https://www.i-de.es/conexion-red-electrica/mapa-de-distribuidoras,official_public_source_or_review_tool,no,"Candidato razonable para revisión, pero no importación masiva sin comprobar municipios y posibles distribuidoras locales."
euskadi,Kripan,Araba,municipality:araba::kripan,"i-DE Redes Eléctricas Inteligentes, S.A.U.",needs_municipal_review,official_tool_review_required,no,i-DE — mapa oficial de distribuidoras,https://www.i-de.es/conexion-red-electrica/mapa-de-distribuidoras,official_public_source_or_review_tool,no,"Candidato razonable para revisión, pero no importación masiva sin comprobar municipios y posibles distribuidoras locales."
euskadi,Zierbena,Bizkaia,municipality:bizkaia::zierbena,"i-DE Redes Eléctricas Inteligentes, S.A.U.",needs_municipal_review,official_tool_review_required,no,i-DE — mapa oficial de distribuidoras,https://www.i-de.es/conexion-red-electrica/mapa-de-distribuidoras,official_public_source_or_review_tool,no,"Candidato razonable para revisión, pero no importación masiva sin comprobar municipios y posibles distribuidoras locales."
