dataset_id,municipio,province,zone_id,candidate_distributor,candidate_confidence,previous_review_status,exception_review_priority,production_recommendation,bulk_import_allowed,already_productive,source_name,source_url,privacy_notes,focused_notes
aragon,Ojos Negros,Teruel,municipality:teruel::ojos_negros,"e-distribución Redes Digitales, S.L.U.",regional_presence_candidate,regional_presence_confirmed_needs_boundary_review,high_boundary_review,review_boundary_and_local_exceptions_before_production,no,no,e-distribución — distribución eléctrica,https://www.edistribucion.com/es/conocenos/instalaciones-distribucion-red/distribucion-electrica.html,"No contiene identificadores de suministro, direcciones, coordenadas privadas ni inventario de infraestructura.",Buscar distribuidoras locales/municipales antes de convertir a regional_default productivo.
aragon,Fabara,Zaragoza,municipality:zaragoza::fabara,"e-distribución Redes Digitales, S.L.U.",regional_presence_candidate,regional_presence_confirmed_needs_boundary_review,high_boundary_review,review_boundary_and_local_exceptions_before_production,no,no,e-distribución — distribución eléctrica,https://www.edistribucion.com/es/conocenos/instalaciones-distribucion-red/distribucion-electrica.html,"No contiene identificadores de suministro, direcciones, coordenadas privadas ni inventario de infraestructura.",Buscar distribuidoras locales/municipales antes de convertir a regional_default productivo.
aragon,Peralta de Alcofea,Huesca,municipality:huesca::peralta_de_alcofea,"e-distribución Redes Digitales, S.L.U.",regional_presence_candidate,regional_presence_confirmed_needs_boundary_review,high_boundary_review,review_boundary_and_local_exceptions_before_production,no,no,e-distribución — distribución eléctrica,https://www.edistribucion.com/es/conocenos/instalaciones-distribucion-red/distribucion-electrica.html,"No contiene identificadores de suministro, direcciones, coordenadas privadas ni inventario de infraestructura.",Buscar distribuidoras locales/municipales antes de convertir a regional_default productivo.
aragon,Alagón,Zaragoza,municipality:zaragoza::alagon,"e-distribución Redes Digitales, S.L.U.",regional_presence_candidate,regional_presence_confirmed_needs_boundary_review,high_boundary_review,review_boundary_and_local_exceptions_before_production,no,no,e-distribución — distribución eléctrica,https://www.edistribucion.com/es/conocenos/instalaciones-distribucion-red/distribucion-electrica.html,"No contiene identificadores de suministro, direcciones, coordenadas privadas ni inventario de infraestructura.",Buscar distribuidoras locales/municipales antes de convertir a regional_default productivo.
aragon,Ejulve,Teruel,municipality:teruel::ejulve,"e-distribución Redes Digitales, S.L.U.",regional_presence_candidate,regional_presence_confirmed_needs_boundary_review,high_boundary_review,review_boundary_and_local_exceptions_before_production,no,no,e-distribución — distribución eléctrica,https://www.edistribucion.com/es/conocenos/instalaciones-distribucion-red/distribucion-electrica.html,"No contiene identificadores de suministro, direcciones, coordenadas privadas ni inventario de infraestructura.",Buscar distribuidoras locales/municipales antes de convertir a regional_default productivo.
aragon,Terrer,Zaragoza,municipality:zaragoza::terrer,"e-distribución Redes Digitales, S.L.U.",regional_presence_candidate,regional_presence_confirmed_needs_boundary_review,high_boundary_review,review_boundary_and_local_exceptions_before_production,no,no,e-distribución — distribución eléctrica,https://www.edistribucion.com/es/conocenos/instalaciones-distribucion-red/distribucion-electrica.html,"No contiene identificadores de suministro, direcciones, coordenadas privadas ni inventario de infraestructura.",Buscar distribuidoras locales/municipales antes de convertir a regional_default productivo.
aragon,Lidón,Teruel,municipality:teruel::lidon,"e-distribución Redes Digitales, S.L.U.",regional_presence_candidate,regional_presence_confirmed_needs_boundary_review,high_boundary_review,review_boundary_and_local_exceptions_before_production,no,no,e-distribución — distribución eléctrica,https://www.edistribucion.com/es/conocenos/instalaciones-distribucion-red/distribucion-electrica.html,"No contiene identificadores de suministro, direcciones, coordenadas privadas ni inventario de infraestructura.",Buscar distribuidoras locales/municipales antes de convertir a regional_default productivo.
aragon,Cañada Vellida,Teruel,municipality:teruel::canada_vellida,"e-distribución Redes Digitales, S.L.U.",regional_presence_candidate,regional_presence_confirmed_needs_boundary_review,high_boundary_review,review_boundary_and_local_exceptions_before_production,no,no,e-distribución — distribución eléctrica,https://www.edistribucion.com/es/conocenos/instalaciones-distribucion-red/distribucion-electrica.html,"No contiene identificadores de suministro, direcciones, coordenadas privadas ni inventario de infraestructura.",Buscar distribuidoras locales/municipales antes de convertir a regional_default productivo.
aragon,Berrueco,Zaragoza,municipality:zaragoza::berrueco,"e-distribución Redes Digitales, S.L.U.",regional_presence_candidate,regional_presence_confirmed_needs_boundary_review,high_boundary_review,review_boundary_and_local_exceptions_before_production,no,no,e-distribución — distribución eléctrica,https://www.edistribucion.com/es/conocenos/instalaciones-distribucion-red/distribucion-electrica.html,"No contiene identificadores de suministro, direcciones, coordenadas privadas ni inventario de infraestructura.",Buscar distribuidoras locales/municipales antes de convertir a regional_default productivo.
aragon,Santa María de Dulcis,Huesca,municipality:huesca::santa_maria_de_dulcis,"e-distribución Redes Digitales, S.L.U.",regional_presence_candidate,regional_presence_confirmed_needs_boundary_review,high_boundary_review,review_boundary_and_local_exceptions_before_production,no,no,e-distribución — distribución eléctrica,https://www.edistribucion.com/es/conocenos/instalaciones-distribucion-red/distribucion-electrica.html,"No contiene identificadores de suministro, direcciones, coordenadas privadas ni inventario de infraestructura.",Buscar distribuidoras locales/municipales antes de convertir a regional_default productivo.
aragon,Villar del Cobo,Teruel,municipality:teruel::villar_del_cobo,"e-distribución Redes Digitales, S.L.U.",regional_presence_candidate,regional_presence_confirmed_needs_boundary_review,high_boundary_review,review_boundary_and_local_exceptions_before_production,no,no,e-distribución — distribución eléctrica,https://www.edistribucion.com/es/conocenos/instalaciones-distribucion-red/distribucion-electrica.html,"No contiene identificadores de suministro, direcciones, coordenadas privadas ni inventario de infraestructura.",Buscar distribuidoras locales/municipales antes de convertir a regional_default productivo.
aragon,Jaca,Huesca,municipality:huesca::jaca,"e-distribución Redes Digitales, S.L.U.",regional_presence_candidate,regional_presence_confirmed_needs_boundary_review,high_boundary_review,review_boundary_and_local_exceptions_before_production,no,no,e-distribución — distribución eléctrica,https://www.edistribucion.com/es/conocenos/instalaciones-distribucion-red/distribucion-electrica.html,"No contiene identificadores de suministro, direcciones, coordenadas privadas ni inventario de infraestructura.",Buscar distribuidoras locales/municipales antes de convertir a regional_default productivo.
aragon,Ibdes,Zaragoza,municipality:zaragoza::ibdes,"e-distribución Redes Digitales, S.L.U.",regional_presence_candidate,regional_presence_confirmed_needs_boundary_review,high_boundary_review,review_boundary_and_local_exceptions_before_production,no,no,e-distribución — distribución eléctrica,https://www.edistribucion.com/es/conocenos/instalaciones-distribucion-red/distribucion-electrica.html,"No contiene identificadores de suministro, direcciones, coordenadas privadas ni inventario de infraestructura.",Buscar distribuidoras locales/municipales antes de convertir a regional_default productivo.
aragon,Velilla de Jiloca,Zaragoza,municipality:zaragoza::velilla_de_jiloca,"e-distribución Redes Digitales, S.L.U.",regional_presence_candidate,regional_presence_confirmed_needs_boundary_review,high_boundary_review,review_boundary_and_local_exceptions_before_production,no,no,e-distribución — distribución eléctrica,https://www.edistribucion.com/es/conocenos/instalaciones-distribucion-red/distribucion-electrica.html,"No contiene identificadores de suministro, direcciones, coordenadas privadas ni inventario de infraestructura.",Buscar distribuidoras locales/municipales antes de convertir a regional_default productivo.
aragon,Senés de Alcubierre,Huesca,municipality:huesca::senes_de_alcubierre,"e-distribución Redes Digitales, S.L.U.",regional_presence_candidate,regional_presence_confirmed_needs_boundary_review,high_boundary_review,review_boundary_and_local_exceptions_before_production,no,no,e-distribución — distribución eléctrica,https://www.edistribucion.com/es/conocenos/instalaciones-distribucion-red/distribucion-electrica.html,"No contiene identificadores de suministro, direcciones, coordenadas privadas ni inventario de infraestructura.",Buscar distribuidoras locales/municipales antes de convertir a regional_default productivo.
aragon,Corbalán,Teruel,municipality:teruel::corbalan,"e-distribución Redes Digitales, S.L.U.",regional_presence_candidate,regional_presence_confirmed_needs_boundary_review,high_boundary_review,review_boundary_and_local_exceptions_before_production,no,no,e-distribución — distribución eléctrica,https://www.edistribucion.com/es/conocenos/instalaciones-distribucion-red/distribucion-electrica.html,"No contiene identificadores de suministro, direcciones, coordenadas privadas ni inventario de infraestructura.",Buscar distribuidoras locales/municipales antes de convertir a regional_default productivo.
aragon,Nombrevilla,Zaragoza,municipality:zaragoza::nombrevilla,"e-distribución Redes Digitales, S.L.U.",regional_presence_candidate,regional_presence_confirmed_needs_boundary_review,high_boundary_review,review_boundary_and_local_exceptions_before_production,no,no,e-distribución — distribución eléctrica,https://www.edistribucion.com/es/conocenos/instalaciones-distribucion-red/distribucion-electrica.html,"No contiene identificadores de suministro, direcciones, coordenadas privadas ni inventario de infraestructura.",Buscar distribuidoras locales/municipales antes de convertir a regional_default productivo.
aragon,Valdealgorfa,Teruel,municipality:teruel::valdealgorfa,"e-distribución Redes Digitales, S.L.U.",regional_presence_candidate,regional_presence_confirmed_needs_boundary_review,high_boundary_review,review_boundary_and_local_exceptions_before_production,no,no,e-distribución — distribución eléctrica,https://www.edistribucion.com/es/conocenos/instalaciones-distribucion-red/distribucion-electrica.html,"No contiene identificadores de suministro, direcciones, coordenadas privadas ni inventario de infraestructura.",Buscar distribuidoras locales/municipales antes de convertir a regional_default productivo.
aragon,Maleján,Zaragoza,municipality:zaragoza::malejan,"e-distribución Redes Digitales, S.L.U.",regional_presence_candidate,regional_presence_confirmed_needs_boundary_review,high_boundary_review,review_boundary_and_local_exceptions_before_production,no,no,e-distribución — distribución eléctrica,https://www.edistribucion.com/es/conocenos/instalaciones-distribucion-red/distribucion-electrica.html,"No contiene identificadores de suministro, direcciones, coordenadas privadas ni inventario de infraestructura.",Buscar distribuidoras locales/municipales antes de convertir a regional_default productivo.
aragon,Loscorrales,Huesca,municipality:huesca::loscorrales,"e-distribución Redes Digitales, S.L.U.",regional_presence_candidate,regional_presence_confirmed_needs_boundary_review,high_boundary_review,review_boundary_and_local_exceptions_before_production,no,no,e-distribución — distribución eléctrica,https://www.edistribucion.com/es/conocenos/instalaciones-distribucion-red/distribucion-electrica.html,"No contiene identificadores de suministro, direcciones, coordenadas privadas ni inventario de infraestructura.",Buscar distribuidoras locales/municipales antes de convertir a regional_default productivo.
aragon,Cañizar del Olivar,Teruel,municipality:teruel::canizar_del_olivar,"e-distribución Redes Digitales, S.L.U.",regional_presence_candidate,regional_presence_confirmed_needs_boundary_review,high_boundary_review,review_boundary_and_local_exceptions_before_production,no,no,e-distribución — distribución eléctrica,https://www.edistribucion.com/es/conocenos/instalaciones-distribucion-red/distribucion-electrica.html,"No contiene identificadores de suministro, direcciones, coordenadas privadas ni inventario de infraestructura.",Buscar distribuidoras locales/municipales antes de convertir a regional_default productivo.
aragon,Almonacid de la Sierra,Zaragoza,municipality:zaragoza::almonacid_de_la_sierra,"e-distribución Redes Digitales, S.L.U.",regional_presence_candidate,regional_presence_confirmed_needs_boundary_review,high_boundary_review,review_boundary_and_local_exceptions_before_production,no,no,e-distribución — distribución eléctrica,https://www.edistribucion.com/es/conocenos/instalaciones-distribucion-red/distribucion-electrica.html,"No contiene identificadores de suministro, direcciones, coordenadas privadas ni inventario de infraestructura.",Buscar distribuidoras locales/municipales antes de convertir a regional_default productivo.
aragon,Lituénigo,Zaragoza,municipality:zaragoza::lituenigo,"e-distribución Redes Digitales, S.L.U.",regional_presence_candidate,regional_presence_confirmed_needs_boundary_review,high_boundary_review,review_boundary_and_local_exceptions_before_production,no,no,e-distribución — distribución eléctrica,https://www.edistribucion.com/es/conocenos/instalaciones-distribucion-red/distribucion-electrica.html,"No contiene identificadores de suministro, direcciones, coordenadas privadas ni inventario de infraestructura.",Buscar distribuidoras locales/municipales antes de convertir a regional_default productivo.
aragon,Albero Bajo,Huesca,municipality:huesca::albero_bajo,"e-distribución Redes Digitales, S.L.U.",regional_presence_candidate,regional_presence_confirmed_needs_boundary_review,high_boundary_review,review_boundary_and_local_exceptions_before_production,no,no,e-distribución — distribución eléctrica,https://www.edistribucion.com/es/conocenos/instalaciones-distribucion-red/distribucion-electrica.html,"No contiene identificadores de suministro, direcciones, coordenadas privadas ni inventario de infraestructura.",Buscar distribuidoras locales/municipales antes de convertir a regional_default productivo.
aragon,Palo,Huesca,municipality:huesca::palo,"e-distribución Redes Digitales, S.L.U.",regional_presence_candidate,regional_presence_confirmed_needs_boundary_review,high_boundary_review,review_boundary_and_local_exceptions_before_production,no,no,e-distribución — distribución eléctrica,https://www.edistribucion.com/es/conocenos/instalaciones-distribucion-red/distribucion-electrica.html,"No contiene identificadores de suministro, direcciones, coordenadas privadas ni inventario de infraestructura.",Buscar distribuidoras locales/municipales antes de convertir a regional_default productivo.
aragon,Urrea de Jalón,Zaragoza,municipality:zaragoza::urrea_de_jalon,"e-distribución Redes Digitales, S.L.U.",regional_presence_candidate,regional_presence_confirmed_needs_boundary_review,high_boundary_review,review_boundary_and_local_exceptions_before_production,no,no,e-distribución — distribución eléctrica,https://www.edistribucion.com/es/conocenos/instalaciones-distribucion-red/distribucion-electrica.html,"No contiene identificadores de suministro, direcciones, coordenadas privadas ni inventario de infraestructura.",Buscar distribuidoras locales/municipales antes de convertir a regional_default productivo.
aragon,Torremocha de Jiloca,Teruel,municipality:teruel::torremocha_de_jiloca,"e-distribución Redes Digitales, S.L.U.",regional_presence_candidate,regional_presence_confirmed_needs_boundary_review,high_boundary_review,review_boundary_and_local_exceptions_before_production,no,no,e-distribución — distribución eléctrica,https://www.edistribucion.com/es/conocenos/instalaciones-distribucion-red/distribucion-electrica.html,"No contiene identificadores de suministro, direcciones, coordenadas privadas ni inventario de infraestructura.",Buscar distribuidoras locales/municipales antes de convertir a regional_default productivo.
aragon,Morata de Jalón,Zaragoza,municipality:zaragoza::morata_de_jalon,"e-distribución Redes Digitales, S.L.U.",regional_presence_candidate,regional_presence_confirmed_needs_boundary_review,high_boundary_review,review_boundary_and_local_exceptions_before_production,no,no,e-distribución — distribución eléctrica,https://www.edistribucion.com/es/conocenos/instalaciones-distribucion-red/distribucion-electrica.html,"No contiene identificadores de suministro, direcciones, coordenadas privadas ni inventario de infraestructura.",Buscar distribuidoras locales/municipales antes de convertir a regional_default productivo.
aragon,Estopiñán del Castillo,Huesca,municipality:huesca::estopinan_del_castillo,"e-distribución Redes Digitales, S.L.U.",regional_presence_candidate,regional_presence_confirmed_needs_boundary_review,high_boundary_review,review_boundary_and_local_exceptions_before_production,no,no,e-distribución — distribución eléctrica,https://www.edistribucion.com/es/conocenos/instalaciones-distribucion-red/distribucion-electrica.html,"No contiene identificadores de suministro, direcciones, coordenadas privadas ni inventario de infraestructura.",Buscar distribuidoras locales/municipales antes de convertir a regional_default productivo.
aragon,Ejea de los Caballeros,Zaragoza,municipality:zaragoza::ejea_de_los_caballeros,"e-distribución Redes Digitales, S.L.U.",regional_presence_candidate,regional_presence_confirmed_needs_boundary_review,high_boundary_review,review_boundary_and_local_exceptions_before_production,no,no,e-distribución — distribución eléctrica,https://www.edistribucion.com/es/conocenos/instalaciones-distribucion-red/distribucion-electrica.html,"No contiene identificadores de suministro, direcciones, coordenadas privadas ni inventario de infraestructura.",Buscar distribuidoras locales/municipales antes de convertir a regional_default productivo.
aragon,Fuentes Claras,Teruel,municipality:teruel::fuentes_claras,"e-distribución Redes Digitales, S.L.U.",regional_presence_candidate,regional_presence_confirmed_needs_boundary_review,high_boundary_review,review_boundary_and_local_exceptions_before_production,no,no,e-distribución — distribución eléctrica,https://www.edistribucion.com/es/conocenos/instalaciones-distribucion-red/distribucion-electrica.html,"No contiene identificadores de suministro, direcciones, coordenadas privadas ni inventario de infraestructura.",Buscar distribuidoras locales/municipales antes de convertir a regional_default productivo.
aragon,Belmonte de Gracián,Zaragoza,municipality:zaragoza::belmonte_de_gracian,"e-distribución Redes Digitales, S.L.U.",regional_presence_candidate,regional_presence_confirmed_needs_boundary_review,high_boundary_review,review_boundary_and_local_exceptions_before_production,no,no,e-distribución — distribución eléctrica,https://www.edistribucion.com/es/conocenos/instalaciones-distribucion-red/distribucion-electrica.html,"No contiene identificadores de suministro, direcciones, coordenadas privadas ni inventario de infraestructura.",Buscar distribuidoras locales/municipales antes de convertir a regional_default productivo.
aragon,Arguis,Huesca,municipality:huesca::arguis,"e-distribución Redes Digitales, S.L.U.",regional_presence_candidate,regional_presence_confirmed_needs_boundary_review,high_boundary_review,review_boundary_and_local_exceptions_before_production,no,no,e-distribución — distribución eléctrica,https://www.edistribucion.com/es/conocenos/instalaciones-distribucion-red/distribucion-electrica.html,"No contiene identificadores de suministro, direcciones, coordenadas privadas ni inventario de infraestructura.",Buscar distribuidoras locales/municipales antes de convertir a regional_default productivo.
aragon,Osso de Cinca,Huesca,municipality:huesca::osso_de_cinca,"e-distribución Redes Digitales, S.L.U.",regional_presence_candidate,regional_presence_confirmed_needs_boundary_review,high_boundary_review,review_boundary_and_local_exceptions_before_production,no,no,e-distribución — distribución eléctrica,https://www.edistribucion.com/es/conocenos/instalaciones-distribucion-red/distribucion-electrica.html,"No contiene identificadores de suministro, direcciones, coordenadas privadas ni inventario de infraestructura.",Buscar distribuidoras locales/municipales antes de convertir a regional_default productivo.
aragon,Alcalá de la Selva,Teruel,municipality:teruel::alcala_de_la_selva,"e-distribución Redes Digitales, S.L.U.",regional_presence_candidate,regional_presence_confirmed_needs_boundary_review,high_boundary_review,review_boundary_and_local_exceptions_before_production,no,no,e-distribución — distribución eléctrica,https://www.edistribucion.com/es/conocenos/instalaciones-distribucion-red/distribucion-electrica.html,"No contiene identificadores de suministro, direcciones, coordenadas privadas ni inventario de infraestructura.",Buscar distribuidoras locales/municipales antes de convertir a regional_default productivo.
aragon,Navardún,Zaragoza,municipality:zaragoza::navardun,"e-distribución Redes Digitales, S.L.U.",regional_presence_candidate,regional_presence_confirmed_needs_boundary_review,high_boundary_review,review_boundary_and_local_exceptions_before_production,no,no,e-distribución — distribución eléctrica,https://www.edistribucion.com/es/conocenos/instalaciones-distribucion-red/distribucion-electrica.html,"No contiene identificadores de suministro, direcciones, coordenadas privadas ni inventario de infraestructura.",Buscar distribuidoras locales/municipales antes de convertir a regional_default productivo.
aragon,Canfranc,Huesca,municipality:huesca::canfranc,"e-distribución Redes Digitales, S.L.U.",regional_presence_candidate,regional_presence_confirmed_needs_boundary_review,high_boundary_review,review_boundary_and_local_exceptions_before_production,no,no,e-distribución — distribución eléctrica,https://www.edistribucion.com/es/conocenos/instalaciones-distribucion-red/distribucion-electrica.html,"No contiene identificadores de suministro, direcciones, coordenadas privadas ni inventario de infraestructura.",Buscar distribuidoras locales/municipales antes de convertir a regional_default productivo.
aragon,Allueva,Teruel,municipality:teruel::allueva,"e-distribución Redes Digitales, S.L.U.",regional_presence_candidate,regional_presence_confirmed_needs_boundary_review,high_boundary_review,review_boundary_and_local_exceptions_before_production,no,no,e-distribución — distribución eléctrica,https://www.edistribucion.com/es/conocenos/instalaciones-distribucion-red/distribucion-electrica.html,"No contiene identificadores de suministro, direcciones, coordenadas privadas ni inventario de infraestructura.",Buscar distribuidoras locales/municipales antes de convertir a regional_default productivo.
aragon,Almuniente,Huesca,municipality:huesca::almuniente,"e-distribución Redes Digitales, S.L.U.",regional_presence_candidate,regional_presence_confirmed_needs_boundary_review,high_boundary_review,review_boundary_and_local_exceptions_before_production,no,no,e-distribución — distribución eléctrica,https://www.edistribucion.com/es/conocenos/instalaciones-distribucion-red/distribucion-electrica.html,"No contiene identificadores de suministro, direcciones, coordenadas privadas ni inventario de infraestructura.",Buscar distribuidoras locales/municipales antes de convertir a regional_default productivo.
aragon,Villarluengo,Teruel,municipality:teruel::villarluengo,"e-distribución Redes Digitales, S.L.U.",regional_presence_candidate,regional_presence_confirmed_needs_boundary_review,high_boundary_review,review_boundary_and_local_exceptions_before_production,no,no,e-distribución — distribución eléctrica,https://www.edistribucion.com/es/conocenos/instalaciones-distribucion-red/distribucion-electrica.html,"No contiene identificadores de suministro, direcciones, coordenadas privadas ni inventario de infraestructura.",Buscar distribuidoras locales/municipales antes de convertir a regional_default productivo.
aragon,Caminreal,Teruel,municipality:teruel::caminreal,"e-distribución Redes Digitales, S.L.U.",regional_presence_candidate,regional_presence_confirmed_needs_boundary_review,high_boundary_review,review_boundary_and_local_exceptions_before_production,no,no,e-distribución — distribución eléctrica,https://www.edistribucion.com/es/conocenos/instalaciones-distribucion-red/distribucion-electrica.html,"No contiene identificadores de suministro, direcciones, coordenadas privadas ni inventario de infraestructura.",Buscar distribuidoras locales/municipales antes de convertir a regional_default productivo.
aragon,Tauste,Zaragoza,municipality:zaragoza::tauste,"e-distribución Redes Digitales, S.L.U.",regional_presence_candidate,regional_presence_confirmed_needs_boundary_review,high_boundary_review,review_boundary_and_local_exceptions_before_production,no,no,e-distribución — distribución eléctrica,https://www.edistribucion.com/es/conocenos/instalaciones-distribucion-red/distribucion-electrica.html,"No contiene identificadores de suministro, direcciones, coordenadas privadas ni inventario de infraestructura.",Buscar distribuidoras locales/municipales antes de convertir a regional_default productivo.
aragon,Binéfar,Huesca,municipality:huesca::binefar,"e-distribución Redes Digitales, S.L.U.",regional_presence_candidate,regional_presence_confirmed_needs_boundary_review,high_boundary_review,review_boundary_and_local_exceptions_before_production,no,no,e-distribución — distribución eléctrica,https://www.edistribucion.com/es/conocenos/instalaciones-distribucion-red/distribucion-electrica.html,"No contiene identificadores de suministro, direcciones, coordenadas privadas ni inventario de infraestructura.",Buscar distribuidoras locales/municipales antes de convertir a regional_default productivo.
aragon,Vinaceite,Teruel,municipality:teruel::vinaceite,"e-distribución Redes Digitales, S.L.U.",regional_presence_candidate,regional_presence_confirmed_needs_boundary_review,high_boundary_review,review_boundary_and_local_exceptions_before_production,no,no,e-distribución — distribución eléctrica,https://www.edistribucion.com/es/conocenos/instalaciones-distribucion-red/distribucion-electrica.html,"No contiene identificadores de suministro, direcciones, coordenadas privadas ni inventario de infraestructura.",Buscar distribuidoras locales/municipales antes de convertir a regional_default productivo.
aragon,Alcalá de Moncayo,Zaragoza,municipality:zaragoza::alcala_de_moncayo,"e-distribución Redes Digitales, S.L.U.",regional_presence_candidate,regional_presence_confirmed_needs_boundary_review,high_boundary_review,review_boundary_and_local_exceptions_before_production,no,no,e-distribución — distribución eléctrica,https://www.edistribucion.com/es/conocenos/instalaciones-distribucion-red/distribucion-electrica.html,"No contiene identificadores de suministro, direcciones, coordenadas privadas ni inventario de infraestructura.",Buscar distribuidoras locales/municipales antes de convertir a regional_default productivo.
aragon,Fiscal,Huesca,municipality:huesca::fiscal,"e-distribución Redes Digitales, S.L.U.",regional_presence_candidate,regional_presence_confirmed_needs_boundary_review,high_boundary_review,review_boundary_and_local_exceptions_before_production,no,no,e-distribución — distribución eléctrica,https://www.edistribucion.com/es/conocenos/instalaciones-distribucion-red/distribucion-electrica.html,"No contiene identificadores de suministro, direcciones, coordenadas privadas ni inventario de infraestructura.",Buscar distribuidoras locales/municipales antes de convertir a regional_default productivo.
aragon,Lascuarre,Huesca,municipality:huesca::lascuarre,"e-distribución Redes Digitales, S.L.U.",regional_presence_candidate,regional_presence_confirmed_needs_boundary_review,high_boundary_review,review_boundary_and_local_exceptions_before_production,no,no,e-distribución — distribución eléctrica,https://www.edistribucion.com/es/conocenos/instalaciones-distribucion-red/distribucion-electrica.html,"No contiene identificadores de suministro, direcciones, coordenadas privadas ni inventario de infraestructura.",Buscar distribuidoras locales/municipales antes de convertir a regional_default productivo.
aragon,San Miguel del Cinca,Huesca,municipality:huesca::san_miguel_del_cinca,"e-distribución Redes Digitales, S.L.U.",regional_presence_candidate,regional_presence_confirmed_needs_boundary_review,high_boundary_review,review_boundary_and_local_exceptions_before_production,no,no,e-distribución — distribución eléctrica,https://www.edistribucion.com/es/conocenos/instalaciones-distribucion-red/distribucion-electrica.html,"No contiene identificadores de suministro, direcciones, coordenadas privadas ni inventario de infraestructura.",Buscar distribuidoras locales/municipales antes de convertir a regional_default productivo.
aragon,Pozondón,Teruel,municipality:teruel::pozondon,"e-distribución Redes Digitales, S.L.U.",regional_presence_candidate,regional_presence_confirmed_needs_boundary_review,high_boundary_review,review_boundary_and_local_exceptions_before_production,no,no,e-distribución — distribución eléctrica,https://www.edistribucion.com/es/conocenos/instalaciones-distribucion-red/distribucion-electrica.html,"No contiene identificadores de suministro, direcciones, coordenadas privadas ni inventario de infraestructura.",Buscar distribuidoras locales/municipales antes de convertir a regional_default productivo.
aragon,Orrios,Teruel,municipality:teruel::orrios,"e-distribución Redes Digitales, S.L.U.",regional_presence_candidate,regional_presence_confirmed_needs_boundary_review,high_boundary_review,review_boundary_and_local_exceptions_before_production,no,no,e-distribución — distribución eléctrica,https://www.edistribucion.com/es/conocenos/instalaciones-distribucion-red/distribucion-electrica.html,"No contiene identificadores de suministro, direcciones, coordenadas privadas ni inventario de infraestructura.",Buscar distribuidoras locales/municipales antes de convertir a regional_default productivo.
aragon,Villanueva del Rebollar de la Sierra,Teruel,municipality:teruel::villanueva_del_rebollar_de_la_sierra,"e-distribución Redes Digitales, S.L.U.",regional_presence_candidate,regional_presence_confirmed_needs_boundary_review,high_boundary_review,review_boundary_and_local_exceptions_before_production,no,no,e-distribución — distribución eléctrica,https://www.edistribucion.com/es/conocenos/instalaciones-distribucion-red/distribucion-electrica.html,"No contiene identificadores de suministro, direcciones, coordenadas privadas ni inventario de infraestructura.",Buscar distribuidoras locales/municipales antes de convertir a regional_default productivo.
aragon,Castejón del Puente,Huesca,municipality:huesca::castejon_del_puente,"e-distribución Redes Digitales, S.L.U.",regional_presence_candidate,regional_presence_confirmed_needs_boundary_review,high_boundary_review,review_boundary_and_local_exceptions_before_production,no,no,e-distribución — distribución eléctrica,https://www.edistribucion.com/es/conocenos/instalaciones-distribucion-red/distribucion-electrica.html,"No contiene identificadores de suministro, direcciones, coordenadas privadas ni inventario de infraestructura.",Buscar distribuidoras locales/municipales antes de convertir a regional_default productivo.
aragon,Torre la Ribera,Huesca,municipality:huesca::torre_la_ribera,"e-distribución Redes Digitales, S.L.U.",regional_presence_candidate,regional_presence_confirmed_needs_boundary_review,high_boundary_review,review_boundary_and_local_exceptions_before_production,no,no,e-distribución — distribución eléctrica,https://www.edistribucion.com/es/conocenos/instalaciones-distribucion-red/distribucion-electrica.html,"No contiene identificadores de suministro, direcciones, coordenadas privadas ni inventario de infraestructura.",Buscar distribuidoras locales/municipales antes de convertir a regional_default productivo.
aragon,Cosa,Teruel,municipality:teruel::cosa,"e-distribución Redes Digitales, S.L.U.",regional_presence_candidate,regional_presence_confirmed_needs_boundary_review,high_boundary_review,review_boundary_and_local_exceptions_before_production,no,no,e-distribución — distribución eléctrica,https://www.edistribucion.com/es/conocenos/instalaciones-distribucion-red/distribucion-electrica.html,"No contiene identificadores de suministro, direcciones, coordenadas privadas ni inventario de infraestructura.",Buscar distribuidoras locales/municipales antes de convertir a regional_default productivo.
aragon,Jatiel,Teruel,municipality:teruel::jatiel,"e-distribución Redes Digitales, S.L.U.",regional_presence_candidate,regional_presence_confirmed_needs_boundary_review,high_boundary_review,review_boundary_and_local_exceptions_before_production,no,no,e-distribución — distribución eléctrica,https://www.edistribucion.com/es/conocenos/instalaciones-distribucion-red/distribucion-electrica.html,"No contiene identificadores de suministro, direcciones, coordenadas privadas ni inventario de infraestructura.",Buscar distribuidoras locales/municipales antes de convertir a regional_default productivo.
aragon,Murillo de Gállego,Zaragoza,municipality:zaragoza::murillo_de_gallego,"e-distribución Redes Digitales, S.L.U.",regional_presence_candidate,regional_presence_confirmed_needs_boundary_review,high_boundary_review,review_boundary_and_local_exceptions_before_production,no,no,e-distribución — distribución eléctrica,https://www.edistribucion.com/es/conocenos/instalaciones-distribucion-red/distribucion-electrica.html,"No contiene identificadores de suministro, direcciones, coordenadas privadas ni inventario de infraestructura.",Buscar distribuidoras locales/municipales antes de convertir a regional_default productivo.
aragon,Paracuellos de la Ribera,Zaragoza,municipality:zaragoza::paracuellos_de_la_ribera,"e-distribución Redes Digitales, S.L.U.",regional_presence_candidate,regional_presence_confirmed_needs_boundary_review,high_boundary_review,review_boundary_and_local_exceptions_before_production,no,no,e-distribución — distribución eléctrica,https://www.edistribucion.com/es/conocenos/instalaciones-distribucion-red/distribucion-electrica.html,"No contiene identificadores de suministro, direcciones, coordenadas privadas ni inventario de infraestructura.",Buscar distribuidoras locales/municipales antes de convertir a regional_default productivo.
aragon,Pina de Ebro,Zaragoza,municipality:zaragoza::pina_de_ebro,"e-distribución Redes Digitales, S.L.U.",regional_presence_candidate,regional_presence_confirmed_needs_boundary_review,high_boundary_review,review_boundary_and_local_exceptions_before_production,no,no,e-distribución — distribución eléctrica,https://www.edistribucion.com/es/conocenos/instalaciones-distribucion-red/distribucion-electrica.html,"No contiene identificadores de suministro, direcciones, coordenadas privadas ni inventario de infraestructura.",Buscar distribuidoras locales/municipales antes de convertir a regional_default productivo.
aragon,Cascante del Río,Teruel,municipality:teruel::cascante_del_rio,"e-distribución Redes Digitales, S.L.U.",regional_presence_candidate,regional_presence_confirmed_needs_boundary_review,high_boundary_review,review_boundary_and_local_exceptions_before_production,no,no,e-distribución — distribución eléctrica,https://www.edistribucion.com/es/conocenos/instalaciones-distribucion-red/distribucion-electrica.html,"No contiene identificadores de suministro, direcciones, coordenadas privadas ni inventario de infraestructura.",Buscar distribuidoras locales/municipales antes de convertir a regional_default productivo.
aragon,Abanto,Zaragoza,municipality:zaragoza::abanto,"e-distribución Redes Digitales, S.L.U.",regional_presence_candidate,regional_presence_confirmed_needs_boundary_review,high_boundary_review,review_boundary_and_local_exceptions_before_production,no,no,e-distribución — distribución eléctrica,https://www.edistribucion.com/es/conocenos/instalaciones-distribucion-red/distribucion-electrica.html,"No contiene identificadores de suministro, direcciones, coordenadas privadas ni inventario de infraestructura.",Buscar distribuidoras locales/municipales antes de convertir a regional_default productivo.
aragon,Argavieso,Huesca,municipality:huesca::argavieso,"e-distribución Redes Digitales, S.L.U.",regional_presence_candidate,regional_presence_confirmed_needs_boundary_review,high_boundary_review,review_boundary_and_local_exceptions_before_production,no,no,e-distribución — distribución eléctrica,https://www.edistribucion.com/es/conocenos/instalaciones-distribucion-red/distribucion-electrica.html,"No contiene identificadores de suministro, direcciones, coordenadas privadas ni inventario de infraestructura.",Buscar distribuidoras locales/municipales antes de convertir a regional_default productivo.
aragon,Labuerda,Huesca,municipality:huesca::labuerda,"e-distribución Redes Digitales, S.L.U.",regional_presence_candidate,regional_presence_confirmed_needs_boundary_review,high_boundary_review,review_boundary_and_local_exceptions_before_production,no,no,e-distribución — distribución eléctrica,https://www.edistribucion.com/es/conocenos/instalaciones-distribucion-red/distribucion-electrica.html,"No contiene identificadores de suministro, direcciones, coordenadas privadas ni inventario de infraestructura.",Buscar distribuidoras locales/municipales antes de convertir a regional_default productivo.
aragon,Farlete,Zaragoza,municipality:zaragoza::farlete,"e-distribución Redes Digitales, S.L.U.",regional_presence_candidate,regional_presence_confirmed_needs_boundary_review,high_boundary_review,review_boundary_and_local_exceptions_before_production,no,no,e-distribución — distribución eléctrica,https://www.edistribucion.com/es/conocenos/instalaciones-distribucion-red/distribucion-electrica.html,"No contiene identificadores de suministro, direcciones, coordenadas privadas ni inventario de infraestructura.",Buscar distribuidoras locales/municipales antes de convertir a regional_default productivo.
aragon,Remolinos,Zaragoza,municipality:zaragoza::remolinos,"e-distribución Redes Digitales, S.L.U.",regional_presence_candidate,regional_presence_confirmed_needs_boundary_review,high_boundary_review,review_boundary_and_local_exceptions_before_production,no,no,e-distribución — distribución eléctrica,https://www.edistribucion.com/es/conocenos/instalaciones-distribucion-red/distribucion-electrica.html,"No contiene identificadores de suministro, direcciones, coordenadas privadas ni inventario de infraestructura.",Buscar distribuidoras locales/municipales antes de convertir a regional_default productivo.
aragon,Lascellas-Ponzano,Huesca,municipality:huesca::lascellas_ponzano,"e-distribución Redes Digitales, S.L.U.",regional_presence_candidate,regional_presence_confirmed_needs_boundary_review,high_boundary_review,review_boundary_and_local_exceptions_before_production,no,no,e-distribución — distribución eléctrica,https://www.edistribucion.com/es/conocenos/instalaciones-distribucion-red/distribucion-electrica.html,"No contiene identificadores de suministro, direcciones, coordenadas privadas ni inventario de infraestructura.",Buscar distribuidoras locales/municipales antes de convertir a regional_default productivo.
aragon,Ballobar,Huesca,municipality:huesca::ballobar,"e-distribución Redes Digitales, S.L.U.",regional_presence_candidate,regional_presence_confirmed_needs_boundary_review,high_boundary_review,review_boundary_and_local_exceptions_before_production,no,no,e-distribución — distribución eléctrica,https://www.edistribucion.com/es/conocenos/instalaciones-distribucion-red/distribucion-electrica.html,"No contiene identificadores de suministro, direcciones, coordenadas privadas ni inventario de infraestructura.",Buscar distribuidoras locales/municipales antes de convertir a regional_default productivo.
aragon,Laluenga,Huesca,municipality:huesca::laluenga,"e-distribución Redes Digitales, S.L.U.",regional_presence_candidate,regional_presence_confirmed_needs_boundary_review,high_boundary_review,review_boundary_and_local_exceptions_before_production,no,no,e-distribución — distribución eléctrica,https://www.edistribucion.com/es/conocenos/instalaciones-distribucion-red/distribucion-electrica.html,"No contiene identificadores de suministro, direcciones, coordenadas privadas ni inventario de infraestructura.",Buscar distribuidoras locales/municipales antes de convertir a regional_default productivo.
aragon,Burbáguena,Teruel,municipality:teruel::burbaguena,"e-distribución Redes Digitales, S.L.U.",regional_presence_candidate,regional_presence_confirmed_needs_boundary_review,high_boundary_review,review_boundary_and_local_exceptions_before_production,no,no,e-distribución — distribución eléctrica,https://www.edistribucion.com/es/conocenos/instalaciones-distribucion-red/distribucion-electrica.html,"No contiene identificadores de suministro, direcciones, coordenadas privadas ni inventario de infraestructura.",Buscar distribuidoras locales/municipales antes de convertir a regional_default productivo.
aragon,Fuentes de Ebro,Zaragoza,municipality:zaragoza::fuentes_de_ebro,"e-distribución Redes Digitales, S.L.U.",regional_presence_candidate,regional_presence_confirmed_needs_boundary_review,high_boundary_review,review_boundary_and_local_exceptions_before_production,no,no,e-distribución — distribución eléctrica,https://www.edistribucion.com/es/conocenos/instalaciones-distribucion-red/distribucion-electrica.html,"No contiene identificadores de suministro, direcciones, coordenadas privadas ni inventario de infraestructura.",Buscar distribuidoras locales/municipales antes de convertir a regional_default productivo.
aragon,Torralba de Aragón,Huesca,municipality:huesca::torralba_de_aragon,"e-distribución Redes Digitales, S.L.U.",regional_presence_candidate,regional_presence_confirmed_needs_boundary_review,high_boundary_review,review_boundary_and_local_exceptions_before_production,no,no,e-distribución — distribución eléctrica,https://www.edistribucion.com/es/conocenos/instalaciones-distribucion-red/distribucion-electrica.html,"No contiene identificadores de suministro, direcciones, coordenadas privadas ni inventario de infraestructura.",Buscar distribuidoras locales/municipales antes de convertir a regional_default productivo.
aragon,Albelda,Huesca,municipality:huesca::albelda,"e-distribución Redes Digitales, S.L.U.",regional_presence_candidate,regional_presence_confirmed_needs_boundary_review,high_boundary_review,review_boundary_and_local_exceptions_before_production,no,no,e-distribución — distribución eléctrica,https://www.edistribucion.com/es/conocenos/instalaciones-distribucion-red/distribucion-electrica.html,"No contiene identificadores de suministro, direcciones, coordenadas privadas ni inventario de infraestructura.",Buscar distribuidoras locales/municipales antes de convertir a regional_default productivo.
aragon,Alerre,Huesca,municipality:huesca::alerre,"e-distribución Redes Digitales, S.L.U.",regional_presence_candidate,regional_presence_confirmed_needs_boundary_review,high_boundary_review,review_boundary_and_local_exceptions_before_production,no,no,e-distribución — distribución eléctrica,https://www.edistribucion.com/es/conocenos/instalaciones-distribucion-red/distribucion-electrica.html,"No contiene identificadores de suministro, direcciones, coordenadas privadas ni inventario de infraestructura.",Buscar distribuidoras locales/municipales antes de convertir a regional_default productivo.
aragon,Ilche,Huesca,municipality:huesca::ilche,"e-distribución Redes Digitales, S.L.U.",regional_presence_candidate,regional_presence_confirmed_needs_boundary_review,high_boundary_review,review_boundary_and_local_exceptions_before_production,no,no,e-distribución — distribución eléctrica,https://www.edistribucion.com/es/conocenos/instalaciones-distribucion-red/distribucion-electrica.html,"No contiene identificadores de suministro, direcciones, coordenadas privadas ni inventario de infraestructura.",Buscar distribuidoras locales/municipales antes de convertir a regional_default productivo.
aragon,Candasnos,Huesca,municipality:huesca::candasnos,"e-distribución Redes Digitales, S.L.U.",regional_presence_candidate,regional_presence_confirmed_needs_boundary_review,high_boundary_review,review_boundary_and_local_exceptions_before_production,no,no,e-distribución — distribución eléctrica,https://www.edistribucion.com/es/conocenos/instalaciones-distribucion-red/distribucion-electrica.html,"No contiene identificadores de suministro, direcciones, coordenadas privadas ni inventario de infraestructura.",Buscar distribuidoras locales/municipales antes de convertir a regional_default productivo.
aragon,Abejuela,Teruel,municipality:teruel::abejuela,"e-distribución Redes Digitales, S.L.U.",regional_presence_candidate,regional_presence_confirmed_needs_boundary_review,high_boundary_review,review_boundary_and_local_exceptions_before_production,no,no,e-distribución — distribución eléctrica,https://www.edistribucion.com/es/conocenos/instalaciones-distribucion-red/distribucion-electrica.html,"No contiene identificadores de suministro, direcciones, coordenadas privadas ni inventario de infraestructura.",Buscar distribuidoras locales/municipales antes de convertir a regional_default productivo.
aragon,Peñalba,Huesca,municipality:huesca::penalba,"e-distribución Redes Digitales, S.L.U.",regional_presence_candidate,regional_presence_confirmed_needs_boundary_review,high_boundary_review,review_boundary_and_local_exceptions_before_production,no,no,e-distribución — distribución eléctrica,https://www.edistribucion.com/es/conocenos/instalaciones-distribucion-red/distribucion-electrica.html,"No contiene identificadores de suministro, direcciones, coordenadas privadas ni inventario de infraestructura.",Buscar distribuidoras locales/municipales antes de convertir a regional_default productivo.
aragon,Isábena,Huesca,municipality:huesca::isabena,"e-distribución Redes Digitales, S.L.U.",regional_presence_candidate,regional_presence_confirmed_needs_boundary_review,high_boundary_review,review_boundary_and_local_exceptions_before_production,no,no,e-distribución — distribución eléctrica,https://www.edistribucion.com/es/conocenos/instalaciones-distribucion-red/distribucion-electrica.html,"No contiene identificadores de suministro, direcciones, coordenadas privadas ni inventario de infraestructura.",Buscar distribuidoras locales/municipales antes de convertir a regional_default productivo.
aragon,Aladrén,Zaragoza,municipality:zaragoza::aladren,"e-distribución Redes Digitales, S.L.U.",regional_presence_candidate,regional_presence_confirmed_needs_boundary_review,high_boundary_review,review_boundary_and_local_exceptions_before_production,no,no,e-distribución — distribución eléctrica,https://www.edistribucion.com/es/conocenos/instalaciones-distribucion-red/distribucion-electrica.html,"No contiene identificadores de suministro, direcciones, coordenadas privadas ni inventario de infraestructura.",Buscar distribuidoras locales/municipales antes de convertir a regional_default productivo.
aragon,Albentosa,Teruel,municipality:teruel::albentosa,"e-distribución Redes Digitales, S.L.U.",regional_presence_candidate,regional_presence_confirmed_needs_boundary_review,high_boundary_review,review_boundary_and_local_exceptions_before_production,no,no,e-distribución — distribución eléctrica,https://www.edistribucion.com/es/conocenos/instalaciones-distribucion-red/distribucion-electrica.html,"No contiene identificadores de suministro, direcciones, coordenadas privadas ni inventario de infraestructura.",Buscar distribuidoras locales/municipales antes de convertir a regional_default productivo.
aragon,Sisamón,Zaragoza,municipality:zaragoza::sisamon,"e-distribución Redes Digitales, S.L.U.",regional_presence_candidate,regional_presence_confirmed_needs_boundary_review,high_boundary_review,review_boundary_and_local_exceptions_before_production,no,no,e-distribución — distribución eléctrica,https://www.edistribucion.com/es/conocenos/instalaciones-distribucion-red/distribucion-electrica.html,"No contiene identificadores de suministro, direcciones, coordenadas privadas ni inventario de infraestructura.",Buscar distribuidoras locales/municipales antes de convertir a regional_default productivo.
aragon,Villalba de Perejil,Zaragoza,municipality:zaragoza::villalba_de_perejil,"e-distribución Redes Digitales, S.L.U.",regional_presence_candidate,regional_presence_confirmed_needs_boundary_review,high_boundary_review,review_boundary_and_local_exceptions_before_production,no,no,e-distribución — distribución eléctrica,https://www.edistribucion.com/es/conocenos/instalaciones-distribucion-red/distribucion-electrica.html,"No contiene identificadores de suministro, direcciones, coordenadas privadas ni inventario de infraestructura.",Buscar distribuidoras locales/municipales antes de convertir a regional_default productivo.
aragon,Alpeñés,Teruel,municipality:teruel::alpenes,"e-distribución Redes Digitales, S.L.U.",regional_presence_candidate,regional_presence_confirmed_needs_boundary_review,high_boundary_review,review_boundary_and_local_exceptions_before_production,no,no,e-distribución — distribución eléctrica,https://www.edistribucion.com/es/conocenos/instalaciones-distribucion-red/distribucion-electrica.html,"No contiene identificadores de suministro, direcciones, coordenadas privadas ni inventario de infraestructura.",Buscar distribuidoras locales/municipales antes de convertir a regional_default productivo.
aragon,Manzanera,Teruel,municipality:teruel::manzanera,"e-distribución Redes Digitales, S.L.U.",regional_presence_candidate,regional_presence_confirmed_needs_boundary_review,high_boundary_review,review_boundary_and_local_exceptions_before_production,no,no,e-distribución — distribución eléctrica,https://www.edistribucion.com/es/conocenos/instalaciones-distribucion-red/distribucion-electrica.html,"No contiene identificadores de suministro, direcciones, coordenadas privadas ni inventario de infraestructura.",Buscar distribuidoras locales/municipales antes de convertir a regional_default productivo.
aragon,Almunia de San Juan,Huesca,municipality:huesca::almunia_de_san_juan,"e-distribución Redes Digitales, S.L.U.",regional_presence_candidate,regional_presence_confirmed_needs_boundary_review,high_boundary_review,review_boundary_and_local_exceptions_before_production,no,no,e-distribución — distribución eléctrica,https://www.edistribucion.com/es/conocenos/instalaciones-distribucion-red/distribucion-electrica.html,"No contiene identificadores de suministro, direcciones, coordenadas privadas ni inventario de infraestructura.",Buscar distribuidoras locales/municipales antes de convertir a regional_default productivo.
aragon,Piracés,Huesca,municipality:huesca::piraces,"e-distribución Redes Digitales, S.L.U.",regional_presence_candidate,regional_presence_confirmed_needs_boundary_review,high_boundary_review,review_boundary_and_local_exceptions_before_production,no,no,e-distribución — distribución eléctrica,https://www.edistribucion.com/es/conocenos/instalaciones-distribucion-red/distribucion-electrica.html,"No contiene identificadores de suministro, direcciones, coordenadas privadas ni inventario de infraestructura.",Buscar distribuidoras locales/municipales antes de convertir a regional_default productivo.
aragon,Biota,Zaragoza,municipality:zaragoza::biota,"e-distribución Redes Digitales, S.L.U.",regional_presence_candidate,regional_presence_confirmed_needs_boundary_review,high_boundary_review,review_boundary_and_local_exceptions_before_production,no,no,e-distribución — distribución eléctrica,https://www.edistribucion.com/es/conocenos/instalaciones-distribucion-red/distribucion-electrica.html,"No contiene identificadores de suministro, direcciones, coordenadas privadas ni inventario de infraestructura.",Buscar distribuidoras locales/municipales antes de convertir a regional_default productivo.
aragon,Clarés de Ribota,Zaragoza,municipality:zaragoza::clares_de_ribota,"e-distribución Redes Digitales, S.L.U.",regional_presence_candidate,regional_presence_confirmed_needs_boundary_review,high_boundary_review,review_boundary_and_local_exceptions_before_production,no,no,e-distribución — distribución eléctrica,https://www.edistribucion.com/es/conocenos/instalaciones-distribucion-red/distribucion-electrica.html,"No contiene identificadores de suministro, direcciones, coordenadas privadas ni inventario de infraestructura.",Buscar distribuidoras locales/municipales antes de convertir a regional_default productivo.
aragon,Ayerbe,Huesca,municipality:huesca::ayerbe,"e-distribución Redes Digitales, S.L.U.",regional_presence_candidate,regional_presence_confirmed_needs_boundary_review,high_boundary_review,review_boundary_and_local_exceptions_before_production,no,no,e-distribución — distribución eléctrica,https://www.edistribucion.com/es/conocenos/instalaciones-distribucion-red/distribucion-electrica.html,"No contiene identificadores de suministro, direcciones, coordenadas privadas ni inventario de infraestructura.",Buscar distribuidoras locales/municipales antes de convertir a regional_default productivo.
aragon,Salcedillo,Teruel,municipality:teruel::salcedillo,"e-distribución Redes Digitales, S.L.U.",regional_presence_candidate,regional_presence_confirmed_needs_boundary_review,high_boundary_review,review_boundary_and_local_exceptions_before_production,no,no,e-distribución — distribución eléctrica,https://www.edistribucion.com/es/conocenos/instalaciones-distribucion-red/distribucion-electrica.html,"No contiene identificadores de suministro, direcciones, coordenadas privadas ni inventario de infraestructura.",Buscar distribuidoras locales/municipales antes de convertir a regional_default productivo.
aragon,Codos,Zaragoza,municipality:zaragoza::codos,"e-distribución Redes Digitales, S.L.U.",regional_presence_candidate,regional_presence_confirmed_needs_boundary_review,high_boundary_review,review_boundary_and_local_exceptions_before_production,no,no,e-distribución — distribución eléctrica,https://www.edistribucion.com/es/conocenos/instalaciones-distribucion-red/distribucion-electrica.html,"No contiene identificadores de suministro, direcciones, coordenadas privadas ni inventario de infraestructura.",Buscar distribuidoras locales/municipales antes de convertir a regional_default productivo.
aragon,La Muela,Zaragoza,municipality:zaragoza::la_muela,"e-distribución Redes Digitales, S.L.U.",regional_presence_candidate,regional_presence_confirmed_needs_boundary_review,high_boundary_review,review_boundary_and_local_exceptions_before_production,no,no,e-distribución — distribución eléctrica,https://www.edistribucion.com/es/conocenos/instalaciones-distribucion-red/distribucion-electrica.html,"No contiene identificadores de suministro, direcciones, coordenadas privadas ni inventario de infraestructura.",Buscar distribuidoras locales/municipales antes de convertir a regional_default productivo.
aragon,Samper del Salz,Zaragoza,municipality:zaragoza::samper_del_salz,"e-distribución Redes Digitales, S.L.U.",regional_presence_candidate,regional_presence_confirmed_needs_boundary_review,high_boundary_review,review_boundary_and_local_exceptions_before_production,no,no,e-distribución — distribución eléctrica,https://www.edistribucion.com/es/conocenos/instalaciones-distribucion-red/distribucion-electrica.html,"No contiene identificadores de suministro, direcciones, coordenadas privadas ni inventario de infraestructura.",Buscar distribuidoras locales/municipales antes de convertir a regional_default productivo.
aragon,Anadón,Teruel,municipality:teruel::anadon,"e-distribución Redes Digitales, S.L.U.",regional_presence_candidate,regional_presence_confirmed_needs_boundary_review,high_boundary_review,review_boundary_and_local_exceptions_before_production,no,no,e-distribución — distribución eléctrica,https://www.edistribucion.com/es/conocenos/instalaciones-distribucion-red/distribucion-electrica.html,"No contiene identificadores de suministro, direcciones, coordenadas privadas ni inventario de infraestructura.",Buscar distribuidoras locales/municipales antes de convertir a regional_default productivo.
aragon,Perdiguera,Zaragoza,municipality:zaragoza::perdiguera,"e-distribución Redes Digitales, S.L.U.",regional_presence_candidate,regional_presence_confirmed_needs_boundary_review,high_boundary_review,review_boundary_and_local_exceptions_before_production,no,no,e-distribución — distribución eléctrica,https://www.edistribucion.com/es/conocenos/instalaciones-distribucion-red/distribucion-electrica.html,"No contiene identificadores de suministro, direcciones, coordenadas privadas ni inventario de infraestructura.",Buscar distribuidoras locales/municipales antes de convertir a regional_default productivo.
aragon,Torre de las Arcas,Teruel,municipality:teruel::torre_de_las_arcas,"e-distribución Redes Digitales, S.L.U.",regional_presence_candidate,regional_presence_confirmed_needs_boundary_review,high_boundary_review,review_boundary_and_local_exceptions_before_production,no,no,e-distribución — distribución eléctrica,https://www.edistribucion.com/es/conocenos/instalaciones-distribucion-red/distribucion-electrica.html,"No contiene identificadores de suministro, direcciones, coordenadas privadas ni inventario de infraestructura.",Buscar distribuidoras locales/municipales antes de convertir a regional_default productivo.
aragon,Ferreruela de Huerva,Teruel,municipality:teruel::ferreruela_de_huerva,"e-distribución Redes Digitales, S.L.U.",regional_presence_candidate,regional_presence_confirmed_needs_boundary_review,high_boundary_review,review_boundary_and_local_exceptions_before_production,no,no,e-distribución — distribución eléctrica,https://www.edistribucion.com/es/conocenos/instalaciones-distribucion-red/distribucion-electrica.html,"No contiene identificadores de suministro, direcciones, coordenadas privadas ni inventario de infraestructura.",Buscar distribuidoras locales/municipales antes de convertir a regional_default productivo.
aragon,Castiliscar,Zaragoza,municipality:zaragoza::castiliscar,"e-distribución Redes Digitales, S.L.U.",regional_presence_candidate,regional_presence_confirmed_needs_boundary_review,high_boundary_review,review_boundary_and_local_exceptions_before_production,no,no,e-distribución — distribución eléctrica,https://www.edistribucion.com/es/conocenos/instalaciones-distribucion-red/distribucion-electrica.html,"No contiene identificadores de suministro, direcciones, coordenadas privadas ni inventario de infraestructura.",Buscar distribuidoras locales/municipales antes de convertir a regional_default productivo.
aragon,Pozuelo de Aragón,Zaragoza,municipality:zaragoza::pozuelo_de_aragon,"e-distribución Redes Digitales, S.L.U.",regional_presence_candidate,regional_presence_confirmed_needs_boundary_review,high_boundary_review,review_boundary_and_local_exceptions_before_production,no,no,e-distribución — distribución eléctrica,https://www.edistribucion.com/es/conocenos/instalaciones-distribucion-red/distribucion-electrica.html,"No contiene identificadores de suministro, direcciones, coordenadas privadas ni inventario de infraestructura.",Buscar distribuidoras locales/municipales antes de convertir a regional_default productivo.
aragon,La Fueva,Huesca,municipality:huesca::la_fueva,"e-distribución Redes Digitales, S.L.U.",regional_presence_candidate,regional_presence_confirmed_needs_boundary_review,high_boundary_review,review_boundary_and_local_exceptions_before_production,no,no,e-distribución — distribución eléctrica,https://www.edistribucion.com/es/conocenos/instalaciones-distribucion-red/distribucion-electrica.html,"No contiene identificadores de suministro, direcciones, coordenadas privadas ni inventario de infraestructura.",Buscar distribuidoras locales/municipales antes de convertir a regional_default productivo.
aragon,Tardienta,Huesca,municipality:huesca::tardienta,"e-distribución Redes Digitales, S.L.U.",regional_presence_candidate,regional_presence_confirmed_needs_boundary_review,high_boundary_review,review_boundary_and_local_exceptions_before_production,no,no,e-distribución — distribución eléctrica,https://www.edistribucion.com/es/conocenos/instalaciones-distribucion-red/distribucion-electrica.html,"No contiene identificadores de suministro, direcciones, coordenadas privadas ni inventario de infraestructura.",Buscar distribuidoras locales/municipales antes de convertir a regional_default productivo.
aragon,Cubla,Teruel,municipality:teruel::cubla,"e-distribución Redes Digitales, S.L.U.",regional_presence_candidate,regional_presence_confirmed_needs_boundary_review,high_boundary_review,review_boundary_and_local_exceptions_before_production,no,no,e-distribución — distribución eléctrica,https://www.edistribucion.com/es/conocenos/instalaciones-distribucion-red/distribucion-electrica.html,"No contiene identificadores de suministro, direcciones, coordenadas privadas ni inventario de infraestructura.",Buscar distribuidoras locales/municipales antes de convertir a regional_default productivo.
aragon,Bárboles,Zaragoza,municipality:zaragoza::barboles,"e-distribución Redes Digitales, S.L.U.",regional_presence_candidate,regional_presence_confirmed_needs_boundary_review,high_boundary_review,review_boundary_and_local_exceptions_before_production,no,no,e-distribución — distribución eléctrica,https://www.edistribucion.com/es/conocenos/instalaciones-distribucion-red/distribucion-electrica.html,"No contiene identificadores de suministro, direcciones, coordenadas privadas ni inventario de infraestructura.",Buscar distribuidoras locales/municipales antes de convertir a regional_default productivo.
aragon,Ricla,Zaragoza,municipality:zaragoza::ricla,"e-distribución Redes Digitales, S.L.U.",regional_presence_candidate,regional_presence_confirmed_needs_boundary_review,high_boundary_review,review_boundary_and_local_exceptions_before_production,no,no,e-distribución — distribución eléctrica,https://www.edistribucion.com/es/conocenos/instalaciones-distribucion-red/distribucion-electrica.html,"No contiene identificadores de suministro, direcciones, coordenadas privadas ni inventario de infraestructura.",Buscar distribuidoras locales/municipales antes de convertir a regional_default productivo.
aragon,Torres de Berrellén,Zaragoza,municipality:zaragoza::torres_de_berrellen,"e-distribución Redes Digitales, S.L.U.",regional_presence_candidate,regional_presence_confirmed_needs_boundary_review,high_boundary_review,review_boundary_and_local_exceptions_before_production,no,no,e-distribución — distribución eléctrica,https://www.edistribucion.com/es/conocenos/instalaciones-distribucion-red/distribucion-electrica.html,"No contiene identificadores de suministro, direcciones, coordenadas privadas ni inventario de infraestructura.",Buscar distribuidoras locales/municipales antes de convertir a regional_default productivo.
aragon,Formiche Alto,Teruel,municipality:teruel::formiche_alto,"e-distribución Redes Digitales, S.L.U.",regional_presence_candidate,regional_presence_confirmed_needs_boundary_review,high_boundary_review,review_boundary_and_local_exceptions_before_production,no,no,e-distribución — distribución eléctrica,https://www.edistribucion.com/es/conocenos/instalaciones-distribucion-red/distribucion-electrica.html,"No contiene identificadores de suministro, direcciones, coordenadas privadas ni inventario de infraestructura.",Buscar distribuidoras locales/municipales antes de convertir a regional_default productivo.
aragon,Jarque de la Val,Teruel,municipality:teruel::jarque_de_la_val,"e-distribución Redes Digitales, S.L.U.",regional_presence_candidate,regional_presence_confirmed_needs_boundary_review,high_boundary_review,review_boundary_and_local_exceptions_before_production,no,no,e-distribución — distribución eléctrica,https://www.edistribucion.com/es/conocenos/instalaciones-distribucion-red/distribucion-electrica.html,"No contiene identificadores de suministro, direcciones, coordenadas privadas ni inventario de infraestructura.",Buscar distribuidoras locales/municipales antes de convertir a regional_default productivo.
aragon,Ariño,Teruel,municipality:teruel::arino,"e-distribución Redes Digitales, S.L.U.",regional_presence_candidate,regional_presence_confirmed_needs_boundary_review,high_boundary_review,review_boundary_and_local_exceptions_before_production,no,no,e-distribución — distribución eléctrica,https://www.edistribucion.com/es/conocenos/instalaciones-distribucion-red/distribucion-electrica.html,"No contiene identificadores de suministro, direcciones, coordenadas privadas ni inventario de infraestructura.",Buscar distribuidoras locales/municipales antes de convertir a regional_default productivo.
aragon,Comunidad de la Pardina del Mercadal,Teruel,municipality:teruel::comunidad_de_la_pardina_del_mercadal,"e-distribución Redes Digitales, S.L.U.",regional_presence_candidate,regional_presence_confirmed_needs_boundary_review,high_boundary_review,review_boundary_and_local_exceptions_before_production,no,no,e-distribución — distribución eléctrica,https://www.edistribucion.com/es/conocenos/instalaciones-distribucion-red/distribucion-electrica.html,"No contiene identificadores de suministro, direcciones, coordenadas privadas ni inventario de infraestructura.",Buscar distribuidoras locales/municipales antes de convertir a regional_default productivo.
aragon,Fuentespalda,Teruel,municipality:teruel::fuentespalda,"e-distribución Redes Digitales, S.L.U.",regional_presence_candidate,regional_presence_confirmed_needs_boundary_review,high_boundary_review,review_boundary_and_local_exceptions_before_production,no,no,e-distribución — distribución eléctrica,https://www.edistribucion.com/es/conocenos/instalaciones-distribucion-red/distribucion-electrica.html,"No contiene identificadores de suministro, direcciones, coordenadas privadas ni inventario de infraestructura.",Buscar distribuidoras locales/municipales antes de convertir a regional_default productivo.
aragon,Purujosa,Zaragoza,municipality:zaragoza::purujosa,"e-distribución Redes Digitales, S.L.U.",regional_presence_candidate,regional_presence_confirmed_needs_boundary_review,high_boundary_review,review_boundary_and_local_exceptions_before_production,no,no,e-distribución — distribución eléctrica,https://www.edistribucion.com/es/conocenos/instalaciones-distribucion-red/distribucion-electrica.html,"No contiene identificadores de suministro, direcciones, coordenadas privadas ni inventario de infraestructura.",Buscar distribuidoras locales/municipales antes de convertir a regional_default productivo.
aragon,Torrijo de la Cañada,Zaragoza,municipality:zaragoza::torrijo_de_la_canada,"e-distribución Redes Digitales, S.L.U.",regional_presence_candidate,regional_presence_confirmed_needs_boundary_review,high_boundary_review,review_boundary_and_local_exceptions_before_production,no,no,e-distribución — distribución eléctrica,https://www.edistribucion.com/es/conocenos/instalaciones-distribucion-red/distribucion-electrica.html,"No contiene identificadores de suministro, direcciones, coordenadas privadas ni inventario de infraestructura.",Buscar distribuidoras locales/municipales antes de convertir a regional_default productivo.
aragon,Mequinenza,Zaragoza,municipality:zaragoza::mequinenza,"e-distribución Redes Digitales, S.L.U.",regional_presence_candidate,regional_presence_confirmed_needs_boundary_review,high_boundary_review,review_boundary_and_local_exceptions_before_production,no,no,e-distribución — distribución eléctrica,https://www.edistribucion.com/es/conocenos/instalaciones-distribucion-red/distribucion-electrica.html,"No contiene identificadores de suministro, direcciones, coordenadas privadas ni inventario de infraestructura.",Buscar distribuidoras locales/municipales antes de convertir a regional_default productivo.
aragon,La Vilueña,Zaragoza,municipality:zaragoza::la_viluena,"e-distribución Redes Digitales, S.L.U.",regional_presence_candidate,regional_presence_confirmed_needs_boundary_review,high_boundary_review,review_boundary_and_local_exceptions_before_production,no,no,e-distribución — distribución eléctrica,https://www.edistribucion.com/es/conocenos/instalaciones-distribucion-red/distribucion-electrica.html,"No contiene identificadores de suministro, direcciones, coordenadas privadas ni inventario de infraestructura.",Buscar distribuidoras locales/municipales antes de convertir a regional_default productivo.
aragon,Benasque,Huesca,municipality:huesca::benasque,"e-distribución Redes Digitales, S.L.U.",regional_presence_candidate,regional_presence_confirmed_needs_boundary_review,high_boundary_review,review_boundary_and_local_exceptions_before_production,no,no,e-distribución — distribución eléctrica,https://www.edistribucion.com/es/conocenos/instalaciones-distribucion-red/distribucion-electrica.html,"No contiene identificadores de suministro, direcciones, coordenadas privadas ni inventario de infraestructura.",Buscar distribuidoras locales/municipales antes de convertir a regional_default productivo.
aragon,Monroyo,Teruel,municipality:teruel::monroyo,"e-distribución Redes Digitales, S.L.U.",regional_presence_candidate,regional_presence_confirmed_needs_boundary_review,high_boundary_review,review_boundary_and_local_exceptions_before_production,no,no,e-distribución — distribución eléctrica,https://www.edistribucion.com/es/conocenos/instalaciones-distribucion-red/distribucion-electrica.html,"No contiene identificadores de suministro, direcciones, coordenadas privadas ni inventario de infraestructura.",Buscar distribuidoras locales/municipales antes de convertir a regional_default productivo.
aragon,Balconchán,Zaragoza,municipality:zaragoza::balconchan,"e-distribución Redes Digitales, S.L.U.",regional_presence_candidate,regional_presence_confirmed_needs_boundary_review,high_boundary_review,review_boundary_and_local_exceptions_before_production,no,no,e-distribución — distribución eléctrica,https://www.edistribucion.com/es/conocenos/instalaciones-distribucion-red/distribucion-electrica.html,"No contiene identificadores de suministro, direcciones, coordenadas privadas ni inventario de infraestructura.",Buscar distribuidoras locales/municipales antes de convertir a regional_default productivo.
aragon,Luceni,Zaragoza,municipality:zaragoza::luceni,"e-distribución Redes Digitales, S.L.U.",regional_presence_candidate,regional_presence_confirmed_needs_boundary_review,high_boundary_review,review_boundary_and_local_exceptions_before_production,no,no,e-distribución — distribución eléctrica,https://www.edistribucion.com/es/conocenos/instalaciones-distribucion-red/distribucion-electrica.html,"No contiene identificadores de suministro, direcciones, coordenadas privadas ni inventario de infraestructura.",Buscar distribuidoras locales/municipales antes de convertir a regional_default productivo.
aragon,Biscarrués,Huesca,municipality:huesca::biscarrues,"e-distribución Redes Digitales, S.L.U.",regional_presence_candidate,regional_presence_confirmed_needs_boundary_review,high_boundary_review,review_boundary_and_local_exceptions_before_production,no,no,e-distribución — distribución eléctrica,https://www.edistribucion.com/es/conocenos/instalaciones-distribucion-red/distribucion-electrica.html,"No contiene identificadores de suministro, direcciones, coordenadas privadas ni inventario de infraestructura.",Buscar distribuidoras locales/municipales antes de convertir a regional_default productivo.
aragon,Ainzón,Zaragoza,municipality:zaragoza::ainzon,"e-distribución Redes Digitales, S.L.U.",regional_presence_candidate,regional_presence_confirmed_needs_boundary_review,high_boundary_review,review_boundary_and_local_exceptions_before_production,no,no,e-distribución — distribución eléctrica,https://www.edistribucion.com/es/conocenos/instalaciones-distribucion-red/distribucion-electrica.html,"No contiene identificadores de suministro, direcciones, coordenadas privadas ni inventario de infraestructura.",Buscar distribuidoras locales/municipales antes de convertir a regional_default productivo.
aragon,Arcos de las Salinas,Teruel,municipality:teruel::arcos_de_las_salinas,"e-distribución Redes Digitales, S.L.U.",regional_presence_candidate,regional_presence_confirmed_needs_boundary_review,high_boundary_review,review_boundary_and_local_exceptions_before_production,no,no,e-distribución — distribución eléctrica,https://www.edistribucion.com/es/conocenos/instalaciones-distribucion-red/distribucion-electrica.html,"No contiene identificadores de suministro, direcciones, coordenadas privadas ni inventario de infraestructura.",Buscar distribuidoras locales/municipales antes de convertir a regional_default productivo.
aragon,Fuentes de Jiloca,Zaragoza,municipality:zaragoza::fuentes_de_jiloca,"e-distribución Redes Digitales, S.L.U.",regional_presence_candidate,regional_presence_confirmed_needs_boundary_review,high_boundary_review,review_boundary_and_local_exceptions_before_production,no,no,e-distribución — distribución eléctrica,https://www.edistribucion.com/es/conocenos/instalaciones-distribucion-red/distribucion-electrica.html,"No contiene identificadores de suministro, direcciones, coordenadas privadas ni inventario de infraestructura.",Buscar distribuidoras locales/municipales antes de convertir a regional_default productivo.
aragon,Used,Zaragoza,municipality:zaragoza::used,"e-distribución Redes Digitales, S.L.U.",regional_presence_candidate,regional_presence_confirmed_needs_boundary_review,high_boundary_review,review_boundary_and_local_exceptions_before_production,no,no,e-distribución — distribución eléctrica,https://www.edistribucion.com/es/conocenos/instalaciones-distribucion-red/distribucion-electrica.html,"No contiene identificadores de suministro, direcciones, coordenadas privadas ni inventario de infraestructura.",Buscar distribuidoras locales/municipales antes de convertir a regional_default productivo.
aragon,Urrea de Gaén,Teruel,municipality:teruel::urrea_de_gaen,"e-distribución Redes Digitales, S.L.U.",regional_presence_candidate,regional_presence_confirmed_needs_boundary_review,high_boundary_review,review_boundary_and_local_exceptions_before_production,no,no,e-distribución — distribución eléctrica,https://www.edistribucion.com/es/conocenos/instalaciones-distribucion-red/distribucion-electrica.html,"No contiene identificadores de suministro, direcciones, coordenadas privadas ni inventario de infraestructura.",Buscar distribuidoras locales/municipales antes de convertir a regional_default productivo.
aragon,María de Huerva,Zaragoza,municipality:zaragoza::maria_de_huerva,"e-distribución Redes Digitales, S.L.U.",regional_presence_candidate,regional_presence_confirmed_needs_boundary_review,high_boundary_review,review_boundary_and_local_exceptions_before_production,no,no,e-distribución — distribución eléctrica,https://www.edistribucion.com/es/conocenos/instalaciones-distribucion-red/distribucion-electrica.html,"No contiene identificadores de suministro, direcciones, coordenadas privadas ni inventario de infraestructura.",Buscar distribuidoras locales/municipales antes de convertir a regional_default productivo.
aragon,Magallón,Zaragoza,municipality:zaragoza::magallon,"e-distribución Redes Digitales, S.L.U.",regional_presence_candidate,regional_presence_confirmed_needs_boundary_review,high_boundary_review,review_boundary_and_local_exceptions_before_production,no,no,e-distribución — distribución eléctrica,https://www.edistribucion.com/es/conocenos/instalaciones-distribucion-red/distribucion-electrica.html,"No contiene identificadores de suministro, direcciones, coordenadas privadas ni inventario de infraestructura.",Buscar distribuidoras locales/municipales antes de convertir a regional_default productivo.
aragon,Beceite,Teruel,municipality:teruel::beceite,"e-distribución Redes Digitales, S.L.U.",regional_presence_candidate,regional_presence_confirmed_needs_boundary_review,high_boundary_review,review_boundary_and_local_exceptions_before_production,no,no,e-distribución — distribución eléctrica,https://www.edistribucion.com/es/conocenos/instalaciones-distribucion-red/distribucion-electrica.html,"No contiene identificadores de suministro, direcciones, coordenadas privadas ni inventario de infraestructura.",Buscar distribuidoras locales/municipales antes de convertir a regional_default productivo.
aragon,Bulbuente,Zaragoza,municipality:zaragoza::bulbuente,"e-distribución Redes Digitales, S.L.U.",regional_presence_candidate,regional_presence_confirmed_needs_boundary_review,high_boundary_review,review_boundary_and_local_exceptions_before_production,no,no,e-distribución — distribución eléctrica,https://www.edistribucion.com/es/conocenos/instalaciones-distribucion-red/distribucion-electrica.html,"No contiene identificadores de suministro, direcciones, coordenadas privadas ni inventario de infraestructura.",Buscar distribuidoras locales/municipales antes de convertir a regional_default productivo.
aragon,Banastás,Huesca,municipality:huesca::banastas,"e-distribución Redes Digitales, S.L.U.",regional_presence_candidate,regional_presence_confirmed_needs_boundary_review,high_boundary_review,review_boundary_and_local_exceptions_before_production,no,no,e-distribución — distribución eléctrica,https://www.edistribucion.com/es/conocenos/instalaciones-distribucion-red/distribucion-electrica.html,"No contiene identificadores de suministro, direcciones, coordenadas privadas ni inventario de infraestructura.",Buscar distribuidoras locales/municipales antes de convertir a regional_default productivo.
aragon,Villafranca de Ebro,Zaragoza,municipality:zaragoza::villafranca_de_ebro,"e-distribución Redes Digitales, S.L.U.",regional_presence_candidate,regional_presence_confirmed_needs_boundary_review,high_boundary_review,review_boundary_and_local_exceptions_before_production,no,no,e-distribución — distribución eléctrica,https://www.edistribucion.com/es/conocenos/instalaciones-distribucion-red/distribucion-electrica.html,"No contiene identificadores de suministro, direcciones, coordenadas privadas ni inventario de infraestructura.",Buscar distribuidoras locales/municipales antes de convertir a regional_default productivo.
aragon,Albalatillo,Huesca,municipality:huesca::albalatillo,"e-distribución Redes Digitales, S.L.U.",regional_presence_candidate,regional_presence_confirmed_needs_boundary_review,high_boundary_review,review_boundary_and_local_exceptions_before_production,no,no,e-distribución — distribución eléctrica,https://www.edistribucion.com/es/conocenos/instalaciones-distribucion-red/distribucion-electrica.html,"No contiene identificadores de suministro, direcciones, coordenadas privadas ni inventario de infraestructura.",Buscar distribuidoras locales/municipales antes de convertir a regional_default productivo.
aragon,Peralejos,Teruel,municipality:teruel::peralejos,"e-distribución Redes Digitales, S.L.U.",regional_presence_candidate,regional_presence_confirmed_needs_boundary_review,high_boundary_review,review_boundary_and_local_exceptions_before_production,no,no,e-distribución — distribución eléctrica,https://www.edistribucion.com/es/conocenos/instalaciones-distribucion-red/distribucion-electrica.html,"No contiene identificadores de suministro, direcciones, coordenadas privadas ni inventario de infraestructura.",Buscar distribuidoras locales/municipales antes de convertir a regional_default productivo.
aragon,Borja,Zaragoza,municipality:zaragoza::borja,"e-distribución Redes Digitales, S.L.U.",regional_presence_candidate,regional_presence_confirmed_needs_boundary_review,high_boundary_review,review_boundary_and_local_exceptions_before_production,no,no,e-distribución — distribución eléctrica,https://www.edistribucion.com/es/conocenos/instalaciones-distribucion-red/distribucion-electrica.html,"No contiene identificadores de suministro, direcciones, coordenadas privadas ni inventario de infraestructura.",Buscar distribuidoras locales/municipales antes de convertir a regional_default productivo.
aragon,Daroca,Zaragoza,municipality:zaragoza::daroca,"e-distribución Redes Digitales, S.L.U.",regional_presence_candidate,regional_presence_confirmed_needs_boundary_review,high_boundary_review,review_boundary_and_local_exceptions_before_production,no,no,e-distribución — distribución eléctrica,https://www.edistribucion.com/es/conocenos/instalaciones-distribucion-red/distribucion-electrica.html,"No contiene identificadores de suministro, direcciones, coordenadas privadas ni inventario de infraestructura.",Buscar distribuidoras locales/municipales antes de convertir a regional_default productivo.
aragon,Erla,Zaragoza,municipality:zaragoza::erla,"e-distribución Redes Digitales, S.L.U.",regional_presence_candidate,regional_presence_confirmed_needs_boundary_review,high_boundary_review,review_boundary_and_local_exceptions_before_production,no,no,e-distribución — distribución eléctrica,https://www.edistribucion.com/es/conocenos/instalaciones-distribucion-red/distribucion-electrica.html,"No contiene identificadores de suministro, direcciones, coordenadas privadas ni inventario de infraestructura.",Buscar distribuidoras locales/municipales antes de convertir a regional_default productivo.
aragon,Alpartir,Zaragoza,municipality:zaragoza::alpartir,"e-distribución Redes Digitales, S.L.U.",regional_presence_candidate,regional_presence_confirmed_needs_boundary_review,high_boundary_review,review_boundary_and_local_exceptions_before_production,no,no,e-distribución — distribución eléctrica,https://www.edistribucion.com/es/conocenos/instalaciones-distribucion-red/distribucion-electrica.html,"No contiene identificadores de suministro, direcciones, coordenadas privadas ni inventario de infraestructura.",Buscar distribuidoras locales/municipales antes de convertir a regional_default productivo.
aragon,Lécera,Zaragoza,municipality:zaragoza::lecera,"e-distribución Redes Digitales, S.L.U.",regional_presence_candidate,regional_presence_confirmed_needs_boundary_review,high_boundary_review,review_boundary_and_local_exceptions_before_production,no,no,e-distribución — distribución eléctrica,https://www.edistribucion.com/es/conocenos/instalaciones-distribucion-red/distribucion-electrica.html,"No contiene identificadores de suministro, direcciones, coordenadas privadas ni inventario de infraestructura.",Buscar distribuidoras locales/municipales antes de convertir a regional_default productivo.
aragon,Lagata,Zaragoza,municipality:zaragoza::lagata,"e-distribución Redes Digitales, S.L.U.",regional_presence_candidate,regional_presence_confirmed_needs_boundary_review,high_boundary_review,review_boundary_and_local_exceptions_before_production,no,no,e-distribución — distribución eléctrica,https://www.edistribucion.com/es/conocenos/instalaciones-distribucion-red/distribucion-electrica.html,"No contiene identificadores de suministro, direcciones, coordenadas privadas ni inventario de infraestructura.",Buscar distribuidoras locales/municipales antes de convertir a regional_default productivo.
aragon,Cetina,Zaragoza,municipality:zaragoza::cetina,"e-distribución Redes Digitales, S.L.U.",regional_presence_candidate,regional_presence_confirmed_needs_boundary_review,high_boundary_review,review_boundary_and_local_exceptions_before_production,no,no,e-distribución — distribución eléctrica,https://www.edistribucion.com/es/conocenos/instalaciones-distribucion-red/distribucion-electrica.html,"No contiene identificadores de suministro, direcciones, coordenadas privadas ni inventario de infraestructura.",Buscar distribuidoras locales/municipales antes de convertir a regional_default productivo.
aragon,Quinto,Zaragoza,municipality:zaragoza::quinto,"e-distribución Redes Digitales, S.L.U.",regional_presence_candidate,regional_presence_confirmed_needs_boundary_review,high_boundary_review,review_boundary_and_local_exceptions_before_production,no,no,e-distribución — distribución eléctrica,https://www.edistribucion.com/es/conocenos/instalaciones-distribucion-red/distribucion-electrica.html,"No contiene identificadores de suministro, direcciones, coordenadas privadas ni inventario de infraestructura.",Buscar distribuidoras locales/municipales antes de convertir a regional_default productivo.
aragon,Siétamo,Huesca,municipality:huesca::sietamo,"e-distribución Redes Digitales, S.L.U.",regional_presence_candidate,regional_presence_confirmed_needs_boundary_review,high_boundary_review,review_boundary_and_local_exceptions_before_production,no,no,e-distribución — distribución eléctrica,https://www.edistribucion.com/es/conocenos/instalaciones-distribucion-red/distribucion-electrica.html,"No contiene identificadores de suministro, direcciones, coordenadas privadas ni inventario de infraestructura.",Buscar distribuidoras locales/municipales antes de convertir a regional_default productivo.
aragon,Villanova,Huesca,municipality:huesca::villanova,"e-distribución Redes Digitales, S.L.U.",regional_presence_candidate,regional_presence_confirmed_needs_boundary_review,high_boundary_review,review_boundary_and_local_exceptions_before_production,no,no,e-distribución — distribución eléctrica,https://www.edistribucion.com/es/conocenos/instalaciones-distribucion-red/distribucion-electrica.html,"No contiene identificadores de suministro, direcciones, coordenadas privadas ni inventario de infraestructura.",Buscar distribuidoras locales/municipales antes de convertir a regional_default productivo.
aragon,Fayón,Zaragoza,municipality:zaragoza::fayon,"e-distribución Redes Digitales, S.L.U.",regional_presence_candidate,regional_presence_confirmed_needs_boundary_review,high_boundary_review,review_boundary_and_local_exceptions_before_production,no,no,e-distribución — distribución eléctrica,https://www.edistribucion.com/es/conocenos/instalaciones-distribucion-red/distribucion-electrica.html,"No contiene identificadores de suministro, direcciones, coordenadas privadas ni inventario de infraestructura.",Buscar distribuidoras locales/municipales antes de convertir a regional_default productivo.
aragon,Híjar,Teruel,municipality:teruel::hijar,"e-distribución Redes Digitales, S.L.U.",regional_presence_candidate,regional_presence_confirmed_needs_boundary_review,high_boundary_review,review_boundary_and_local_exceptions_before_production,no,no,e-distribución — distribución eléctrica,https://www.edistribucion.com/es/conocenos/instalaciones-distribucion-red/distribucion-electrica.html,"No contiene identificadores de suministro, direcciones, coordenadas privadas ni inventario de infraestructura.",Buscar distribuidoras locales/municipales antes de convertir a regional_default productivo.
aragon,Tormón,Teruel,municipality:teruel::tormon,"e-distribución Redes Digitales, S.L.U.",regional_presence_candidate,regional_presence_confirmed_needs_boundary_review,high_boundary_review,review_boundary_and_local_exceptions_before_production,no,no,e-distribución — distribución eléctrica,https://www.edistribucion.com/es/conocenos/instalaciones-distribucion-red/distribucion-electrica.html,"No contiene identificadores de suministro, direcciones, coordenadas privadas ni inventario de infraestructura.",Buscar distribuidoras locales/municipales antes de convertir a regional_default productivo.
aragon,Galve,Teruel,municipality:teruel::galve,"e-distribución Redes Digitales, S.L.U.",regional_presence_candidate,regional_presence_confirmed_needs_boundary_review,high_boundary_review,review_boundary_and_local_exceptions_before_production,no,no,e-distribución — distribución eléctrica,https://www.edistribucion.com/es/conocenos/instalaciones-distribucion-red/distribucion-electrica.html,"No contiene identificadores de suministro, direcciones, coordenadas privadas ni inventario de infraestructura.",Buscar distribuidoras locales/municipales antes de convertir a regional_default productivo.
aragon,Gistaín,Huesca,municipality:huesca::gistain,"e-distribución Redes Digitales, S.L.U.",regional_presence_candidate,regional_presence_confirmed_needs_boundary_review,high_boundary_review,review_boundary_and_local_exceptions_before_production,no,no,e-distribución — distribución eléctrica,https://www.edistribucion.com/es/conocenos/instalaciones-distribucion-red/distribucion-electrica.html,"No contiene identificadores de suministro, direcciones, coordenadas privadas ni inventario de infraestructura.",Buscar distribuidoras locales/municipales antes de convertir a regional_default productivo.
aragon,Linares de Mora,Teruel,municipality:teruel::linares_de_mora,"e-distribución Redes Digitales, S.L.U.",regional_presence_candidate,regional_presence_confirmed_needs_boundary_review,high_boundary_review,review_boundary_and_local_exceptions_before_production,no,no,e-distribución — distribución eléctrica,https://www.edistribucion.com/es/conocenos/instalaciones-distribucion-red/distribucion-electrica.html,"No contiene identificadores de suministro, direcciones, coordenadas privadas ni inventario de infraestructura.",Buscar distribuidoras locales/municipales antes de convertir a regional_default productivo.
aragon,Las Parras de Castellote,Teruel,municipality:teruel::las_parras_de_castellote,"e-distribución Redes Digitales, S.L.U.",regional_presence_candidate,regional_presence_confirmed_needs_boundary_review,high_boundary_review,review_boundary_and_local_exceptions_before_production,no,no,e-distribución — distribución eléctrica,https://www.edistribucion.com/es/conocenos/instalaciones-distribucion-red/distribucion-electrica.html,"No contiene identificadores de suministro, direcciones, coordenadas privadas ni inventario de infraestructura.",Buscar distribuidoras locales/municipales antes de convertir a regional_default productivo.
aragon,El Pobo,Teruel,municipality:teruel::el_pobo,"e-distribución Redes Digitales, S.L.U.",regional_presence_candidate,regional_presence_confirmed_needs_boundary_review,high_boundary_review,review_boundary_and_local_exceptions_before_production,no,no,e-distribución — distribución eléctrica,https://www.edistribucion.com/es/conocenos/instalaciones-distribucion-red/distribucion-electrica.html,"No contiene identificadores de suministro, direcciones, coordenadas privadas ni inventario de infraestructura.",Buscar distribuidoras locales/municipales antes de convertir a regional_default productivo.
aragon,Fombuena,Zaragoza,municipality:zaragoza::fombuena,"e-distribución Redes Digitales, S.L.U.",regional_presence_candidate,regional_presence_confirmed_needs_boundary_review,high_boundary_review,review_boundary_and_local_exceptions_before_production,no,no,e-distribución — distribución eléctrica,https://www.edistribucion.com/es/conocenos/instalaciones-distribucion-red/distribucion-electrica.html,"No contiene identificadores de suministro, direcciones, coordenadas privadas ni inventario de infraestructura.",Buscar distribuidoras locales/municipales antes de convertir a regional_default productivo.
aragon,Belmonte de San José,Teruel,municipality:teruel::belmonte_de_san_jose,"e-distribución Redes Digitales, S.L.U.",regional_presence_candidate,regional_presence_confirmed_needs_boundary_review,high_boundary_review,review_boundary_and_local_exceptions_before_production,no,no,e-distribución — distribución eléctrica,https://www.edistribucion.com/es/conocenos/instalaciones-distribucion-red/distribucion-electrica.html,"No contiene identificadores de suministro, direcciones, coordenadas privadas ni inventario de infraestructura.",Buscar distribuidoras locales/municipales antes de convertir a regional_default productivo.
aragon,Nogueruelas,Teruel,municipality:teruel::nogueruelas,"e-distribución Redes Digitales, S.L.U.",regional_presence_candidate,regional_presence_confirmed_needs_boundary_review,high_boundary_review,review_boundary_and_local_exceptions_before_production,no,no,e-distribución — distribución eléctrica,https://www.edistribucion.com/es/conocenos/instalaciones-distribucion-red/distribucion-electrica.html,"No contiene identificadores de suministro, direcciones, coordenadas privadas ni inventario de infraestructura.",Buscar distribuidoras locales/municipales antes de convertir a regional_default productivo.
aragon,Castejón de Valdejasa,Zaragoza,municipality:zaragoza::castejon_de_valdejasa,"e-distribución Redes Digitales, S.L.U.",regional_presence_candidate,regional_presence_confirmed_needs_boundary_review,high_boundary_review,review_boundary_and_local_exceptions_before_production,no,no,e-distribución — distribución eléctrica,https://www.edistribucion.com/es/conocenos/instalaciones-distribucion-red/distribucion-electrica.html,"No contiene identificadores de suministro, direcciones, coordenadas privadas ni inventario de infraestructura.",Buscar distribuidoras locales/municipales antes de convertir a regional_default productivo.
aragon,Urriés,Zaragoza,municipality:zaragoza::urries,"e-distribución Redes Digitales, S.L.U.",regional_presence_candidate,regional_presence_confirmed_needs_boundary_review,high_boundary_review,review_boundary_and_local_exceptions_before_production,no,no,e-distribución — distribución eléctrica,https://www.edistribucion.com/es/conocenos/instalaciones-distribucion-red/distribucion-electrica.html,"No contiene identificadores de suministro, direcciones, coordenadas privadas ni inventario de infraestructura.",Buscar distribuidoras locales/municipales antes de convertir a regional_default productivo.
aragon,Frías de Albarracín,Teruel,municipality:teruel::frias_de_albarracin,"e-distribución Redes Digitales, S.L.U.",regional_presence_candidate,regional_presence_confirmed_needs_boundary_review,high_boundary_review,review_boundary_and_local_exceptions_before_production,no,no,e-distribución — distribución eléctrica,https://www.edistribucion.com/es/conocenos/instalaciones-distribucion-red/distribucion-electrica.html,"No contiene identificadores de suministro, direcciones, coordenadas privadas ni inventario de infraestructura.",Buscar distribuidoras locales/municipales antes de convertir a regional_default productivo.
aragon,Yebra de Basa,Huesca,municipality:huesca::yebra_de_basa,"e-distribución Redes Digitales, S.L.U.",regional_presence_candidate,regional_presence_confirmed_needs_boundary_review,high_boundary_review,review_boundary_and_local_exceptions_before_production,no,no,e-distribución — distribución eléctrica,https://www.edistribucion.com/es/conocenos/instalaciones-distribucion-red/distribucion-electrica.html,"No contiene identificadores de suministro, direcciones, coordenadas privadas ni inventario de infraestructura.",Buscar distribuidoras locales/municipales antes de convertir a regional_default productivo.
aragon,Ambel,Zaragoza,municipality:zaragoza::ambel,"e-distribución Redes Digitales, S.L.U.",regional_presence_candidate,regional_presence_confirmed_needs_boundary_review,high_boundary_review,review_boundary_and_local_exceptions_before_production,no,no,e-distribución — distribución eléctrica,https://www.edistribucion.com/es/conocenos/instalaciones-distribucion-red/distribucion-electrica.html,"No contiene identificadores de suministro, direcciones, coordenadas privadas ni inventario de infraestructura.",Buscar distribuidoras locales/municipales antes de convertir a regional_default productivo.
aragon,Lanzuela,Teruel,municipality:teruel::lanzuela,"e-distribución Redes Digitales, S.L.U.",regional_presence_candidate,regional_presence_confirmed_needs_boundary_review,high_boundary_review,review_boundary_and_local_exceptions_before_production,no,no,e-distribución — distribución eléctrica,https://www.edistribucion.com/es/conocenos/instalaciones-distribucion-red/distribucion-electrica.html,"No contiene identificadores de suministro, direcciones, coordenadas privadas ni inventario de infraestructura.",Buscar distribuidoras locales/municipales antes de convertir a regional_default productivo.
aragon,Zuera,Zaragoza,municipality:zaragoza::zuera,"e-distribución Redes Digitales, S.L.U.",regional_presence_candidate,regional_presence_confirmed_needs_boundary_review,high_boundary_review,review_boundary_and_local_exceptions_before_production,no,no,e-distribución — distribución eléctrica,https://www.edistribucion.com/es/conocenos/instalaciones-distribucion-red/distribucion-electrica.html,"No contiene identificadores de suministro, direcciones, coordenadas privadas ni inventario de infraestructura.",Buscar distribuidoras locales/municipales antes de convertir a regional_default productivo.
aragon,La Cuba,Teruel,municipality:teruel::la_cuba,"e-distribución Redes Digitales, S.L.U.",regional_presence_candidate,regional_presence_confirmed_needs_boundary_review,high_boundary_review,review_boundary_and_local_exceptions_before_production,no,no,e-distribución — distribución eléctrica,https://www.edistribucion.com/es/conocenos/instalaciones-distribucion-red/distribucion-electrica.html,"No contiene identificadores de suministro, direcciones, coordenadas privadas ni inventario de infraestructura.",Buscar distribuidoras locales/municipales antes de convertir a regional_default productivo.
aragon,Aragüés del Puerto,Huesca,municipality:huesca::aragues_del_puerto,"e-distribución Redes Digitales, S.L.U.",regional_presence_candidate,regional_presence_confirmed_needs_boundary_review,high_boundary_review,review_boundary_and_local_exceptions_before_production,no,no,e-distribución — distribución eléctrica,https://www.edistribucion.com/es/conocenos/instalaciones-distribucion-red/distribucion-electrica.html,"No contiene identificadores de suministro, direcciones, coordenadas privadas ni inventario de infraestructura.",Buscar distribuidoras locales/municipales antes de convertir a regional_default productivo.
aragon,Bello,Teruel,municipality:teruel::bello,"e-distribución Redes Digitales, S.L.U.",regional_presence_candidate,regional_presence_confirmed_needs_boundary_review,high_boundary_review,review_boundary_and_local_exceptions_before_production,no,no,e-distribución — distribución eléctrica,https://www.edistribucion.com/es/conocenos/instalaciones-distribucion-red/distribucion-electrica.html,"No contiene identificadores de suministro, direcciones, coordenadas privadas ni inventario de infraestructura.",Buscar distribuidoras locales/municipales antes de convertir a regional_default productivo.
aragon,Bijuesca,Zaragoza,municipality:zaragoza::bijuesca,"e-distribución Redes Digitales, S.L.U.",regional_presence_candidate,regional_presence_confirmed_needs_boundary_review,high_boundary_review,review_boundary_and_local_exceptions_before_production,no,no,e-distribución — distribución eléctrica,https://www.edistribucion.com/es/conocenos/instalaciones-distribucion-red/distribucion-electrica.html,"No contiene identificadores de suministro, direcciones, coordenadas privadas ni inventario de infraestructura.",Buscar distribuidoras locales/municipales antes de convertir a regional_default productivo.
aragon,Fraga,Huesca,municipality:huesca::fraga,"e-distribución Redes Digitales, S.L.U.",regional_presence_candidate,regional_presence_confirmed_needs_boundary_review,high_boundary_review,review_boundary_and_local_exceptions_before_production,no,no,e-distribución — distribución eléctrica,https://www.edistribucion.com/es/conocenos/instalaciones-distribucion-red/distribucion-electrica.html,"No contiene identificadores de suministro, direcciones, coordenadas privadas ni inventario de infraestructura.",Buscar distribuidoras locales/municipales antes de convertir a regional_default productivo.
aragon,Torrente de Cinca,Huesca,municipality:huesca::torrente_de_cinca,"e-distribución Redes Digitales, S.L.U.",regional_presence_candidate,regional_presence_confirmed_needs_boundary_review,high_boundary_review,review_boundary_and_local_exceptions_before_production,no,no,e-distribución — distribución eléctrica,https://www.edistribucion.com/es/conocenos/instalaciones-distribucion-red/distribucion-electrica.html,"No contiene identificadores de suministro, direcciones, coordenadas privadas ni inventario de infraestructura.",Buscar distribuidoras locales/municipales antes de convertir a regional_default productivo.
aragon,La Puebla de Híjar,Teruel,municipality:teruel::la_puebla_de_hijar,"e-distribución Redes Digitales, S.L.U.",regional_presence_candidate,regional_presence_confirmed_needs_boundary_review,high_boundary_review,review_boundary_and_local_exceptions_before_production,no,no,e-distribución — distribución eléctrica,https://www.edistribucion.com/es/conocenos/instalaciones-distribucion-red/distribucion-electrica.html,"No contiene identificadores de suministro, direcciones, coordenadas privadas ni inventario de infraestructura.",Buscar distribuidoras locales/municipales antes de convertir a regional_default productivo.
aragon,Castigaleu,Huesca,municipality:huesca::castigaleu,"e-distribución Redes Digitales, S.L.U.",regional_presence_candidate,regional_presence_confirmed_needs_boundary_review,high_boundary_review,review_boundary_and_local_exceptions_before_production,no,no,e-distribución — distribución eléctrica,https://www.edistribucion.com/es/conocenos/instalaciones-distribucion-red/distribucion-electrica.html,"No contiene identificadores de suministro, direcciones, coordenadas privadas ni inventario de infraestructura.",Buscar distribuidoras locales/municipales antes de convertir a regional_default productivo.
aragon,Aliaga,Teruel,municipality:teruel::aliaga,"e-distribución Redes Digitales, S.L.U.",regional_presence_candidate,regional_presence_confirmed_needs_boundary_review,high_boundary_review,review_boundary_and_local_exceptions_before_production,no,no,e-distribución — distribución eléctrica,https://www.edistribucion.com/es/conocenos/instalaciones-distribucion-red/distribucion-electrica.html,"No contiene identificadores de suministro, direcciones, coordenadas privadas ni inventario de infraestructura.",Buscar distribuidoras locales/municipales antes de convertir a regional_default productivo.
aragon,Villel,Teruel,municipality:teruel::villel,"e-distribución Redes Digitales, S.L.U.",regional_presence_candidate,regional_presence_confirmed_needs_boundary_review,high_boundary_review,review_boundary_and_local_exceptions_before_production,no,no,e-distribución — distribución eléctrica,https://www.edistribucion.com/es/conocenos/instalaciones-distribucion-red/distribucion-electrica.html,"No contiene identificadores de suministro, direcciones, coordenadas privadas ni inventario de infraestructura.",Buscar distribuidoras locales/municipales antes de convertir a regional_default productivo.
aragon,Litago,Zaragoza,municipality:zaragoza::litago,"e-distribución Redes Digitales, S.L.U.",regional_presence_candidate,regional_presence_confirmed_needs_boundary_review,high_boundary_review,review_boundary_and_local_exceptions_before_production,no,no,e-distribución — distribución eléctrica,https://www.edistribucion.com/es/conocenos/instalaciones-distribucion-red/distribucion-electrica.html,"No contiene identificadores de suministro, direcciones, coordenadas privadas ni inventario de infraestructura.",Buscar distribuidoras locales/municipales antes de convertir a regional_default productivo.
aragon,Rueda de Jalón,Zaragoza,municipality:zaragoza::rueda_de_jalon,"e-distribución Redes Digitales, S.L.U.",regional_presence_candidate,regional_presence_confirmed_needs_boundary_review,high_boundary_review,review_boundary_and_local_exceptions_before_production,no,no,e-distribución — distribución eléctrica,https://www.edistribucion.com/es/conocenos/instalaciones-distribucion-red/distribucion-electrica.html,"No contiene identificadores de suministro, direcciones, coordenadas privadas ni inventario de infraestructura.",Buscar distribuidoras locales/municipales antes de convertir a regional_default productivo.
aragon,Sallent de Gállego,Huesca,municipality:huesca::sallent_de_gallego,"e-distribución Redes Digitales, S.L.U.",regional_presence_candidate,regional_presence_confirmed_needs_boundary_review,high_boundary_review,review_boundary_and_local_exceptions_before_production,no,no,e-distribución — distribución eléctrica,https://www.edistribucion.com/es/conocenos/instalaciones-distribucion-red/distribucion-electrica.html,"No contiene identificadores de suministro, direcciones, coordenadas privadas ni inventario de infraestructura.",Buscar distribuidoras locales/municipales antes de convertir a regional_default productivo.
aragon,Tronchón,Teruel,municipality:teruel::tronchon,"e-distribución Redes Digitales, S.L.U.",regional_presence_candidate,regional_presence_confirmed_needs_boundary_review,high_boundary_review,review_boundary_and_local_exceptions_before_production,no,no,e-distribución — distribución eléctrica,https://www.edistribucion.com/es/conocenos/instalaciones-distribucion-red/distribucion-electrica.html,"No contiene identificadores de suministro, direcciones, coordenadas privadas ni inventario de infraestructura.",Buscar distribuidoras locales/municipales antes de convertir a regional_default productivo.
aragon,Mallén,Zaragoza,municipality:zaragoza::mallen,"e-distribución Redes Digitales, S.L.U.",regional_presence_candidate,regional_presence_confirmed_needs_boundary_review,high_boundary_review,review_boundary_and_local_exceptions_before_production,no,no,e-distribución — distribución eléctrica,https://www.edistribucion.com/es/conocenos/instalaciones-distribucion-red/distribucion-electrica.html,"No contiene identificadores de suministro, direcciones, coordenadas privadas ni inventario de infraestructura.",Buscar distribuidoras locales/municipales antes de convertir a regional_default productivo.
aragon,Bordón,Teruel,municipality:teruel::bordon,"e-distribución Redes Digitales, S.L.U.",regional_presence_candidate,regional_presence_confirmed_needs_boundary_review,high_boundary_review,review_boundary_and_local_exceptions_before_production,no,no,e-distribución — distribución eléctrica,https://www.edistribucion.com/es/conocenos/instalaciones-distribucion-red/distribucion-electrica.html,"No contiene identificadores de suministro, direcciones, coordenadas privadas ni inventario de infraestructura.",Buscar distribuidoras locales/municipales antes de convertir a regional_default productivo.
aragon,Camarena de la Sierra,Teruel,municipality:teruel::camarena_de_la_sierra,"e-distribución Redes Digitales, S.L.U.",regional_presence_candidate,regional_presence_confirmed_needs_boundary_review,high_boundary_review,review_boundary_and_local_exceptions_before_production,no,no,e-distribución — distribución eléctrica,https://www.edistribucion.com/es/conocenos/instalaciones-distribucion-red/distribucion-electrica.html,"No contiene identificadores de suministro, direcciones, coordenadas privadas ni inventario de infraestructura.",Buscar distribuidoras locales/municipales antes de convertir a regional_default productivo.
aragon,Cervera de la Cañada,Zaragoza,municipality:zaragoza::cervera_de_la_canada,"e-distribución Redes Digitales, S.L.U.",regional_presence_candidate,regional_presence_confirmed_needs_boundary_review,high_boundary_review,review_boundary_and_local_exceptions_before_production,no,no,e-distribución — distribución eléctrica,https://www.edistribucion.com/es/conocenos/instalaciones-distribucion-red/distribucion-electrica.html,"No contiene identificadores de suministro, direcciones, coordenadas privadas ni inventario de infraestructura.",Buscar distribuidoras locales/municipales antes de convertir a regional_default productivo.
aragon,Villarreal de Huerva,Zaragoza,municipality:zaragoza::villarreal_de_huerva,"e-distribución Redes Digitales, S.L.U.",regional_presence_candidate,regional_presence_confirmed_needs_boundary_review,high_boundary_review,review_boundary_and_local_exceptions_before_production,no,no,e-distribución — distribución eléctrica,https://www.edistribucion.com/es/conocenos/instalaciones-distribucion-red/distribucion-electrica.html,"No contiene identificadores de suministro, direcciones, coordenadas privadas ni inventario de infraestructura.",Buscar distribuidoras locales/municipales antes de convertir a regional_default productivo.
aragon,Albalate de Cinca,Huesca,municipality:huesca::albalate_de_cinca,"e-distribución Redes Digitales, S.L.U.",regional_presence_candidate,regional_presence_confirmed_needs_boundary_review,high_boundary_review,review_boundary_and_local_exceptions_before_production,no,no,e-distribución — distribución eléctrica,https://www.edistribucion.com/es/conocenos/instalaciones-distribucion-red/distribucion-electrica.html,"No contiene identificadores de suministro, direcciones, coordenadas privadas ni inventario de infraestructura.",Buscar distribuidoras locales/municipales antes de convertir a regional_default productivo.
aragon,Secastilla,Huesca,municipality:huesca::secastilla,"e-distribución Redes Digitales, S.L.U.",regional_presence_candidate,regional_presence_confirmed_needs_boundary_review,high_boundary_review,review_boundary_and_local_exceptions_before_production,no,no,e-distribución — distribución eléctrica,https://www.edistribucion.com/es/conocenos/instalaciones-distribucion-red/distribucion-electrica.html,"No contiene identificadores de suministro, direcciones, coordenadas privadas ni inventario de infraestructura.",Buscar distribuidoras locales/municipales antes de convertir a regional_default productivo.
aragon,Beranuy,Huesca,municipality:huesca::beranuy,"e-distribución Redes Digitales, S.L.U.",regional_presence_candidate,regional_presence_confirmed_needs_boundary_review,high_boundary_review,review_boundary_and_local_exceptions_before_production,no,no,e-distribución — distribución eléctrica,https://www.edistribucion.com/es/conocenos/instalaciones-distribucion-red/distribucion-electrica.html,"No contiene identificadores de suministro, direcciones, coordenadas privadas ni inventario de infraestructura.",Buscar distribuidoras locales/municipales antes de convertir a regional_default productivo.
aragon,Caldearenas,Huesca,municipality:huesca::caldearenas,"e-distribución Redes Digitales, S.L.U.",regional_presence_candidate,regional_presence_confirmed_needs_boundary_review,high_boundary_review,review_boundary_and_local_exceptions_before_production,no,no,e-distribución — distribución eléctrica,https://www.edistribucion.com/es/conocenos/instalaciones-distribucion-red/distribucion-electrica.html,"No contiene identificadores de suministro, direcciones, coordenadas privadas ni inventario de infraestructura.",Buscar distribuidoras locales/municipales antes de convertir a regional_default productivo.
aragon,Oseja,Zaragoza,municipality:zaragoza::oseja,"e-distribución Redes Digitales, S.L.U.",regional_presence_candidate,regional_presence_confirmed_needs_boundary_review,high_boundary_review,review_boundary_and_local_exceptions_before_production,no,no,e-distribución — distribución eléctrica,https://www.edistribucion.com/es/conocenos/instalaciones-distribucion-red/distribucion-electrica.html,"No contiene identificadores de suministro, direcciones, coordenadas privadas ni inventario de infraestructura.",Buscar distribuidoras locales/municipales antes de convertir a regional_default productivo.
aragon,Berrocalejo de Aragona,Ávila,municipality:avila::berrocalejo_de_aragona,"e-distribución Redes Digitales, S.L.U.",regional_presence_candidate,regional_presence_confirmed_needs_boundary_review,high_boundary_review,review_boundary_and_local_exceptions_before_production,no,no,e-distribución — distribución eléctrica,https://www.edistribucion.com/es/conocenos/instalaciones-distribucion-red/distribucion-electrica.html,"No contiene identificadores de suministro, direcciones, coordenadas privadas ni inventario de infraestructura.",Buscar distribuidoras locales/municipales antes de convertir a regional_default productivo.
aragon,Talamantes,Zaragoza,municipality:zaragoza::talamantes,"e-distribución Redes Digitales, S.L.U.",regional_presence_candidate,regional_presence_confirmed_needs_boundary_review,high_boundary_review,review_boundary_and_local_exceptions_before_production,no,no,e-distribución — distribución eléctrica,https://www.edistribucion.com/es/conocenos/instalaciones-distribucion-red/distribucion-electrica.html,"No contiene identificadores de suministro, direcciones, coordenadas privadas ni inventario de infraestructura.",Buscar distribuidoras locales/municipales antes de convertir a regional_default productivo.
aragon,Alforque,Zaragoza,municipality:zaragoza::alforque,"e-distribución Redes Digitales, S.L.U.",regional_presence_candidate,regional_presence_confirmed_needs_boundary_review,high_boundary_review,review_boundary_and_local_exceptions_before_production,no,no,e-distribución — distribución eléctrica,https://www.edistribucion.com/es/conocenos/instalaciones-distribucion-red/distribucion-electrica.html,"No contiene identificadores de suministro, direcciones, coordenadas privadas ni inventario de infraestructura.",Buscar distribuidoras locales/municipales antes de convertir a regional_default productivo.
aragon,Castillazuelo,Huesca,municipality:huesca::castillazuelo,"e-distribución Redes Digitales, S.L.U.",regional_presence_candidate,regional_presence_confirmed_needs_boundary_review,high_boundary_review,review_boundary_and_local_exceptions_before_production,no,no,e-distribución — distribución eléctrica,https://www.edistribucion.com/es/conocenos/instalaciones-distribucion-red/distribucion-electrica.html,"No contiene identificadores de suministro, direcciones, coordenadas privadas ni inventario de infraestructura.",Buscar distribuidoras locales/municipales antes de convertir a regional_default productivo.
aragon,Fuentes Calientes,Teruel,municipality:teruel::fuentes_calientes,"e-distribución Redes Digitales, S.L.U.",regional_presence_candidate,regional_presence_confirmed_needs_boundary_review,high_boundary_review,review_boundary_and_local_exceptions_before_production,no,no,e-distribución — distribución eléctrica,https://www.edistribucion.com/es/conocenos/instalaciones-distribucion-red/distribucion-electrica.html,"No contiene identificadores de suministro, direcciones, coordenadas privadas ni inventario de infraestructura.",Buscar distribuidoras locales/municipales antes de convertir a regional_default productivo.
aragon,Velilla de Ebro,Zaragoza,municipality:zaragoza::velilla_de_ebro,"e-distribución Redes Digitales, S.L.U.",regional_presence_candidate,regional_presence_confirmed_needs_boundary_review,high_boundary_review,review_boundary_and_local_exceptions_before_production,no,no,e-distribución — distribución eléctrica,https://www.edistribucion.com/es/conocenos/instalaciones-distribucion-red/distribucion-electrica.html,"No contiene identificadores de suministro, direcciones, coordenadas privadas ni inventario de infraestructura.",Buscar distribuidoras locales/municipales antes de convertir a regional_default productivo.
aragon,Albeta,Zaragoza,municipality:zaragoza::albeta,"e-distribución Redes Digitales, S.L.U.",regional_presence_candidate,regional_presence_confirmed_needs_boundary_review,high_boundary_review,review_boundary_and_local_exceptions_before_production,no,no,e-distribución — distribución eléctrica,https://www.edistribucion.com/es/conocenos/instalaciones-distribucion-red/distribucion-electrica.html,"No contiene identificadores de suministro, direcciones, coordenadas privadas ni inventario de infraestructura.",Buscar distribuidoras locales/municipales antes de convertir a regional_default productivo.
aragon,Villanueva de Gállego,Zaragoza,municipality:zaragoza::villanueva_de_gallego,"e-distribución Redes Digitales, S.L.U.",regional_presence_candidate,regional_presence_confirmed_needs_boundary_review,high_boundary_review,review_boundary_and_local_exceptions_before_production,no,no,e-distribución — distribución eléctrica,https://www.edistribucion.com/es/conocenos/instalaciones-distribucion-red/distribucion-electrica.html,"No contiene identificadores de suministro, direcciones, coordenadas privadas ni inventario de infraestructura.",Buscar distribuidoras locales/municipales antes de convertir a regional_default productivo.
aragon,Laspuña,Huesca,municipality:huesca::laspuna,"e-distribución Redes Digitales, S.L.U.",regional_presence_candidate,regional_presence_confirmed_needs_boundary_review,high_boundary_review,review_boundary_and_local_exceptions_before_production,no,no,e-distribución — distribución eléctrica,https://www.edistribucion.com/es/conocenos/instalaciones-distribucion-red/distribucion-electrica.html,"No contiene identificadores de suministro, direcciones, coordenadas privadas ni inventario de infraestructura.",Buscar distribuidoras locales/municipales antes de convertir a regional_default productivo.
aragon,Puendeluna,Zaragoza,municipality:zaragoza::puendeluna,"e-distribución Redes Digitales, S.L.U.",regional_presence_candidate,regional_presence_confirmed_needs_boundary_review,high_boundary_review,review_boundary_and_local_exceptions_before_production,no,no,e-distribución — distribución eléctrica,https://www.edistribucion.com/es/conocenos/instalaciones-distribucion-red/distribucion-electrica.html,"No contiene identificadores de suministro, direcciones, coordenadas privadas ni inventario de infraestructura.",Buscar distribuidoras locales/municipales antes de convertir a regional_default productivo.
aragon,Torres de Alcanadre,Huesca,municipality:huesca::torres_de_alcanadre,"e-distribución Redes Digitales, S.L.U.",regional_presence_candidate,regional_presence_confirmed_needs_boundary_review,high_boundary_review,review_boundary_and_local_exceptions_before_production,no,no,e-distribución — distribución eléctrica,https://www.edistribucion.com/es/conocenos/instalaciones-distribucion-red/distribucion-electrica.html,"No contiene identificadores de suministro, direcciones, coordenadas privadas ni inventario de infraestructura.",Buscar distribuidoras locales/municipales antes de convertir a regional_default productivo.
aragon,Orera,Zaragoza,municipality:zaragoza::orera,"e-distribución Redes Digitales, S.L.U.",regional_presence_candidate,regional_presence_confirmed_needs_boundary_review,high_boundary_review,review_boundary_and_local_exceptions_before_production,no,no,e-distribución — distribución eléctrica,https://www.edistribucion.com/es/conocenos/instalaciones-distribucion-red/distribucion-electrica.html,"No contiene identificadores de suministro, direcciones, coordenadas privadas ni inventario de infraestructura.",Buscar distribuidoras locales/municipales antes de convertir a regional_default productivo.
aragon,Los Fayos,Zaragoza,municipality:zaragoza::los_fayos,"e-distribución Redes Digitales, S.L.U.",regional_presence_candidate,regional_presence_confirmed_needs_boundary_review,high_boundary_review,review_boundary_and_local_exceptions_before_production,no,no,e-distribución — distribución eléctrica,https://www.edistribucion.com/es/conocenos/instalaciones-distribucion-red/distribucion-electrica.html,"No contiene identificadores de suministro, direcciones, coordenadas privadas ni inventario de infraestructura.",Buscar distribuidoras locales/municipales antes de convertir a regional_default productivo.
aragon,Plenas,Zaragoza,municipality:zaragoza::plenas,"e-distribución Redes Digitales, S.L.U.",regional_presence_candidate,regional_presence_confirmed_needs_boundary_review,high_boundary_review,review_boundary_and_local_exceptions_before_production,no,no,e-distribución — distribución eléctrica,https://www.edistribucion.com/es/conocenos/instalaciones-distribucion-red/distribucion-electrica.html,"No contiene identificadores de suministro, direcciones, coordenadas privadas ni inventario de infraestructura.",Buscar distribuidoras locales/municipales antes de convertir a regional_default productivo.
aragon,Cabañas de Ebro,Zaragoza,municipality:zaragoza::cabanas_de_ebro,"e-distribución Redes Digitales, S.L.U.",regional_presence_candidate,regional_presence_confirmed_needs_boundary_review,high_boundary_review,review_boundary_and_local_exceptions_before_production,no,no,e-distribución — distribución eléctrica,https://www.edistribucion.com/es/conocenos/instalaciones-distribucion-red/distribucion-electrica.html,"No contiene identificadores de suministro, direcciones, coordenadas privadas ni inventario de infraestructura.",Buscar distribuidoras locales/municipales antes de convertir a regional_default productivo.
aragon,Camporrélls,Huesca,municipality:huesca::camporrells,"e-distribución Redes Digitales, S.L.U.",regional_presence_candidate,regional_presence_confirmed_needs_boundary_review,high_boundary_review,review_boundary_and_local_exceptions_before_production,no,no,e-distribución — distribución eléctrica,https://www.edistribucion.com/es/conocenos/instalaciones-distribucion-red/distribucion-electrica.html,"No contiene identificadores de suministro, direcciones, coordenadas privadas ni inventario de infraestructura.",Buscar distribuidoras locales/municipales antes de convertir a regional_default productivo.
aragon,San Juan de Plan,Huesca,municipality:huesca::san_juan_de_plan,"e-distribución Redes Digitales, S.L.U.",regional_presence_candidate,regional_presence_confirmed_needs_boundary_review,high_boundary_review,review_boundary_and_local_exceptions_before_production,no,no,e-distribución — distribución eléctrica,https://www.edistribucion.com/es/conocenos/instalaciones-distribucion-red/distribucion-electrica.html,"No contiene identificadores de suministro, direcciones, coordenadas privadas ni inventario de infraestructura.",Buscar distribuidoras locales/municipales antes de convertir a regional_default productivo.
aragon,Villamayor de Gállego,Zaragoza,municipality:zaragoza::villamayor_de_gallego,"e-distribución Redes Digitales, S.L.U.",regional_presence_candidate,regional_presence_confirmed_needs_boundary_review,high_boundary_review,review_boundary_and_local_exceptions_before_production,no,no,e-distribución — distribución eléctrica,https://www.edistribucion.com/es/conocenos/instalaciones-distribucion-red/distribucion-electrica.html,"No contiene identificadores de suministro, direcciones, coordenadas privadas ni inventario de infraestructura.",Buscar distribuidoras locales/municipales antes de convertir a regional_default productivo.
aragon,Villadoz,Zaragoza,municipality:zaragoza::villadoz,"e-distribución Redes Digitales, S.L.U.",regional_presence_candidate,regional_presence_confirmed_needs_boundary_review,high_boundary_review,review_boundary_and_local_exceptions_before_production,no,no,e-distribución — distribución eléctrica,https://www.edistribucion.com/es/conocenos/instalaciones-distribucion-red/distribucion-electrica.html,"No contiene identificadores de suministro, direcciones, coordenadas privadas ni inventario de infraestructura.",Buscar distribuidoras locales/municipales antes de convertir a regional_default productivo.
aragon,Pedrola,Zaragoza,municipality:zaragoza::pedrola,"e-distribución Redes Digitales, S.L.U.",regional_presence_candidate,regional_presence_confirmed_needs_boundary_review,high_boundary_review,review_boundary_and_local_exceptions_before_production,no,no,e-distribución — distribución eléctrica,https://www.edistribucion.com/es/conocenos/instalaciones-distribucion-red/distribucion-electrica.html,"No contiene identificadores de suministro, direcciones, coordenadas privadas ni inventario de infraestructura.",Buscar distribuidoras locales/municipales antes de convertir a regional_default productivo.
aragon,Crivillén,Teruel,municipality:teruel::crivillen,"e-distribución Redes Digitales, S.L.U.",regional_presence_candidate,regional_presence_confirmed_needs_boundary_review,high_boundary_review,review_boundary_and_local_exceptions_before_production,no,no,e-distribución — distribución eléctrica,https://www.edistribucion.com/es/conocenos/instalaciones-distribucion-red/distribucion-electrica.html,"No contiene identificadores de suministro, direcciones, coordenadas privadas ni inventario de infraestructura.",Buscar distribuidoras locales/municipales antes de convertir a regional_default productivo.
aragon,Malón,Zaragoza,municipality:zaragoza::malon,"e-distribución Redes Digitales, S.L.U.",regional_presence_candidate,regional_presence_confirmed_needs_boundary_review,high_boundary_review,review_boundary_and_local_exceptions_before_production,no,no,e-distribución — distribución eléctrica,https://www.edistribucion.com/es/conocenos/instalaciones-distribucion-red/distribucion-electrica.html,"No contiene identificadores de suministro, direcciones, coordenadas privadas ni inventario de infraestructura.",Buscar distribuidoras locales/municipales antes de convertir a regional_default productivo.
aragon,Tramacastilla,Teruel,municipality:teruel::tramacastilla,"e-distribución Redes Digitales, S.L.U.",regional_presence_candidate,regional_presence_confirmed_needs_boundary_review,high_boundary_review,review_boundary_and_local_exceptions_before_production,no,no,e-distribución — distribución eléctrica,https://www.edistribucion.com/es/conocenos/instalaciones-distribucion-red/distribucion-electrica.html,"No contiene identificadores de suministro, direcciones, coordenadas privadas ni inventario de infraestructura.",Buscar distribuidoras locales/municipales antes de convertir a regional_default productivo.
aragon,Aguarón,Zaragoza,municipality:zaragoza::aguaron,"e-distribución Redes Digitales, S.L.U.",regional_presence_candidate,regional_presence_confirmed_needs_boundary_review,high_boundary_review,review_boundary_and_local_exceptions_before_production,no,no,e-distribución — distribución eléctrica,https://www.edistribucion.com/es/conocenos/instalaciones-distribucion-red/distribucion-electrica.html,"No contiene identificadores de suministro, direcciones, coordenadas privadas ni inventario de infraestructura.",Buscar distribuidoras locales/municipales antes de convertir a regional_default productivo.
aragon,Alcolea de Cinca,Huesca,municipality:huesca::alcolea_de_cinca,"e-distribución Redes Digitales, S.L.U.",regional_presence_candidate,regional_presence_confirmed_needs_boundary_review,high_boundary_review,review_boundary_and_local_exceptions_before_production,no,no,e-distribución — distribución eléctrica,https://www.edistribucion.com/es/conocenos/instalaciones-distribucion-red/distribucion-electrica.html,"No contiene identificadores de suministro, direcciones, coordenadas privadas ni inventario de infraestructura.",Buscar distribuidoras locales/municipales antes de convertir a regional_default productivo.
aragon,Tosos,Zaragoza,municipality:zaragoza::tosos,"e-distribución Redes Digitales, S.L.U.",regional_presence_candidate,regional_presence_confirmed_needs_boundary_review,high_boundary_review,review_boundary_and_local_exceptions_before_production,no,no,e-distribución — distribución eléctrica,https://www.edistribucion.com/es/conocenos/instalaciones-distribucion-red/distribucion-electrica.html,"No contiene identificadores de suministro, direcciones, coordenadas privadas ni inventario de infraestructura.",Buscar distribuidoras locales/municipales antes de convertir a regional_default productivo.
aragon,Chimillas,Huesca,municipality:huesca::chimillas,"e-distribución Redes Digitales, S.L.U.",regional_presence_candidate,regional_presence_confirmed_needs_boundary_review,high_boundary_review,review_boundary_and_local_exceptions_before_production,no,no,e-distribución — distribución eléctrica,https://www.edistribucion.com/es/conocenos/instalaciones-distribucion-red/distribucion-electrica.html,"No contiene identificadores de suministro, direcciones, coordenadas privadas ni inventario de infraestructura.",Buscar distribuidoras locales/municipales antes de convertir a regional_default productivo.
aragon,Ruesca,Zaragoza,municipality:zaragoza::ruesca,"e-distribución Redes Digitales, S.L.U.",regional_presence_candidate,regional_presence_confirmed_needs_boundary_review,high_boundary_review,review_boundary_and_local_exceptions_before_production,no,no,e-distribución — distribución eléctrica,https://www.edistribucion.com/es/conocenos/instalaciones-distribucion-red/distribucion-electrica.html,"No contiene identificadores de suministro, direcciones, coordenadas privadas ni inventario de infraestructura.",Buscar distribuidoras locales/municipales antes de convertir a regional_default productivo.
aragon,Igriés,Huesca,municipality:huesca::igries,"e-distribución Redes Digitales, S.L.U.",regional_presence_candidate,regional_presence_confirmed_needs_boundary_review,high_boundary_review,review_boundary_and_local_exceptions_before_production,no,no,e-distribución — distribución eléctrica,https://www.edistribucion.com/es/conocenos/instalaciones-distribucion-red/distribucion-electrica.html,"No contiene identificadores de suministro, direcciones, coordenadas privadas ni inventario de infraestructura.",Buscar distribuidoras locales/municipales antes de convertir a regional_default productivo.
aragon,Camarillas,Teruel,municipality:teruel::camarillas,"e-distribución Redes Digitales, S.L.U.",regional_presence_candidate,regional_presence_confirmed_needs_boundary_review,high_boundary_review,review_boundary_and_local_exceptions_before_production,no,no,e-distribución — distribución eléctrica,https://www.edistribucion.com/es/conocenos/instalaciones-distribucion-red/distribucion-electrica.html,"No contiene identificadores de suministro, direcciones, coordenadas privadas ni inventario de infraestructura.",Buscar distribuidoras locales/municipales antes de convertir a regional_default productivo.
aragon,Veguillas de la Sierra,Teruel,municipality:teruel::veguillas_de_la_sierra,"e-distribución Redes Digitales, S.L.U.",regional_presence_candidate,regional_presence_confirmed_needs_boundary_review,high_boundary_review,review_boundary_and_local_exceptions_before_production,no,no,e-distribución — distribución eléctrica,https://www.edistribucion.com/es/conocenos/instalaciones-distribucion-red/distribucion-electrica.html,"No contiene identificadores de suministro, direcciones, coordenadas privadas ni inventario de infraestructura.",Buscar distribuidoras locales/municipales antes de convertir a regional_default productivo.
aragon,Villarroya de la Sierra,Zaragoza,municipality:zaragoza::villarroya_de_la_sierra,"e-distribución Redes Digitales, S.L.U.",regional_presence_candidate,regional_presence_confirmed_needs_boundary_review,high_boundary_review,review_boundary_and_local_exceptions_before_production,no,no,e-distribución — distribución eléctrica,https://www.edistribucion.com/es/conocenos/instalaciones-distribucion-red/distribucion-electrica.html,"No contiene identificadores de suministro, direcciones, coordenadas privadas ni inventario de infraestructura.",Buscar distribuidoras locales/municipales antes de convertir a regional_default productivo.
aragon,Monreal de Ariza,Zaragoza,municipality:zaragoza::monreal_de_ariza,"e-distribución Redes Digitales, S.L.U.",regional_presence_candidate,regional_presence_confirmed_needs_boundary_review,high_boundary_review,review_boundary_and_local_exceptions_before_production,no,no,e-distribución — distribución eléctrica,https://www.edistribucion.com/es/conocenos/instalaciones-distribucion-red/distribucion-electrica.html,"No contiene identificadores de suministro, direcciones, coordenadas privadas ni inventario de infraestructura.",Buscar distribuidoras locales/municipales antes de convertir a regional_default productivo.
aragon,Pastriz,Zaragoza,municipality:zaragoza::pastriz,"e-distribución Redes Digitales, S.L.U.",regional_presence_candidate,regional_presence_confirmed_needs_boundary_review,high_boundary_review,review_boundary_and_local_exceptions_before_production,no,no,e-distribución — distribución eléctrica,https://www.edistribucion.com/es/conocenos/instalaciones-distribucion-red/distribucion-electrica.html,"No contiene identificadores de suministro, direcciones, coordenadas privadas ni inventario de infraestructura.",Buscar distribuidoras locales/municipales antes de convertir a regional_default productivo.
aragon,Molina de Aragón,Guadalajara,municipality:guadalajara::molina_de_aragon,"e-distribución Redes Digitales, S.L.U.",regional_presence_candidate,regional_presence_confirmed_needs_boundary_review,high_boundary_review,review_boundary_and_local_exceptions_before_production,no,no,e-distribución — distribución eléctrica,https://www.edistribucion.com/es/conocenos/instalaciones-distribucion-red/distribucion-electrica.html,"No contiene identificadores de suministro, direcciones, coordenadas privadas ni inventario de infraestructura.",Buscar distribuidoras locales/municipales antes de convertir a regional_default productivo.
aragon,Alacón,Teruel,municipality:teruel::alacon,"e-distribución Redes Digitales, S.L.U.",regional_presence_candidate,regional_presence_confirmed_needs_boundary_review,high_boundary_review,review_boundary_and_local_exceptions_before_production,no,no,e-distribución — distribución eléctrica,https://www.edistribucion.com/es/conocenos/instalaciones-distribucion-red/distribucion-electrica.html,"No contiene identificadores de suministro, direcciones, coordenadas privadas ni inventario de infraestructura.",Buscar distribuidoras locales/municipales antes de convertir a regional_default productivo.
aragon,Bisimbre,Zaragoza,municipality:zaragoza::bisimbre,"e-distribución Redes Digitales, S.L.U.",regional_presence_candidate,regional_presence_confirmed_needs_boundary_review,high_boundary_review,review_boundary_and_local_exceptions_before_production,no,no,e-distribución — distribución eléctrica,https://www.edistribucion.com/es/conocenos/instalaciones-distribucion-red/distribucion-electrica.html,"No contiene identificadores de suministro, direcciones, coordenadas privadas ni inventario de infraestructura.",Buscar distribuidoras locales/municipales antes de convertir a regional_default productivo.
aragon,Bisaurri,Huesca,municipality:huesca::bisaurri,"e-distribución Redes Digitales, S.L.U.",regional_presence_candidate,regional_presence_confirmed_needs_boundary_review,high_boundary_review,review_boundary_and_local_exceptions_before_production,no,no,e-distribución — distribución eléctrica,https://www.edistribucion.com/es/conocenos/instalaciones-distribucion-red/distribucion-electrica.html,"No contiene identificadores de suministro, direcciones, coordenadas privadas ni inventario de infraestructura.",Buscar distribuidoras locales/municipales antes de convertir a regional_default productivo.
aragon,Baldellou,Huesca,municipality:huesca::baldellou,"e-distribución Redes Digitales, S.L.U.",regional_presence_candidate,regional_presence_confirmed_needs_boundary_review,high_boundary_review,review_boundary_and_local_exceptions_before_production,no,no,e-distribución — distribución eléctrica,https://www.edistribucion.com/es/conocenos/instalaciones-distribucion-red/distribucion-electrica.html,"No contiene identificadores de suministro, direcciones, coordenadas privadas ni inventario de infraestructura.",Buscar distribuidoras locales/municipales antes de convertir a regional_default productivo.
aragon,Viacamp y Litera,Huesca,municipality:huesca::viacamp_y_litera,"e-distribución Redes Digitales, S.L.U.",regional_presence_candidate,regional_presence_confirmed_needs_boundary_review,high_boundary_review,review_boundary_and_local_exceptions_before_production,no,no,e-distribución — distribución eléctrica,https://www.edistribucion.com/es/conocenos/instalaciones-distribucion-red/distribucion-electrica.html,"No contiene identificadores de suministro, direcciones, coordenadas privadas ni inventario de infraestructura.",Buscar distribuidoras locales/municipales antes de convertir a regional_default productivo.
aragon,Palomar de Arroyos,Teruel,municipality:teruel::palomar_de_arroyos,"e-distribución Redes Digitales, S.L.U.",regional_presence_candidate,regional_presence_confirmed_needs_boundary_review,high_boundary_review,review_boundary_and_local_exceptions_before_production,no,no,e-distribución — distribución eléctrica,https://www.edistribucion.com/es/conocenos/instalaciones-distribucion-red/distribucion-electrica.html,"No contiene identificadores de suministro, direcciones, coordenadas privadas ni inventario de infraestructura.",Buscar distribuidoras locales/municipales antes de convertir a regional_default productivo.
aragon,Ráfales,Teruel,municipality:teruel::rafales,"e-distribución Redes Digitales, S.L.U.",regional_presence_candidate,regional_presence_confirmed_needs_boundary_review,high_boundary_review,review_boundary_and_local_exceptions_before_production,no,no,e-distribución — distribución eléctrica,https://www.edistribucion.com/es/conocenos/instalaciones-distribucion-red/distribucion-electrica.html,"No contiene identificadores de suministro, direcciones, coordenadas privadas ni inventario de infraestructura.",Buscar distribuidoras locales/municipales antes de convertir a regional_default productivo.
aragon,Jabaloyas,Teruel,municipality:teruel::jabaloyas,"e-distribución Redes Digitales, S.L.U.",regional_presence_candidate,regional_presence_confirmed_needs_boundary_review,high_boundary_review,review_boundary_and_local_exceptions_before_production,no,no,e-distribución — distribución eléctrica,https://www.edistribucion.com/es/conocenos/instalaciones-distribucion-red/distribucion-electrica.html,"No contiene identificadores de suministro, direcciones, coordenadas privadas ni inventario de infraestructura.",Buscar distribuidoras locales/municipales antes de convertir a regional_default productivo.
aragon,Almohaja,Teruel,municipality:teruel::almohaja,"e-distribución Redes Digitales, S.L.U.",regional_presence_candidate,regional_presence_confirmed_needs_boundary_review,high_boundary_review,review_boundary_and_local_exceptions_before_production,no,no,e-distribución — distribución eléctrica,https://www.edistribucion.com/es/conocenos/instalaciones-distribucion-red/distribucion-electrica.html,"No contiene identificadores de suministro, direcciones, coordenadas privadas ni inventario de infraestructura.",Buscar distribuidoras locales/municipales antes de convertir a regional_default productivo.
aragon,San Esteban de Litera,Huesca,municipality:huesca::san_esteban_de_litera,"e-distribución Redes Digitales, S.L.U.",regional_presence_candidate,regional_presence_confirmed_needs_boundary_review,high_boundary_review,review_boundary_and_local_exceptions_before_production,no,no,e-distribución — distribución eléctrica,https://www.edistribucion.com/es/conocenos/instalaciones-distribucion-red/distribucion-electrica.html,"No contiene identificadores de suministro, direcciones, coordenadas privadas ni inventario de infraestructura.",Buscar distribuidoras locales/municipales antes de convertir a regional_default productivo.
aragon,Alhama de Aragón,Zaragoza,municipality:zaragoza::alhama_de_aragon,"e-distribución Redes Digitales, S.L.U.",regional_presence_candidate,regional_presence_confirmed_needs_boundary_review,high_boundary_review,review_boundary_and_local_exceptions_before_production,no,no,e-distribución — distribución eléctrica,https://www.edistribucion.com/es/conocenos/instalaciones-distribucion-red/distribucion-electrica.html,"No contiene identificadores de suministro, direcciones, coordenadas privadas ni inventario de infraestructura.",Buscar distribuidoras locales/municipales antes de convertir a regional_default productivo.
aragon,Belchite,Zaragoza,municipality:zaragoza::belchite,"e-distribución Redes Digitales, S.L.U.",regional_presence_candidate,regional_presence_confirmed_needs_boundary_review,high_boundary_review,review_boundary_and_local_exceptions_before_production,no,no,e-distribución — distribución eléctrica,https://www.edistribucion.com/es/conocenos/instalaciones-distribucion-red/distribucion-electrica.html,"No contiene identificadores de suministro, direcciones, coordenadas privadas ni inventario de infraestructura.",Buscar distribuidoras locales/municipales antes de convertir a regional_default productivo.
aragon,Jaraba,Zaragoza,municipality:zaragoza::jaraba,"e-distribución Redes Digitales, S.L.U.",regional_presence_candidate,regional_presence_confirmed_needs_boundary_review,high_boundary_review,review_boundary_and_local_exceptions_before_production,no,no,e-distribución — distribución eléctrica,https://www.edistribucion.com/es/conocenos/instalaciones-distribucion-red/distribucion-electrica.html,"No contiene identificadores de suministro, direcciones, coordenadas privadas ni inventario de infraestructura.",Buscar distribuidoras locales/municipales antes de convertir a regional_default productivo.
aragon,Pancrudo,Teruel,municipality:teruel::pancrudo,"e-distribución Redes Digitales, S.L.U.",regional_presence_candidate,regional_presence_confirmed_needs_boundary_review,high_boundary_review,review_boundary_and_local_exceptions_before_production,no,no,e-distribución — distribución eléctrica,https://www.edistribucion.com/es/conocenos/instalaciones-distribucion-red/distribucion-electrica.html,"No contiene identificadores de suministro, direcciones, coordenadas privadas ni inventario de infraestructura.",Buscar distribuidoras locales/municipales antes de convertir a regional_default productivo.
aragon,Bronchales,Teruel,municipality:teruel::bronchales,"e-distribución Redes Digitales, S.L.U.",regional_presence_candidate,regional_presence_confirmed_needs_boundary_review,high_boundary_review,review_boundary_and_local_exceptions_before_production,no,no,e-distribución — distribución eléctrica,https://www.edistribucion.com/es/conocenos/instalaciones-distribucion-red/distribucion-electrica.html,"No contiene identificadores de suministro, direcciones, coordenadas privadas ni inventario de infraestructura.",Buscar distribuidoras locales/municipales antes de convertir a regional_default productivo.
aragon,Valacloche,Teruel,municipality:teruel::valacloche,"e-distribución Redes Digitales, S.L.U.",regional_presence_candidate,regional_presence_confirmed_needs_boundary_review,high_boundary_review,review_boundary_and_local_exceptions_before_production,no,no,e-distribución — distribución eléctrica,https://www.edistribucion.com/es/conocenos/instalaciones-distribucion-red/distribucion-electrica.html,"No contiene identificadores de suministro, direcciones, coordenadas privadas ni inventario de infraestructura.",Buscar distribuidoras locales/municipales antes de convertir a regional_default productivo.
aragon,Jasa,Huesca,municipality:huesca::jasa,"e-distribución Redes Digitales, S.L.U.",regional_presence_candidate,regional_presence_confirmed_needs_boundary_review,high_boundary_review,review_boundary_and_local_exceptions_before_production,no,no,e-distribución — distribución eléctrica,https://www.edistribucion.com/es/conocenos/instalaciones-distribucion-red/distribucion-electrica.html,"No contiene identificadores de suministro, direcciones, coordenadas privadas ni inventario de infraestructura.",Buscar distribuidoras locales/municipales antes de convertir a regional_default productivo.
aragon,Tramaced,Huesca,municipality:huesca::tramaced,"e-distribución Redes Digitales, S.L.U.",regional_presence_candidate,regional_presence_confirmed_needs_boundary_review,high_boundary_review,review_boundary_and_local_exceptions_before_production,no,no,e-distribución — distribución eléctrica,https://www.edistribucion.com/es/conocenos/instalaciones-distribucion-red/distribucion-electrica.html,"No contiene identificadores de suministro, direcciones, coordenadas privadas ni inventario de infraestructura.",Buscar distribuidoras locales/municipales antes de convertir a regional_default productivo.
aragon,Pozuel de Ariza,Zaragoza,municipality:zaragoza::pozuel_de_ariza,"e-distribución Redes Digitales, S.L.U.",regional_presence_candidate,regional_presence_confirmed_needs_boundary_review,high_boundary_review,review_boundary_and_local_exceptions_before_production,no,no,e-distribución — distribución eléctrica,https://www.edistribucion.com/es/conocenos/instalaciones-distribucion-red/distribucion-electrica.html,"No contiene identificadores de suministro, direcciones, coordenadas privadas ni inventario de infraestructura.",Buscar distribuidoras locales/municipales antes de convertir a regional_default productivo.
aragon,Albalate del Arzobispo,Teruel,municipality:teruel::albalate_del_arzobispo,"e-distribución Redes Digitales, S.L.U.",regional_presence_candidate,regional_presence_confirmed_needs_boundary_review,high_boundary_review,review_boundary_and_local_exceptions_before_production,no,no,e-distribución — distribución eléctrica,https://www.edistribucion.com/es/conocenos/instalaciones-distribucion-red/distribucion-electrica.html,"No contiene identificadores de suministro, direcciones, coordenadas privadas ni inventario de infraestructura.",Buscar distribuidoras locales/municipales antes de convertir a regional_default productivo.
aragon,Perales del Alfambra,Teruel,municipality:teruel::perales_del_alfambra,"e-distribución Redes Digitales, S.L.U.",regional_presence_candidate,regional_presence_confirmed_needs_boundary_review,high_boundary_review,review_boundary_and_local_exceptions_before_production,no,no,e-distribución — distribución eléctrica,https://www.edistribucion.com/es/conocenos/instalaciones-distribucion-red/distribucion-electrica.html,"No contiene identificadores de suministro, direcciones, coordenadas privadas ni inventario de infraestructura.",Buscar distribuidoras locales/municipales antes de convertir a regional_default productivo.
aragon,Alborge,Zaragoza,municipality:zaragoza::alborge,"e-distribución Redes Digitales, S.L.U.",regional_presence_candidate,regional_presence_confirmed_needs_boundary_review,high_boundary_review,review_boundary_and_local_exceptions_before_production,no,no,e-distribución — distribución eléctrica,https://www.edistribucion.com/es/conocenos/instalaciones-distribucion-red/distribucion-electrica.html,"No contiene identificadores de suministro, direcciones, coordenadas privadas ni inventario de infraestructura.",Buscar distribuidoras locales/municipales antes de convertir a regional_default productivo.
aragon,Nueno,Huesca,municipality:huesca::nueno,"e-distribución Redes Digitales, S.L.U.",regional_presence_candidate,regional_presence_confirmed_needs_boundary_review,high_boundary_review,review_boundary_and_local_exceptions_before_production,no,no,e-distribución — distribución eléctrica,https://www.edistribucion.com/es/conocenos/instalaciones-distribucion-red/distribucion-electrica.html,"No contiene identificadores de suministro, direcciones, coordenadas privadas ni inventario de infraestructura.",Buscar distribuidoras locales/municipales antes de convertir a regional_default productivo.
aragon,Valdecuenca,Teruel,municipality:teruel::valdecuenca,"e-distribución Redes Digitales, S.L.U.",regional_presence_candidate,regional_presence_confirmed_needs_boundary_review,high_boundary_review,review_boundary_and_local_exceptions_before_production,no,no,e-distribución — distribución eléctrica,https://www.edistribucion.com/es/conocenos/instalaciones-distribucion-red/distribucion-electrica.html,"No contiene identificadores de suministro, direcciones, coordenadas privadas ni inventario de infraestructura.",Buscar distribuidoras locales/municipales antes de convertir a regional_default productivo.
aragon,Santa Eulalia de Gállego,Zaragoza,municipality:zaragoza::santa_eulalia_de_gallego,"e-distribución Redes Digitales, S.L.U.",regional_presence_candidate,regional_presence_confirmed_needs_boundary_review,high_boundary_review,review_boundary_and_local_exceptions_before_production,no,no,e-distribución — distribución eléctrica,https://www.edistribucion.com/es/conocenos/instalaciones-distribucion-red/distribucion-electrica.html,"No contiene identificadores de suministro, direcciones, coordenadas privadas ni inventario de infraestructura.",Buscar distribuidoras locales/municipales antes de convertir a regional_default productivo.
aragon,Andorra,Teruel,municipality:teruel::andorra,"e-distribución Redes Digitales, S.L.U.",regional_presence_candidate,regional_presence_confirmed_needs_boundary_review,high_boundary_review,review_boundary_and_local_exceptions_before_production,no,no,e-distribución — distribución eléctrica,https://www.edistribucion.com/es/conocenos/instalaciones-distribucion-red/distribucion-electrica.html,"No contiene identificadores de suministro, direcciones, coordenadas privadas ni inventario de infraestructura.",Buscar distribuidoras locales/municipales antes de convertir a regional_default productivo.
aragon,Báguena,Teruel,municipality:teruel::baguena,"e-distribución Redes Digitales, S.L.U.",regional_presence_candidate,regional_presence_confirmed_needs_boundary_review,high_boundary_review,review_boundary_and_local_exceptions_before_production,no,no,e-distribución — distribución eléctrica,https://www.edistribucion.com/es/conocenos/instalaciones-distribucion-red/distribucion-electrica.html,"No contiene identificadores de suministro, direcciones, coordenadas privadas ni inventario de infraestructura.",Buscar distribuidoras locales/municipales antes de convertir a regional_default productivo.
aragon,Barbués,Huesca,municipality:huesca::barbues,"e-distribución Redes Digitales, S.L.U.",regional_presence_candidate,regional_presence_confirmed_needs_boundary_review,high_boundary_review,review_boundary_and_local_exceptions_before_production,no,no,e-distribución — distribución eléctrica,https://www.edistribucion.com/es/conocenos/instalaciones-distribucion-red/distribucion-electrica.html,"No contiene identificadores de suministro, direcciones, coordenadas privadas ni inventario de infraestructura.",Buscar distribuidoras locales/municipales antes de convertir a regional_default productivo.
aragon,Monterde de Albarracín,Teruel,municipality:teruel::monterde_de_albarracin,"e-distribución Redes Digitales, S.L.U.",regional_presence_candidate,regional_presence_confirmed_needs_boundary_review,high_boundary_review,review_boundary_and_local_exceptions_before_production,no,no,e-distribución — distribución eléctrica,https://www.edistribucion.com/es/conocenos/instalaciones-distribucion-red/distribucion-electrica.html,"No contiene identificadores de suministro, direcciones, coordenadas privadas ni inventario de infraestructura.",Buscar distribuidoras locales/municipales antes de convertir a regional_default productivo.
aragon,Santaliestra y San Quílez,Huesca,municipality:huesca::santaliestra_y_san_quilez,"e-distribución Redes Digitales, S.L.U.",regional_presence_candidate,regional_presence_confirmed_needs_boundary_review,high_boundary_review,review_boundary_and_local_exceptions_before_production,no,no,e-distribución — distribución eléctrica,https://www.edistribucion.com/es/conocenos/instalaciones-distribucion-red/distribucion-electrica.html,"No contiene identificadores de suministro, direcciones, coordenadas privadas ni inventario de infraestructura.",Buscar distribuidoras locales/municipales antes de convertir a regional_default productivo.
aragon,La Fresneda,Teruel,municipality:teruel::la_fresneda,"e-distribución Redes Digitales, S.L.U.",regional_presence_candidate,regional_presence_confirmed_needs_boundary_review,high_boundary_review,review_boundary_and_local_exceptions_before_production,no,no,e-distribución — distribución eléctrica,https://www.edistribucion.com/es/conocenos/instalaciones-distribucion-red/distribucion-electrica.html,"No contiene identificadores de suministro, direcciones, coordenadas privadas ni inventario de infraestructura.",Buscar distribuidoras locales/municipales antes de convertir a regional_default productivo.
aragon,Seira,Huesca,municipality:huesca::seira,"e-distribución Redes Digitales, S.L.U.",regional_presence_candidate,regional_presence_confirmed_needs_boundary_review,high_boundary_review,review_boundary_and_local_exceptions_before_production,no,no,e-distribución — distribución eléctrica,https://www.edistribucion.com/es/conocenos/instalaciones-distribucion-red/distribucion-electrica.html,"No contiene identificadores de suministro, direcciones, coordenadas privadas ni inventario de infraestructura.",Buscar distribuidoras locales/municipales antes de convertir a regional_default productivo.
aragon,Lalueza,Huesca,municipality:huesca::lalueza,"e-distribución Redes Digitales, S.L.U.",regional_presence_candidate,regional_presence_confirmed_needs_boundary_review,high_boundary_review,review_boundary_and_local_exceptions_before_production,no,no,e-distribución — distribución eléctrica,https://www.edistribucion.com/es/conocenos/instalaciones-distribucion-red/distribucion-electrica.html,"No contiene identificadores de suministro, direcciones, coordenadas privadas ni inventario de infraestructura.",Buscar distribuidoras locales/municipales antes de convertir a regional_default productivo.
aragon,Hoz y Costean,Huesca,municipality:huesca::hoz_y_costean,"e-distribución Redes Digitales, S.L.U.",regional_presence_candidate,regional_presence_confirmed_needs_boundary_review,high_boundary_review,review_boundary_and_local_exceptions_before_production,no,no,e-distribución — distribución eléctrica,https://www.edistribucion.com/es/conocenos/instalaciones-distribucion-red/distribucion-electrica.html,"No contiene identificadores de suministro, direcciones, coordenadas privadas ni inventario de infraestructura.",Buscar distribuidoras locales/municipales antes de convertir a regional_default productivo.
aragon,La Cañada de Verich,Teruel,municipality:teruel::la_canada_de_verich,"e-distribución Redes Digitales, S.L.U.",regional_presence_candidate,regional_presence_confirmed_needs_boundary_review,high_boundary_review,review_boundary_and_local_exceptions_before_production,no,no,e-distribución — distribución eléctrica,https://www.edistribucion.com/es/conocenos/instalaciones-distribucion-red/distribucion-electrica.html,"No contiene identificadores de suministro, direcciones, coordenadas privadas ni inventario de infraestructura.",Buscar distribuidoras locales/municipales antes de convertir a regional_default productivo.
aragon,Ateca,Zaragoza,municipality:zaragoza::ateca,"e-distribución Redes Digitales, S.L.U.",regional_presence_candidate,regional_presence_confirmed_needs_boundary_review,high_boundary_review,review_boundary_and_local_exceptions_before_production,no,no,e-distribución — distribución eléctrica,https://www.edistribucion.com/es/conocenos/instalaciones-distribucion-red/distribucion-electrica.html,"No contiene identificadores de suministro, direcciones, coordenadas privadas ni inventario de infraestructura.",Buscar distribuidoras locales/municipales antes de convertir a regional_default productivo.
aragon,Monegrillo,Zaragoza,municipality:zaragoza::monegrillo,"e-distribución Redes Digitales, S.L.U.",regional_presence_candidate,regional_presence_confirmed_needs_boundary_review,high_boundary_review,review_boundary_and_local_exceptions_before_production,no,no,e-distribución — distribución eléctrica,https://www.edistribucion.com/es/conocenos/instalaciones-distribucion-red/distribucion-electrica.html,"No contiene identificadores de suministro, direcciones, coordenadas privadas ni inventario de infraestructura.",Buscar distribuidoras locales/municipales antes de convertir a regional_default productivo.
aragon,Escucha,Teruel,municipality:teruel::escucha,"e-distribución Redes Digitales, S.L.U.",regional_presence_candidate,regional_presence_confirmed_needs_boundary_review,high_boundary_review,review_boundary_and_local_exceptions_before_production,no,no,e-distribución — distribución eléctrica,https://www.edistribucion.com/es/conocenos/instalaciones-distribucion-red/distribucion-electrica.html,"No contiene identificadores de suministro, direcciones, coordenadas privadas ni inventario de infraestructura.",Buscar distribuidoras locales/municipales antes de convertir a regional_default productivo.
aragon,Fuendetodos,Zaragoza,municipality:zaragoza::fuendetodos,"e-distribución Redes Digitales, S.L.U.",regional_presence_candidate,regional_presence_confirmed_needs_boundary_review,high_boundary_review,review_boundary_and_local_exceptions_before_production,no,no,e-distribución — distribución eléctrica,https://www.edistribucion.com/es/conocenos/instalaciones-distribucion-red/distribucion-electrica.html,"No contiene identificadores de suministro, direcciones, coordenadas privadas ni inventario de infraestructura.",Buscar distribuidoras locales/municipales antes de convertir a regional_default productivo.
aragon,La Iglesuela del Cid,Teruel,municipality:teruel::la_iglesuela_del_cid,"e-distribución Redes Digitales, S.L.U.",regional_presence_candidate,regional_presence_confirmed_needs_boundary_review,high_boundary_review,review_boundary_and_local_exceptions_before_production,no,no,e-distribución — distribución eléctrica,https://www.edistribucion.com/es/conocenos/instalaciones-distribucion-red/distribucion-electrica.html,"No contiene identificadores de suministro, direcciones, coordenadas privadas ni inventario de infraestructura.",Buscar distribuidoras locales/municipales antes de convertir a regional_default productivo.
aragon,Morés,Zaragoza,municipality:zaragoza::mores,"e-distribución Redes Digitales, S.L.U.",regional_presence_candidate,regional_presence_confirmed_needs_boundary_review,high_boundary_review,review_boundary_and_local_exceptions_before_production,no,no,e-distribución — distribución eléctrica,https://www.edistribucion.com/es/conocenos/instalaciones-distribucion-red/distribucion-electrica.html,"No contiene identificadores de suministro, direcciones, coordenadas privadas ni inventario de infraestructura.",Buscar distribuidoras locales/municipales antes de convertir a regional_default productivo.
aragon,Cabra de Mora,Teruel,municipality:teruel::cabra_de_mora,"e-distribución Redes Digitales, S.L.U.",regional_presence_candidate,regional_presence_confirmed_needs_boundary_review,high_boundary_review,review_boundary_and_local_exceptions_before_production,no,no,e-distribución — distribución eléctrica,https://www.edistribucion.com/es/conocenos/instalaciones-distribucion-red/distribucion-electrica.html,"No contiene identificadores de suministro, direcciones, coordenadas privadas ni inventario de infraestructura.",Buscar distribuidoras locales/municipales antes de convertir a regional_default productivo.
aragon,Cucalón,Teruel,municipality:teruel::cucalon,"e-distribución Redes Digitales, S.L.U.",regional_presence_candidate,regional_presence_confirmed_needs_boundary_review,high_boundary_review,review_boundary_and_local_exceptions_before_production,no,no,e-distribución — distribución eléctrica,https://www.edistribucion.com/es/conocenos/instalaciones-distribucion-red/distribucion-electrica.html,"No contiene identificadores de suministro, direcciones, coordenadas privadas ni inventario de infraestructura.",Buscar distribuidoras locales/municipales antes de convertir a regional_default productivo.
aragon,Peralta de Calasanz,Huesca,municipality:huesca::peralta_de_calasanz,"e-distribución Redes Digitales, S.L.U.",regional_presence_candidate,regional_presence_confirmed_needs_boundary_review,high_boundary_review,review_boundary_and_local_exceptions_before_production,no,no,e-distribución — distribución eléctrica,https://www.edistribucion.com/es/conocenos/instalaciones-distribucion-red/distribucion-electrica.html,"No contiene identificadores de suministro, direcciones, coordenadas privadas ni inventario de infraestructura.",Buscar distribuidoras locales/municipales antes de convertir a regional_default productivo.
aragon,Castejón de Alarba,Zaragoza,municipality:zaragoza::castejon_de_alarba,"e-distribución Redes Digitales, S.L.U.",regional_presence_candidate,regional_presence_confirmed_needs_boundary_review,high_boundary_review,review_boundary_and_local_exceptions_before_production,no,no,e-distribución — distribución eléctrica,https://www.edistribucion.com/es/conocenos/instalaciones-distribucion-red/distribucion-electrica.html,"No contiene identificadores de suministro, direcciones, coordenadas privadas ni inventario de infraestructura.",Buscar distribuidoras locales/municipales antes de convertir a regional_default productivo.
aragon,Olvés,Zaragoza,municipality:zaragoza::olves,"e-distribución Redes Digitales, S.L.U.",regional_presence_candidate,regional_presence_confirmed_needs_boundary_review,high_boundary_review,review_boundary_and_local_exceptions_before_production,no,no,e-distribución — distribución eléctrica,https://www.edistribucion.com/es/conocenos/instalaciones-distribucion-red/distribucion-electrica.html,"No contiene identificadores de suministro, direcciones, coordenadas privadas ni inventario de infraestructura.",Buscar distribuidoras locales/municipales antes de convertir a regional_default productivo.
aragon,Trasmoz,Zaragoza,municipality:zaragoza::trasmoz,"e-distribución Redes Digitales, S.L.U.",regional_presence_candidate,regional_presence_confirmed_needs_boundary_review,high_boundary_review,review_boundary_and_local_exceptions_before_production,no,no,e-distribución — distribución eléctrica,https://www.edistribucion.com/es/conocenos/instalaciones-distribucion-red/distribucion-electrica.html,"No contiene identificadores de suministro, direcciones, coordenadas privadas ni inventario de infraestructura.",Buscar distribuidoras locales/municipales antes de convertir a regional_default productivo.
aragon,Panticosa,Huesca,municipality:huesca::panticosa,"e-distribución Redes Digitales, S.L.U.",regional_presence_candidate,regional_presence_confirmed_needs_boundary_review,high_boundary_review,review_boundary_and_local_exceptions_before_production,no,no,e-distribución — distribución eléctrica,https://www.edistribucion.com/es/conocenos/instalaciones-distribucion-red/distribucion-electrica.html,"No contiene identificadores de suministro, direcciones, coordenadas privadas ni inventario de infraestructura.",Buscar distribuidoras locales/municipales antes de convertir a regional_default productivo.
aragon,Cubel,Zaragoza,municipality:zaragoza::cubel,"e-distribución Redes Digitales, S.L.U.",regional_presence_candidate,regional_presence_confirmed_needs_boundary_review,high_boundary_review,review_boundary_and_local_exceptions_before_production,no,no,e-distribución — distribución eléctrica,https://www.edistribucion.com/es/conocenos/instalaciones-distribucion-red/distribucion-electrica.html,"No contiene identificadores de suministro, direcciones, coordenadas privadas ni inventario de infraestructura.",Buscar distribuidoras locales/municipales antes de convertir a regional_default productivo.
aragon,Capella,Huesca,municipality:huesca::capella,"e-distribución Redes Digitales, S.L.U.",regional_presence_candidate,regional_presence_confirmed_needs_boundary_review,high_boundary_review,review_boundary_and_local_exceptions_before_production,no,no,e-distribución — distribución eléctrica,https://www.edistribucion.com/es/conocenos/instalaciones-distribucion-red/distribucion-electrica.html,"No contiene identificadores de suministro, direcciones, coordenadas privadas ni inventario de infraestructura.",Buscar distribuidoras locales/municipales antes de convertir a regional_default productivo.
aragon,Castellote,Teruel,municipality:teruel::castellote,"e-distribución Redes Digitales, S.L.U.",regional_presence_candidate,regional_presence_confirmed_needs_boundary_review,high_boundary_review,review_boundary_and_local_exceptions_before_production,no,no,e-distribución — distribución eléctrica,https://www.edistribucion.com/es/conocenos/instalaciones-distribucion-red/distribucion-electrica.html,"No contiene identificadores de suministro, direcciones, coordenadas privadas ni inventario de infraestructura.",Buscar distribuidoras locales/municipales antes de convertir a regional_default productivo.
aragon,Bárcabo,Huesca,municipality:huesca::barcabo,"e-distribución Redes Digitales, S.L.U.",regional_presence_candidate,regional_presence_confirmed_needs_boundary_review,high_boundary_review,review_boundary_and_local_exceptions_before_production,no,no,e-distribución — distribución eléctrica,https://www.edistribucion.com/es/conocenos/instalaciones-distribucion-red/distribucion-electrica.html,"No contiene identificadores de suministro, direcciones, coordenadas privadas ni inventario de infraestructura.",Buscar distribuidoras locales/municipales antes de convertir a regional_default productivo.
aragon,Piedratajada,Zaragoza,municipality:zaragoza::piedratajada,"e-distribución Redes Digitales, S.L.U.",regional_presence_candidate,regional_presence_confirmed_needs_boundary_review,high_boundary_review,review_boundary_and_local_exceptions_before_production,no,no,e-distribución — distribución eléctrica,https://www.edistribucion.com/es/conocenos/instalaciones-distribucion-red/distribucion-electrica.html,"No contiene identificadores de suministro, direcciones, coordenadas privadas ni inventario de infraestructura.",Buscar distribuidoras locales/municipales antes de convertir a regional_default productivo.
aragon,La Cerollera,Teruel,municipality:teruel::la_cerollera,"e-distribución Redes Digitales, S.L.U.",regional_presence_candidate,regional_presence_confirmed_needs_boundary_review,high_boundary_review,review_boundary_and_local_exceptions_before_production,no,no,e-distribución — distribución eléctrica,https://www.edistribucion.com/es/conocenos/instalaciones-distribucion-red/distribucion-electrica.html,"No contiene identificadores de suministro, direcciones, coordenadas privadas ni inventario de infraestructura.",Buscar distribuidoras locales/municipales antes de convertir a regional_default productivo.
aragon,La Ginebrosa,Teruel,municipality:teruel::la_ginebrosa,"e-distribución Redes Digitales, S.L.U.",regional_presence_candidate,regional_presence_confirmed_needs_boundary_review,high_boundary_review,review_boundary_and_local_exceptions_before_production,no,no,e-distribución — distribución eléctrica,https://www.edistribucion.com/es/conocenos/instalaciones-distribucion-red/distribucion-electrica.html,"No contiene identificadores de suministro, direcciones, coordenadas privadas ni inventario de infraestructura.",Buscar distribuidoras locales/municipales antes de convertir a regional_default productivo.
aragon,El Pueyo de Araguás,Huesca,municipality:huesca::el_pueyo_de_araguas,"e-distribución Redes Digitales, S.L.U.",regional_presence_candidate,regional_presence_confirmed_needs_boundary_review,high_boundary_review,review_boundary_and_local_exceptions_before_production,no,no,e-distribución — distribución eléctrica,https://www.edistribucion.com/es/conocenos/instalaciones-distribucion-red/distribucion-electrica.html,"No contiene identificadores de suministro, direcciones, coordenadas privadas ni inventario de infraestructura.",Buscar distribuidoras locales/municipales antes de convertir a regional_default productivo.
aragon,Añón de Moncayo,Zaragoza,municipality:zaragoza::anon_de_moncayo,"e-distribución Redes Digitales, S.L.U.",regional_presence_candidate,regional_presence_confirmed_needs_boundary_review,high_boundary_review,review_boundary_and_local_exceptions_before_production,no,no,e-distribución — distribución eléctrica,https://www.edistribucion.com/es/conocenos/instalaciones-distribucion-red/distribucion-electrica.html,"No contiene identificadores de suministro, direcciones, coordenadas privadas ni inventario de infraestructura.",Buscar distribuidoras locales/municipales antes de convertir a regional_default productivo.
aragon,Monzón,Huesca,municipality:huesca::monzon,"e-distribución Redes Digitales, S.L.U.",regional_presence_candidate,regional_presence_confirmed_needs_boundary_review,high_boundary_review,review_boundary_and_local_exceptions_before_production,no,no,e-distribución — distribución eléctrica,https://www.edistribucion.com/es/conocenos/instalaciones-distribucion-red/distribucion-electrica.html,"No contiene identificadores de suministro, direcciones, coordenadas privadas ni inventario de infraestructura.",Buscar distribuidoras locales/municipales antes de convertir a regional_default productivo.
aragon,Utrillas,Teruel,municipality:teruel::utrillas,"e-distribución Redes Digitales, S.L.U.",regional_presence_candidate,regional_presence_confirmed_needs_boundary_review,high_boundary_review,review_boundary_and_local_exceptions_before_production,no,no,e-distribución — distribución eléctrica,https://www.edistribucion.com/es/conocenos/instalaciones-distribucion-red/distribucion-electrica.html,"No contiene identificadores de suministro, direcciones, coordenadas privadas ni inventario de infraestructura.",Buscar distribuidoras locales/municipales antes de convertir a regional_default productivo.
aragon,Orcajo,Zaragoza,municipality:zaragoza::orcajo,"e-distribución Redes Digitales, S.L.U.",regional_presence_candidate,regional_presence_confirmed_needs_boundary_review,high_boundary_review,review_boundary_and_local_exceptions_before_production,no,no,e-distribución — distribución eléctrica,https://www.edistribucion.com/es/conocenos/instalaciones-distribucion-red/distribucion-electrica.html,"No contiene identificadores de suministro, direcciones, coordenadas privadas ni inventario de infraestructura.",Buscar distribuidoras locales/municipales antes de convertir a regional_default productivo.
aragon,Puértolas,Huesca,municipality:huesca::puertolas,"e-distribución Redes Digitales, S.L.U.",regional_presence_candidate,regional_presence_confirmed_needs_boundary_review,high_boundary_review,review_boundary_and_local_exceptions_before_production,no,no,e-distribución — distribución eléctrica,https://www.edistribucion.com/es/conocenos/instalaciones-distribucion-red/distribucion-electrica.html,"No contiene identificadores de suministro, direcciones, coordenadas privadas ni inventario de infraestructura.",Buscar distribuidoras locales/municipales antes de convertir a regional_default productivo.
aragon,Las Pedrosas,Zaragoza,municipality:zaragoza::las_pedrosas,"e-distribución Redes Digitales, S.L.U.",regional_presence_candidate,regional_presence_confirmed_needs_boundary_review,high_boundary_review,review_boundary_and_local_exceptions_before_production,no,no,e-distribución — distribución eléctrica,https://www.edistribucion.com/es/conocenos/instalaciones-distribucion-red/distribucion-electrica.html,"No contiene identificadores de suministro, direcciones, coordenadas privadas ni inventario de infraestructura.",Buscar distribuidoras locales/municipales antes de convertir a regional_default productivo.
aragon,Puente de Montañana,Huesca,municipality:huesca::puente_de_montanana,"e-distribución Redes Digitales, S.L.U.",regional_presence_candidate,regional_presence_confirmed_needs_boundary_review,high_boundary_review,review_boundary_and_local_exceptions_before_production,no,no,e-distribución — distribución eléctrica,https://www.edistribucion.com/es/conocenos/instalaciones-distribucion-red/distribucion-electrica.html,"No contiene identificadores de suministro, direcciones, coordenadas privadas ni inventario de infraestructura.",Buscar distribuidoras locales/municipales antes de convertir a regional_default productivo.
aragon,Bañón,Teruel,municipality:teruel::banon,"e-distribución Redes Digitales, S.L.U.",regional_presence_candidate,regional_presence_confirmed_needs_boundary_review,high_boundary_review,review_boundary_and_local_exceptions_before_production,no,no,e-distribución — distribución eléctrica,https://www.edistribucion.com/es/conocenos/instalaciones-distribucion-red/distribucion-electrica.html,"No contiene identificadores de suministro, direcciones, coordenadas privadas ni inventario de infraestructura.",Buscar distribuidoras locales/municipales antes de convertir a regional_default productivo.
aragon,Berdejo,Zaragoza,municipality:zaragoza::berdejo,"e-distribución Redes Digitales, S.L.U.",regional_presence_candidate,regional_presence_confirmed_needs_boundary_review,high_boundary_review,review_boundary_and_local_exceptions_before_production,no,no,e-distribución — distribución eléctrica,https://www.edistribucion.com/es/conocenos/instalaciones-distribucion-red/distribucion-electrica.html,"No contiene identificadores de suministro, direcciones, coordenadas privadas ni inventario de infraestructura.",Buscar distribuidoras locales/municipales antes de convertir a regional_default productivo.
aragon,Santa Cruz de Nogueras,Teruel,municipality:teruel::santa_cruz_de_nogueras,"e-distribución Redes Digitales, S.L.U.",regional_presence_candidate,regional_presence_confirmed_needs_boundary_review,high_boundary_review,review_boundary_and_local_exceptions_before_production,no,no,e-distribución — distribución eléctrica,https://www.edistribucion.com/es/conocenos/instalaciones-distribucion-red/distribucion-electrica.html,"No contiene identificadores de suministro, direcciones, coordenadas privadas ni inventario de infraestructura.",Buscar distribuidoras locales/municipales antes de convertir a regional_default productivo.
aragon,Rubielos de la Cérida,Teruel,municipality:teruel::rubielos_de_la_cerida,"e-distribución Redes Digitales, S.L.U.",regional_presence_candidate,regional_presence_confirmed_needs_boundary_review,high_boundary_review,review_boundary_and_local_exceptions_before_production,no,no,e-distribución — distribución eléctrica,https://www.edistribucion.com/es/conocenos/instalaciones-distribucion-red/distribucion-electrica.html,"No contiene identificadores de suministro, direcciones, coordenadas privadas ni inventario de infraestructura.",Buscar distribuidoras locales/municipales antes de convertir a regional_default productivo.
aragon,Canal de Berdún,Huesca,municipality:huesca::canal_de_berdun,"e-distribución Redes Digitales, S.L.U.",regional_presence_candidate,regional_presence_confirmed_needs_boundary_review,high_boundary_review,review_boundary_and_local_exceptions_before_production,no,no,e-distribución — distribución eléctrica,https://www.edistribucion.com/es/conocenos/instalaciones-distribucion-red/distribucion-electrica.html,"No contiene identificadores de suministro, direcciones, coordenadas privadas ni inventario de infraestructura.",Buscar distribuidoras locales/municipales antes de convertir a regional_default productivo.
aragon,Perarrúa,Huesca,municipality:huesca::perarrua,"e-distribución Redes Digitales, S.L.U.",regional_presence_candidate,regional_presence_confirmed_needs_boundary_review,high_boundary_review,review_boundary_and_local_exceptions_before_production,no,no,e-distribución — distribución eléctrica,https://www.edistribucion.com/es/conocenos/instalaciones-distribucion-red/distribucion-electrica.html,"No contiene identificadores de suministro, direcciones, coordenadas privadas ni inventario de infraestructura.",Buscar distribuidoras locales/municipales antes de convertir a regional_default productivo.
aragon,Lagueruela,Teruel,municipality:teruel::lagueruela,"e-distribución Redes Digitales, S.L.U.",regional_presence_candidate,regional_presence_confirmed_needs_boundary_review,high_boundary_review,review_boundary_and_local_exceptions_before_production,no,no,e-distribución — distribución eléctrica,https://www.edistribucion.com/es/conocenos/instalaciones-distribucion-red/distribucion-electrica.html,"No contiene identificadores de suministro, direcciones, coordenadas privadas ni inventario de infraestructura.",Buscar distribuidoras locales/municipales antes de convertir a regional_default productivo.
aragon,San Martín de la Virgen de Moncayo,Zaragoza,municipality:zaragoza::san_martin_de_la_virgen_de_moncayo,"e-distribución Redes Digitales, S.L.U.",regional_presence_candidate,regional_presence_confirmed_needs_boundary_review,high_boundary_review,review_boundary_and_local_exceptions_before_production,no,no,e-distribución — distribución eléctrica,https://www.edistribucion.com/es/conocenos/instalaciones-distribucion-red/distribucion-electrica.html,"No contiene identificadores de suministro, direcciones, coordenadas privadas ni inventario de infraestructura.",Buscar distribuidoras locales/municipales antes de convertir a regional_default productivo.
aragon,Seno,Teruel,municipality:teruel::seno,"e-distribución Redes Digitales, S.L.U.",regional_presence_candidate,regional_presence_confirmed_needs_boundary_review,high_boundary_review,review_boundary_and_local_exceptions_before_production,no,no,e-distribución — distribución eléctrica,https://www.edistribucion.com/es/conocenos/instalaciones-distribucion-red/distribucion-electrica.html,"No contiene identificadores de suministro, direcciones, coordenadas privadas ni inventario de infraestructura.",Buscar distribuidoras locales/municipales antes de convertir a regional_default productivo.
aragon,Guadalaviar,Teruel,municipality:teruel::guadalaviar,"e-distribución Redes Digitales, S.L.U.",regional_presence_candidate,regional_presence_confirmed_needs_boundary_review,high_boundary_review,review_boundary_and_local_exceptions_before_production,no,no,e-distribución — distribución eléctrica,https://www.edistribucion.com/es/conocenos/instalaciones-distribucion-red/distribucion-electrica.html,"No contiene identificadores de suministro, direcciones, coordenadas privadas ni inventario de infraestructura.",Buscar distribuidoras locales/municipales antes de convertir a regional_default productivo.
aragon,Mesones de Isuela,Zaragoza,municipality:zaragoza::mesones_de_isuela,"e-distribución Redes Digitales, S.L.U.",regional_presence_candidate,regional_presence_confirmed_needs_boundary_review,high_boundary_review,review_boundary_and_local_exceptions_before_production,no,no,e-distribución — distribución eléctrica,https://www.edistribucion.com/es/conocenos/instalaciones-distribucion-red/distribucion-electrica.html,"No contiene identificadores de suministro, direcciones, coordenadas privadas ni inventario de infraestructura.",Buscar distribuidoras locales/municipales antes de convertir a regional_default productivo.
aragon,Fonz,Huesca,municipality:huesca::fonz,"e-distribución Redes Digitales, S.L.U.",regional_presence_candidate,regional_presence_confirmed_needs_boundary_review,high_boundary_review,review_boundary_and_local_exceptions_before_production,no,no,e-distribución — distribución eléctrica,https://www.edistribucion.com/es/conocenos/instalaciones-distribucion-red/distribucion-electrica.html,"No contiene identificadores de suministro, direcciones, coordenadas privadas ni inventario de infraestructura.",Buscar distribuidoras locales/municipales antes de convertir a regional_default productivo.
aragon,Paniza,Zaragoza,municipality:zaragoza::paniza,"e-distribución Redes Digitales, S.L.U.",regional_presence_candidate,regional_presence_confirmed_needs_boundary_review,high_boundary_review,review_boundary_and_local_exceptions_before_production,no,no,e-distribución — distribución eléctrica,https://www.edistribucion.com/es/conocenos/instalaciones-distribucion-red/distribucion-electrica.html,"No contiene identificadores de suministro, direcciones, coordenadas privadas ni inventario de infraestructura.",Buscar distribuidoras locales/municipales antes de convertir a regional_default productivo.
aragon,Valle de Hecho,Huesca,municipality:huesca::valle_de_hecho,"e-distribución Redes Digitales, S.L.U.",regional_presence_candidate,regional_presence_confirmed_needs_boundary_review,high_boundary_review,review_boundary_and_local_exceptions_before_production,no,no,e-distribución — distribución eléctrica,https://www.edistribucion.com/es/conocenos/instalaciones-distribucion-red/distribucion-electrica.html,"No contiene identificadores de suministro, direcciones, coordenadas privadas ni inventario de infraestructura.",Buscar distribuidoras locales/municipales antes de convertir a regional_default productivo.
aragon,Alcaine,Teruel,municipality:teruel::alcaine,"e-distribución Redes Digitales, S.L.U.",regional_presence_candidate,regional_presence_confirmed_needs_boundary_review,high_boundary_review,review_boundary_and_local_exceptions_before_production,no,no,e-distribución — distribución eléctrica,https://www.edistribucion.com/es/conocenos/instalaciones-distribucion-red/distribucion-electrica.html,"No contiene identificadores de suministro, direcciones, coordenadas privadas ni inventario de infraestructura.",Buscar distribuidoras locales/municipales antes de convertir a regional_default productivo.
aragon,Torrecilla del Rebollar,Teruel,municipality:teruel::torrecilla_del_rebollar,"e-distribución Redes Digitales, S.L.U.",regional_presence_candidate,regional_presence_confirmed_needs_boundary_review,high_boundary_review,review_boundary_and_local_exceptions_before_production,no,no,e-distribución — distribución eléctrica,https://www.edistribucion.com/es/conocenos/instalaciones-distribucion-red/distribucion-electrica.html,"No contiene identificadores de suministro, direcciones, coordenadas privadas ni inventario de infraestructura.",Buscar distribuidoras locales/municipales antes de convertir a regional_default productivo.
aragon,Barbuñales,Huesca,municipality:huesca::barbunales,"e-distribución Redes Digitales, S.L.U.",regional_presence_candidate,regional_presence_confirmed_needs_boundary_review,high_boundary_review,review_boundary_and_local_exceptions_before_production,no,no,e-distribución — distribución eléctrica,https://www.edistribucion.com/es/conocenos/instalaciones-distribucion-red/distribucion-electrica.html,"No contiene identificadores de suministro, direcciones, coordenadas privadas ni inventario de infraestructura.",Buscar distribuidoras locales/municipales antes de convertir a regional_default productivo.
aragon,Encinacorba,Zaragoza,municipality:zaragoza::encinacorba,"e-distribución Redes Digitales, S.L.U.",regional_presence_candidate,regional_presence_confirmed_needs_boundary_review,high_boundary_review,review_boundary_and_local_exceptions_before_production,no,no,e-distribución — distribución eléctrica,https://www.edistribucion.com/es/conocenos/instalaciones-distribucion-red/distribucion-electrica.html,"No contiene identificadores de suministro, direcciones, coordenadas privadas ni inventario de infraestructura.",Buscar distribuidoras locales/municipales antes de convertir a regional_default productivo.
aragon,Zaidín,Huesca,municipality:huesca::zaidin,"e-distribución Redes Digitales, S.L.U.",regional_presence_candidate,regional_presence_confirmed_needs_boundary_review,high_boundary_review,review_boundary_and_local_exceptions_before_production,no,no,e-distribución — distribución eléctrica,https://www.edistribucion.com/es/conocenos/instalaciones-distribucion-red/distribucion-electrica.html,"No contiene identificadores de suministro, direcciones, coordenadas privadas ni inventario de infraestructura.",Buscar distribuidoras locales/municipales antes de convertir a regional_default productivo.
aragon,Fuentes de Rubielos,Teruel,municipality:teruel::fuentes_de_rubielos,"e-distribución Redes Digitales, S.L.U.",regional_presence_candidate,regional_presence_confirmed_needs_boundary_review,high_boundary_review,review_boundary_and_local_exceptions_before_production,no,no,e-distribución — distribución eléctrica,https://www.edistribucion.com/es/conocenos/instalaciones-distribucion-red/distribucion-electrica.html,"No contiene identificadores de suministro, direcciones, coordenadas privadas ni inventario de infraestructura.",Buscar distribuidoras locales/municipales antes de convertir a regional_default productivo.
aragon,Los Olmos,Teruel,municipality:teruel::los_olmos,"e-distribución Redes Digitales, S.L.U.",regional_presence_candidate,regional_presence_confirmed_needs_boundary_review,high_boundary_review,review_boundary_and_local_exceptions_before_production,no,no,e-distribución — distribución eléctrica,https://www.edistribucion.com/es/conocenos/instalaciones-distribucion-red/distribucion-electrica.html,"No contiene identificadores de suministro, direcciones, coordenadas privadas ni inventario de infraestructura.",Buscar distribuidoras locales/municipales antes de convertir a regional_default productivo.
aragon,Torralba de los Sisones,Teruel,municipality:teruel::torralba_de_los_sisones,"e-distribución Redes Digitales, S.L.U.",regional_presence_candidate,regional_presence_confirmed_needs_boundary_review,high_boundary_review,review_boundary_and_local_exceptions_before_production,no,no,e-distribución — distribución eléctrica,https://www.edistribucion.com/es/conocenos/instalaciones-distribucion-red/distribucion-electrica.html,"No contiene identificadores de suministro, direcciones, coordenadas privadas ni inventario de infraestructura.",Buscar distribuidoras locales/municipales antes de convertir a regional_default productivo.
aragon,Villafranca del Campo,Teruel,municipality:teruel::villafranca_del_campo,"e-distribución Redes Digitales, S.L.U.",regional_presence_candidate,regional_presence_confirmed_needs_boundary_review,high_boundary_review,review_boundary_and_local_exceptions_before_production,no,no,e-distribución — distribución eléctrica,https://www.edistribucion.com/es/conocenos/instalaciones-distribucion-red/distribucion-electrica.html,"No contiene identificadores de suministro, direcciones, coordenadas privadas ni inventario de infraestructura.",Buscar distribuidoras locales/municipales antes de convertir a regional_default productivo.
aragon,Calcena,Zaragoza,municipality:zaragoza::calcena,"e-distribución Redes Digitales, S.L.U.",regional_presence_candidate,regional_presence_confirmed_needs_boundary_review,high_boundary_review,review_boundary_and_local_exceptions_before_production,no,no,e-distribución — distribución eléctrica,https://www.edistribucion.com/es/conocenos/instalaciones-distribucion-red/distribucion-electrica.html,"No contiene identificadores de suministro, direcciones, coordenadas privadas ni inventario de infraestructura.",Buscar distribuidoras locales/municipales antes de convertir a regional_default productivo.
aragon,Sariñena,Huesca,municipality:huesca::sarinena,"e-distribución Redes Digitales, S.L.U.",regional_presence_candidate,regional_presence_confirmed_needs_boundary_review,high_boundary_review,review_boundary_and_local_exceptions_before_production,no,no,e-distribución — distribución eléctrica,https://www.edistribucion.com/es/conocenos/instalaciones-distribucion-red/distribucion-electrica.html,"No contiene identificadores de suministro, direcciones, coordenadas privadas ni inventario de infraestructura.",Buscar distribuidoras locales/municipales antes de convertir a regional_default productivo.
aragon,Fortanete,Teruel,municipality:teruel::fortanete,"e-distribución Redes Digitales, S.L.U.",regional_presence_candidate,regional_presence_confirmed_needs_boundary_review,high_boundary_review,review_boundary_and_local_exceptions_before_production,no,no,e-distribución — distribución eléctrica,https://www.edistribucion.com/es/conocenos/instalaciones-distribucion-red/distribucion-electrica.html,"No contiene identificadores de suministro, direcciones, coordenadas privadas ni inventario de infraestructura.",Buscar distribuidoras locales/municipales antes de convertir a regional_default productivo.
aragon,Valjunquera,Teruel,municipality:teruel::valjunquera,"e-distribución Redes Digitales, S.L.U.",regional_presence_candidate,regional_presence_confirmed_needs_boundary_review,high_boundary_review,review_boundary_and_local_exceptions_before_production,no,no,e-distribución — distribución eléctrica,https://www.edistribucion.com/es/conocenos/instalaciones-distribucion-red/distribucion-electrica.html,"No contiene identificadores de suministro, direcciones, coordenadas privadas ni inventario de infraestructura.",Buscar distribuidoras locales/municipales antes de convertir a regional_default productivo.
aragon,Alarba,Zaragoza,municipality:zaragoza::alarba,"e-distribución Redes Digitales, S.L.U.",regional_presence_candidate,regional_presence_confirmed_needs_boundary_review,high_boundary_review,review_boundary_and_local_exceptions_before_production,no,no,e-distribución — distribución eléctrica,https://www.edistribucion.com/es/conocenos/instalaciones-distribucion-red/distribucion-electrica.html,"No contiene identificadores de suministro, direcciones, coordenadas privadas ni inventario de infraestructura.",Buscar distribuidoras locales/municipales antes de convertir a regional_default productivo.
aragon,Calomarde,Teruel,municipality:teruel::calomarde,"e-distribución Redes Digitales, S.L.U.",regional_presence_candidate,regional_presence_confirmed_needs_boundary_review,high_boundary_review,review_boundary_and_local_exceptions_before_production,no,no,e-distribución — distribución eléctrica,https://www.edistribucion.com/es/conocenos/instalaciones-distribucion-red/distribucion-electrica.html,"No contiene identificadores de suministro, direcciones, coordenadas privadas ni inventario de infraestructura.",Buscar distribuidoras locales/municipales antes de convertir a regional_default productivo.
aragon,Malanquilla,Zaragoza,municipality:zaragoza::malanquilla,"e-distribución Redes Digitales, S.L.U.",regional_presence_candidate,regional_presence_confirmed_needs_boundary_review,high_boundary_review,review_boundary_and_local_exceptions_before_production,no,no,e-distribución — distribución eléctrica,https://www.edistribucion.com/es/conocenos/instalaciones-distribucion-red/distribucion-electrica.html,"No contiene identificadores de suministro, direcciones, coordenadas privadas ni inventario de infraestructura.",Buscar distribuidoras locales/municipales antes de convertir a regional_default productivo.
aragon,Santa Cruz de Moncayo,Zaragoza,municipality:zaragoza::santa_cruz_de_moncayo,"e-distribución Redes Digitales, S.L.U.",regional_presence_candidate,regional_presence_confirmed_needs_boundary_review,high_boundary_review,review_boundary_and_local_exceptions_before_production,no,no,e-distribución — distribución eléctrica,https://www.edistribucion.com/es/conocenos/instalaciones-distribucion-red/distribucion-electrica.html,"No contiene identificadores de suministro, direcciones, coordenadas privadas ni inventario de infraestructura.",Buscar distribuidoras locales/municipales antes de convertir a regional_default productivo.
aragon,Biel,Zaragoza,municipality:zaragoza::biel,"e-distribución Redes Digitales, S.L.U.",regional_presence_candidate,regional_presence_confirmed_needs_boundary_review,high_boundary_review,review_boundary_and_local_exceptions_before_production,no,no,e-distribución — distribución eléctrica,https://www.edistribucion.com/es/conocenos/instalaciones-distribucion-red/distribucion-electrica.html,"No contiene identificadores de suministro, direcciones, coordenadas privadas ni inventario de infraestructura.",Buscar distribuidoras locales/municipales antes de convertir a regional_default productivo.
aragon,Olvena,Huesca,municipality:huesca::olvena,"e-distribución Redes Digitales, S.L.U.",regional_presence_candidate,regional_presence_confirmed_needs_boundary_review,high_boundary_review,review_boundary_and_local_exceptions_before_production,no,no,e-distribución — distribución eléctrica,https://www.edistribucion.com/es/conocenos/instalaciones-distribucion-red/distribucion-electrica.html,"No contiene identificadores de suministro, direcciones, coordenadas privadas ni inventario de infraestructura.",Buscar distribuidoras locales/municipales antes de convertir a regional_default productivo.
aragon,Pertusa,Huesca,municipality:huesca::pertusa,"e-distribución Redes Digitales, S.L.U.",regional_presence_candidate,regional_presence_confirmed_needs_boundary_review,high_boundary_review,review_boundary_and_local_exceptions_before_production,no,no,e-distribución — distribución eléctrica,https://www.edistribucion.com/es/conocenos/instalaciones-distribucion-red/distribucion-electrica.html,"No contiene identificadores de suministro, direcciones, coordenadas privadas ni inventario de infraestructura.",Buscar distribuidoras locales/municipales antes de convertir a regional_default productivo.
aragon,Fuendejalón,Zaragoza,municipality:zaragoza::fuendejalon,"e-distribución Redes Digitales, S.L.U.",regional_presence_candidate,regional_presence_confirmed_needs_boundary_review,high_boundary_review,review_boundary_and_local_exceptions_before_production,no,no,e-distribución — distribución eléctrica,https://www.edistribucion.com/es/conocenos/instalaciones-distribucion-red/distribucion-electrica.html,"No contiene identificadores de suministro, direcciones, coordenadas privadas ni inventario de infraestructura.",Buscar distribuidoras locales/municipales antes de convertir a regional_default productivo.
aragon,Mainar,Zaragoza,municipality:zaragoza::mainar,"e-distribución Redes Digitales, S.L.U.",regional_presence_candidate,regional_presence_confirmed_needs_boundary_review,high_boundary_review,review_boundary_and_local_exceptions_before_production,no,no,e-distribución — distribución eléctrica,https://www.edistribucion.com/es/conocenos/instalaciones-distribucion-red/distribucion-electrica.html,"No contiene identificadores de suministro, direcciones, coordenadas privadas ni inventario de infraestructura.",Buscar distribuidoras locales/municipales antes de convertir a regional_default productivo.
aragon,Santa Cruz de Grío,Zaragoza,municipality:zaragoza::santa_cruz_de_grio,"e-distribución Redes Digitales, S.L.U.",regional_presence_candidate,regional_presence_confirmed_needs_boundary_review,high_boundary_review,review_boundary_and_local_exceptions_before_production,no,no,e-distribución — distribución eléctrica,https://www.edistribucion.com/es/conocenos/instalaciones-distribucion-red/distribucion-electrica.html,"No contiene identificadores de suministro, direcciones, coordenadas privadas ni inventario de infraestructura.",Buscar distribuidoras locales/municipales antes de convertir a regional_default productivo.
aragon,Sigüés,Zaragoza,municipality:zaragoza::sigues,"e-distribución Redes Digitales, S.L.U.",regional_presence_candidate,regional_presence_confirmed_needs_boundary_review,high_boundary_review,review_boundary_and_local_exceptions_before_production,no,no,e-distribución — distribución eléctrica,https://www.edistribucion.com/es/conocenos/instalaciones-distribucion-red/distribucion-electrica.html,"No contiene identificadores de suministro, direcciones, coordenadas privadas ni inventario de infraestructura.",Buscar distribuidoras locales/municipales antes de convertir a regional_default productivo.
aragon,Foz-Calanda,Teruel,municipality:teruel::foz_calanda,"e-distribución Redes Digitales, S.L.U.",regional_presence_candidate,regional_presence_confirmed_needs_boundary_review,high_boundary_review,review_boundary_and_local_exceptions_before_production,no,no,e-distribución — distribución eléctrica,https://www.edistribucion.com/es/conocenos/instalaciones-distribucion-red/distribucion-electrica.html,"No contiene identificadores de suministro, direcciones, coordenadas privadas ni inventario de infraestructura.",Buscar distribuidoras locales/municipales antes de convertir a regional_default productivo.
aragon,Alcalá del Obispo,Huesca,municipality:huesca::alcala_del_obispo,"e-distribución Redes Digitales, S.L.U.",regional_presence_candidate,regional_presence_confirmed_needs_boundary_review,high_boundary_review,review_boundary_and_local_exceptions_before_production,no,no,e-distribución — distribución eléctrica,https://www.edistribucion.com/es/conocenos/instalaciones-distribucion-red/distribucion-electrica.html,"No contiene identificadores de suministro, direcciones, coordenadas privadas ni inventario de infraestructura.",Buscar distribuidoras locales/municipales antes de convertir a regional_default productivo.
aragon,Robres,Huesca,municipality:huesca::robres,"e-distribución Redes Digitales, S.L.U.",regional_presence_candidate,regional_presence_confirmed_needs_boundary_review,high_boundary_review,review_boundary_and_local_exceptions_before_production,no,no,e-distribución — distribución eléctrica,https://www.edistribucion.com/es/conocenos/instalaciones-distribucion-red/distribucion-electrica.html,"No contiene identificadores de suministro, direcciones, coordenadas privadas ni inventario de infraestructura.",Buscar distribuidoras locales/municipales antes de convertir a regional_default productivo.
aragon,Cedrillas,Teruel,municipality:teruel::cedrillas,"e-distribución Redes Digitales, S.L.U.",regional_presence_candidate,regional_presence_confirmed_needs_boundary_review,high_boundary_review,review_boundary_and_local_exceptions_before_production,no,no,e-distribución — distribución eléctrica,https://www.edistribucion.com/es/conocenos/instalaciones-distribucion-red/distribucion-electrica.html,"No contiene identificadores de suministro, direcciones, coordenadas privadas ni inventario de infraestructura.",Buscar distribuidoras locales/municipales antes de convertir a regional_default productivo.
aragon,Pleitas,Zaragoza,municipality:zaragoza::pleitas,"e-distribución Redes Digitales, S.L.U.",regional_presence_candidate,regional_presence_confirmed_needs_boundary_review,high_boundary_review,review_boundary_and_local_exceptions_before_production,no,no,e-distribución — distribución eléctrica,https://www.edistribucion.com/es/conocenos/instalaciones-distribucion-red/distribucion-electrica.html,"No contiene identificadores de suministro, direcciones, coordenadas privadas ni inventario de infraestructura.",Buscar distribuidoras locales/municipales antes de convertir a regional_default productivo.
aragon,Gargallo,Teruel,municipality:teruel::gargallo,"e-distribución Redes Digitales, S.L.U.",regional_presence_candidate,regional_presence_confirmed_needs_boundary_review,high_boundary_review,review_boundary_and_local_exceptions_before_production,no,no,e-distribución — distribución eléctrica,https://www.edistribucion.com/es/conocenos/instalaciones-distribucion-red/distribucion-electrica.html,"No contiene identificadores de suministro, direcciones, coordenadas privadas ni inventario de infraestructura.",Buscar distribuidoras locales/municipales antes de convertir a regional_default productivo.
aragon,Ansó,Huesca,municipality:huesca::anso,"e-distribución Redes Digitales, S.L.U.",regional_presence_candidate,regional_presence_confirmed_needs_boundary_review,high_boundary_review,review_boundary_and_local_exceptions_before_production,no,no,e-distribución — distribución eléctrica,https://www.edistribucion.com/es/conocenos/instalaciones-distribucion-red/distribucion-electrica.html,"No contiene identificadores de suministro, direcciones, coordenadas privadas ni inventario de infraestructura.",Buscar distribuidoras locales/municipales antes de convertir a regional_default productivo.
aragon,Borau,Huesca,municipality:huesca::borau,"e-distribución Redes Digitales, S.L.U.",regional_presence_candidate,regional_presence_confirmed_needs_boundary_review,high_boundary_review,review_boundary_and_local_exceptions_before_production,no,no,e-distribución — distribución eléctrica,https://www.edistribucion.com/es/conocenos/instalaciones-distribucion-red/distribucion-electrica.html,"No contiene identificadores de suministro, direcciones, coordenadas privadas ni inventario de infraestructura.",Buscar distribuidoras locales/municipales antes de convertir a regional_default productivo.
aragon,Odón,Teruel,municipality:teruel::odon,"e-distribución Redes Digitales, S.L.U.",regional_presence_candidate,regional_presence_confirmed_needs_boundary_review,high_boundary_review,review_boundary_and_local_exceptions_before_production,no,no,e-distribución — distribución eléctrica,https://www.edistribucion.com/es/conocenos/instalaciones-distribucion-red/distribucion-electrica.html,"No contiene identificadores de suministro, direcciones, coordenadas privadas ni inventario de infraestructura.",Buscar distribuidoras locales/municipales antes de convertir a regional_default productivo.
aragon,Sena,Huesca,municipality:huesca::sena,"e-distribución Redes Digitales, S.L.U.",regional_presence_candidate,regional_presence_confirmed_needs_boundary_review,high_boundary_review,review_boundary_and_local_exceptions_before_production,no,no,e-distribución — distribución eléctrica,https://www.edistribucion.com/es/conocenos/instalaciones-distribucion-red/distribucion-electrica.html,"No contiene identificadores de suministro, direcciones, coordenadas privadas ni inventario de infraestructura.",Buscar distribuidoras locales/municipales antes de convertir a regional_default productivo.
aragon,Olba,Teruel,municipality:teruel::olba,"e-distribución Redes Digitales, S.L.U.",regional_presence_candidate,regional_presence_confirmed_needs_boundary_review,high_boundary_review,review_boundary_and_local_exceptions_before_production,no,no,e-distribución — distribución eléctrica,https://www.edistribucion.com/es/conocenos/instalaciones-distribucion-red/distribucion-electrica.html,"No contiene identificadores de suministro, direcciones, coordenadas privadas ni inventario de infraestructura.",Buscar distribuidoras locales/municipales antes de convertir a regional_default productivo.
aragon,Gallocanta,Zaragoza,municipality:zaragoza::gallocanta,"e-distribución Redes Digitales, S.L.U.",regional_presence_candidate,regional_presence_confirmed_needs_boundary_review,high_boundary_review,review_boundary_and_local_exceptions_before_production,no,no,e-distribución — distribución eléctrica,https://www.edistribucion.com/es/conocenos/instalaciones-distribucion-red/distribucion-electrica.html,"No contiene identificadores de suministro, direcciones, coordenadas privadas ni inventario de infraestructura.",Buscar distribuidoras locales/municipales antes de convertir a regional_default productivo.
aragon,Torres de Albarracín,Teruel,municipality:teruel::torres_de_albarracin,"e-distribución Redes Digitales, S.L.U.",regional_presence_candidate,regional_presence_confirmed_needs_boundary_review,high_boundary_review,review_boundary_and_local_exceptions_before_production,no,no,e-distribución — distribución eléctrica,https://www.edistribucion.com/es/conocenos/instalaciones-distribucion-red/distribucion-electrica.html,"No contiene identificadores de suministro, direcciones, coordenadas privadas ni inventario de infraestructura.",Buscar distribuidoras locales/municipales antes de convertir a regional_default productivo.
aragon,Mediana de Aragón,Zaragoza,municipality:zaragoza::mediana_de_aragon,"e-distribución Redes Digitales, S.L.U.",regional_presence_candidate,regional_presence_confirmed_needs_boundary_review,high_boundary_review,review_boundary_and_local_exceptions_before_production,no,no,e-distribución — distribución eléctrica,https://www.edistribucion.com/es/conocenos/instalaciones-distribucion-red/distribucion-electrica.html,"No contiene identificadores de suministro, direcciones, coordenadas privadas ni inventario de infraestructura.",Buscar distribuidoras locales/municipales antes de convertir a regional_default productivo.
aragon,Puebla de Albortón,Zaragoza,municipality:zaragoza::puebla_de_alborton,"e-distribución Redes Digitales, S.L.U.",regional_presence_candidate,regional_presence_confirmed_needs_boundary_review,high_boundary_review,review_boundary_and_local_exceptions_before_production,no,no,e-distribución — distribución eléctrica,https://www.edistribucion.com/es/conocenos/instalaciones-distribucion-red/distribucion-electrica.html,"No contiene identificadores de suministro, direcciones, coordenadas privadas ni inventario de infraestructura.",Buscar distribuidoras locales/municipales antes de convertir a regional_default productivo.
aragon,Torrelacárcel,Teruel,municipality:teruel::torrelacarcel,"e-distribución Redes Digitales, S.L.U.",regional_presence_candidate,regional_presence_confirmed_needs_boundary_review,high_boundary_review,review_boundary_and_local_exceptions_before_production,no,no,e-distribución — distribución eléctrica,https://www.edistribucion.com/es/conocenos/instalaciones-distribucion-red/distribucion-electrica.html,"No contiene identificadores de suministro, direcciones, coordenadas privadas ni inventario de infraestructura.",Buscar distribuidoras locales/municipales antes de convertir a regional_default productivo.
aragon,Anento,Zaragoza,municipality:zaragoza::anento,"e-distribución Redes Digitales, S.L.U.",regional_presence_candidate,regional_presence_confirmed_needs_boundary_review,high_boundary_review,review_boundary_and_local_exceptions_before_production,no,no,e-distribución — distribución eléctrica,https://www.edistribucion.com/es/conocenos/instalaciones-distribucion-red/distribucion-electrica.html,"No contiene identificadores de suministro, direcciones, coordenadas privadas ni inventario de infraestructura.",Buscar distribuidoras locales/municipales antes de convertir a regional_default productivo.
aragon,Castillonroy,Huesca,municipality:huesca::castillonroy,"e-distribución Redes Digitales, S.L.U.",regional_presence_candidate,regional_presence_confirmed_needs_boundary_review,high_boundary_review,review_boundary_and_local_exceptions_before_production,no,no,e-distribución — distribución eléctrica,https://www.edistribucion.com/es/conocenos/instalaciones-distribucion-red/distribucion-electrica.html,"No contiene identificadores de suministro, direcciones, coordenadas privadas ni inventario de infraestructura.",Buscar distribuidoras locales/municipales antes de convertir a regional_default productivo.
aragon,Rubielos de Mora,Teruel,municipality:teruel::rubielos_de_mora,"e-distribución Redes Digitales, S.L.U.",regional_presence_candidate,regional_presence_confirmed_needs_boundary_review,high_boundary_review,review_boundary_and_local_exceptions_before_production,no,no,e-distribución — distribución eléctrica,https://www.edistribucion.com/es/conocenos/instalaciones-distribucion-red/distribucion-electrica.html,"No contiene identificadores de suministro, direcciones, coordenadas privadas ni inventario de infraestructura.",Buscar distribuidoras locales/municipales antes de convertir a regional_default productivo.
aragon,Gallur,Zaragoza,municipality:zaragoza::gallur,"e-distribución Redes Digitales, S.L.U.",regional_presence_candidate,regional_presence_confirmed_needs_boundary_review,high_boundary_review,review_boundary_and_local_exceptions_before_production,no,no,e-distribución — distribución eléctrica,https://www.edistribucion.com/es/conocenos/instalaciones-distribucion-red/distribucion-electrica.html,"No contiene identificadores de suministro, direcciones, coordenadas privadas ni inventario de infraestructura.",Buscar distribuidoras locales/municipales antes de convertir a regional_default productivo.
aragon,Riodeva,Teruel,municipality:teruel::riodeva,"e-distribución Redes Digitales, S.L.U.",regional_presence_candidate,regional_presence_confirmed_needs_boundary_review,high_boundary_review,review_boundary_and_local_exceptions_before_production,no,no,e-distribución — distribución eléctrica,https://www.edistribucion.com/es/conocenos/instalaciones-distribucion-red/distribucion-electrica.html,"No contiene identificadores de suministro, direcciones, coordenadas privadas ni inventario de infraestructura.",Buscar distribuidoras locales/municipales antes de convertir a regional_default productivo.
aragon,Arándiga,Zaragoza,municipality:zaragoza::arandiga,"e-distribución Redes Digitales, S.L.U.",regional_presence_candidate,regional_presence_confirmed_needs_boundary_review,high_boundary_review,review_boundary_and_local_exceptions_before_production,no,no,e-distribución — distribución eléctrica,https://www.edistribucion.com/es/conocenos/instalaciones-distribucion-red/distribucion-electrica.html,"No contiene identificadores de suministro, direcciones, coordenadas privadas ni inventario de infraestructura.",Buscar distribuidoras locales/municipales antes de convertir a regional_default productivo.
aragon,Pueyo de Santa Cruz,Huesca,municipality:huesca::pueyo_de_santa_cruz,"e-distribución Redes Digitales, S.L.U.",regional_presence_candidate,regional_presence_confirmed_needs_boundary_review,high_boundary_review,review_boundary_and_local_exceptions_before_production,no,no,e-distribución — distribución eléctrica,https://www.edistribucion.com/es/conocenos/instalaciones-distribucion-red/distribucion-electrica.html,"No contiene identificadores de suministro, direcciones, coordenadas privadas ni inventario de infraestructura.",Buscar distribuidoras locales/municipales antes de convertir a regional_default productivo.
aragon,Torrijo del Campo,Teruel,municipality:teruel::torrijo_del_campo,"e-distribución Redes Digitales, S.L.U.",regional_presence_candidate,regional_presence_confirmed_needs_boundary_review,high_boundary_review,review_boundary_and_local_exceptions_before_production,no,no,e-distribución — distribución eléctrica,https://www.edistribucion.com/es/conocenos/instalaciones-distribucion-red/distribucion-electrica.html,"No contiene identificadores de suministro, direcciones, coordenadas privadas ni inventario de infraestructura.",Buscar distribuidoras locales/municipales antes de convertir a regional_default productivo.
aragon,Bujaraloz,Zaragoza,municipality:zaragoza::bujaraloz,"e-distribución Redes Digitales, S.L.U.",regional_presence_candidate,regional_presence_confirmed_needs_boundary_review,high_boundary_review,review_boundary_and_local_exceptions_before_production,no,no,e-distribución — distribución eléctrica,https://www.edistribucion.com/es/conocenos/instalaciones-distribucion-red/distribucion-electrica.html,"No contiene identificadores de suministro, direcciones, coordenadas privadas ni inventario de infraestructura.",Buscar distribuidoras locales/municipales antes de convertir a regional_default productivo.
aragon,Alba,Teruel,municipality:teruel::alba,"e-distribución Redes Digitales, S.L.U.",regional_presence_candidate,regional_presence_confirmed_needs_boundary_review,high_boundary_review,review_boundary_and_local_exceptions_before_production,no,no,e-distribución — distribución eléctrica,https://www.edistribucion.com/es/conocenos/instalaciones-distribucion-red/distribucion-electrica.html,"No contiene identificadores de suministro, direcciones, coordenadas privadas ni inventario de infraestructura.",Buscar distribuidoras locales/municipales antes de convertir a regional_default productivo.
aragon,Allepuz,Teruel,municipality:teruel::allepuz,"e-distribución Redes Digitales, S.L.U.",regional_presence_candidate,regional_presence_confirmed_needs_boundary_review,high_boundary_review,review_boundary_and_local_exceptions_before_production,no,no,e-distribución — distribución eléctrica,https://www.edistribucion.com/es/conocenos/instalaciones-distribucion-red/distribucion-electrica.html,"No contiene identificadores de suministro, direcciones, coordenadas privadas ni inventario de infraestructura.",Buscar distribuidoras locales/municipales antes de convertir a regional_default productivo.
aragon,Villanueva de Sigena,Huesca,municipality:huesca::villanueva_de_sigena,"e-distribución Redes Digitales, S.L.U.",regional_presence_candidate,regional_presence_confirmed_needs_boundary_review,high_boundary_review,review_boundary_and_local_exceptions_before_production,no,no,e-distribución — distribución eléctrica,https://www.edistribucion.com/es/conocenos/instalaciones-distribucion-red/distribucion-electrica.html,"No contiene identificadores de suministro, direcciones, coordenadas privadas ni inventario de infraestructura.",Buscar distribuidoras locales/municipales antes de convertir a regional_default productivo.
aragon,La Codoñera,Teruel,municipality:teruel::la_codonera,"e-distribución Redes Digitales, S.L.U.",regional_presence_candidate,regional_presence_confirmed_needs_boundary_review,high_boundary_review,review_boundary_and_local_exceptions_before_production,no,no,e-distribución — distribución eléctrica,https://www.edistribucion.com/es/conocenos/instalaciones-distribucion-red/distribucion-electrica.html,"No contiene identificadores de suministro, direcciones, coordenadas privadas ni inventario de infraestructura.",Buscar distribuidoras locales/municipales antes de convertir a regional_default productivo.
aragon,Los Pintanos,Zaragoza,municipality:zaragoza::los_pintanos,"e-distribución Redes Digitales, S.L.U.",regional_presence_candidate,regional_presence_confirmed_needs_boundary_review,high_boundary_review,review_boundary_and_local_exceptions_before_production,no,no,e-distribución — distribución eléctrica,https://www.edistribucion.com/es/conocenos/instalaciones-distribucion-red/distribucion-electrica.html,"No contiene identificadores de suministro, direcciones, coordenadas privadas ni inventario de infraestructura.",Buscar distribuidoras locales/municipales antes de convertir a regional_default productivo.
aragon,Muniesa,Teruel,municipality:teruel::muniesa,"e-distribución Redes Digitales, S.L.U.",regional_presence_candidate,regional_presence_confirmed_needs_boundary_review,high_boundary_review,review_boundary_and_local_exceptions_before_production,no,no,e-distribución — distribución eléctrica,https://www.edistribucion.com/es/conocenos/instalaciones-distribucion-red/distribucion-electrica.html,"No contiene identificadores de suministro, direcciones, coordenadas privadas ni inventario de infraestructura.",Buscar distribuidoras locales/municipales antes de convertir a regional_default productivo.
aragon,Oliete,Teruel,municipality:teruel::oliete,"e-distribución Redes Digitales, S.L.U.",regional_presence_candidate,regional_presence_confirmed_needs_boundary_review,high_boundary_review,review_boundary_and_local_exceptions_before_production,no,no,e-distribución — distribución eléctrica,https://www.edistribucion.com/es/conocenos/instalaciones-distribucion-red/distribucion-electrica.html,"No contiene identificadores de suministro, direcciones, coordenadas privadas ni inventario de infraestructura.",Buscar distribuidoras locales/municipales antes de convertir a regional_default productivo.
aragon,El Buste,Zaragoza,municipality:zaragoza::el_buste,"e-distribución Redes Digitales, S.L.U.",regional_presence_candidate,regional_presence_confirmed_needs_boundary_review,high_boundary_review,review_boundary_and_local_exceptions_before_production,no,no,e-distribución — distribución eléctrica,https://www.edistribucion.com/es/conocenos/instalaciones-distribucion-red/distribucion-electrica.html,"No contiene identificadores de suministro, direcciones, coordenadas privadas ni inventario de infraestructura.",Buscar distribuidoras locales/municipales antes de convertir a regional_default productivo.
aragon,Aínsa-Sobrarbe,Huesca,municipality:huesca::ainsa_sobrarbe,"e-distribución Redes Digitales, S.L.U.",regional_presence_candidate,regional_presence_confirmed_needs_boundary_review,high_boundary_review,review_boundary_and_local_exceptions_before_production,no,no,e-distribución — distribución eléctrica,https://www.edistribucion.com/es/conocenos/instalaciones-distribucion-red/distribucion-electrica.html,"No contiene identificadores de suministro, direcciones, coordenadas privadas ni inventario de infraestructura.",Buscar distribuidoras locales/municipales antes de convertir a regional_default productivo.
aragon,Luesma,Zaragoza,municipality:zaragoza::luesma,"e-distribución Redes Digitales, S.L.U.",regional_presence_candidate,regional_presence_confirmed_needs_boundary_review,high_boundary_review,review_boundary_and_local_exceptions_before_production,no,no,e-distribución — distribución eléctrica,https://www.edistribucion.com/es/conocenos/instalaciones-distribucion-red/distribucion-electrica.html,"No contiene identificadores de suministro, direcciones, coordenadas privadas ni inventario de infraestructura.",Buscar distribuidoras locales/municipales antes de convertir a regional_default productivo.
aragon,Villafeliche,Zaragoza,municipality:zaragoza::villafeliche,"e-distribución Redes Digitales, S.L.U.",regional_presence_candidate,regional_presence_confirmed_needs_boundary_review,high_boundary_review,review_boundary_and_local_exceptions_before_production,no,no,e-distribución — distribución eléctrica,https://www.edistribucion.com/es/conocenos/instalaciones-distribucion-red/distribucion-electrica.html,"No contiene identificadores de suministro, direcciones, coordenadas privadas ni inventario de infraestructura.",Buscar distribuidoras locales/municipales antes de convertir a regional_default productivo.
aragon,El Cuervo,Teruel,municipality:teruel::el_cuervo,"e-distribución Redes Digitales, S.L.U.",regional_presence_candidate,regional_presence_confirmed_needs_boundary_review,high_boundary_review,review_boundary_and_local_exceptions_before_production,no,no,e-distribución — distribución eléctrica,https://www.edistribucion.com/es/conocenos/instalaciones-distribucion-red/distribucion-electrica.html,"No contiene identificadores de suministro, direcciones, coordenadas privadas ni inventario de infraestructura.",Buscar distribuidoras locales/municipales antes de convertir a regional_default productivo.
aragon,Mora de Rubielos,Teruel,municipality:teruel::mora_de_rubielos,"e-distribución Redes Digitales, S.L.U.",regional_presence_candidate,regional_presence_confirmed_needs_boundary_review,high_boundary_review,review_boundary_and_local_exceptions_before_production,no,no,e-distribución — distribución eléctrica,https://www.edistribucion.com/es/conocenos/instalaciones-distribucion-red/distribucion-electrica.html,"No contiene identificadores de suministro, direcciones, coordenadas privadas ni inventario de infraestructura.",Buscar distribuidoras locales/municipales antes de convertir a regional_default productivo.
aragon,Sopeira,Huesca,municipality:huesca::sopeira,"e-distribución Redes Digitales, S.L.U.",regional_presence_candidate,regional_presence_confirmed_needs_boundary_review,high_boundary_review,review_boundary_and_local_exceptions_before_production,no,no,e-distribución — distribución eléctrica,https://www.edistribucion.com/es/conocenos/instalaciones-distribucion-red/distribucion-electrica.html,"No contiene identificadores de suministro, direcciones, coordenadas privadas ni inventario de infraestructura.",Buscar distribuidoras locales/municipales antes de convertir a regional_default productivo.
aragon,Mianos,Zaragoza,municipality:zaragoza::mianos,"e-distribución Redes Digitales, S.L.U.",regional_presence_candidate,regional_presence_confirmed_needs_boundary_review,high_boundary_review,review_boundary_and_local_exceptions_before_production,no,no,e-distribución — distribución eléctrica,https://www.edistribucion.com/es/conocenos/instalaciones-distribucion-red/distribucion-electrica.html,"No contiene identificadores de suministro, direcciones, coordenadas privadas ni inventario de infraestructura.",Buscar distribuidoras locales/municipales antes de convertir a regional_default productivo.
aragon,Monforte de Moyuela,Teruel,municipality:teruel::monforte_de_moyuela,"e-distribución Redes Digitales, S.L.U.",regional_presence_candidate,regional_presence_confirmed_needs_boundary_review,high_boundary_review,review_boundary_and_local_exceptions_before_production,no,no,e-distribución — distribución eléctrica,https://www.edistribucion.com/es/conocenos/instalaciones-distribucion-red/distribucion-electrica.html,"No contiene identificadores de suministro, direcciones, coordenadas privadas ni inventario de infraestructura.",Buscar distribuidoras locales/municipales antes de convertir a regional_default productivo.
aragon,Libros,Teruel,municipality:teruel::libros,"e-distribución Redes Digitales, S.L.U.",regional_presence_candidate,regional_presence_confirmed_needs_boundary_review,high_boundary_review,review_boundary_and_local_exceptions_before_production,no,no,e-distribución — distribución eléctrica,https://www.edistribucion.com/es/conocenos/instalaciones-distribucion-red/distribucion-electrica.html,"No contiene identificadores de suministro, direcciones, coordenadas privadas ni inventario de infraestructura.",Buscar distribuidoras locales/municipales antes de convertir a regional_default productivo.
aragon,Puente la Reina de Jaca,Huesca,municipality:huesca::puente_la_reina_de_jaca,"e-distribución Redes Digitales, S.L.U.",regional_presence_candidate,regional_presence_confirmed_needs_boundary_review,high_boundary_review,review_boundary_and_local_exceptions_before_production,no,no,e-distribución — distribución eléctrica,https://www.edistribucion.com/es/conocenos/instalaciones-distribucion-red/distribucion-electrica.html,"No contiene identificadores de suministro, direcciones, coordenadas privadas ni inventario de infraestructura.",Buscar distribuidoras locales/municipales antes de convertir a regional_default productivo.
aragon,Torrelapaja,Zaragoza,municipality:zaragoza::torrelapaja,"e-distribución Redes Digitales, S.L.U.",regional_presence_candidate,regional_presence_confirmed_needs_boundary_review,high_boundary_review,review_boundary_and_local_exceptions_before_production,no,no,e-distribución — distribución eléctrica,https://www.edistribucion.com/es/conocenos/instalaciones-distribucion-red/distribucion-electrica.html,"No contiene identificadores de suministro, direcciones, coordenadas privadas ni inventario de infraestructura.",Buscar distribuidoras locales/municipales antes de convertir a regional_default productivo.
aragon,Santa Cruz de la Serós,Huesca,municipality:huesca::santa_cruz_de_la_seros,"e-distribución Redes Digitales, S.L.U.",regional_presence_candidate,regional_presence_confirmed_needs_boundary_review,high_boundary_review,review_boundary_and_local_exceptions_before_production,no,no,e-distribución — distribución eléctrica,https://www.edistribucion.com/es/conocenos/instalaciones-distribucion-red/distribucion-electrica.html,"No contiene identificadores de suministro, direcciones, coordenadas privadas ni inventario de infraestructura.",Buscar distribuidoras locales/municipales antes de convertir a regional_default productivo.
aragon,El Frasno,Zaragoza,municipality:zaragoza::el_frasno,"e-distribución Redes Digitales, S.L.U.",regional_presence_candidate,regional_presence_confirmed_needs_boundary_review,high_boundary_review,review_boundary_and_local_exceptions_before_production,no,no,e-distribución — distribución eléctrica,https://www.edistribucion.com/es/conocenos/instalaciones-distribucion-red/distribucion-electrica.html,"No contiene identificadores de suministro, direcciones, coordenadas privadas ni inventario de infraestructura.",Buscar distribuidoras locales/municipales antes de convertir a regional_default productivo.
aragon,Las Peñas de Riglos,Huesca,municipality:huesca::las_penas_de_riglos,"e-distribución Redes Digitales, S.L.U.",regional_presence_candidate,regional_presence_confirmed_needs_boundary_review,high_boundary_review,review_boundary_and_local_exceptions_before_production,no,no,e-distribución — distribución eléctrica,https://www.edistribucion.com/es/conocenos/instalaciones-distribucion-red/distribucion-electrica.html,"No contiene identificadores de suministro, direcciones, coordenadas privadas ni inventario de infraestructura.",Buscar distribuidoras locales/municipales antes de convertir a regional_default productivo.
aragon,Vivel del Río Martín,Teruel,municipality:teruel::vivel_del_rio_martin,"e-distribución Redes Digitales, S.L.U.",regional_presence_candidate,regional_presence_confirmed_needs_boundary_review,high_boundary_review,review_boundary_and_local_exceptions_before_production,no,no,e-distribución — distribución eléctrica,https://www.edistribucion.com/es/conocenos/instalaciones-distribucion-red/distribucion-electrica.html,"No contiene identificadores de suministro, direcciones, coordenadas privadas ni inventario de infraestructura.",Buscar distribuidoras locales/municipales antes de convertir a regional_default productivo.
aragon,Azuara,Zaragoza,municipality:zaragoza::azuara,"e-distribución Redes Digitales, S.L.U.",regional_presence_candidate,regional_presence_confirmed_needs_boundary_review,high_boundary_review,review_boundary_and_local_exceptions_before_production,no,no,e-distribución — distribución eléctrica,https://www.edistribucion.com/es/conocenos/instalaciones-distribucion-red/distribucion-electrica.html,"No contiene identificadores de suministro, direcciones, coordenadas privadas ni inventario de infraestructura.",Buscar distribuidoras locales/municipales antes de convertir a regional_default productivo.
aragon,Abizanda,Huesca,municipality:huesca::abizanda,"e-distribución Redes Digitales, S.L.U.",regional_presence_candidate,regional_presence_confirmed_needs_boundary_review,high_boundary_review,review_boundary_and_local_exceptions_before_production,no,no,e-distribución — distribución eléctrica,https://www.edistribucion.com/es/conocenos/instalaciones-distribucion-red/distribucion-electrica.html,"No contiene identificadores de suministro, direcciones, coordenadas privadas ni inventario de infraestructura.",Buscar distribuidoras locales/municipales antes de convertir a regional_default productivo.
aragon,Orihuela del Tremedal,Teruel,municipality:teruel::orihuela_del_tremedal,"e-distribución Redes Digitales, S.L.U.",regional_presence_candidate,regional_presence_confirmed_needs_boundary_review,high_boundary_review,review_boundary_and_local_exceptions_before_production,no,no,e-distribución — distribución eléctrica,https://www.edistribucion.com/es/conocenos/instalaciones-distribucion-red/distribucion-electrica.html,"No contiene identificadores de suministro, direcciones, coordenadas privadas ni inventario de infraestructura.",Buscar distribuidoras locales/municipales antes de convertir a regional_default productivo.
aragon,Villar de los Navarros,Zaragoza,municipality:zaragoza::villar_de_los_navarros,"e-distribución Redes Digitales, S.L.U.",regional_presence_candidate,regional_presence_confirmed_needs_boundary_review,high_boundary_review,review_boundary_and_local_exceptions_before_production,no,no,e-distribución — distribución eléctrica,https://www.edistribucion.com/es/conocenos/instalaciones-distribucion-red/distribucion-electrica.html,"No contiene identificadores de suministro, direcciones, coordenadas privadas ni inventario de infraestructura.",Buscar distribuidoras locales/municipales antes de convertir a regional_default productivo.
aragon,Alcampell,Huesca,municipality:huesca::alcampell,"e-distribución Redes Digitales, S.L.U.",regional_presence_candidate,regional_presence_confirmed_needs_boundary_review,high_boundary_review,review_boundary_and_local_exceptions_before_production,no,no,e-distribución — distribución eléctrica,https://www.edistribucion.com/es/conocenos/instalaciones-distribucion-red/distribucion-electrica.html,"No contiene identificadores de suministro, direcciones, coordenadas privadas ni inventario de infraestructura.",Buscar distribuidoras locales/municipales antes de convertir a regional_default productivo.
aragon,Montearagón,Toledo,municipality:toledo::montearagon,"e-distribución Redes Digitales, S.L.U.",regional_presence_candidate,regional_presence_confirmed_needs_boundary_review,high_boundary_review,review_boundary_and_local_exceptions_before_production,no,no,e-distribución — distribución eléctrica,https://www.edistribucion.com/es/conocenos/instalaciones-distribucion-red/distribucion-electrica.html,"No contiene identificadores de suministro, direcciones, coordenadas privadas ni inventario de infraestructura.",Buscar distribuidoras locales/municipales antes de convertir a regional_default productivo.
aragon,Obón,Teruel,municipality:teruel::obon,"e-distribución Redes Digitales, S.L.U.",regional_presence_candidate,regional_presence_confirmed_needs_boundary_review,high_boundary_review,review_boundary_and_local_exceptions_before_production,no,no,e-distribución — distribución eléctrica,https://www.edistribucion.com/es/conocenos/instalaciones-distribucion-red/distribucion-electrica.html,"No contiene identificadores de suministro, direcciones, coordenadas privadas ni inventario de infraestructura.",Buscar distribuidoras locales/municipales antes de convertir a regional_default productivo.
aragon,Cariñena,Zaragoza,municipality:zaragoza::carinena,"e-distribución Redes Digitales, S.L.U.",regional_presence_candidate,regional_presence_confirmed_needs_boundary_review,high_boundary_review,review_boundary_and_local_exceptions_before_production,no,no,e-distribución — distribución eléctrica,https://www.edistribucion.com/es/conocenos/instalaciones-distribucion-red/distribucion-electrica.html,"No contiene identificadores de suministro, direcciones, coordenadas privadas ni inventario de infraestructura.",Buscar distribuidoras locales/municipales antes de convertir a regional_default productivo.
aragon,Cretas,Teruel,municipality:teruel::cretas,"e-distribución Redes Digitales, S.L.U.",regional_presence_candidate,regional_presence_confirmed_needs_boundary_review,high_boundary_review,review_boundary_and_local_exceptions_before_production,no,no,e-distribución — distribución eléctrica,https://www.edistribucion.com/es/conocenos/instalaciones-distribucion-red/distribucion-electrica.html,"No contiene identificadores de suministro, direcciones, coordenadas privadas ni inventario de infraestructura.",Buscar distribuidoras locales/municipales antes de convertir a regional_default productivo.
aragon,Campo,Huesca,municipality:huesca::campo,"e-distribución Redes Digitales, S.L.U.",regional_presence_candidate,regional_presence_confirmed_needs_boundary_review,high_boundary_review,review_boundary_and_local_exceptions_before_production,no,no,e-distribución — distribución eléctrica,https://www.edistribucion.com/es/conocenos/instalaciones-distribucion-red/distribucion-electrica.html,"No contiene identificadores de suministro, direcciones, coordenadas privadas ni inventario de infraestructura.",Buscar distribuidoras locales/municipales antes de convertir a regional_default productivo.
aragon,Alconchel de Ariza,Zaragoza,municipality:zaragoza::alconchel_de_ariza,"e-distribución Redes Digitales, S.L.U.",regional_presence_candidate,regional_presence_confirmed_needs_boundary_review,high_boundary_review,review_boundary_and_local_exceptions_before_production,no,no,e-distribución — distribución eléctrica,https://www.edistribucion.com/es/conocenos/instalaciones-distribucion-red/distribucion-electrica.html,"No contiene identificadores de suministro, direcciones, coordenadas privadas ni inventario de infraestructura.",Buscar distribuidoras locales/municipales antes de convertir a regional_default productivo.
aragon,Aldehuela de Liestos,Zaragoza,municipality:zaragoza::aldehuela_de_liestos,"e-distribución Redes Digitales, S.L.U.",regional_presence_candidate,regional_presence_confirmed_needs_boundary_review,high_boundary_review,review_boundary_and_local_exceptions_before_production,no,no,e-distribución — distribución eléctrica,https://www.edistribucion.com/es/conocenos/instalaciones-distribucion-red/distribucion-electrica.html,"No contiene identificadores de suministro, direcciones, coordenadas privadas ni inventario de infraestructura.",Buscar distribuidoras locales/municipales antes de convertir a regional_default productivo.
aragon,Alberite de San Juan,Zaragoza,municipality:zaragoza::alberite_de_san_juan,"e-distribución Redes Digitales, S.L.U.",regional_presence_candidate,regional_presence_confirmed_needs_boundary_review,high_boundary_review,review_boundary_and_local_exceptions_before_production,no,no,e-distribución — distribución eléctrica,https://www.edistribucion.com/es/conocenos/instalaciones-distribucion-red/distribucion-electrica.html,"No contiene identificadores de suministro, direcciones, coordenadas privadas ni inventario de infraestructura.",Buscar distribuidoras locales/municipales antes de convertir a regional_default productivo.
aragon,La Portellada,Teruel,municipality:teruel::la_portellada,"e-distribución Redes Digitales, S.L.U.",regional_presence_candidate,regional_presence_confirmed_needs_boundary_review,high_boundary_review,review_boundary_and_local_exceptions_before_production,no,no,e-distribución — distribución eléctrica,https://www.edistribucion.com/es/conocenos/instalaciones-distribucion-red/distribucion-electrica.html,"No contiene identificadores de suministro, direcciones, coordenadas privadas ni inventario de infraestructura.",Buscar distribuidoras locales/municipales antes de convertir a regional_default productivo.
aragon,La Almunia de Doña Godina,Zaragoza,municipality:zaragoza::la_almunia_de_dona_godina,"e-distribución Redes Digitales, S.L.U.",regional_presence_candidate,regional_presence_confirmed_needs_boundary_review,high_boundary_review,review_boundary_and_local_exceptions_before_production,no,no,e-distribución — distribución eléctrica,https://www.edistribucion.com/es/conocenos/instalaciones-distribucion-red/distribucion-electrica.html,"No contiene identificadores de suministro, direcciones, coordenadas privadas ni inventario de infraestructura.",Buscar distribuidoras locales/municipales antes de convertir a regional_default productivo.
aragon,Osera de Ebro,Zaragoza,municipality:zaragoza::osera_de_ebro,"e-distribución Redes Digitales, S.L.U.",regional_presence_candidate,regional_presence_confirmed_needs_boundary_review,high_boundary_review,review_boundary_and_local_exceptions_before_production,no,no,e-distribución — distribución eléctrica,https://www.edistribucion.com/es/conocenos/instalaciones-distribucion-red/distribucion-electrica.html,"No contiene identificadores de suministro, direcciones, coordenadas privadas ni inventario de infraestructura.",Buscar distribuidoras locales/municipales antes de convertir a regional_default productivo.
aragon,Lanaja,Huesca,municipality:huesca::lanaja,"e-distribución Redes Digitales, S.L.U.",regional_presence_candidate,regional_presence_confirmed_needs_boundary_review,high_boundary_review,review_boundary_and_local_exceptions_before_production,no,no,e-distribución — distribución eléctrica,https://www.edistribucion.com/es/conocenos/instalaciones-distribucion-red/distribucion-electrica.html,"No contiene identificadores de suministro, direcciones, coordenadas privadas ni inventario de infraestructura.",Buscar distribuidoras locales/municipales antes de convertir a regional_default productivo.
aragon,Ababuj,Teruel,municipality:teruel::ababuj,"e-distribución Redes Digitales, S.L.U.",regional_presence_candidate,regional_presence_confirmed_needs_boundary_review,high_boundary_review,review_boundary_and_local_exceptions_before_production,no,no,e-distribución — distribución eléctrica,https://www.edistribucion.com/es/conocenos/instalaciones-distribucion-red/distribucion-electrica.html,"No contiene identificadores de suministro, direcciones, coordenadas privadas ni inventario de infraestructura.",Buscar distribuidoras locales/municipales antes de convertir a regional_default productivo.
aragon,Torres de Barbués,Huesca,municipality:huesca::torres_de_barbues,"e-distribución Redes Digitales, S.L.U.",regional_presence_candidate,regional_presence_confirmed_needs_boundary_review,high_boundary_review,review_boundary_and_local_exceptions_before_production,no,no,e-distribución — distribución eléctrica,https://www.edistribucion.com/es/conocenos/instalaciones-distribucion-red/distribucion-electrica.html,"No contiene identificadores de suministro, direcciones, coordenadas privadas ni inventario de infraestructura.",Buscar distribuidoras locales/municipales antes de convertir a regional_default productivo.
aragon,Valfarta,Huesca,municipality:huesca::valfarta,"e-distribución Redes Digitales, S.L.U.",regional_presence_candidate,regional_presence_confirmed_needs_boundary_review,high_boundary_review,review_boundary_and_local_exceptions_before_production,no,no,e-distribución — distribución eléctrica,https://www.edistribucion.com/es/conocenos/instalaciones-distribucion-red/distribucion-electrica.html,"No contiene identificadores de suministro, direcciones, coordenadas privadas ni inventario de infraestructura.",Buscar distribuidoras locales/municipales antes de convertir a regional_default productivo.
aragon,Contamina,Zaragoza,municipality:zaragoza::contamina,"e-distribución Redes Digitales, S.L.U.",regional_presence_candidate,regional_presence_confirmed_needs_boundary_review,high_boundary_review,review_boundary_and_local_exceptions_before_production,no,no,e-distribución — distribución eléctrica,https://www.edistribucion.com/es/conocenos/instalaciones-distribucion-red/distribucion-electrica.html,"No contiene identificadores de suministro, direcciones, coordenadas privadas ni inventario de infraestructura.",Buscar distribuidoras locales/municipales antes de convertir a regional_default productivo.
aragon,Embid de Ariza,Zaragoza,municipality:zaragoza::embid_de_ariza,"e-distribución Redes Digitales, S.L.U.",regional_presence_candidate,regional_presence_confirmed_needs_boundary_review,high_boundary_review,review_boundary_and_local_exceptions_before_production,no,no,e-distribución — distribución eléctrica,https://www.edistribucion.com/es/conocenos/instalaciones-distribucion-red/distribucion-electrica.html,"No contiene identificadores de suministro, direcciones, coordenadas privadas ni inventario de infraestructura.",Buscar distribuidoras locales/municipales antes de convertir a regional_default productivo.
aragon,Santa Cilia,Huesca,municipality:huesca::santa_cilia,"e-distribución Redes Digitales, S.L.U.",regional_presence_candidate,regional_presence_confirmed_needs_boundary_review,high_boundary_review,review_boundary_and_local_exceptions_before_production,no,no,e-distribución — distribución eléctrica,https://www.edistribucion.com/es/conocenos/instalaciones-distribucion-red/distribucion-electrica.html,"No contiene identificadores de suministro, direcciones, coordenadas privadas ni inventario de infraestructura.",Buscar distribuidoras locales/municipales antes de convertir a regional_default productivo.
aragon,Épila,Zaragoza,municipality:zaragoza::epila,"e-distribución Redes Digitales, S.L.U.",regional_presence_candidate,regional_presence_confirmed_needs_boundary_review,high_boundary_review,review_boundary_and_local_exceptions_before_production,no,no,e-distribución — distribución eléctrica,https://www.edistribucion.com/es/conocenos/instalaciones-distribucion-red/distribucion-electrica.html,"No contiene identificadores de suministro, direcciones, coordenadas privadas ni inventario de infraestructura.",Buscar distribuidoras locales/municipales antes de convertir a regional_default productivo.
aragon,Cuevas Labradas,Teruel,municipality:teruel::cuevas_labradas,"e-distribución Redes Digitales, S.L.U.",regional_presence_candidate,regional_presence_confirmed_needs_boundary_review,high_boundary_review,review_boundary_and_local_exceptions_before_production,no,no,e-distribución — distribución eléctrica,https://www.edistribucion.com/es/conocenos/instalaciones-distribucion-red/distribucion-electrica.html,"No contiene identificadores de suministro, direcciones, coordenadas privadas ni inventario de infraestructura.",Buscar distribuidoras locales/municipales antes de convertir a regional_default productivo.
aragon,Huerto,Huesca,municipality:huesca::huerto,"e-distribución Redes Digitales, S.L.U.",regional_presence_candidate,regional_presence_confirmed_needs_boundary_review,high_boundary_review,review_boundary_and_local_exceptions_before_production,no,no,e-distribución — distribución eléctrica,https://www.edistribucion.com/es/conocenos/instalaciones-distribucion-red/distribucion-electrica.html,"No contiene identificadores de suministro, direcciones, coordenadas privadas ni inventario de infraestructura.",Buscar distribuidoras locales/municipales antes de convertir a regional_default productivo.
aragon,Luesia,Zaragoza,municipality:zaragoza::luesia,"e-distribución Redes Digitales, S.L.U.",regional_presence_candidate,regional_presence_confirmed_needs_boundary_review,high_boundary_review,review_boundary_and_local_exceptions_before_production,no,no,e-distribución — distribución eléctrica,https://www.edistribucion.com/es/conocenos/instalaciones-distribucion-red/distribucion-electrica.html,"No contiene identificadores de suministro, direcciones, coordenadas privadas ni inventario de infraestructura.",Buscar distribuidoras locales/municipales antes de convertir a regional_default productivo.
aragon,Valdeltormo,Teruel,municipality:teruel::valdeltormo,"e-distribución Redes Digitales, S.L.U.",regional_presence_candidate,regional_presence_confirmed_needs_boundary_review,high_boundary_review,review_boundary_and_local_exceptions_before_production,no,no,e-distribución — distribución eléctrica,https://www.edistribucion.com/es/conocenos/instalaciones-distribucion-red/distribucion-electrica.html,"No contiene identificadores de suministro, direcciones, coordenadas privadas ni inventario de infraestructura.",Buscar distribuidoras locales/municipales antes de convertir a regional_default productivo.
aragon,Blesa,Teruel,municipality:teruel::blesa,"e-distribución Redes Digitales, S.L.U.",regional_presence_candidate,regional_presence_confirmed_needs_boundary_review,high_boundary_review,review_boundary_and_local_exceptions_before_production,no,no,e-distribución — distribución eléctrica,https://www.edistribucion.com/es/conocenos/instalaciones-distribucion-red/distribucion-electrica.html,"No contiene identificadores de suministro, direcciones, coordenadas privadas ni inventario de infraestructura.",Buscar distribuidoras locales/municipales antes de convertir a regional_default productivo.
aragon,Godojos,Zaragoza,municipality:zaragoza::godojos,"e-distribución Redes Digitales, S.L.U.",regional_presence_candidate,regional_presence_confirmed_needs_boundary_review,high_boundary_review,review_boundary_and_local_exceptions_before_production,no,no,e-distribución — distribución eléctrica,https://www.edistribucion.com/es/conocenos/instalaciones-distribucion-red/distribucion-electrica.html,"No contiene identificadores de suministro, direcciones, coordenadas privadas ni inventario de infraestructura.",Buscar distribuidoras locales/municipales antes de convertir a regional_default productivo.
aragon,Bagüés,Zaragoza,municipality:zaragoza::bagues,"e-distribución Redes Digitales, S.L.U.",regional_presence_candidate,regional_presence_confirmed_needs_boundary_review,high_boundary_review,review_boundary_and_local_exceptions_before_production,no,no,e-distribución — distribución eléctrica,https://www.edistribucion.com/es/conocenos/instalaciones-distribucion-red/distribucion-electrica.html,"No contiene identificadores de suministro, direcciones, coordenadas privadas ni inventario de infraestructura.",Buscar distribuidoras locales/municipales antes de convertir a regional_default productivo.
aragon,Peñarroya de Tastavins,Teruel,municipality:teruel::penarroya_de_tastavins,"e-distribución Redes Digitales, S.L.U.",regional_presence_candidate,regional_presence_confirmed_needs_boundary_review,high_boundary_review,review_boundary_and_local_exceptions_before_production,no,no,e-distribución — distribución eléctrica,https://www.edistribucion.com/es/conocenos/instalaciones-distribucion-red/distribucion-electrica.html,"No contiene identificadores de suministro, direcciones, coordenadas privadas ni inventario de infraestructura.",Buscar distribuidoras locales/municipales antes de convertir a regional_default productivo.
aragon,Lechón,Zaragoza,municipality:zaragoza::lechon,"e-distribución Redes Digitales, S.L.U.",regional_presence_candidate,regional_presence_confirmed_needs_boundary_review,high_boundary_review,review_boundary_and_local_exceptions_before_production,no,no,e-distribución — distribución eléctrica,https://www.edistribucion.com/es/conocenos/instalaciones-distribucion-red/distribucion-electrica.html,"No contiene identificadores de suministro, direcciones, coordenadas privadas ni inventario de infraestructura.",Buscar distribuidoras locales/municipales antes de convertir a regional_default productivo.
aragon,Salvatierra de Esca,Zaragoza,municipality:zaragoza::salvatierra_de_esca,"e-distribución Redes Digitales, S.L.U.",regional_presence_candidate,regional_presence_confirmed_needs_boundary_review,high_boundary_review,review_boundary_and_local_exceptions_before_production,no,no,e-distribución — distribución eléctrica,https://www.edistribucion.com/es/conocenos/instalaciones-distribucion-red/distribucion-electrica.html,"No contiene identificadores de suministro, direcciones, coordenadas privadas ni inventario de infraestructura.",Buscar distribuidoras locales/municipales antes de convertir a regional_default productivo.
aragon,Camañas,Teruel,municipality:teruel::camanas,"e-distribución Redes Digitales, S.L.U.",regional_presence_candidate,regional_presence_confirmed_needs_boundary_review,high_boundary_review,review_boundary_and_local_exceptions_before_production,no,no,e-distribución — distribución eléctrica,https://www.edistribucion.com/es/conocenos/instalaciones-distribucion-red/distribucion-electrica.html,"No contiene identificadores de suministro, direcciones, coordenadas privadas ni inventario de infraestructura.",Buscar distribuidoras locales/municipales antes de convertir a regional_default productivo.
aragon,Isuerre,Zaragoza,municipality:zaragoza::isuerre,"e-distribución Redes Digitales, S.L.U.",regional_presence_candidate,regional_presence_confirmed_needs_boundary_review,high_boundary_review,review_boundary_and_local_exceptions_before_production,no,no,e-distribución — distribución eléctrica,https://www.edistribucion.com/es/conocenos/instalaciones-distribucion-red/distribucion-electrica.html,"No contiene identificadores de suministro, direcciones, coordenadas privadas ni inventario de infraestructura.",Buscar distribuidoras locales/municipales antes de convertir a regional_default productivo.
aragon,Bailo,Huesca,municipality:huesca::bailo,"e-distribución Redes Digitales, S.L.U.",regional_presence_candidate,regional_presence_confirmed_needs_boundary_review,high_boundary_review,review_boundary_and_local_exceptions_before_production,no,no,e-distribución — distribución eléctrica,https://www.edistribucion.com/es/conocenos/instalaciones-distribucion-red/distribucion-electrica.html,"No contiene identificadores de suministro, direcciones, coordenadas privadas ni inventario de infraestructura.",Buscar distribuidoras locales/municipales antes de convertir a regional_default productivo.
aragon,Monreal del Campo,Teruel,municipality:teruel::monreal_del_campo,"e-distribución Redes Digitales, S.L.U.",regional_presence_candidate,regional_presence_confirmed_needs_boundary_review,high_boundary_review,review_boundary_and_local_exceptions_before_production,no,no,e-distribución — distribución eléctrica,https://www.edistribucion.com/es/conocenos/instalaciones-distribucion-red/distribucion-electrica.html,"No contiene identificadores de suministro, direcciones, coordenadas privadas ni inventario de infraestructura.",Buscar distribuidoras locales/municipales antes de convertir a regional_default productivo.
aragon,Peracense,Teruel,municipality:teruel::peracense,"e-distribución Redes Digitales, S.L.U.",regional_presence_candidate,regional_presence_confirmed_needs_boundary_review,high_boundary_review,review_boundary_and_local_exceptions_before_production,no,no,e-distribución — distribución eléctrica,https://www.edistribucion.com/es/conocenos/instalaciones-distribucion-red/distribucion-electrica.html,"No contiene identificadores de suministro, direcciones, coordenadas privadas ni inventario de infraestructura.",Buscar distribuidoras locales/municipales antes de convertir a regional_default productivo.
aragon,Botorrita,Zaragoza,municipality:zaragoza::botorrita,"e-distribución Redes Digitales, S.L.U.",regional_presence_candidate,regional_presence_confirmed_needs_boundary_review,high_boundary_review,review_boundary_and_local_exceptions_before_production,no,no,e-distribución — distribución eléctrica,https://www.edistribucion.com/es/conocenos/instalaciones-distribucion-red/distribucion-electrica.html,"No contiene identificadores de suministro, direcciones, coordenadas privadas ni inventario de infraestructura.",Buscar distribuidoras locales/municipales antes de convertir a regional_default productivo.
aragon,Albarracín,Teruel,municipality:teruel::albarracin,"e-distribución Redes Digitales, S.L.U.",regional_presence_candidate,regional_presence_confirmed_needs_boundary_review,high_boundary_review,review_boundary_and_local_exceptions_before_production,no,no,e-distribución — distribución eléctrica,https://www.edistribucion.com/es/conocenos/instalaciones-distribucion-red/distribucion-electrica.html,"No contiene identificadores de suministro, direcciones, coordenadas privadas ni inventario de infraestructura.",Buscar distribuidoras locales/municipales antes de convertir a regional_default productivo.
aragon,Mezquita de Jarque,Teruel,municipality:teruel::mezquita_de_jarque,"e-distribución Redes Digitales, S.L.U.",regional_presence_candidate,regional_presence_confirmed_needs_boundary_review,high_boundary_review,review_boundary_and_local_exceptions_before_production,no,no,e-distribución — distribución eléctrica,https://www.edistribucion.com/es/conocenos/instalaciones-distribucion-red/distribucion-electrica.html,"No contiene identificadores de suministro, direcciones, coordenadas privadas ni inventario de infraestructura.",Buscar distribuidoras locales/municipales antes de convertir a regional_default productivo.
aragon,Loarre,Huesca,municipality:huesca::loarre,"e-distribución Redes Digitales, S.L.U.",regional_presence_candidate,regional_presence_confirmed_needs_boundary_review,high_boundary_review,review_boundary_and_local_exceptions_before_production,no,no,e-distribución — distribución eléctrica,https://www.edistribucion.com/es/conocenos/instalaciones-distribucion-red/distribucion-electrica.html,"No contiene identificadores de suministro, direcciones, coordenadas privadas ni inventario de infraestructura.",Buscar distribuidoras locales/municipales antes de convertir a regional_default productivo.
aragon,Maicas,Teruel,municipality:teruel::maicas,"e-distribución Redes Digitales, S.L.U.",regional_presence_candidate,regional_presence_confirmed_needs_boundary_review,high_boundary_review,review_boundary_and_local_exceptions_before_production,no,no,e-distribución — distribución eléctrica,https://www.edistribucion.com/es/conocenos/instalaciones-distribucion-red/distribucion-electrica.html,"No contiene identificadores de suministro, direcciones, coordenadas privadas ni inventario de infraestructura.",Buscar distribuidoras locales/municipales antes de convertir a regional_default productivo.
aragon,Calatorao,Zaragoza,municipality:zaragoza::calatorao,"e-distribución Redes Digitales, S.L.U.",regional_presence_candidate,regional_presence_confirmed_needs_boundary_review,high_boundary_review,review_boundary_and_local_exceptions_before_production,no,no,e-distribución — distribución eléctrica,https://www.edistribucion.com/es/conocenos/instalaciones-distribucion-red/distribucion-electrica.html,"No contiene identificadores de suministro, direcciones, coordenadas privadas ni inventario de infraestructura.",Buscar distribuidoras locales/municipales antes de convertir a regional_default productivo.
aragon,Mara,Zaragoza,municipality:zaragoza::mara,"e-distribución Redes Digitales, S.L.U.",regional_presence_candidate,regional_presence_confirmed_needs_boundary_review,high_boundary_review,review_boundary_and_local_exceptions_before_production,no,no,e-distribución — distribución eléctrica,https://www.edistribucion.com/es/conocenos/instalaciones-distribucion-red/distribucion-electrica.html,"No contiene identificadores de suministro, direcciones, coordenadas privadas ni inventario de infraestructura.",Buscar distribuidoras locales/municipales antes de convertir a regional_default productivo.
aragon,Grañén,Huesca,municipality:huesca::granen,"e-distribución Redes Digitales, S.L.U.",regional_presence_candidate,regional_presence_confirmed_needs_boundary_review,high_boundary_review,review_boundary_and_local_exceptions_before_production,no,no,e-distribución — distribución eléctrica,https://www.edistribucion.com/es/conocenos/instalaciones-distribucion-red/distribucion-electrica.html,"No contiene identificadores de suministro, direcciones, coordenadas privadas ni inventario de infraestructura.",Buscar distribuidoras locales/municipales antes de convertir a regional_default productivo.
aragon,Tramacastiel,Teruel,municipality:teruel::tramacastiel,"e-distribución Redes Digitales, S.L.U.",regional_presence_candidate,regional_presence_confirmed_needs_boundary_review,high_boundary_review,review_boundary_and_local_exceptions_before_production,no,no,e-distribución — distribución eléctrica,https://www.edistribucion.com/es/conocenos/instalaciones-distribucion-red/distribucion-electrica.html,"No contiene identificadores de suministro, direcciones, coordenadas privadas ni inventario de infraestructura.",Buscar distribuidoras locales/municipales antes de convertir a regional_default productivo.
aragon,Noguera de Albarracín,Teruel,municipality:teruel::noguera_de_albarracin,"e-distribución Redes Digitales, S.L.U.",regional_presence_candidate,regional_presence_confirmed_needs_boundary_review,high_boundary_review,review_boundary_and_local_exceptions_before_production,no,no,e-distribución — distribución eléctrica,https://www.edistribucion.com/es/conocenos/instalaciones-distribucion-red/distribucion-electrica.html,"No contiene identificadores de suministro, direcciones, coordenadas privadas ni inventario de infraestructura.",Buscar distribuidoras locales/municipales antes de convertir a regional_default productivo.
aragon,Valdelinares,Teruel,municipality:teruel::valdelinares,"e-distribución Redes Digitales, S.L.U.",regional_presence_candidate,regional_presence_confirmed_needs_boundary_review,high_boundary_review,review_boundary_and_local_exceptions_before_production,no,no,e-distribución — distribución eléctrica,https://www.edistribucion.com/es/conocenos/instalaciones-distribucion-red/distribucion-electrica.html,"No contiene identificadores de suministro, direcciones, coordenadas privadas ni inventario de infraestructura.",Buscar distribuidoras locales/municipales antes de convertir a regional_default productivo.
aragon,Murero,Zaragoza,municipality:zaragoza::murero,"e-distribución Redes Digitales, S.L.U.",regional_presence_candidate,regional_presence_confirmed_needs_boundary_review,high_boundary_review,review_boundary_and_local_exceptions_before_production,no,no,e-distribución — distribución eléctrica,https://www.edistribucion.com/es/conocenos/instalaciones-distribucion-red/distribucion-electrica.html,"No contiene identificadores de suministro, direcciones, coordenadas privadas ni inventario de infraestructura.",Buscar distribuidoras locales/municipales antes de convertir a regional_default productivo.
aragon,San Mateo de Gállego,Zaragoza,municipality:zaragoza::san_mateo_de_gallego,"e-distribución Redes Digitales, S.L.U.",regional_presence_candidate,regional_presence_confirmed_needs_boundary_review,high_boundary_review,review_boundary_and_local_exceptions_before_production,no,no,e-distribución — distribución eléctrica,https://www.edistribucion.com/es/conocenos/instalaciones-distribucion-red/distribucion-electrica.html,"No contiene identificadores de suministro, direcciones, coordenadas privadas ni inventario de infraestructura.",Buscar distribuidoras locales/municipales antes de convertir a regional_default productivo.
aragon,Tierz,Huesca,municipality:huesca::tierz,"e-distribución Redes Digitales, S.L.U.",regional_presence_candidate,regional_presence_confirmed_needs_boundary_review,high_boundary_review,review_boundary_and_local_exceptions_before_production,no,no,e-distribución — distribución eléctrica,https://www.edistribucion.com/es/conocenos/instalaciones-distribucion-red/distribucion-electrica.html,"No contiene identificadores de suministro, direcciones, coordenadas privadas ni inventario de infraestructura.",Buscar distribuidoras locales/municipales antes de convertir a regional_default productivo.
aragon,Aguatón,Teruel,municipality:teruel::aguaton,"e-distribución Redes Digitales, S.L.U.",regional_presence_candidate,regional_presence_confirmed_needs_boundary_review,high_boundary_review,review_boundary_and_local_exceptions_before_production,no,no,e-distribución — distribución eléctrica,https://www.edistribucion.com/es/conocenos/instalaciones-distribucion-red/distribucion-electrica.html,"No contiene identificadores de suministro, direcciones, coordenadas privadas ni inventario de infraestructura.",Buscar distribuidoras locales/municipales antes de convertir a regional_default productivo.
aragon,Tolva,Huesca,municipality:huesca::tolva,"e-distribución Redes Digitales, S.L.U.",regional_presence_candidate,regional_presence_confirmed_needs_boundary_review,high_boundary_review,review_boundary_and_local_exceptions_before_production,no,no,e-distribución — distribución eléctrica,https://www.edistribucion.com/es/conocenos/instalaciones-distribucion-red/distribucion-electrica.html,"No contiene identificadores de suministro, direcciones, coordenadas privadas ni inventario de infraestructura.",Buscar distribuidoras locales/municipales antes de convertir a regional_default productivo.
aragon,Artieda,Zaragoza,municipality:zaragoza::artieda,"e-distribución Redes Digitales, S.L.U.",regional_presence_candidate,regional_presence_confirmed_needs_boundary_review,high_boundary_review,review_boundary_and_local_exceptions_before_production,no,no,e-distribución — distribución eléctrica,https://www.edistribucion.com/es/conocenos/instalaciones-distribucion-red/distribucion-electrica.html,"No contiene identificadores de suministro, direcciones, coordenadas privadas ni inventario de infraestructura.",Buscar distribuidoras locales/municipales antes de convertir a regional_default productivo.
aragon,Nuez de Ebro,Zaragoza,municipality:zaragoza::nuez_de_ebro,"e-distribución Redes Digitales, S.L.U.",regional_presence_candidate,regional_presence_confirmed_needs_boundary_review,high_boundary_review,review_boundary_and_local_exceptions_before_production,no,no,e-distribución — distribución eléctrica,https://www.edistribucion.com/es/conocenos/instalaciones-distribucion-red/distribucion-electrica.html,"No contiene identificadores de suministro, direcciones, coordenadas privadas ni inventario de infraestructura.",Buscar distribuidoras locales/municipales antes de convertir a regional_default productivo.
aragon,Illueca,Zaragoza,municipality:zaragoza::illueca,"e-distribución Redes Digitales, S.L.U.",regional_presence_candidate,regional_presence_confirmed_needs_boundary_review,high_boundary_review,review_boundary_and_local_exceptions_before_production,no,no,e-distribución — distribución eléctrica,https://www.edistribucion.com/es/conocenos/instalaciones-distribucion-red/distribucion-electrica.html,"No contiene identificadores de suministro, direcciones, coordenadas privadas ni inventario de infraestructura.",Buscar distribuidoras locales/municipales antes de convertir a regional_default productivo.
aragon,El Frago,Zaragoza,municipality:zaragoza::el_frago,"e-distribución Redes Digitales, S.L.U.",regional_presence_candidate,regional_presence_confirmed_needs_boundary_review,high_boundary_review,review_boundary_and_local_exceptions_before_production,no,no,e-distribución — distribución eléctrica,https://www.edistribucion.com/es/conocenos/instalaciones-distribucion-red/distribucion-electrica.html,"No contiene identificadores de suministro, direcciones, coordenadas privadas ni inventario de infraestructura.",Buscar distribuidoras locales/municipales antes de convertir a regional_default productivo.
aragon,Sahún,Huesca,municipality:huesca::sahun,"e-distribución Redes Digitales, S.L.U.",regional_presence_candidate,regional_presence_confirmed_needs_boundary_review,high_boundary_review,review_boundary_and_local_exceptions_before_production,no,no,e-distribución — distribución eléctrica,https://www.edistribucion.com/es/conocenos/instalaciones-distribucion-red/distribucion-electrica.html,"No contiene identificadores de suministro, direcciones, coordenadas privadas ni inventario de infraestructura.",Buscar distribuidoras locales/municipales antes de convertir a regional_default productivo.
aragon,Cerveruela,Zaragoza,municipality:zaragoza::cerveruela,"e-distribución Redes Digitales, S.L.U.",regional_presence_candidate,regional_presence_confirmed_needs_boundary_review,high_boundary_review,review_boundary_and_local_exceptions_before_production,no,no,e-distribución — distribución eléctrica,https://www.edistribucion.com/es/conocenos/instalaciones-distribucion-red/distribucion-electrica.html,"No contiene identificadores de suministro, direcciones, coordenadas privadas ni inventario de infraestructura.",Buscar distribuidoras locales/municipales antes de convertir a regional_default productivo.
aragon,Valdehorna,Zaragoza,municipality:zaragoza::valdehorna,"e-distribución Redes Digitales, S.L.U.",regional_presence_candidate,regional_presence_confirmed_needs_boundary_review,high_boundary_review,review_boundary_and_local_exceptions_before_production,no,no,e-distribución — distribución eléctrica,https://www.edistribucion.com/es/conocenos/instalaciones-distribucion-red/distribucion-electrica.html,"No contiene identificadores de suministro, direcciones, coordenadas privadas ni inventario de infraestructura.",Buscar distribuidoras locales/municipales antes de convertir a regional_default productivo.
aragon,Almochuel,Zaragoza,municipality:zaragoza::almochuel,"e-distribución Redes Digitales, S.L.U.",regional_presence_candidate,regional_presence_confirmed_needs_boundary_review,high_boundary_review,review_boundary_and_local_exceptions_before_production,no,no,e-distribución — distribución eléctrica,https://www.edistribucion.com/es/conocenos/instalaciones-distribucion-red/distribucion-electrica.html,"No contiene identificadores de suministro, direcciones, coordenadas privadas ni inventario de infraestructura.",Buscar distribuidoras locales/municipales antes de convertir a regional_default productivo.
aragon,La Mata de los Olmos,Teruel,municipality:teruel::la_mata_de_los_olmos,"e-distribución Redes Digitales, S.L.U.",regional_presence_candidate,regional_presence_confirmed_needs_boundary_review,high_boundary_review,review_boundary_and_local_exceptions_before_production,no,no,e-distribución — distribución eléctrica,https://www.edistribucion.com/es/conocenos/instalaciones-distribucion-red/distribucion-electrica.html,"No contiene identificadores de suministro, direcciones, coordenadas privadas ni inventario de infraestructura.",Buscar distribuidoras locales/municipales antes de convertir a regional_default productivo.
aragon,Cuevas de Almudén,Teruel,municipality:teruel::cuevas_de_almuden,"e-distribución Redes Digitales, S.L.U.",regional_presence_candidate,regional_presence_confirmed_needs_boundary_review,high_boundary_review,review_boundary_and_local_exceptions_before_production,no,no,e-distribución — distribución eléctrica,https://www.edistribucion.com/es/conocenos/instalaciones-distribucion-red/distribucion-electrica.html,"No contiene identificadores de suministro, direcciones, coordenadas privadas ni inventario de infraestructura.",Buscar distribuidoras locales/municipales antes de convertir a regional_default productivo.
aragon,Layana,Zaragoza,municipality:zaragoza::layana,"e-distribución Redes Digitales, S.L.U.",regional_presence_candidate,regional_presence_confirmed_needs_boundary_review,high_boundary_review,review_boundary_and_local_exceptions_before_production,no,no,e-distribución — distribución eléctrica,https://www.edistribucion.com/es/conocenos/instalaciones-distribucion-red/distribucion-electrica.html,"No contiene identificadores de suministro, direcciones, coordenadas privadas ni inventario de infraestructura.",Buscar distribuidoras locales/municipales antes de convertir a regional_default productivo.
aragon,Moros,Zaragoza,municipality:zaragoza::moros,"e-distribución Redes Digitales, S.L.U.",regional_presence_candidate,regional_presence_confirmed_needs_boundary_review,high_boundary_review,review_boundary_and_local_exceptions_before_production,no,no,e-distribución — distribución eléctrica,https://www.edistribucion.com/es/conocenos/instalaciones-distribucion-red/distribucion-electrica.html,"No contiene identificadores de suministro, direcciones, coordenadas privadas ni inventario de infraestructura.",Buscar distribuidoras locales/municipales antes de convertir a regional_default productivo.
aragon,El Vallecillo,Teruel,municipality:teruel::el_vallecillo,"e-distribución Redes Digitales, S.L.U.",regional_presence_candidate,regional_presence_confirmed_needs_boundary_review,high_boundary_review,review_boundary_and_local_exceptions_before_production,no,no,e-distribución — distribución eléctrica,https://www.edistribucion.com/es/conocenos/instalaciones-distribucion-red/distribucion-electrica.html,"No contiene identificadores de suministro, direcciones, coordenadas privadas ni inventario de infraestructura.",Buscar distribuidoras locales/municipales antes de convertir a regional_default productivo.
aragon,Fréscano,Zaragoza,municipality:zaragoza::frescano,"e-distribución Redes Digitales, S.L.U.",regional_presence_candidate,regional_presence_confirmed_needs_boundary_review,high_boundary_review,review_boundary_and_local_exceptions_before_production,no,no,e-distribución — distribución eléctrica,https://www.edistribucion.com/es/conocenos/instalaciones-distribucion-red/distribucion-electrica.html,"No contiene identificadores de suministro, direcciones, coordenadas privadas ni inventario de infraestructura.",Buscar distribuidoras locales/municipales antes de convertir a regional_default productivo.
aragon,Munébrega,Zaragoza,municipality:zaragoza::munebrega,"e-distribución Redes Digitales, S.L.U.",regional_presence_candidate,regional_presence_confirmed_needs_boundary_review,high_boundary_review,review_boundary_and_local_exceptions_before_production,no,no,e-distribución — distribución eléctrica,https://www.edistribucion.com/es/conocenos/instalaciones-distribucion-red/distribucion-electrica.html,"No contiene identificadores de suministro, direcciones, coordenadas privadas ni inventario de infraestructura.",Buscar distribuidoras locales/municipales antes de convertir a regional_default productivo.
aragon,Castejón de las Armas,Zaragoza,municipality:zaragoza::castejon_de_las_armas,"e-distribución Redes Digitales, S.L.U.",regional_presence_candidate,regional_presence_confirmed_needs_boundary_review,high_boundary_review,review_boundary_and_local_exceptions_before_production,no,no,e-distribución — distribución eléctrica,https://www.edistribucion.com/es/conocenos/instalaciones-distribucion-red/distribucion-electrica.html,"No contiene identificadores de suministro, direcciones, coordenadas privadas ni inventario de infraestructura.",Buscar distribuidoras locales/municipales antes de convertir a regional_default productivo.
aragon,Bielsa,Huesca,municipality:huesca::bielsa,"e-distribución Redes Digitales, S.L.U.",regional_presence_candidate,regional_presence_confirmed_needs_boundary_review,high_boundary_review,review_boundary_and_local_exceptions_before_production,no,no,e-distribución — distribución eléctrica,https://www.edistribucion.com/es/conocenos/instalaciones-distribucion-red/distribucion-electrica.html,"No contiene identificadores de suministro, direcciones, coordenadas privadas ni inventario de infraestructura.",Buscar distribuidoras locales/municipales antes de convertir a regional_default productivo.
aragon,Moscardón,Teruel,municipality:teruel::moscardon,"e-distribución Redes Digitales, S.L.U.",regional_presence_candidate,regional_presence_confirmed_needs_boundary_review,high_boundary_review,review_boundary_and_local_exceptions_before_production,no,no,e-distribución — distribución eléctrica,https://www.edistribucion.com/es/conocenos/instalaciones-distribucion-red/distribucion-electrica.html,"No contiene identificadores de suministro, direcciones, coordenadas privadas ni inventario de infraestructura.",Buscar distribuidoras locales/municipales antes de convertir a regional_default productivo.
aragon,Valle de Bardají,Huesca,municipality:huesca::valle_de_bardaji,"e-distribución Redes Digitales, S.L.U.",regional_presence_candidate,regional_presence_confirmed_needs_boundary_review,high_boundary_review,review_boundary_and_local_exceptions_before_production,no,no,e-distribución — distribución eléctrica,https://www.edistribucion.com/es/conocenos/instalaciones-distribucion-red/distribucion-electrica.html,"No contiene identificadores de suministro, direcciones, coordenadas privadas ni inventario de infraestructura.",Buscar distribuidoras locales/municipales antes de convertir a regional_default productivo.
aragon,Mezalocha,Zaragoza,municipality:zaragoza::mezalocha,"e-distribución Redes Digitales, S.L.U.",regional_presence_candidate,regional_presence_confirmed_needs_boundary_review,high_boundary_review,review_boundary_and_local_exceptions_before_production,no,no,e-distribución — distribución eléctrica,https://www.edistribucion.com/es/conocenos/instalaciones-distribucion-red/distribucion-electrica.html,"No contiene identificadores de suministro, direcciones, coordenadas privadas ni inventario de infraestructura.",Buscar distribuidoras locales/municipales antes de convertir a regional_default productivo.
aragon,Mirambel,Teruel,municipality:teruel::mirambel,"e-distribución Redes Digitales, S.L.U.",regional_presence_candidate,regional_presence_confirmed_needs_boundary_review,high_boundary_review,review_boundary_and_local_exceptions_before_production,no,no,e-distribución — distribución eléctrica,https://www.edistribucion.com/es/conocenos/instalaciones-distribucion-red/distribucion-electrica.html,"No contiene identificadores de suministro, direcciones, coordenadas privadas ni inventario de infraestructura.",Buscar distribuidoras locales/municipales antes de convertir a regional_default productivo.
aragon,Montalbán,Teruel,municipality:teruel::montalban,"e-distribución Redes Digitales, S.L.U.",regional_presence_candidate,regional_presence_confirmed_needs_boundary_review,high_boundary_review,review_boundary_and_local_exceptions_before_production,no,no,e-distribución — distribución eléctrica,https://www.edistribucion.com/es/conocenos/instalaciones-distribucion-red/distribucion-electrica.html,"No contiene identificadores de suministro, direcciones, coordenadas privadas ni inventario de infraestructura.",Buscar distribuidoras locales/municipales antes de convertir a regional_default productivo.
aragon,Plan,Huesca,municipality:huesca::plan,"e-distribución Redes Digitales, S.L.U.",regional_presence_candidate,regional_presence_confirmed_needs_boundary_review,high_boundary_review,review_boundary_and_local_exceptions_before_production,no,no,e-distribución — distribución eléctrica,https://www.edistribucion.com/es/conocenos/instalaciones-distribucion-red/distribucion-electrica.html,"No contiene identificadores de suministro, direcciones, coordenadas privadas ni inventario de infraestructura.",Buscar distribuidoras locales/municipales antes de convertir a regional_default productivo.
aragon,Griegos,Teruel,municipality:teruel::griegos,"e-distribución Redes Digitales, S.L.U.",regional_presence_candidate,regional_presence_confirmed_needs_boundary_review,high_boundary_review,review_boundary_and_local_exceptions_before_production,no,no,e-distribución — distribución eléctrica,https://www.edistribucion.com/es/conocenos/instalaciones-distribucion-red/distribucion-electrica.html,"No contiene identificadores de suministro, direcciones, coordenadas privadas ni inventario de infraestructura.",Buscar distribuidoras locales/municipales antes de convertir a regional_default productivo.
aragon,Alcorisa,Teruel,municipality:teruel::alcorisa,"e-distribución Redes Digitales, S.L.U.",regional_presence_candidate,regional_presence_confirmed_needs_boundary_review,high_boundary_review,review_boundary_and_local_exceptions_before_production,no,no,e-distribución — distribución eléctrica,https://www.edistribucion.com/es/conocenos/instalaciones-distribucion-red/distribucion-electrica.html,"No contiene identificadores de suministro, direcciones, coordenadas privadas ni inventario de infraestructura.",Buscar distribuidoras locales/municipales antes de convertir a regional_default productivo.
aragon,Puertomingalvo,Teruel,municipality:teruel::puertomingalvo,"e-distribución Redes Digitales, S.L.U.",regional_presence_candidate,regional_presence_confirmed_needs_boundary_review,high_boundary_review,review_boundary_and_local_exceptions_before_production,no,no,e-distribución — distribución eléctrica,https://www.edistribucion.com/es/conocenos/instalaciones-distribucion-red/distribucion-electrica.html,"No contiene identificadores de suministro, direcciones, coordenadas privadas ni inventario de infraestructura.",Buscar distribuidoras locales/municipales antes de convertir a regional_default productivo.
aragon,Grisén,Zaragoza,municipality:zaragoza::grisen,"e-distribución Redes Digitales, S.L.U.",regional_presence_candidate,regional_presence_confirmed_needs_boundary_review,high_boundary_review,review_boundary_and_local_exceptions_before_production,no,no,e-distribución — distribución eléctrica,https://www.edistribucion.com/es/conocenos/instalaciones-distribucion-red/distribucion-electrica.html,"No contiene identificadores de suministro, direcciones, coordenadas privadas ni inventario de infraestructura.",Buscar distribuidoras locales/municipales antes de convertir a regional_default productivo.
aragon,Villanueva de Huerva,Zaragoza,municipality:zaragoza::villanueva_de_huerva,"e-distribución Redes Digitales, S.L.U.",regional_presence_candidate,regional_presence_confirmed_needs_boundary_review,high_boundary_review,review_boundary_and_local_exceptions_before_production,no,no,e-distribución — distribución eléctrica,https://www.edistribucion.com/es/conocenos/instalaciones-distribucion-red/distribucion-electrica.html,"No contiene identificadores de suministro, direcciones, coordenadas privadas ni inventario de infraestructura.",Buscar distribuidoras locales/municipales antes de convertir a regional_default productivo.
aragon,Cella,Teruel,municipality:teruel::cella,"e-distribución Redes Digitales, S.L.U.",regional_presence_candidate,regional_presence_confirmed_needs_boundary_review,high_boundary_review,review_boundary_and_local_exceptions_before_production,no,no,e-distribución — distribución eléctrica,https://www.edistribucion.com/es/conocenos/instalaciones-distribucion-red/distribucion-electrica.html,"No contiene identificadores de suministro, direcciones, coordenadas privadas ni inventario de infraestructura.",Buscar distribuidoras locales/municipales antes de convertir a regional_default productivo.
aragon,Aniñón,Zaragoza,municipality:zaragoza::aninon,"e-distribución Redes Digitales, S.L.U.",regional_presence_candidate,regional_presence_confirmed_needs_boundary_review,high_boundary_review,review_boundary_and_local_exceptions_before_production,no,no,e-distribución — distribución eléctrica,https://www.edistribucion.com/es/conocenos/instalaciones-distribucion-red/distribucion-electrica.html,"No contiene identificadores de suministro, direcciones, coordenadas privadas ni inventario de infraestructura.",Buscar distribuidoras locales/municipales antes de convertir a regional_default productivo.
aragon,Blancas,Teruel,municipality:teruel::blancas,"e-distribución Redes Digitales, S.L.U.",regional_presence_candidate,regional_presence_confirmed_needs_boundary_review,high_boundary_review,review_boundary_and_local_exceptions_before_production,no,no,e-distribución — distribución eléctrica,https://www.edistribucion.com/es/conocenos/instalaciones-distribucion-red/distribucion-electrica.html,"No contiene identificadores de suministro, direcciones, coordenadas privadas ni inventario de infraestructura.",Buscar distribuidoras locales/municipales antes de convertir a regional_default productivo.
aragon,Castelserás,Teruel,municipality:teruel::castelseras,"e-distribución Redes Digitales, S.L.U.",regional_presence_candidate,regional_presence_confirmed_needs_boundary_review,high_boundary_review,review_boundary_and_local_exceptions_before_production,no,no,e-distribución — distribución eléctrica,https://www.edistribucion.com/es/conocenos/instalaciones-distribucion-red/distribucion-electrica.html,"No contiene identificadores de suministro, direcciones, coordenadas privadas ni inventario de infraestructura.",Buscar distribuidoras locales/municipales antes de convertir a regional_default productivo.
aragon,Muel,Zaragoza,municipality:zaragoza::muel,"e-distribución Redes Digitales, S.L.U.",regional_presence_candidate,regional_presence_confirmed_needs_boundary_review,high_boundary_review,review_boundary_and_local_exceptions_before_production,no,no,e-distribución — distribución eléctrica,https://www.edistribucion.com/es/conocenos/instalaciones-distribucion-red/distribucion-electrica.html,"No contiene identificadores de suministro, direcciones, coordenadas privadas ni inventario de infraestructura.",Buscar distribuidoras locales/municipales antes de convertir a regional_default productivo.
aragon,Cortes de Aragón,Teruel,municipality:teruel::cortes_de_aragon,"e-distribución Redes Digitales, S.L.U.",regional_presence_candidate,regional_presence_confirmed_needs_boundary_review,high_boundary_review,review_boundary_and_local_exceptions_before_production,no,no,e-distribución — distribución eléctrica,https://www.edistribucion.com/es/conocenos/instalaciones-distribucion-red/distribucion-electrica.html,"No contiene identificadores de suministro, direcciones, coordenadas privadas ni inventario de infraestructura.",Buscar distribuidoras locales/municipales antes de convertir a regional_default productivo.
aragon,Casbas de Huesca,Huesca,municipality:huesca::casbas_de_huesca,"e-distribución Redes Digitales, S.L.U.",regional_presence_candidate,regional_presence_confirmed_needs_boundary_review,high_boundary_review,review_boundary_and_local_exceptions_before_production,no,no,e-distribución — distribución eléctrica,https://www.edistribucion.com/es/conocenos/instalaciones-distribucion-red/distribucion-electrica.html,"No contiene identificadores de suministro, direcciones, coordenadas privadas ni inventario de infraestructura.",Buscar distribuidoras locales/municipales antes de convertir a regional_default productivo.
aragon,Sesa,Huesca,municipality:huesca::sesa,"e-distribución Redes Digitales, S.L.U.",regional_presence_candidate,regional_presence_confirmed_needs_boundary_review,high_boundary_review,review_boundary_and_local_exceptions_before_production,no,no,e-distribución — distribución eléctrica,https://www.edistribucion.com/es/conocenos/instalaciones-distribucion-red/distribucion-electrica.html,"No contiene identificadores de suministro, direcciones, coordenadas privadas ni inventario de infraestructura.",Buscar distribuidoras locales/municipales antes de convertir a regional_default productivo.
aragon,Las Cuerlas,Zaragoza,municipality:zaragoza::las_cuerlas,"e-distribución Redes Digitales, S.L.U.",regional_presence_candidate,regional_presence_confirmed_needs_boundary_review,high_boundary_review,review_boundary_and_local_exceptions_before_production,no,no,e-distribución — distribución eléctrica,https://www.edistribucion.com/es/conocenos/instalaciones-distribucion-red/distribucion-electrica.html,"No contiene identificadores de suministro, direcciones, coordenadas privadas ni inventario de infraestructura.",Buscar distribuidoras locales/municipales antes de convertir a regional_default productivo.
aragon,Alcañiz,Teruel,municipality:teruel::alcaniz,"e-distribución Redes Digitales, S.L.U.",regional_presence_candidate,regional_presence_confirmed_needs_boundary_review,high_boundary_review,review_boundary_and_local_exceptions_before_production,no,no,e-distribución — distribución eléctrica,https://www.edistribucion.com/es/conocenos/instalaciones-distribucion-red/distribucion-electrica.html,"No contiene identificadores de suministro, direcciones, coordenadas privadas ni inventario de infraestructura.",Buscar distribuidoras locales/municipales antes de convertir a regional_default productivo.
aragon,Albero Alto,Huesca,municipality:huesca::albero_alto,"e-distribución Redes Digitales, S.L.U.",regional_presence_candidate,regional_presence_confirmed_needs_boundary_review,high_boundary_review,review_boundary_and_local_exceptions_before_production,no,no,e-distribución — distribución eléctrica,https://www.edistribucion.com/es/conocenos/instalaciones-distribucion-red/distribucion-electrica.html,"No contiene identificadores de suministro, direcciones, coordenadas privadas ni inventario de infraestructura.",Buscar distribuidoras locales/municipales antes de convertir a regional_default productivo.
aragon,Rillo,Teruel,municipality:teruel::rillo,"e-distribución Redes Digitales, S.L.U.",regional_presence_candidate,regional_presence_confirmed_needs_boundary_review,high_boundary_review,review_boundary_and_local_exceptions_before_production,no,no,e-distribución — distribución eléctrica,https://www.edistribucion.com/es/conocenos/instalaciones-distribucion-red/distribucion-electrica.html,"No contiene identificadores de suministro, direcciones, coordenadas privadas ni inventario de infraestructura.",Buscar distribuidoras locales/municipales antes de convertir a regional_default productivo.
aragon,Moyuela,Zaragoza,municipality:zaragoza::moyuela,"e-distribución Redes Digitales, S.L.U.",regional_presence_candidate,regional_presence_confirmed_needs_boundary_review,high_boundary_review,review_boundary_and_local_exceptions_before_production,no,no,e-distribución — distribución eléctrica,https://www.edistribucion.com/es/conocenos/instalaciones-distribucion-red/distribucion-electrica.html,"No contiene identificadores de suministro, direcciones, coordenadas privadas ni inventario de infraestructura.",Buscar distribuidoras locales/municipales antes de convertir a regional_default productivo.
aragon,Alcubierre,Huesca,municipality:huesca::alcubierre,"e-distribución Redes Digitales, S.L.U.",regional_presence_candidate,regional_presence_confirmed_needs_boundary_review,high_boundary_review,review_boundary_and_local_exceptions_before_production,no,no,e-distribución — distribución eléctrica,https://www.edistribucion.com/es/conocenos/instalaciones-distribucion-red/distribucion-electrica.html,"No contiene identificadores de suministro, direcciones, coordenadas privadas ni inventario de infraestructura.",Buscar distribuidoras locales/municipales antes de convertir a regional_default productivo.
aragon,Estada,Huesca,municipality:huesca::estada,"e-distribución Redes Digitales, S.L.U.",regional_presence_candidate,regional_presence_confirmed_needs_boundary_review,high_boundary_review,review_boundary_and_local_exceptions_before_production,no,no,e-distribución — distribución eléctrica,https://www.edistribucion.com/es/conocenos/instalaciones-distribucion-red/distribucion-electrica.html,"No contiene identificadores de suministro, direcciones, coordenadas privadas ni inventario de infraestructura.",Buscar distribuidoras locales/municipales antes de convertir a regional_default productivo.
aragon,La Zoma,Teruel,municipality:teruel::la_zoma,"e-distribución Redes Digitales, S.L.U.",regional_presence_candidate,regional_presence_confirmed_needs_boundary_review,high_boundary_review,review_boundary_and_local_exceptions_before_production,no,no,e-distribución — distribución eléctrica,https://www.edistribucion.com/es/conocenos/instalaciones-distribucion-red/distribucion-electrica.html,"No contiene identificadores de suministro, direcciones, coordenadas privadas ni inventario de infraestructura.",Buscar distribuidoras locales/municipales antes de convertir a regional_default productivo.
aragon,Bea,Teruel,municipality:teruel::bea,"e-distribución Redes Digitales, S.L.U.",regional_presence_candidate,regional_presence_confirmed_needs_boundary_review,high_boundary_review,review_boundary_and_local_exceptions_before_production,no,no,e-distribución — distribución eléctrica,https://www.edistribucion.com/es/conocenos/instalaciones-distribucion-red/distribucion-electrica.html,"No contiene identificadores de suministro, direcciones, coordenadas privadas ni inventario de infraestructura.",Buscar distribuidoras locales/municipales antes de convertir a regional_default productivo.
aragon,La Almolda,Zaragoza,municipality:zaragoza::la_almolda,"e-distribución Redes Digitales, S.L.U.",regional_presence_candidate,regional_presence_confirmed_needs_boundary_review,high_boundary_review,review_boundary_and_local_exceptions_before_production,no,no,e-distribución — distribución eléctrica,https://www.edistribucion.com/es/conocenos/instalaciones-distribucion-red/distribucion-electrica.html,"No contiene identificadores de suministro, direcciones, coordenadas privadas ni inventario de infraestructura.",Buscar distribuidoras locales/municipales antes de convertir a regional_default productivo.
aragon,Cimballa,Zaragoza,municipality:zaragoza::cimballa,"e-distribución Redes Digitales, S.L.U.",regional_presence_candidate,regional_presence_confirmed_needs_boundary_review,high_boundary_review,review_boundary_and_local_exceptions_before_production,no,no,e-distribución — distribución eléctrica,https://www.edistribucion.com/es/conocenos/instalaciones-distribucion-red/distribucion-electrica.html,"No contiene identificadores de suministro, direcciones, coordenadas privadas ni inventario de infraestructura.",Buscar distribuidoras locales/municipales antes de convertir a regional_default productivo.
aragon,Chodes,Zaragoza,municipality:zaragoza::chodes,"e-distribución Redes Digitales, S.L.U.",regional_presence_candidate,regional_presence_confirmed_needs_boundary_review,high_boundary_review,review_boundary_and_local_exceptions_before_production,no,no,e-distribución — distribución eléctrica,https://www.edistribucion.com/es/conocenos/instalaciones-distribucion-red/distribucion-electrica.html,"No contiene identificadores de suministro, direcciones, coordenadas privadas ni inventario de infraestructura.",Buscar distribuidoras locales/municipales antes de convertir a regional_default productivo.
aragon,Plasencia de Jalón,Zaragoza,municipality:zaragoza::plasencia_de_jalon,"e-distribución Redes Digitales, S.L.U.",regional_presence_candidate,regional_presence_confirmed_needs_boundary_review,high_boundary_review,review_boundary_and_local_exceptions_before_production,no,no,e-distribución — distribución eléctrica,https://www.edistribucion.com/es/conocenos/instalaciones-distribucion-red/distribucion-electrica.html,"No contiene identificadores de suministro, direcciones, coordenadas privadas ni inventario de infraestructura.",Buscar distribuidoras locales/municipales antes de convertir a regional_default productivo.
aragon,Azara,Huesca,municipality:huesca::azara,"e-distribución Redes Digitales, S.L.U.",regional_presence_candidate,regional_presence_confirmed_needs_boundary_review,high_boundary_review,review_boundary_and_local_exceptions_before_production,no,no,e-distribución — distribución eléctrica,https://www.edistribucion.com/es/conocenos/instalaciones-distribucion-red/distribucion-electrica.html,"No contiene identificadores de suministro, direcciones, coordenadas privadas ni inventario de infraestructura.",Buscar distribuidoras locales/municipales antes de convertir a regional_default productivo.
aragon,Almudévar,Huesca,municipality:huesca::almudevar,"e-distribución Redes Digitales, S.L.U.",regional_presence_candidate,regional_presence_confirmed_needs_boundary_review,high_boundary_review,review_boundary_and_local_exceptions_before_production,no,no,e-distribución — distribución eléctrica,https://www.edistribucion.com/es/conocenos/instalaciones-distribucion-red/distribucion-electrica.html,"No contiene identificadores de suministro, direcciones, coordenadas privadas ni inventario de infraestructura.",Buscar distribuidoras locales/municipales antes de convertir a regional_default productivo.
aragon,Alfambra,Teruel,municipality:teruel::alfambra,"e-distribución Redes Digitales, S.L.U.",regional_presence_candidate,regional_presence_confirmed_needs_boundary_review,high_boundary_review,review_boundary_and_local_exceptions_before_production,no,no,e-distribución — distribución eléctrica,https://www.edistribucion.com/es/conocenos/instalaciones-distribucion-red/distribucion-electrica.html,"No contiene identificadores de suministro, direcciones, coordenadas privadas ni inventario de infraestructura.",Buscar distribuidoras locales/municipales antes de convertir a regional_default productivo.
aragon,Ardisa,Zaragoza,municipality:zaragoza::ardisa,"e-distribución Redes Digitales, S.L.U.",regional_presence_candidate,regional_presence_confirmed_needs_boundary_review,high_boundary_review,review_boundary_and_local_exceptions_before_production,no,no,e-distribución — distribución eléctrica,https://www.edistribucion.com/es/conocenos/instalaciones-distribucion-red/distribucion-electrica.html,"No contiene identificadores de suministro, direcciones, coordenadas privadas ni inventario de infraestructura.",Buscar distribuidoras locales/municipales antes de convertir a regional_default productivo.
aragon,Alcalá de Gurrea,Huesca,municipality:huesca::alcala_de_gurrea,"e-distribución Redes Digitales, S.L.U.",regional_presence_candidate,regional_presence_confirmed_needs_boundary_review,high_boundary_review,review_boundary_and_local_exceptions_before_production,no,no,e-distribución — distribución eléctrica,https://www.edistribucion.com/es/conocenos/instalaciones-distribucion-red/distribucion-electrica.html,"No contiene identificadores de suministro, direcciones, coordenadas privadas ni inventario de infraestructura.",Buscar distribuidoras locales/municipales antes de convertir a regional_default productivo.
aragon,Bierge,Huesca,municipality:huesca::bierge,"e-distribución Redes Digitales, S.L.U.",regional_presence_candidate,regional_presence_confirmed_needs_boundary_review,high_boundary_review,review_boundary_and_local_exceptions_before_production,no,no,e-distribución — distribución eléctrica,https://www.edistribucion.com/es/conocenos/instalaciones-distribucion-red/distribucion-electrica.html,"No contiene identificadores de suministro, direcciones, coordenadas privadas ni inventario de infraestructura.",Buscar distribuidoras locales/municipales antes de convertir a regional_default productivo.
aragon,Castejón de Tornos,Teruel,municipality:teruel::castejon_de_tornos,"e-distribución Redes Digitales, S.L.U.",regional_presence_candidate,regional_presence_confirmed_needs_boundary_review,high_boundary_review,review_boundary_and_local_exceptions_before_production,no,no,e-distribución — distribución eléctrica,https://www.edistribucion.com/es/conocenos/instalaciones-distribucion-red/distribucion-electrica.html,"No contiene identificadores de suministro, direcciones, coordenadas privadas ni inventario de infraestructura.",Buscar distribuidoras locales/municipales antes de convertir a regional_default productivo.
aragon,Alloza,Teruel,municipality:teruel::alloza,"e-distribución Redes Digitales, S.L.U.",regional_presence_candidate,regional_presence_confirmed_needs_boundary_review,high_boundary_review,review_boundary_and_local_exceptions_before_production,no,no,e-distribución — distribución eléctrica,https://www.edistribucion.com/es/conocenos/instalaciones-distribucion-red/distribucion-electrica.html,"No contiene identificadores de suministro, direcciones, coordenadas privadas ni inventario de infraestructura.",Buscar distribuidoras locales/municipales antes de convertir a regional_default productivo.
aragon,Benabarre,Huesca,municipality:huesca::benabarre,"e-distribución Redes Digitales, S.L.U.",regional_presence_candidate,regional_presence_confirmed_needs_boundary_review,high_boundary_review,review_boundary_and_local_exceptions_before_production,no,no,e-distribución — distribución eléctrica,https://www.edistribucion.com/es/conocenos/instalaciones-distribucion-red/distribucion-electrica.html,"No contiene identificadores de suministro, direcciones, coordenadas privadas ni inventario de infraestructura.",Buscar distribuidoras locales/municipales antes de convertir a regional_default productivo.
aragon,Ontiñena,Huesca,municipality:huesca::ontinena,"e-distribución Redes Digitales, S.L.U.",regional_presence_candidate,regional_presence_confirmed_needs_boundary_review,high_boundary_review,review_boundary_and_local_exceptions_before_production,no,no,e-distribución — distribución eléctrica,https://www.edistribucion.com/es/conocenos/instalaciones-distribucion-red/distribucion-electrica.html,"No contiene identificadores de suministro, direcciones, coordenadas privadas ni inventario de infraestructura.",Buscar distribuidoras locales/municipales antes de convertir a regional_default productivo.
aragon,Chiprana,Zaragoza,municipality:zaragoza::chiprana,"e-distribución Redes Digitales, S.L.U.",regional_presence_candidate,regional_presence_confirmed_needs_boundary_review,high_boundary_review,review_boundary_and_local_exceptions_before_production,no,no,e-distribución — distribución eléctrica,https://www.edistribucion.com/es/conocenos/instalaciones-distribucion-red/distribucion-electrica.html,"No contiene identificadores de suministro, direcciones, coordenadas privadas ni inventario de infraestructura.",Buscar distribuidoras locales/municipales antes de convertir a regional_default productivo.
aragon,Aguaviva,Teruel,municipality:teruel::aguaviva,"e-distribución Redes Digitales, S.L.U.",regional_presence_candidate,regional_presence_confirmed_needs_boundary_review,high_boundary_review,review_boundary_and_local_exceptions_before_production,no,no,e-distribución — distribución eléctrica,https://www.edistribucion.com/es/conocenos/instalaciones-distribucion-red/distribucion-electrica.html,"No contiene identificadores de suministro, direcciones, coordenadas privadas ni inventario de infraestructura.",Buscar distribuidoras locales/municipales antes de convertir a regional_default productivo.
aragon,Villarquemado,Teruel,municipality:teruel::villarquemado,"e-distribución Redes Digitales, S.L.U.",regional_presence_candidate,regional_presence_confirmed_needs_boundary_review,high_boundary_review,review_boundary_and_local_exceptions_before_production,no,no,e-distribución — distribución eléctrica,https://www.edistribucion.com/es/conocenos/instalaciones-distribucion-red/distribucion-electrica.html,"No contiene identificadores de suministro, direcciones, coordenadas privadas ni inventario de infraestructura.",Buscar distribuidoras locales/municipales antes de convertir a regional_default productivo.
aragon,Leciñena,Zaragoza,municipality:zaragoza::lecinena,"e-distribución Redes Digitales, S.L.U.",regional_presence_candidate,regional_presence_confirmed_needs_boundary_review,high_boundary_review,review_boundary_and_local_exceptions_before_production,no,no,e-distribución — distribución eléctrica,https://www.edistribucion.com/es/conocenos/instalaciones-distribucion-red/distribucion-electrica.html,"No contiene identificadores de suministro, direcciones, coordenadas privadas ni inventario de infraestructura.",Buscar distribuidoras locales/municipales antes de convertir a regional_default productivo.
aragon,Trasobares,Zaragoza,municipality:zaragoza::trasobares,"e-distribución Redes Digitales, S.L.U.",regional_presence_candidate,regional_presence_confirmed_needs_boundary_review,high_boundary_review,review_boundary_and_local_exceptions_before_production,no,no,e-distribución — distribución eléctrica,https://www.edistribucion.com/es/conocenos/instalaciones-distribucion-red/distribucion-electrica.html,"No contiene identificadores de suministro, direcciones, coordenadas privadas ni inventario de infraestructura.",Buscar distribuidoras locales/municipales antes de convertir a regional_default productivo.
aragon,Villalengua,Zaragoza,municipality:zaragoza::villalengua,"e-distribución Redes Digitales, S.L.U.",regional_presence_candidate,regional_presence_confirmed_needs_boundary_review,high_boundary_review,review_boundary_and_local_exceptions_before_production,no,no,e-distribución — distribución eléctrica,https://www.edistribucion.com/es/conocenos/instalaciones-distribucion-red/distribucion-electrica.html,"No contiene identificadores de suministro, direcciones, coordenadas privadas ni inventario de infraestructura.",Buscar distribuidoras locales/municipales antes de convertir a regional_default productivo.
aragon,Argente,Teruel,municipality:teruel::argente,"e-distribución Redes Digitales, S.L.U.",regional_presence_candidate,regional_presence_confirmed_needs_boundary_review,high_boundary_review,review_boundary_and_local_exceptions_before_production,no,no,e-distribución — distribución eléctrica,https://www.edistribucion.com/es/conocenos/instalaciones-distribucion-red/distribucion-electrica.html,"No contiene identificadores de suministro, direcciones, coordenadas privadas ni inventario de infraestructura.",Buscar distribuidoras locales/municipales antes de convertir a regional_default productivo.
aragon,Torrellas,Zaragoza,municipality:zaragoza::torrellas,"e-distribución Redes Digitales, S.L.U.",regional_presence_candidate,regional_presence_confirmed_needs_boundary_review,high_boundary_review,review_boundary_and_local_exceptions_before_production,no,no,e-distribución — distribución eléctrica,https://www.edistribucion.com/es/conocenos/instalaciones-distribucion-red/distribucion-electrica.html,"No contiene identificadores de suministro, direcciones, coordenadas privadas ni inventario de infraestructura.",Buscar distribuidoras locales/municipales antes de convertir a regional_default productivo.
aragon,El Grado,Huesca,municipality:huesca::el_grado,"e-distribución Redes Digitales, S.L.U.",regional_presence_candidate,regional_presence_confirmed_needs_boundary_review,high_boundary_review,review_boundary_and_local_exceptions_before_production,no,no,e-distribución — distribución eléctrica,https://www.edistribucion.com/es/conocenos/instalaciones-distribucion-red/distribucion-electrica.html,"No contiene identificadores de suministro, direcciones, coordenadas privadas ni inventario de infraestructura.",Buscar distribuidoras locales/municipales antes de convertir a regional_default productivo.
aragon,Huesa del Común,Teruel,municipality:teruel::huesa_del_comun,"e-distribución Redes Digitales, S.L.U.",regional_presence_candidate,regional_presence_confirmed_needs_boundary_review,high_boundary_review,review_boundary_and_local_exceptions_before_production,no,no,e-distribución — distribución eléctrica,https://www.edistribucion.com/es/conocenos/instalaciones-distribucion-red/distribucion-electrica.html,"No contiene identificadores de suministro, direcciones, coordenadas privadas ni inventario de infraestructura.",Buscar distribuidoras locales/municipales antes de convertir a regional_default productivo.
aragon,Alcalá de Ebro,Zaragoza,municipality:zaragoza::alcala_de_ebro,"e-distribución Redes Digitales, S.L.U.",regional_presence_candidate,regional_presence_confirmed_needs_boundary_review,high_boundary_review,review_boundary_and_local_exceptions_before_production,no,no,e-distribución — distribución eléctrica,https://www.edistribucion.com/es/conocenos/instalaciones-distribucion-red/distribucion-electrica.html,"No contiene identificadores de suministro, direcciones, coordenadas privadas ni inventario de infraestructura.",Buscar distribuidoras locales/municipales antes de convertir a regional_default productivo.
aragon,Brea de Aragón,Zaragoza,municipality:zaragoza::brea_de_aragon,"e-distribución Redes Digitales, S.L.U.",regional_presence_candidate,regional_presence_confirmed_needs_boundary_review,high_boundary_review,review_boundary_and_local_exceptions_before_production,no,no,e-distribución — distribución eléctrica,https://www.edistribucion.com/es/conocenos/instalaciones-distribucion-red/distribucion-electrica.html,"No contiene identificadores de suministro, direcciones, coordenadas privadas ni inventario de infraestructura.",Buscar distribuidoras locales/municipales antes de convertir a regional_default productivo.
aragon,Teruel,Teruel,municipality:teruel::teruel,"e-distribución Redes Digitales, S.L.U.",regional_presence_candidate,regional_presence_confirmed_needs_boundary_review,high_boundary_review,review_boundary_and_local_exceptions_before_production,no,no,e-distribución — distribución eléctrica,https://www.edistribucion.com/es/conocenos/instalaciones-distribucion-red/distribucion-electrica.html,"No contiene identificadores de suministro, direcciones, coordenadas privadas ni inventario de infraestructura.",Buscar distribuidoras locales/municipales antes de convertir a regional_default productivo.
aragon,Utebo,Zaragoza,municipality:zaragoza::utebo,"e-distribución Redes Digitales, S.L.U.",regional_presence_candidate,regional_presence_confirmed_needs_boundary_review,high_boundary_review,review_boundary_and_local_exceptions_before_production,no,no,e-distribución — distribución eléctrica,https://www.edistribucion.com/es/conocenos/instalaciones-distribucion-red/distribucion-electrica.html,"No contiene identificadores de suministro, direcciones, coordenadas privadas ni inventario de infraestructura.",Buscar distribuidoras locales/municipales antes de convertir a regional_default productivo.
aragon,Mosqueruela,Teruel,municipality:teruel::mosqueruela,"e-distribución Redes Digitales, S.L.U.",regional_presence_candidate,regional_presence_confirmed_needs_boundary_review,high_boundary_review,review_boundary_and_local_exceptions_before_production,no,no,e-distribución — distribución eléctrica,https://www.edistribucion.com/es/conocenos/instalaciones-distribucion-red/distribucion-electrica.html,"No contiene identificadores de suministro, direcciones, coordenadas privadas ni inventario de infraestructura.",Buscar distribuidoras locales/municipales antes de convertir a regional_default productivo.
aragon,Rubiales,Teruel,municipality:teruel::rubiales,"e-distribución Redes Digitales, S.L.U.",regional_presence_candidate,regional_presence_confirmed_needs_boundary_review,high_boundary_review,review_boundary_and_local_exceptions_before_production,no,no,e-distribución — distribución eléctrica,https://www.edistribucion.com/es/conocenos/instalaciones-distribucion-red/distribucion-electrica.html,"No contiene identificadores de suministro, direcciones, coordenadas privadas ni inventario de infraestructura.",Buscar distribuidoras locales/municipales antes de convertir a regional_default productivo.
aragon,Cinco Olivas,Zaragoza,municipality:zaragoza::cinco_olivas,"e-distribución Redes Digitales, S.L.U.",regional_presence_candidate,regional_presence_confirmed_needs_boundary_review,high_boundary_review,review_boundary_and_local_exceptions_before_production,no,no,e-distribución — distribución eléctrica,https://www.edistribucion.com/es/conocenos/instalaciones-distribucion-red/distribucion-electrica.html,"No contiene identificadores de suministro, direcciones, coordenadas privadas ni inventario de infraestructura.",Buscar distribuidoras locales/municipales antes de convertir a regional_default productivo.
aragon,Monesma y Cajigar,Huesca,municipality:huesca::monesma_y_cajigar,"e-distribución Redes Digitales, S.L.U.",regional_presence_candidate,regional_presence_confirmed_needs_boundary_review,high_boundary_review,review_boundary_and_local_exceptions_before_production,no,no,e-distribución — distribución eléctrica,https://www.edistribucion.com/es/conocenos/instalaciones-distribucion-red/distribucion-electrica.html,"No contiene identificadores de suministro, direcciones, coordenadas privadas ni inventario de infraestructura.",Buscar distribuidoras locales/municipales antes de convertir a regional_default productivo.
aragon,Tella-Sin,Huesca,municipality:huesca::tella_sin,"e-distribución Redes Digitales, S.L.U.",regional_presence_candidate,regional_presence_confirmed_needs_boundary_review,high_boundary_review,review_boundary_and_local_exceptions_before_production,no,no,e-distribución — distribución eléctrica,https://www.edistribucion.com/es/conocenos/instalaciones-distribucion-red/distribucion-electrica.html,"No contiene identificadores de suministro, direcciones, coordenadas privadas ni inventario de infraestructura.",Buscar distribuidoras locales/municipales antes de convertir a regional_default productivo.
aragon,Torre de Arcas,Teruel,municipality:teruel::torre_de_arcas,"e-distribución Redes Digitales, S.L.U.",regional_presence_candidate,regional_presence_confirmed_needs_boundary_review,high_boundary_review,review_boundary_and_local_exceptions_before_production,no,no,e-distribución — distribución eléctrica,https://www.edistribucion.com/es/conocenos/instalaciones-distribucion-red/distribucion-electrica.html,"No contiene identificadores de suministro, direcciones, coordenadas privadas ni inventario de infraestructura.",Buscar distribuidoras locales/municipales antes de convertir a regional_default productivo.
aragon,Lupiñén-Ortilla,Huesca,municipality:huesca::lupinen_ortilla,"e-distribución Redes Digitales, S.L.U.",regional_presence_candidate,regional_presence_confirmed_needs_boundary_review,high_boundary_review,review_boundary_and_local_exceptions_before_production,no,no,e-distribución — distribución eléctrica,https://www.edistribucion.com/es/conocenos/instalaciones-distribucion-red/distribucion-electrica.html,"No contiene identificadores de suministro, direcciones, coordenadas privadas ni inventario de infraestructura.",Buscar distribuidoras locales/municipales antes de convertir a regional_default productivo.
aragon,Maella,Zaragoza,municipality:zaragoza::maella,"e-distribución Redes Digitales, S.L.U.",regional_presence_candidate,regional_presence_confirmed_needs_boundary_review,high_boundary_review,review_boundary_and_local_exceptions_before_production,no,no,e-distribución — distribución eléctrica,https://www.edistribucion.com/es/conocenos/instalaciones-distribucion-red/distribucion-electrica.html,"No contiene identificadores de suministro, direcciones, coordenadas privadas ni inventario de infraestructura.",Buscar distribuidoras locales/municipales antes de convertir a regional_default productivo.
aragon,Moneva,Zaragoza,municipality:zaragoza::moneva,"e-distribución Redes Digitales, S.L.U.",regional_presence_candidate,regional_presence_confirmed_needs_boundary_review,high_boundary_review,review_boundary_and_local_exceptions_before_production,no,no,e-distribución — distribución eléctrica,https://www.edistribucion.com/es/conocenos/instalaciones-distribucion-red/distribucion-electrica.html,"No contiene identificadores de suministro, direcciones, coordenadas privadas ni inventario de infraestructura.",Buscar distribuidoras locales/municipales antes de convertir a regional_default productivo.
aragon,Villarroya del Campo,Zaragoza,municipality:zaragoza::villarroya_del_campo,"e-distribución Redes Digitales, S.L.U.",regional_presence_candidate,regional_presence_confirmed_needs_boundary_review,high_boundary_review,review_boundary_and_local_exceptions_before_production,no,no,e-distribución — distribución eléctrica,https://www.edistribucion.com/es/conocenos/instalaciones-distribucion-red/distribucion-electrica.html,"No contiene identificadores de suministro, direcciones, coordenadas privadas ni inventario de infraestructura.",Buscar distribuidoras locales/municipales antes de convertir a regional_default productivo.
aragon,Sierra de Luna,Zaragoza,municipality:zaragoza::sierra_de_luna,"e-distribución Redes Digitales, S.L.U.",regional_presence_candidate,regional_presence_confirmed_needs_boundary_review,high_boundary_review,review_boundary_and_local_exceptions_before_production,no,no,e-distribución — distribución eléctrica,https://www.edistribucion.com/es/conocenos/instalaciones-distribucion-red/distribucion-electrica.html,"No contiene identificadores de suministro, direcciones, coordenadas privadas ni inventario de infraestructura.",Buscar distribuidoras locales/municipales antes de convertir a regional_default productivo.
aragon,Santed,Zaragoza,municipality:zaragoza::santed,"e-distribución Redes Digitales, S.L.U.",regional_presence_candidate,regional_presence_confirmed_needs_boundary_review,high_boundary_review,review_boundary_and_local_exceptions_before_production,no,no,e-distribución — distribución eléctrica,https://www.edistribucion.com/es/conocenos/instalaciones-distribucion-red/distribucion-electrica.html,"No contiene identificadores de suministro, direcciones, coordenadas privadas ni inventario de infraestructura.",Buscar distribuidoras locales/municipales antes de convertir a regional_default productivo.
aragon,Gúdar,Teruel,municipality:teruel::gudar,"e-distribución Redes Digitales, S.L.U.",regional_presence_candidate,regional_presence_confirmed_needs_boundary_review,high_boundary_review,review_boundary_and_local_exceptions_before_production,no,no,e-distribución — distribución eléctrica,https://www.edistribucion.com/es/conocenos/instalaciones-distribucion-red/distribucion-electrica.html,"No contiene identificadores de suministro, direcciones, coordenadas privadas ni inventario de infraestructura.",Buscar distribuidoras locales/municipales antes de convertir a regional_default productivo.
aragon,Belver de Cinca,Huesca,municipality:huesca::belver_de_cinca,"e-distribución Redes Digitales, S.L.U.",regional_presence_candidate,regional_presence_confirmed_needs_boundary_review,high_boundary_review,review_boundary_and_local_exceptions_before_production,no,no,e-distribución — distribución eléctrica,https://www.edistribucion.com/es/conocenos/instalaciones-distribucion-red/distribucion-electrica.html,"No contiene identificadores de suministro, direcciones, coordenadas privadas ni inventario de infraestructura.",Buscar distribuidoras locales/municipales antes de convertir a regional_default productivo.
aragon,Letux,Zaragoza,municipality:zaragoza::letux,"e-distribución Redes Digitales, S.L.U.",regional_presence_candidate,regional_presence_confirmed_needs_boundary_review,high_boundary_review,review_boundary_and_local_exceptions_before_production,no,no,e-distribución — distribución eléctrica,https://www.edistribucion.com/es/conocenos/instalaciones-distribucion-red/distribucion-electrica.html,"No contiene identificadores de suministro, direcciones, coordenadas privadas ni inventario de infraestructura.",Buscar distribuidoras locales/municipales antes de convertir a regional_default productivo.
aragon,Salas Altas,Huesca,municipality:huesca::salas_altas,"e-distribución Redes Digitales, S.L.U.",regional_presence_candidate,regional_presence_confirmed_needs_boundary_review,high_boundary_review,review_boundary_and_local_exceptions_before_production,no,no,e-distribución — distribución eléctrica,https://www.edistribucion.com/es/conocenos/instalaciones-distribucion-red/distribucion-electrica.html,"No contiene identificadores de suministro, direcciones, coordenadas privadas ni inventario de infraestructura.",Buscar distribuidoras locales/municipales antes de convertir a regional_default productivo.
aragon,Boquiñeni,Zaragoza,municipality:zaragoza::boquineni,"e-distribución Redes Digitales, S.L.U.",regional_presence_candidate,regional_presence_confirmed_needs_boundary_review,high_boundary_review,review_boundary_and_local_exceptions_before_production,no,no,e-distribución — distribución eléctrica,https://www.edistribucion.com/es/conocenos/instalaciones-distribucion-red/distribucion-electrica.html,"No contiene identificadores de suministro, direcciones, coordenadas privadas ni inventario de infraestructura.",Buscar distribuidoras locales/municipales antes de convertir a regional_default productivo.
aragon,Atea,Zaragoza,municipality:zaragoza::atea,"e-distribución Redes Digitales, S.L.U.",regional_presence_candidate,regional_presence_confirmed_needs_boundary_review,high_boundary_review,review_boundary_and_local_exceptions_before_production,no,no,e-distribución — distribución eléctrica,https://www.edistribucion.com/es/conocenos/instalaciones-distribucion-red/distribucion-electrica.html,"No contiene identificadores de suministro, direcciones, coordenadas privadas ni inventario de infraestructura.",Buscar distribuidoras locales/municipales antes de convertir a regional_default productivo.
aragon,Bubierca,Zaragoza,municipality:zaragoza::bubierca,"e-distribución Redes Digitales, S.L.U.",regional_presence_candidate,regional_presence_confirmed_needs_boundary_review,high_boundary_review,review_boundary_and_local_exceptions_before_production,no,no,e-distribución — distribución eléctrica,https://www.edistribucion.com/es/conocenos/instalaciones-distribucion-red/distribucion-electrica.html,"No contiene identificadores de suministro, direcciones, coordenadas privadas ni inventario de infraestructura.",Buscar distribuidoras locales/municipales antes de convertir a regional_default productivo.
aragon,Naval,Huesca,municipality:huesca::naval,"e-distribución Redes Digitales, S.L.U.",regional_presence_candidate,regional_presence_confirmed_needs_boundary_review,high_boundary_review,review_boundary_and_local_exceptions_before_production,no,no,e-distribución — distribución eléctrica,https://www.edistribucion.com/es/conocenos/instalaciones-distribucion-red/distribucion-electrica.html,"No contiene identificadores de suministro, direcciones, coordenadas privadas ni inventario de infraestructura.",Buscar distribuidoras locales/municipales antes de convertir a regional_default productivo.
aragon,Novales,Huesca,municipality:huesca::novales,"e-distribución Redes Digitales, S.L.U.",regional_presence_candidate,regional_presence_confirmed_needs_boundary_review,high_boundary_review,review_boundary_and_local_exceptions_before_production,no,no,e-distribución — distribución eléctrica,https://www.edistribucion.com/es/conocenos/instalaciones-distribucion-red/distribucion-electrica.html,"No contiene identificadores de suministro, direcciones, coordenadas privadas ni inventario de infraestructura.",Buscar distribuidoras locales/municipales antes de convertir a regional_default productivo.
aragon,Peraltilla,Huesca,municipality:huesca::peraltilla,"e-distribución Redes Digitales, S.L.U.",regional_presence_candidate,regional_presence_confirmed_needs_boundary_review,high_boundary_review,review_boundary_and_local_exceptions_before_production,no,no,e-distribución — distribución eléctrica,https://www.edistribucion.com/es/conocenos/instalaciones-distribucion-red/distribucion-electrica.html,"No contiene identificadores de suministro, direcciones, coordenadas privadas ni inventario de infraestructura.",Buscar distribuidoras locales/municipales antes de convertir a regional_default productivo.
aragon,Broto,Huesca,municipality:huesca::broto,"e-distribución Redes Digitales, S.L.U.",regional_presence_candidate,regional_presence_confirmed_needs_boundary_review,high_boundary_review,review_boundary_and_local_exceptions_before_production,no,no,e-distribución — distribución eléctrica,https://www.edistribucion.com/es/conocenos/instalaciones-distribucion-red/distribucion-electrica.html,"No contiene identificadores de suministro, direcciones, coordenadas privadas ni inventario de infraestructura.",Buscar distribuidoras locales/municipales antes de convertir a regional_default productivo.
aragon,Castelnou,Teruel,municipality:teruel::castelnou,"e-distribución Redes Digitales, S.L.U.",regional_presence_candidate,regional_presence_confirmed_needs_boundary_review,high_boundary_review,review_boundary_and_local_exceptions_before_production,no,no,e-distribución — distribución eléctrica,https://www.edistribucion.com/es/conocenos/instalaciones-distribucion-red/distribucion-electrica.html,"No contiene identificadores de suministro, direcciones, coordenadas privadas ni inventario de infraestructura.",Buscar distribuidoras locales/municipales antes de convertir a regional_default productivo.
aragon,Pinseque,Zaragoza,municipality:zaragoza::pinseque,"e-distribución Redes Digitales, S.L.U.",regional_presence_candidate,regional_presence_confirmed_needs_boundary_review,high_boundary_review,review_boundary_and_local_exceptions_before_production,no,no,e-distribución — distribución eléctrica,https://www.edistribucion.com/es/conocenos/instalaciones-distribucion-red/distribucion-electrica.html,"No contiene identificadores de suministro, direcciones, coordenadas privadas ni inventario de infraestructura.",Buscar distribuidoras locales/municipales antes de convertir a regional_default productivo.
aragon,Novallas,Zaragoza,municipality:zaragoza::novallas,"e-distribución Redes Digitales, S.L.U.",regional_presence_candidate,regional_presence_confirmed_needs_boundary_review,high_boundary_review,review_boundary_and_local_exceptions_before_production,no,no,e-distribución — distribución eléctrica,https://www.edistribucion.com/es/conocenos/instalaciones-distribucion-red/distribucion-electrica.html,"No contiene identificadores de suministro, direcciones, coordenadas privadas ni inventario de infraestructura.",Buscar distribuidoras locales/municipales antes de convertir a regional_default productivo.
aragon,Segura de los Baños,Teruel,municipality:teruel::segura_de_los_banos,"e-distribución Redes Digitales, S.L.U.",regional_presence_candidate,regional_presence_confirmed_needs_boundary_review,high_boundary_review,review_boundary_and_local_exceptions_before_production,no,no,e-distribución — distribución eléctrica,https://www.edistribucion.com/es/conocenos/instalaciones-distribucion-red/distribucion-electrica.html,"No contiene identificadores de suministro, direcciones, coordenadas privadas ni inventario de infraestructura.",Buscar distribuidoras locales/municipales antes de convertir a regional_default productivo.
aragon,Bueña,Teruel,municipality:teruel::buena,"e-distribución Redes Digitales, S.L.U.",regional_presence_candidate,regional_presence_confirmed_needs_boundary_review,high_boundary_review,review_boundary_and_local_exceptions_before_production,no,no,e-distribución — distribución eléctrica,https://www.edistribucion.com/es/conocenos/instalaciones-distribucion-red/distribucion-electrica.html,"No contiene identificadores de suministro, direcciones, coordenadas privadas ni inventario de infraestructura.",Buscar distribuidoras locales/municipales antes de convertir a regional_default productivo.
aragon,Ariza,Zaragoza,municipality:zaragoza::ariza,"e-distribución Redes Digitales, S.L.U.",regional_presence_candidate,regional_presence_confirmed_needs_boundary_review,high_boundary_review,review_boundary_and_local_exceptions_before_production,no,no,e-distribución — distribución eléctrica,https://www.edistribucion.com/es/conocenos/instalaciones-distribucion-red/distribucion-electrica.html,"No contiene identificadores de suministro, direcciones, coordenadas privadas ni inventario de infraestructura.",Buscar distribuidoras locales/municipales antes de convertir a regional_default productivo.
aragon,Codo,Zaragoza,municipality:zaragoza::codo,"e-distribución Redes Digitales, S.L.U.",regional_presence_candidate,regional_presence_confirmed_needs_boundary_review,high_boundary_review,review_boundary_and_local_exceptions_before_production,no,no,e-distribución — distribución eléctrica,https://www.edistribucion.com/es/conocenos/instalaciones-distribucion-red/distribucion-electrica.html,"No contiene identificadores de suministro, direcciones, coordenadas privadas ni inventario de infraestructura.",Buscar distribuidoras locales/municipales antes de convertir a regional_default productivo.
aragon,Velilla de Cinca,Huesca,municipality:huesca::velilla_de_cinca,"e-distribución Redes Digitales, S.L.U.",regional_presence_candidate,regional_presence_confirmed_needs_boundary_review,high_boundary_review,review_boundary_and_local_exceptions_before_production,no,no,e-distribución — distribución eléctrica,https://www.edistribucion.com/es/conocenos/instalaciones-distribucion-red/distribucion-electrica.html,"No contiene identificadores de suministro, direcciones, coordenadas privadas ni inventario de infraestructura.",Buscar distribuidoras locales/municipales antes de convertir a regional_default productivo.
aragon,Cantavieja,Teruel,municipality:teruel::cantavieja,"e-distribución Redes Digitales, S.L.U.",regional_presence_candidate,regional_presence_confirmed_needs_boundary_review,high_boundary_review,review_boundary_and_local_exceptions_before_production,no,no,e-distribución — distribución eléctrica,https://www.edistribucion.com/es/conocenos/instalaciones-distribucion-red/distribucion-electrica.html,"No contiene identificadores de suministro, direcciones, coordenadas privadas ni inventario de infraestructura.",Buscar distribuidoras locales/municipales antes de convertir a regional_default productivo.
aragon,Retascón,Zaragoza,municipality:zaragoza::retascon,"e-distribución Redes Digitales, S.L.U.",regional_presence_candidate,regional_presence_confirmed_needs_boundary_review,high_boundary_review,review_boundary_and_local_exceptions_before_production,no,no,e-distribución — distribución eléctrica,https://www.edistribucion.com/es/conocenos/instalaciones-distribucion-red/distribucion-electrica.html,"No contiene identificadores de suministro, direcciones, coordenadas privadas ni inventario de infraestructura.",Buscar distribuidoras locales/municipales antes de convertir a regional_default productivo.
aragon,Fanlo,Huesca,municipality:huesca::fanlo,"e-distribución Redes Digitales, S.L.U.",regional_presence_candidate,regional_presence_confirmed_needs_boundary_review,high_boundary_review,review_boundary_and_local_exceptions_before_production,no,no,e-distribución — distribución eléctrica,https://www.edistribucion.com/es/conocenos/instalaciones-distribucion-red/distribucion-electrica.html,"No contiene identificadores de suministro, direcciones, coordenadas privadas ni inventario de infraestructura.",Buscar distribuidoras locales/municipales antes de convertir a regional_default productivo.
aragon,Royuela,Teruel,municipality:teruel::royuela,"e-distribución Redes Digitales, S.L.U.",regional_presence_candidate,regional_presence_confirmed_needs_boundary_review,high_boundary_review,review_boundary_and_local_exceptions_before_production,no,no,e-distribución — distribución eléctrica,https://www.edistribucion.com/es/conocenos/instalaciones-distribucion-red/distribucion-electrica.html,"No contiene identificadores de suministro, direcciones, coordenadas privadas ni inventario de infraestructura.",Buscar distribuidoras locales/municipales antes de convertir a regional_default productivo.
aragon,Aisa,Huesca,municipality:huesca::aisa,"e-distribución Redes Digitales, S.L.U.",regional_presence_candidate,regional_presence_confirmed_needs_boundary_review,high_boundary_review,review_boundary_and_local_exceptions_before_production,no,no,e-distribución — distribución eléctrica,https://www.edistribucion.com/es/conocenos/instalaciones-distribucion-red/distribucion-electrica.html,"No contiene identificadores de suministro, direcciones, coordenadas privadas ni inventario de infraestructura.",Buscar distribuidoras locales/municipales antes de convertir a regional_default productivo.
aragon,Laperdiguera,Huesca,municipality:huesca::laperdiguera,"e-distribución Redes Digitales, S.L.U.",regional_presence_candidate,regional_presence_confirmed_needs_boundary_review,high_boundary_review,review_boundary_and_local_exceptions_before_production,no,no,e-distribución — distribución eléctrica,https://www.edistribucion.com/es/conocenos/instalaciones-distribucion-red/distribucion-electrica.html,"No contiene identificadores de suministro, direcciones, coordenadas privadas ni inventario de infraestructura.",Buscar distribuidoras locales/municipales antes de convertir a regional_default productivo.
aragon,Torrevelilla,Teruel,municipality:teruel::torrevelilla,"e-distribución Redes Digitales, S.L.U.",regional_presence_candidate,regional_presence_confirmed_needs_boundary_review,high_boundary_review,review_boundary_and_local_exceptions_before_production,no,no,e-distribución — distribución eléctrica,https://www.edistribucion.com/es/conocenos/instalaciones-distribucion-red/distribucion-electrica.html,"No contiene identificadores de suministro, direcciones, coordenadas privadas ni inventario de infraestructura.",Buscar distribuidoras locales/municipales antes de convertir a regional_default productivo.
aragon,Marracos,Zaragoza,municipality:zaragoza::marracos,"e-distribución Redes Digitales, S.L.U.",regional_presence_candidate,regional_presence_confirmed_needs_boundary_review,high_boundary_review,review_boundary_and_local_exceptions_before_production,no,no,e-distribución — distribución eléctrica,https://www.edistribucion.com/es/conocenos/instalaciones-distribucion-red/distribucion-electrica.html,"No contiene identificadores de suministro, direcciones, coordenadas privadas ni inventario de infraestructura.",Buscar distribuidoras locales/municipales antes de convertir a regional_default productivo.
aragon,Villanúa,Huesca,municipality:huesca::villanua,"e-distribución Redes Digitales, S.L.U.",regional_presence_candidate,regional_presence_confirmed_needs_boundary_review,high_boundary_review,review_boundary_and_local_exceptions_before_production,no,no,e-distribución — distribución eléctrica,https://www.edistribucion.com/es/conocenos/instalaciones-distribucion-red/distribucion-electrica.html,"No contiene identificadores de suministro, direcciones, coordenadas privadas ni inventario de infraestructura.",Buscar distribuidoras locales/municipales antes de convertir a regional_default productivo.
aragon,Cosuenda,Zaragoza,municipality:zaragoza::cosuenda,"e-distribución Redes Digitales, S.L.U.",regional_presence_candidate,regional_presence_confirmed_needs_boundary_review,high_boundary_review,review_boundary_and_local_exceptions_before_production,no,no,e-distribución — distribución eléctrica,https://www.edistribucion.com/es/conocenos/instalaciones-distribucion-red/distribucion-electrica.html,"No contiene identificadores de suministro, direcciones, coordenadas privadas ni inventario de infraestructura.",Buscar distribuidoras locales/municipales antes de convertir a regional_default productivo.
aragon,Grisel,Zaragoza,municipality:zaragoza::grisel,"e-distribución Redes Digitales, S.L.U.",regional_presence_candidate,regional_presence_confirmed_needs_boundary_review,high_boundary_review,review_boundary_and_local_exceptions_before_production,no,no,e-distribución — distribución eléctrica,https://www.edistribucion.com/es/conocenos/instalaciones-distribucion-red/distribucion-electrica.html,"No contiene identificadores de suministro, direcciones, coordenadas privadas ni inventario de infraestructura.",Buscar distribuidoras locales/municipales antes de convertir a regional_default productivo.
aragon,Sabiñán,Zaragoza,municipality:zaragoza::sabinan,"e-distribución Redes Digitales, S.L.U.",regional_presence_candidate,regional_presence_confirmed_needs_boundary_review,high_boundary_review,review_boundary_and_local_exceptions_before_production,no,no,e-distribución — distribución eléctrica,https://www.edistribucion.com/es/conocenos/instalaciones-distribucion-red/distribucion-electrica.html,"No contiene identificadores de suministro, direcciones, coordenadas privadas ni inventario de infraestructura.",Buscar distribuidoras locales/municipales antes de convertir a regional_default productivo.
aragon,Orés,Zaragoza,municipality:zaragoza::ores,"e-distribución Redes Digitales, S.L.U.",regional_presence_candidate,regional_presence_confirmed_needs_boundary_review,high_boundary_review,review_boundary_and_local_exceptions_before_production,no,no,e-distribución — distribución eléctrica,https://www.edistribucion.com/es/conocenos/instalaciones-distribucion-red/distribucion-electrica.html,"No contiene identificadores de suministro, direcciones, coordenadas privadas ni inventario de infraestructura.",Buscar distribuidoras locales/municipales antes de convertir a regional_default productivo.
aragon,Cuarte de Huerva,Zaragoza,municipality:zaragoza::cuarte_de_huerva,"e-distribución Redes Digitales, S.L.U.",regional_presence_candidate,regional_presence_confirmed_needs_boundary_review,high_boundary_review,review_boundary_and_local_exceptions_before_production,no,no,e-distribución — distribución eléctrica,https://www.edistribucion.com/es/conocenos/instalaciones-distribucion-red/distribucion-electrica.html,"No contiene identificadores de suministro, direcciones, coordenadas privadas ni inventario de infraestructura.",Buscar distribuidoras locales/municipales antes de convertir a regional_default productivo.
aragon,Monterde,Zaragoza,municipality:zaragoza::monterde,"e-distribución Redes Digitales, S.L.U.",regional_presence_candidate,regional_presence_confirmed_needs_boundary_review,high_boundary_review,review_boundary_and_local_exceptions_before_production,no,no,e-distribución — distribución eléctrica,https://www.edistribucion.com/es/conocenos/instalaciones-distribucion-red/distribucion-electrica.html,"No contiene identificadores de suministro, direcciones, coordenadas privadas ni inventario de infraestructura.",Buscar distribuidoras locales/municipales antes de convertir a regional_default productivo.
aragon,Cañada de Benatanduz,Teruel,municipality:teruel::canada_de_benatanduz,"e-distribución Redes Digitales, S.L.U.",regional_presence_candidate,regional_presence_confirmed_needs_boundary_review,high_boundary_review,review_boundary_and_local_exceptions_before_production,no,no,e-distribución — distribución eléctrica,https://www.edistribucion.com/es/conocenos/instalaciones-distribucion-red/distribucion-electrica.html,"No contiene identificadores de suministro, direcciones, coordenadas privadas ni inventario de infraestructura.",Buscar distribuidoras locales/municipales antes de convertir a regional_default productivo.
aragon,Plou,Teruel,municipality:teruel::plou,"e-distribución Redes Digitales, S.L.U.",regional_presence_candidate,regional_presence_confirmed_needs_boundary_review,high_boundary_review,review_boundary_and_local_exceptions_before_production,no,no,e-distribución — distribución eléctrica,https://www.edistribucion.com/es/conocenos/instalaciones-distribucion-red/distribucion-electrica.html,"No contiene identificadores de suministro, direcciones, coordenadas privadas ni inventario de infraestructura.",Buscar distribuidoras locales/municipales antes de convertir a regional_default productivo.
aragon,La Puebla de Castro,Huesca,municipality:huesca::la_puebla_de_castro,"e-distribución Redes Digitales, S.L.U.",regional_presence_candidate,regional_presence_confirmed_needs_boundary_review,high_boundary_review,review_boundary_and_local_exceptions_before_production,no,no,e-distribución — distribución eléctrica,https://www.edistribucion.com/es/conocenos/instalaciones-distribucion-red/distribucion-electrica.html,"No contiene identificadores de suministro, direcciones, coordenadas privadas ni inventario de infraestructura.",Buscar distribuidoras locales/municipales antes de convertir a regional_default productivo.
aragon,Miravete de la Sierra,Teruel,municipality:teruel::miravete_de_la_sierra,"e-distribución Redes Digitales, S.L.U.",regional_presence_candidate,regional_presence_confirmed_needs_boundary_review,high_boundary_review,review_boundary_and_local_exceptions_before_production,no,no,e-distribución — distribución eléctrica,https://www.edistribucion.com/es/conocenos/instalaciones-distribucion-red/distribucion-electrica.html,"No contiene identificadores de suministro, direcciones, coordenadas privadas ni inventario de infraestructura.",Buscar distribuidoras locales/municipales antes de convertir a regional_default productivo.
aragon,Bonansa,Huesca,municipality:huesca::bonansa,"e-distribución Redes Digitales, S.L.U.",regional_presence_candidate,regional_presence_confirmed_needs_boundary_review,high_boundary_review,review_boundary_and_local_exceptions_before_production,no,no,e-distribución — distribución eléctrica,https://www.edistribucion.com/es/conocenos/instalaciones-distribucion-red/distribucion-electrica.html,"No contiene identificadores de suministro, direcciones, coordenadas privadas ni inventario de infraestructura.",Buscar distribuidoras locales/municipales antes de convertir a regional_default productivo.
aragon,Tamarite de Litera,Huesca,municipality:huesca::tamarite_de_litera,"e-distribución Redes Digitales, S.L.U.",regional_presence_candidate,regional_presence_confirmed_needs_boundary_review,high_boundary_review,review_boundary_and_local_exceptions_before_production,no,no,e-distribución — distribución eléctrica,https://www.edistribucion.com/es/conocenos/instalaciones-distribucion-red/distribucion-electrica.html,"No contiene identificadores de suministro, direcciones, coordenadas privadas ni inventario de infraestructura.",Buscar distribuidoras locales/municipales antes de convertir a regional_default productivo.
aragon,La Sotonera,Huesca,municipality:huesca::la_sotonera,"e-distribución Redes Digitales, S.L.U.",regional_presence_candidate,regional_presence_confirmed_needs_boundary_review,high_boundary_review,review_boundary_and_local_exceptions_before_production,no,no,e-distribución — distribución eléctrica,https://www.edistribucion.com/es/conocenos/instalaciones-distribucion-red/distribucion-electrica.html,"No contiene identificadores de suministro, direcciones, coordenadas privadas ni inventario de infraestructura.",Buscar distribuidoras locales/municipales antes de convertir a regional_default productivo.
aragon,Longares,Zaragoza,municipality:zaragoza::longares,"e-distribución Redes Digitales, S.L.U.",regional_presence_candidate,regional_presence_confirmed_needs_boundary_review,high_boundary_review,review_boundary_and_local_exceptions_before_production,no,no,e-distribución — distribución eléctrica,https://www.edistribucion.com/es/conocenos/instalaciones-distribucion-red/distribucion-electrica.html,"No contiene identificadores de suministro, direcciones, coordenadas privadas ni inventario de infraestructura.",Buscar distribuidoras locales/municipales antes de convertir a regional_default productivo.
aragon,Sestrica,Zaragoza,municipality:zaragoza::sestrica,"e-distribución Redes Digitales, S.L.U.",regional_presence_candidate,regional_presence_confirmed_needs_boundary_review,high_boundary_review,review_boundary_and_local_exceptions_before_production,no,no,e-distribución — distribución eléctrica,https://www.edistribucion.com/es/conocenos/instalaciones-distribucion-red/distribucion-electrica.html,"No contiene identificadores de suministro, direcciones, coordenadas privadas ni inventario de infraestructura.",Buscar distribuidoras locales/municipales antes de convertir a regional_default productivo.
aragon,Ibieca,Huesca,municipality:huesca::ibieca,"e-distribución Redes Digitales, S.L.U.",regional_presence_candidate,regional_presence_confirmed_needs_boundary_review,high_boundary_review,review_boundary_and_local_exceptions_before_production,no,no,e-distribución — distribución eléctrica,https://www.edistribucion.com/es/conocenos/instalaciones-distribucion-red/distribucion-electrica.html,"No contiene identificadores de suministro, direcciones, coordenadas privadas ni inventario de infraestructura.",Buscar distribuidoras locales/municipales antes de convertir a regional_default productivo.
aragon,Carenas,Zaragoza,municipality:zaragoza::carenas,"e-distribución Redes Digitales, S.L.U.",regional_presence_candidate,regional_presence_confirmed_needs_boundary_review,high_boundary_review,review_boundary_and_local_exceptions_before_production,no,no,e-distribución — distribución eléctrica,https://www.edistribucion.com/es/conocenos/instalaciones-distribucion-red/distribucion-electrica.html,"No contiene identificadores de suministro, direcciones, coordenadas privadas ni inventario de infraestructura.",Buscar distribuidoras locales/municipales antes de convertir a regional_default productivo.
aragon,Comunero de Ansó y Hecho,Huesca,municipality:huesca::comunero_de_anso_y_hecho,"e-distribución Redes Digitales, S.L.U.",regional_presence_candidate,regional_presence_confirmed_needs_boundary_review,high_boundary_review,review_boundary_and_local_exceptions_before_production,no,no,e-distribución — distribución eléctrica,https://www.edistribucion.com/es/conocenos/instalaciones-distribucion-red/distribucion-electrica.html,"No contiene identificadores de suministro, direcciones, coordenadas privadas ni inventario de infraestructura.",Buscar distribuidoras locales/municipales antes de convertir a regional_default productivo.
aragon,Montón,Zaragoza,municipality:zaragoza::monton,"e-distribución Redes Digitales, S.L.U.",regional_presence_candidate,regional_presence_confirmed_needs_boundary_review,high_boundary_review,review_boundary_and_local_exceptions_before_production,no,no,e-distribución — distribución eléctrica,https://www.edistribucion.com/es/conocenos/instalaciones-distribucion-red/distribucion-electrica.html,"No contiene identificadores de suministro, direcciones, coordenadas privadas ni inventario de infraestructura.",Buscar distribuidoras locales/municipales antes de convertir a regional_default productivo.
aragon,Almonacid de la Cuba,Zaragoza,municipality:zaragoza::almonacid_de_la_cuba,"e-distribución Redes Digitales, S.L.U.",regional_presence_candidate,regional_presence_confirmed_needs_boundary_review,high_boundary_review,review_boundary_and_local_exceptions_before_production,no,no,e-distribución — distribución eléctrica,https://www.edistribucion.com/es/conocenos/instalaciones-distribucion-red/distribucion-electrica.html,"No contiene identificadores de suministro, direcciones, coordenadas privadas ni inventario de infraestructura.",Buscar distribuidoras locales/municipales antes de convertir a regional_default productivo.
aragon,Azanuy-Alins,Huesca,municipality:huesca::azanuy_alins,"e-distribución Redes Digitales, S.L.U.",regional_presence_candidate,regional_presence_confirmed_needs_boundary_review,high_boundary_review,review_boundary_and_local_exceptions_before_production,no,no,e-distribución — distribución eléctrica,https://www.edistribucion.com/es/conocenos/instalaciones-distribucion-red/distribucion-electrica.html,"No contiene identificadores de suministro, direcciones, coordenadas privadas ni inventario de infraestructura.",Buscar distribuidoras locales/municipales antes de convertir a regional_default productivo.
aragon,Alfamén,Zaragoza,municipality:zaragoza::alfamen,"e-distribución Redes Digitales, S.L.U.",regional_presence_candidate,regional_presence_confirmed_needs_boundary_review,high_boundary_review,review_boundary_and_local_exceptions_before_production,no,no,e-distribución — distribución eléctrica,https://www.edistribucion.com/es/conocenos/instalaciones-distribucion-red/distribucion-electrica.html,"No contiene identificadores de suministro, direcciones, coordenadas privadas ni inventario de infraestructura.",Buscar distribuidoras locales/municipales antes de convertir a regional_default productivo.
aragon,Bardallur,Zaragoza,municipality:zaragoza::bardallur,"e-distribución Redes Digitales, S.L.U.",regional_presence_candidate,regional_presence_confirmed_needs_boundary_review,high_boundary_review,review_boundary_and_local_exceptions_before_production,no,no,e-distribución — distribución eléctrica,https://www.edistribucion.com/es/conocenos/instalaciones-distribucion-red/distribucion-electrica.html,"No contiene identificadores de suministro, direcciones, coordenadas privadas ni inventario de infraestructura.",Buscar distribuidoras locales/municipales antes de convertir a regional_default productivo.
aragon,Sástago,Zaragoza,municipality:zaragoza::sastago,"e-distribución Redes Digitales, S.L.U.",regional_presence_candidate,regional_presence_confirmed_needs_boundary_review,high_boundary_review,review_boundary_and_local_exceptions_before_production,no,no,e-distribución — distribución eléctrica,https://www.edistribucion.com/es/conocenos/instalaciones-distribucion-red/distribucion-electrica.html,"No contiene identificadores de suministro, direcciones, coordenadas privadas ni inventario de infraestructura.",Buscar distribuidoras locales/municipales antes de convertir a regional_default productivo.
aragon,Salillas,Huesca,municipality:huesca::salillas,"e-distribución Redes Digitales, S.L.U.",regional_presence_candidate,regional_presence_confirmed_needs_boundary_review,high_boundary_review,review_boundary_and_local_exceptions_before_production,no,no,e-distribución — distribución eléctrica,https://www.edistribucion.com/es/conocenos/instalaciones-distribucion-red/distribucion-electrica.html,"No contiene identificadores de suministro, direcciones, coordenadas privadas ni inventario de infraestructura.",Buscar distribuidoras locales/municipales antes de convertir a regional_default productivo.
aragon,Calaceite,Teruel,municipality:teruel::calaceite,"e-distribución Redes Digitales, S.L.U.",regional_presence_candidate,regional_presence_confirmed_needs_boundary_review,high_boundary_review,review_boundary_and_local_exceptions_before_production,no,no,e-distribución — distribución eléctrica,https://www.edistribucion.com/es/conocenos/instalaciones-distribucion-red/distribucion-electrica.html,"No contiene identificadores de suministro, direcciones, coordenadas privadas ni inventario de infraestructura.",Buscar distribuidoras locales/municipales antes de convertir a regional_default productivo.
aragon,Monteagudo del Castillo,Teruel,municipality:teruel::monteagudo_del_castillo,"e-distribución Redes Digitales, S.L.U.",regional_presence_candidate,regional_presence_confirmed_needs_boundary_review,high_boundary_review,review_boundary_and_local_exceptions_before_production,no,no,e-distribución — distribución eléctrica,https://www.edistribucion.com/es/conocenos/instalaciones-distribucion-red/distribucion-electrica.html,"No contiene identificadores de suministro, direcciones, coordenadas privadas ni inventario de infraestructura.",Buscar distribuidoras locales/municipales antes de convertir a regional_default productivo.
aragon,Visiedo,Teruel,municipality:teruel::visiedo,"e-distribución Redes Digitales, S.L.U.",regional_presence_candidate,regional_presence_confirmed_needs_boundary_review,high_boundary_review,review_boundary_and_local_exceptions_before_production,no,no,e-distribución — distribución eléctrica,https://www.edistribucion.com/es/conocenos/instalaciones-distribucion-red/distribucion-electrica.html,"No contiene identificadores de suministro, direcciones, coordenadas privadas ni inventario de infraestructura.",Buscar distribuidoras locales/municipales antes de convertir a regional_default productivo.
aragon,Acered,Zaragoza,municipality:zaragoza::acered,"e-distribución Redes Digitales, S.L.U.",regional_presence_candidate,regional_presence_confirmed_needs_boundary_review,high_boundary_review,review_boundary_and_local_exceptions_before_production,no,no,e-distribución — distribución eléctrica,https://www.edistribucion.com/es/conocenos/instalaciones-distribucion-red/distribucion-electrica.html,"No contiene identificadores de suministro, direcciones, coordenadas privadas ni inventario de infraestructura.",Buscar distribuidoras locales/municipales antes de convertir a regional_default productivo.
aragon,La Joyosa,Zaragoza,municipality:zaragoza::la_joyosa,"e-distribución Redes Digitales, S.L.U.",regional_presence_candidate,regional_presence_confirmed_needs_boundary_review,high_boundary_review,review_boundary_and_local_exceptions_before_production,no,no,e-distribución — distribución eléctrica,https://www.edistribucion.com/es/conocenos/instalaciones-distribucion-red/distribucion-electrica.html,"No contiene identificadores de suministro, direcciones, coordenadas privadas ni inventario de infraestructura.",Buscar distribuidoras locales/municipales antes de convertir a regional_default productivo.
aragon,Torralba de los Frailes,Zaragoza,municipality:zaragoza::torralba_de_los_frailes,"e-distribución Redes Digitales, S.L.U.",regional_presence_candidate,regional_presence_confirmed_needs_boundary_review,high_boundary_review,review_boundary_and_local_exceptions_before_production,no,no,e-distribución — distribución eléctrica,https://www.edistribucion.com/es/conocenos/instalaciones-distribucion-red/distribucion-electrica.html,"No contiene identificadores de suministro, direcciones, coordenadas privadas ni inventario de infraestructura.",Buscar distribuidoras locales/municipales antes de convertir a regional_default productivo.
aragon,Celadas,Teruel,municipality:teruel::celadas,"e-distribución Redes Digitales, S.L.U.",regional_presence_candidate,regional_presence_confirmed_needs_boundary_review,high_boundary_review,review_boundary_and_local_exceptions_before_production,no,no,e-distribución — distribución eléctrica,https://www.edistribucion.com/es/conocenos/instalaciones-distribucion-red/distribucion-electrica.html,"No contiene identificadores de suministro, direcciones, coordenadas privadas ni inventario de infraestructura.",Buscar distribuidoras locales/municipales antes de convertir a regional_default productivo.
aragon,Josa,Teruel,municipality:teruel::josa,"e-distribución Redes Digitales, S.L.U.",regional_presence_candidate,regional_presence_confirmed_needs_boundary_review,high_boundary_review,review_boundary_and_local_exceptions_before_production,no,no,e-distribución — distribución eléctrica,https://www.edistribucion.com/es/conocenos/instalaciones-distribucion-red/distribucion-electrica.html,"No contiene identificadores de suministro, direcciones, coordenadas privadas ni inventario de infraestructura.",Buscar distribuidoras locales/municipales antes de convertir a regional_default productivo.
aragon,Molinos,Teruel,municipality:teruel::molinos,"e-distribución Redes Digitales, S.L.U.",regional_presence_candidate,regional_presence_confirmed_needs_boundary_review,high_boundary_review,review_boundary_and_local_exceptions_before_production,no,no,e-distribución — distribución eléctrica,https://www.edistribucion.com/es/conocenos/instalaciones-distribucion-red/distribucion-electrica.html,"No contiene identificadores de suministro, direcciones, coordenadas privadas ni inventario de infraestructura.",Buscar distribuidoras locales/municipales antes de convertir a regional_default productivo.
aragon,Castiello de Jaca,Huesca,municipality:huesca::castiello_de_jaca,"e-distribución Redes Digitales, S.L.U.",regional_presence_candidate,regional_presence_confirmed_needs_boundary_review,high_boundary_review,review_boundary_and_local_exceptions_before_production,no,no,e-distribución — distribución eléctrica,https://www.edistribucion.com/es/conocenos/instalaciones-distribucion-red/distribucion-electrica.html,"No contiene identificadores de suministro, direcciones, coordenadas privadas ni inventario de infraestructura.",Buscar distribuidoras locales/municipales antes de convertir a regional_default productivo.
aragon,Estadilla,Huesca,municipality:huesca::estadilla,"e-distribución Redes Digitales, S.L.U.",regional_presence_candidate,regional_presence_confirmed_needs_boundary_review,high_boundary_review,review_boundary_and_local_exceptions_before_production,no,no,e-distribución — distribución eléctrica,https://www.edistribucion.com/es/conocenos/instalaciones-distribucion-red/distribucion-electrica.html,"No contiene identificadores de suministro, direcciones, coordenadas privadas ni inventario de infraestructura.",Buscar distribuidoras locales/municipales antes de convertir a regional_default productivo.
aragon,Valle de Lierp,Huesca,municipality:huesca::valle_de_lierp,"e-distribución Redes Digitales, S.L.U.",regional_presence_candidate,regional_presence_confirmed_needs_boundary_review,high_boundary_review,review_boundary_and_local_exceptions_before_production,no,no,e-distribución — distribución eléctrica,https://www.edistribucion.com/es/conocenos/instalaciones-distribucion-red/distribucion-electrica.html,"No contiene identificadores de suministro, direcciones, coordenadas privadas ni inventario de infraestructura.",Buscar distribuidoras locales/municipales antes de convertir a regional_default productivo.
aragon,Novillas,Zaragoza,municipality:zaragoza::novillas,"e-distribución Redes Digitales, S.L.U.",regional_presence_candidate,regional_presence_confirmed_needs_boundary_review,high_boundary_review,review_boundary_and_local_exceptions_before_production,no,no,e-distribución — distribución eléctrica,https://www.edistribucion.com/es/conocenos/instalaciones-distribucion-red/distribucion-electrica.html,"No contiene identificadores de suministro, direcciones, coordenadas privadas ni inventario de infraestructura.",Buscar distribuidoras locales/municipales antes de convertir a regional_default productivo.
aragon,Villanueva de Jiloca,Zaragoza,municipality:zaragoza::villanueva_de_jiloca,"e-distribución Redes Digitales, S.L.U.",regional_presence_candidate,regional_presence_confirmed_needs_boundary_review,high_boundary_review,review_boundary_and_local_exceptions_before_production,no,no,e-distribución — distribución eléctrica,https://www.edistribucion.com/es/conocenos/instalaciones-distribucion-red/distribucion-electrica.html,"No contiene identificadores de suministro, direcciones, coordenadas privadas ni inventario de infraestructura.",Buscar distribuidoras locales/municipales antes de convertir a regional_default productivo.
aragon,Yésero,Huesca,municipality:huesca::yesero,"e-distribución Redes Digitales, S.L.U.",regional_presence_candidate,regional_presence_confirmed_needs_boundary_review,high_boundary_review,review_boundary_and_local_exceptions_before_production,no,no,e-distribución — distribución eléctrica,https://www.edistribucion.com/es/conocenos/instalaciones-distribucion-red/distribucion-electrica.html,"No contiene identificadores de suministro, direcciones, coordenadas privadas ni inventario de infraestructura.",Buscar distribuidoras locales/municipales antes de convertir a regional_default productivo.
aragon,Valderrobres,Teruel,municipality:teruel::valderrobres,"e-distribución Redes Digitales, S.L.U.",regional_presence_candidate,regional_presence_confirmed_needs_boundary_review,high_boundary_review,review_boundary_and_local_exceptions_before_production,no,no,e-distribución — distribución eléctrica,https://www.edistribucion.com/es/conocenos/instalaciones-distribucion-red/distribucion-electrica.html,"No contiene identificadores de suministro, direcciones, coordenadas privadas ni inventario de infraestructura.",Buscar distribuidoras locales/municipales antes de convertir a regional_default productivo.
aragon,Alfajarín,Zaragoza,municipality:zaragoza::alfajarin,"e-distribución Redes Digitales, S.L.U.",regional_presence_candidate,regional_presence_confirmed_needs_boundary_review,high_boundary_review,review_boundary_and_local_exceptions_before_production,no,no,e-distribución — distribución eléctrica,https://www.edistribucion.com/es/conocenos/instalaciones-distribucion-red/distribucion-electrica.html,"No contiene identificadores de suministro, direcciones, coordenadas privadas ni inventario de infraestructura.",Buscar distribuidoras locales/municipales antes de convertir a regional_default productivo.
aragon,Hoz de Jaca,Huesca,municipality:huesca::hoz_de_jaca,"e-distribución Redes Digitales, S.L.U.",regional_presence_candidate,regional_presence_confirmed_needs_boundary_review,high_boundary_review,review_boundary_and_local_exceptions_before_production,no,no,e-distribución — distribución eléctrica,https://www.edistribucion.com/es/conocenos/instalaciones-distribucion-red/distribucion-electrica.html,"No contiene identificadores de suministro, direcciones, coordenadas privadas ni inventario de infraestructura.",Buscar distribuidoras locales/municipales antes de convertir a regional_default productivo.
aragon,Estercuel,Teruel,municipality:teruel::estercuel,"e-distribución Redes Digitales, S.L.U.",regional_presence_candidate,regional_presence_confirmed_needs_boundary_review,high_boundary_review,review_boundary_and_local_exceptions_before_production,no,no,e-distribución — distribución eléctrica,https://www.edistribucion.com/es/conocenos/instalaciones-distribucion-red/distribucion-electrica.html,"No contiene identificadores de suministro, direcciones, coordenadas privadas ni inventario de infraestructura.",Buscar distribuidoras locales/municipales antes de convertir a regional_default productivo.
aragon,Lobera de Onsella,Zaragoza,municipality:zaragoza::lobera_de_onsella,"e-distribución Redes Digitales, S.L.U.",regional_presence_candidate,regional_presence_confirmed_needs_boundary_review,high_boundary_review,review_boundary_and_local_exceptions_before_production,no,no,e-distribución — distribución eléctrica,https://www.edistribucion.com/es/conocenos/instalaciones-distribucion-red/distribucion-electrica.html,"No contiene identificadores de suministro, direcciones, coordenadas privadas ni inventario de infraestructura.",Buscar distribuidoras locales/municipales antes de convertir a regional_default productivo.
aragon,Sediles,Zaragoza,municipality:zaragoza::sediles,"e-distribución Redes Digitales, S.L.U.",regional_presence_candidate,regional_presence_confirmed_needs_boundary_review,high_boundary_review,review_boundary_and_local_exceptions_before_production,no,no,e-distribución — distribución eléctrica,https://www.edistribucion.com/es/conocenos/instalaciones-distribucion-red/distribucion-electrica.html,"No contiene identificadores de suministro, direcciones, coordenadas privadas ni inventario de infraestructura.",Buscar distribuidoras locales/municipales antes de convertir a regional_default productivo.
aragon,Tarazona,Zaragoza,municipality:zaragoza::tarazona,"e-distribución Redes Digitales, S.L.U.",regional_presence_candidate,regional_presence_confirmed_needs_boundary_review,high_boundary_review,review_boundary_and_local_exceptions_before_production,no,no,e-distribución — distribución eléctrica,https://www.edistribucion.com/es/conocenos/instalaciones-distribucion-red/distribucion-electrica.html,"No contiene identificadores de suministro, direcciones, coordenadas privadas ni inventario de infraestructura.",Buscar distribuidoras locales/municipales antes de convertir a regional_default productivo.
aragon,Sesué,Huesca,municipality:huesca::sesue,"e-distribución Redes Digitales, S.L.U.",regional_presence_candidate,regional_presence_confirmed_needs_boundary_review,high_boundary_review,review_boundary_and_local_exceptions_before_production,no,no,e-distribución — distribución eléctrica,https://www.edistribucion.com/es/conocenos/instalaciones-distribucion-red/distribucion-electrica.html,"No contiene identificadores de suministro, direcciones, coordenadas privadas ni inventario de infraestructura.",Buscar distribuidoras locales/municipales antes de convertir a regional_default productivo.
aragon,Abiego,Huesca,municipality:huesca::abiego,"e-distribución Redes Digitales, S.L.U.",regional_presence_candidate,regional_presence_confirmed_needs_boundary_review,high_boundary_review,review_boundary_and_local_exceptions_before_production,no,no,e-distribución — distribución eléctrica,https://www.edistribucion.com/es/conocenos/instalaciones-distribucion-red/distribucion-electrica.html,"No contiene identificadores de suministro, direcciones, coordenadas privadas ni inventario de infraestructura.",Buscar distribuidoras locales/municipales antes de convertir a regional_default productivo.
aragon,Binaced,Huesca,municipality:huesca::binaced,"e-distribución Redes Digitales, S.L.U.",regional_presence_candidate,regional_presence_confirmed_needs_boundary_review,high_boundary_review,review_boundary_and_local_exceptions_before_production,no,no,e-distribución — distribución eléctrica,https://www.edistribucion.com/es/conocenos/instalaciones-distribucion-red/distribucion-electrica.html,"No contiene identificadores de suministro, direcciones, coordenadas privadas ni inventario de infraestructura.",Buscar distribuidoras locales/municipales antes de convertir a regional_default productivo.
aragon,Valbona,Teruel,municipality:teruel::valbona,"e-distribución Redes Digitales, S.L.U.",regional_presence_candidate,regional_presence_confirmed_needs_boundary_review,high_boundary_review,review_boundary_and_local_exceptions_before_production,no,no,e-distribución — distribución eléctrica,https://www.edistribucion.com/es/conocenos/instalaciones-distribucion-red/distribucion-electrica.html,"No contiene identificadores de suministro, direcciones, coordenadas privadas ni inventario de infraestructura.",Buscar distribuidoras locales/municipales antes de convertir a regional_default productivo.
aragon,Colungo,Huesca,municipality:huesca::colungo,"e-distribución Redes Digitales, S.L.U.",regional_presence_candidate,regional_presence_confirmed_needs_boundary_review,high_boundary_review,review_boundary_and_local_exceptions_before_production,no,no,e-distribución — distribución eléctrica,https://www.edistribucion.com/es/conocenos/instalaciones-distribucion-red/distribucion-electrica.html,"No contiene identificadores de suministro, direcciones, coordenadas privadas ni inventario de infraestructura.",Buscar distribuidoras locales/municipales antes de convertir a regional_default productivo.
aragon,Villastar,Teruel,municipality:teruel::villastar,"e-distribución Redes Digitales, S.L.U.",regional_presence_candidate,regional_presence_confirmed_needs_boundary_review,high_boundary_review,review_boundary_and_local_exceptions_before_production,no,no,e-distribución — distribución eléctrica,https://www.edistribucion.com/es/conocenos/instalaciones-distribucion-red/distribucion-electrica.html,"No contiene identificadores de suministro, direcciones, coordenadas privadas ni inventario de infraestructura.",Buscar distribuidoras locales/municipales antes de convertir a regional_default productivo.
aragon,Chalamera,Huesca,municipality:huesca::chalamera,"e-distribución Redes Digitales, S.L.U.",regional_presence_candidate,regional_presence_confirmed_needs_boundary_review,high_boundary_review,review_boundary_and_local_exceptions_before_production,no,no,e-distribución — distribución eléctrica,https://www.edistribucion.com/es/conocenos/instalaciones-distribucion-red/distribucion-electrica.html,"No contiene identificadores de suministro, direcciones, coordenadas privadas ni inventario de infraestructura.",Buscar distribuidoras locales/municipales antes de convertir a regional_default productivo.
aragon,Campillo de Aragón,Zaragoza,municipality:zaragoza::campillo_de_aragon,"e-distribución Redes Digitales, S.L.U.",regional_presence_candidate,regional_presence_confirmed_needs_boundary_review,high_boundary_review,review_boundary_and_local_exceptions_before_production,no,no,e-distribución — distribución eléctrica,https://www.edistribucion.com/es/conocenos/instalaciones-distribucion-red/distribucion-electrica.html,"No contiene identificadores de suministro, direcciones, coordenadas privadas ni inventario de infraestructura.",Buscar distribuidoras locales/municipales antes de convertir a regional_default productivo.
aragon,Salillas de Jalón,Zaragoza,municipality:zaragoza::salillas_de_jalon,"e-distribución Redes Digitales, S.L.U.",regional_presence_candidate,regional_presence_confirmed_needs_boundary_review,high_boundary_review,review_boundary_and_local_exceptions_before_production,no,no,e-distribución — distribución eléctrica,https://www.edistribucion.com/es/conocenos/instalaciones-distribucion-red/distribucion-electrica.html,"No contiene identificadores de suministro, direcciones, coordenadas privadas ni inventario de infraestructura.",Buscar distribuidoras locales/municipales antes de convertir a regional_default productivo.
aragon,Angüés,Huesca,municipality:huesca::angues,"e-distribución Redes Digitales, S.L.U.",regional_presence_candidate,regional_presence_confirmed_needs_boundary_review,high_boundary_review,review_boundary_and_local_exceptions_before_production,no,no,e-distribución — distribución eléctrica,https://www.edistribucion.com/es/conocenos/instalaciones-distribucion-red/distribucion-electrica.html,"No contiene identificadores de suministro, direcciones, coordenadas privadas ni inventario de infraestructura.",Buscar distribuidoras locales/municipales antes de convertir a regional_default productivo.
aragon,Gelsa,Zaragoza,municipality:zaragoza::gelsa,"e-distribución Redes Digitales, S.L.U.",regional_presence_candidate,regional_presence_confirmed_needs_boundary_review,high_boundary_review,review_boundary_and_local_exceptions_before_production,no,no,e-distribución — distribución eléctrica,https://www.edistribucion.com/es/conocenos/instalaciones-distribucion-red/distribucion-electrica.html,"No contiene identificadores de suministro, direcciones, coordenadas privadas ni inventario de infraestructura.",Buscar distribuidoras locales/municipales antes de convertir a regional_default productivo.
aragon,Sos del Rey Católico,Zaragoza,municipality:zaragoza::sos_del_rey_catolico,"e-distribución Redes Digitales, S.L.U.",regional_presence_candidate,regional_presence_confirmed_needs_boundary_review,high_boundary_review,review_boundary_and_local_exceptions_before_production,no,no,e-distribución — distribución eléctrica,https://www.edistribucion.com/es/conocenos/instalaciones-distribucion-red/distribucion-electrica.html,"No contiene identificadores de suministro, direcciones, coordenadas privadas ni inventario de infraestructura.",Buscar distribuidoras locales/municipales antes de convertir a regional_default productivo.
aragon,Altorricón,Huesca,municipality:huesca::altorricon,"e-distribución Redes Digitales, S.L.U.",regional_presence_candidate,regional_presence_confirmed_needs_boundary_review,high_boundary_review,review_boundary_and_local_exceptions_before_production,no,no,e-distribución — distribución eléctrica,https://www.edistribucion.com/es/conocenos/instalaciones-distribucion-red/distribucion-electrica.html,"No contiene identificadores de suministro, direcciones, coordenadas privadas ni inventario de infraestructura.",Buscar distribuidoras locales/municipales antes de convertir a regional_default productivo.
aragon,Pitarque,Teruel,municipality:teruel::pitarque,"e-distribución Redes Digitales, S.L.U.",regional_presence_candidate,regional_presence_confirmed_needs_boundary_review,high_boundary_review,review_boundary_and_local_exceptions_before_production,no,no,e-distribución — distribución eléctrica,https://www.edistribucion.com/es/conocenos/instalaciones-distribucion-red/distribucion-electrica.html,"No contiene identificadores de suministro, direcciones, coordenadas privadas ni inventario de infraestructura.",Buscar distribuidoras locales/municipales antes de convertir a regional_default productivo.
aragon,Mozota,Zaragoza,municipality:zaragoza::mozota,"e-distribución Redes Digitales, S.L.U.",regional_presence_candidate,regional_presence_confirmed_needs_boundary_review,high_boundary_review,review_boundary_and_local_exceptions_before_production,no,no,e-distribución — distribución eléctrica,https://www.edistribucion.com/es/conocenos/instalaciones-distribucion-red/distribucion-electrica.html,"No contiene identificadores de suministro, direcciones, coordenadas privadas ni inventario de infraestructura.",Buscar distribuidoras locales/municipales antes de convertir a regional_default productivo.
aragon,Sobradiel,Zaragoza,municipality:zaragoza::sobradiel,"e-distribución Redes Digitales, S.L.U.",regional_presence_candidate,regional_presence_confirmed_needs_boundary_review,high_boundary_review,review_boundary_and_local_exceptions_before_production,no,no,e-distribución — distribución eléctrica,https://www.edistribucion.com/es/conocenos/instalaciones-distribucion-red/distribucion-electrica.html,"No contiene identificadores de suministro, direcciones, coordenadas privadas ni inventario de infraestructura.",Buscar distribuidoras locales/municipales antes de convertir a regional_default productivo.
aragon,Undués de Lerda,Zaragoza,municipality:zaragoza::undues_de_lerda,"e-distribución Redes Digitales, S.L.U.",regional_presence_candidate,regional_presence_confirmed_needs_boundary_review,high_boundary_review,review_boundary_and_local_exceptions_before_production,no,no,e-distribución — distribución eléctrica,https://www.edistribucion.com/es/conocenos/instalaciones-distribucion-red/distribucion-electrica.html,"No contiene identificadores de suministro, direcciones, coordenadas privadas ni inventario de infraestructura.",Buscar distribuidoras locales/municipales antes de convertir a regional_default productivo.
aragon,Jorcas,Teruel,municipality:teruel::jorcas,"e-distribución Redes Digitales, S.L.U.",regional_presence_candidate,regional_presence_confirmed_needs_boundary_review,high_boundary_review,review_boundary_and_local_exceptions_before_production,no,no,e-distribución — distribución eléctrica,https://www.edistribucion.com/es/conocenos/instalaciones-distribucion-red/distribucion-electrica.html,"No contiene identificadores de suministro, direcciones, coordenadas privadas ni inventario de infraestructura.",Buscar distribuidoras locales/municipales antes de convertir a regional_default productivo.
aragon,Berge,Teruel,municipality:teruel::berge,"e-distribución Redes Digitales, S.L.U.",regional_presence_candidate,regional_presence_confirmed_needs_boundary_review,high_boundary_review,review_boundary_and_local_exceptions_before_production,no,no,e-distribución — distribución eléctrica,https://www.edistribucion.com/es/conocenos/instalaciones-distribucion-red/distribucion-electrica.html,"No contiene identificadores de suministro, direcciones, coordenadas privadas ni inventario de infraestructura.",Buscar distribuidoras locales/municipales antes de convertir a regional_default productivo.
aragon,Tierga,Zaragoza,municipality:zaragoza::tierga,"e-distribución Redes Digitales, S.L.U.",regional_presence_candidate,regional_presence_confirmed_needs_boundary_review,high_boundary_review,review_boundary_and_local_exceptions_before_production,no,no,e-distribución — distribución eléctrica,https://www.edistribucion.com/es/conocenos/instalaciones-distribucion-red/distribucion-electrica.html,"No contiene identificadores de suministro, direcciones, coordenadas privadas ni inventario de infraestructura.",Buscar distribuidoras locales/municipales antes de convertir a regional_default productivo.
aragon,Castel de Cabra,Teruel,municipality:teruel::castel_de_cabra,"e-distribución Redes Digitales, S.L.U.",regional_presence_candidate,regional_presence_confirmed_needs_boundary_review,high_boundary_review,review_boundary_and_local_exceptions_before_production,no,no,e-distribución — distribución eléctrica,https://www.edistribucion.com/es/conocenos/instalaciones-distribucion-red/distribucion-electrica.html,"No contiene identificadores de suministro, direcciones, coordenadas privadas ni inventario de infraestructura.",Buscar distribuidoras locales/municipales antes de convertir a regional_default productivo.
aragon,Herrera de los Navarros,Zaragoza,municipality:zaragoza::herrera_de_los_navarros,"e-distribución Redes Digitales, S.L.U.",regional_presence_candidate,regional_presence_confirmed_needs_boundary_review,high_boundary_review,review_boundary_and_local_exceptions_before_production,no,no,e-distribución — distribución eléctrica,https://www.edistribucion.com/es/conocenos/instalaciones-distribucion-red/distribucion-electrica.html,"No contiene identificadores de suministro, direcciones, coordenadas privadas ni inventario de infraestructura.",Buscar distribuidoras locales/municipales antes de convertir a regional_default productivo.
aragon,Vencillón,Huesca,municipality:huesca::vencillon,"e-distribución Redes Digitales, S.L.U.",regional_presence_candidate,regional_presence_confirmed_needs_boundary_review,high_boundary_review,review_boundary_and_local_exceptions_before_production,no,no,e-distribución — distribución eléctrica,https://www.edistribucion.com/es/conocenos/instalaciones-distribucion-red/distribucion-electrica.html,"No contiene identificadores de suministro, direcciones, coordenadas privadas ni inventario de infraestructura.",Buscar distribuidoras locales/municipales antes de convertir a regional_default productivo.
aragon,El Burgo de Ebro,Zaragoza,municipality:zaragoza::el_burgo_de_ebro,"e-distribución Redes Digitales, S.L.U.",regional_presence_candidate,regional_presence_confirmed_needs_boundary_review,high_boundary_review,review_boundary_and_local_exceptions_before_production,no,no,e-distribución — distribución eléctrica,https://www.edistribucion.com/es/conocenos/instalaciones-distribucion-red/distribucion-electrica.html,"No contiene identificadores de suministro, direcciones, coordenadas privadas ni inventario de infraestructura.",Buscar distribuidoras locales/municipales antes de convertir a regional_default productivo.
aragon,Paracuellos de Jiloca,Zaragoza,municipality:zaragoza::paracuellos_de_jiloca,"e-distribución Redes Digitales, S.L.U.",regional_presence_candidate,regional_presence_confirmed_needs_boundary_review,high_boundary_review,review_boundary_and_local_exceptions_before_production,no,no,e-distribución — distribución eléctrica,https://www.edistribucion.com/es/conocenos/instalaciones-distribucion-red/distribucion-electrica.html,"No contiene identificadores de suministro, direcciones, coordenadas privadas ni inventario de infraestructura.",Buscar distribuidoras locales/municipales antes de convertir a regional_default productivo.
aragon,Gurrea de Gállego,Huesca,municipality:huesca::gurrea_de_gallego,"e-distribución Redes Digitales, S.L.U.",regional_presence_candidate,regional_presence_confirmed_needs_boundary_review,high_boundary_review,review_boundary_and_local_exceptions_before_production,no,no,e-distribución — distribución eléctrica,https://www.edistribucion.com/es/conocenos/instalaciones-distribucion-red/distribucion-electrica.html,"No contiene identificadores de suministro, direcciones, coordenadas privadas ni inventario de infraestructura.",Buscar distribuidoras locales/municipales antes de convertir a regional_default productivo.
aragon,Fuenferrada,Teruel,municipality:teruel::fuenferrada,"e-distribución Redes Digitales, S.L.U.",regional_presence_candidate,regional_presence_confirmed_needs_boundary_review,high_boundary_review,review_boundary_and_local_exceptions_before_production,no,no,e-distribución — distribución eléctrica,https://www.edistribucion.com/es/conocenos/instalaciones-distribucion-red/distribucion-electrica.html,"No contiene identificadores de suministro, direcciones, coordenadas privadas ni inventario de infraestructura.",Buscar distribuidoras locales/municipales antes de convertir a regional_default productivo.
aragon,Figueruelas,Zaragoza,municipality:zaragoza::figueruelas,"e-distribución Redes Digitales, S.L.U.",regional_presence_candidate,regional_presence_confirmed_needs_boundary_review,high_boundary_review,review_boundary_and_local_exceptions_before_production,no,no,e-distribución — distribución eléctrica,https://www.edistribucion.com/es/conocenos/instalaciones-distribucion-red/distribucion-electrica.html,"No contiene identificadores de suministro, direcciones, coordenadas privadas ni inventario de infraestructura.",Buscar distribuidoras locales/municipales antes de convertir a regional_default productivo.
aragon,Antillón,Huesca,municipality:huesca::antillon,"e-distribución Redes Digitales, S.L.U.",regional_presence_candidate,regional_presence_confirmed_needs_boundary_review,high_boundary_review,review_boundary_and_local_exceptions_before_production,no,no,e-distribución — distribución eléctrica,https://www.edistribucion.com/es/conocenos/instalaciones-distribucion-red/distribucion-electrica.html,"No contiene identificadores de suministro, direcciones, coordenadas privadas ni inventario de infraestructura.",Buscar distribuidoras locales/municipales antes de convertir a regional_default productivo.
aragon,Castejón de Monegros,Huesca,municipality:huesca::castejon_de_monegros,"e-distribución Redes Digitales, S.L.U.",regional_presence_candidate,regional_presence_confirmed_needs_boundary_review,high_boundary_review,review_boundary_and_local_exceptions_before_production,no,no,e-distribución — distribución eléctrica,https://www.edistribucion.com/es/conocenos/instalaciones-distribucion-red/distribucion-electrica.html,"No contiene identificadores de suministro, direcciones, coordenadas privadas ni inventario de infraestructura.",Buscar distribuidoras locales/municipales antes de convertir a regional_default productivo.
aragon,Villarroya de los Pinares,Teruel,municipality:teruel::villarroya_de_los_pinares,"e-distribución Redes Digitales, S.L.U.",regional_presence_candidate,regional_presence_confirmed_needs_boundary_review,high_boundary_review,review_boundary_and_local_exceptions_before_production,no,no,e-distribución — distribución eléctrica,https://www.edistribucion.com/es/conocenos/instalaciones-distribucion-red/distribucion-electrica.html,"No contiene identificadores de suministro, direcciones, coordenadas privadas ni inventario de infraestructura.",Buscar distribuidoras locales/municipales antes de convertir a regional_default productivo.
aragon,Lledó,Teruel,municipality:teruel::lledo,"e-distribución Redes Digitales, S.L.U.",regional_presence_candidate,regional_presence_confirmed_needs_boundary_review,high_boundary_review,review_boundary_and_local_exceptions_before_production,no,no,e-distribución — distribución eléctrica,https://www.edistribucion.com/es/conocenos/instalaciones-distribucion-red/distribucion-electrica.html,"No contiene identificadores de suministro, direcciones, coordenadas privadas ni inventario de infraestructura.",Buscar distribuidoras locales/municipales antes de convertir a regional_default productivo.
aragon,Mas de las Matas,Teruel,municipality:teruel::mas_de_las_matas,"e-distribución Redes Digitales, S.L.U.",regional_presence_candidate,regional_presence_confirmed_needs_boundary_review,high_boundary_review,review_boundary_and_local_exceptions_before_production,no,no,e-distribución — distribución eléctrica,https://www.edistribucion.com/es/conocenos/instalaciones-distribucion-red/distribucion-electrica.html,"No contiene identificadores de suministro, direcciones, coordenadas privadas ni inventario de infraestructura.",Buscar distribuidoras locales/municipales antes de convertir a regional_default productivo.
aragon,Jaulín,Zaragoza,municipality:zaragoza::jaulin,"e-distribución Redes Digitales, S.L.U.",regional_presence_candidate,regional_presence_confirmed_needs_boundary_review,high_boundary_review,review_boundary_and_local_exceptions_before_production,no,no,e-distribución — distribución eléctrica,https://www.edistribucion.com/es/conocenos/instalaciones-distribucion-red/distribucion-electrica.html,"No contiene identificadores de suministro, direcciones, coordenadas privadas ni inventario de infraestructura.",Buscar distribuidoras locales/municipales antes de convertir a regional_default productivo.
aragon,Torre los Negros,Teruel,municipality:teruel::torre_los_negros,"e-distribución Redes Digitales, S.L.U.",regional_presence_candidate,regional_presence_confirmed_needs_boundary_review,high_boundary_review,review_boundary_and_local_exceptions_before_production,no,no,e-distribución — distribución eléctrica,https://www.edistribucion.com/es/conocenos/instalaciones-distribucion-red/distribucion-electrica.html,"No contiene identificadores de suministro, direcciones, coordenadas privadas ni inventario de infraestructura.",Buscar distribuidoras locales/municipales antes de convertir a regional_default productivo.
aragon,La Puebla de Alfindén,Zaragoza,municipality:zaragoza::la_puebla_de_alfinden,"e-distribución Redes Digitales, S.L.U.",regional_presence_candidate,regional_presence_confirmed_needs_boundary_review,high_boundary_review,review_boundary_and_local_exceptions_before_production,no,no,e-distribución — distribución eléctrica,https://www.edistribucion.com/es/conocenos/instalaciones-distribucion-red/distribucion-electrica.html,"No contiene identificadores de suministro, direcciones, coordenadas privadas ni inventario de infraestructura.",Buscar distribuidoras locales/municipales antes de convertir a regional_default productivo.
aragon,Tabuenca,Zaragoza,municipality:zaragoza::tabuenca,"e-distribución Redes Digitales, S.L.U.",regional_presence_candidate,regional_presence_confirmed_needs_boundary_review,high_boundary_review,review_boundary_and_local_exceptions_before_production,no,no,e-distribución — distribución eléctrica,https://www.edistribucion.com/es/conocenos/instalaciones-distribucion-red/distribucion-electrica.html,"No contiene identificadores de suministro, direcciones, coordenadas privadas ni inventario de infraestructura.",Buscar distribuidoras locales/municipales antes de convertir a regional_default productivo.
aragon,Bádenas,Teruel,municipality:teruel::badenas,"e-distribución Redes Digitales, S.L.U.",regional_presence_candidate,regional_presence_confirmed_needs_boundary_review,high_boundary_review,review_boundary_and_local_exceptions_before_production,no,no,e-distribución — distribución eléctrica,https://www.edistribucion.com/es/conocenos/instalaciones-distribucion-red/distribucion-electrica.html,"No contiene identificadores de suministro, direcciones, coordenadas privadas ni inventario de infraestructura.",Buscar distribuidoras locales/municipales antes de convertir a regional_default productivo.
aragon,Val de San Martín,Zaragoza,municipality:zaragoza::val_de_san_martin,"e-distribución Redes Digitales, S.L.U.",regional_presence_candidate,regional_presence_confirmed_needs_boundary_review,high_boundary_review,review_boundary_and_local_exceptions_before_production,no,no,e-distribución — distribución eléctrica,https://www.edistribucion.com/es/conocenos/instalaciones-distribucion-red/distribucion-electrica.html,"No contiene identificadores de suministro, direcciones, coordenadas privadas ni inventario de infraestructura.",Buscar distribuidoras locales/municipales antes de convertir a regional_default productivo.
aragon,Alquézar,Huesca,municipality:huesca::alquezar,"e-distribución Redes Digitales, S.L.U.",regional_presence_candidate,regional_presence_confirmed_needs_boundary_review,high_boundary_review,review_boundary_and_local_exceptions_before_production,no,no,e-distribución — distribución eléctrica,https://www.edistribucion.com/es/conocenos/instalaciones-distribucion-red/distribucion-electrica.html,"No contiene identificadores de suministro, direcciones, coordenadas privadas ni inventario de infraestructura.",Buscar distribuidoras locales/municipales antes de convertir a regional_default productivo.
aragon,Valtorres,Zaragoza,municipality:zaragoza::valtorres,"e-distribución Redes Digitales, S.L.U.",regional_presence_candidate,regional_presence_confirmed_needs_boundary_review,high_boundary_review,review_boundary_and_local_exceptions_before_production,no,no,e-distribución — distribución eléctrica,https://www.edistribucion.com/es/conocenos/instalaciones-distribucion-red/distribucion-electrica.html,"No contiene identificadores de suministro, direcciones, coordenadas privadas ni inventario de infraestructura.",Buscar distribuidoras locales/municipales antes de convertir a regional_default productivo.
aragon,Saldón,Teruel,municipality:teruel::saldon,"e-distribución Redes Digitales, S.L.U.",regional_presence_candidate,regional_presence_confirmed_needs_boundary_review,high_boundary_review,review_boundary_and_local_exceptions_before_production,no,no,e-distribución — distribución eléctrica,https://www.edistribucion.com/es/conocenos/instalaciones-distribucion-red/distribucion-electrica.html,"No contiene identificadores de suministro, direcciones, coordenadas privadas ni inventario de infraestructura.",Buscar distribuidoras locales/municipales antes de convertir a regional_default productivo.
aragon,Calatayud,Zaragoza,municipality:zaragoza::calatayud,"e-distribución Redes Digitales, S.L.U.",regional_presence_candidate,regional_presence_confirmed_needs_boundary_review,high_boundary_review,review_boundary_and_local_exceptions_before_production,no,no,e-distribución — distribución eléctrica,https://www.edistribucion.com/es/conocenos/instalaciones-distribucion-red/distribucion-electrica.html,"No contiene identificadores de suministro, direcciones, coordenadas privadas ni inventario de infraestructura.",Buscar distribuidoras locales/municipales antes de convertir a regional_default productivo.
aragon,Pomer,Zaragoza,municipality:zaragoza::pomer,"e-distribución Redes Digitales, S.L.U.",regional_presence_candidate,regional_presence_confirmed_needs_boundary_review,high_boundary_review,review_boundary_and_local_exceptions_before_production,no,no,e-distribución — distribución eléctrica,https://www.edistribucion.com/es/conocenos/instalaciones-distribucion-red/distribucion-electrica.html,"No contiene identificadores de suministro, direcciones, coordenadas privadas ni inventario de infraestructura.",Buscar distribuidoras locales/municipales antes de convertir a regional_default productivo.
aragon,Quicena,Huesca,municipality:huesca::quicena,"e-distribución Redes Digitales, S.L.U.",regional_presence_candidate,regional_presence_confirmed_needs_boundary_review,high_boundary_review,review_boundary_and_local_exceptions_before_production,no,no,e-distribución — distribución eléctrica,https://www.edistribucion.com/es/conocenos/instalaciones-distribucion-red/distribucion-electrica.html,"No contiene identificadores de suministro, direcciones, coordenadas privadas ni inventario de infraestructura.",Buscar distribuidoras locales/municipales antes de convertir a regional_default productivo.
aragon,Petilla de Aragón,Navarra,municipality:navarra::petilla_de_aragon,"e-distribución Redes Digitales, S.L.U.",regional_presence_candidate,already_in_production,skip_already_productive,do_not_import_existing_zone,no,yes,e-distribución — distribución eléctrica,https://www.edistribucion.com/es/conocenos/instalaciones-distribucion-red/distribucion-electrica.html,"No contiene identificadores de suministro, direcciones, coordenadas privadas ni inventario de infraestructura.",Buscar distribuidoras locales/municipales antes de convertir a regional_default productivo.
aragon,Blecua y Torres,Huesca,municipality:huesca::blecua_y_torres,"e-distribución Redes Digitales, S.L.U.",regional_presence_candidate,regional_presence_confirmed_needs_boundary_review,high_boundary_review,review_boundary_and_local_exceptions_before_production,no,no,e-distribución — distribución eléctrica,https://www.edistribucion.com/es/conocenos/instalaciones-distribucion-red/distribucion-electrica.html,"No contiene identificadores de suministro, direcciones, coordenadas privadas ni inventario de infraestructura.",Buscar distribuidoras locales/municipales antes de convertir a regional_default productivo.
aragon,La Puebla de Valverde,Teruel,municipality:teruel::la_puebla_de_valverde,"e-distribución Redes Digitales, S.L.U.",regional_presence_candidate,regional_presence_confirmed_needs_boundary_review,high_boundary_review,review_boundary_and_local_exceptions_before_production,no,no,e-distribución — distribución eléctrica,https://www.edistribucion.com/es/conocenos/instalaciones-distribucion-red/distribucion-electrica.html,"No contiene identificadores de suministro, direcciones, coordenadas privadas ni inventario de infraestructura.",Buscar distribuidoras locales/municipales antes de convertir a regional_default productivo.
aragon,Baélls,Huesca,municipality:huesca::baells,"e-distribución Redes Digitales, S.L.U.",regional_presence_candidate,regional_presence_confirmed_needs_boundary_review,high_boundary_review,review_boundary_and_local_exceptions_before_production,no,no,e-distribución — distribución eléctrica,https://www.edistribucion.com/es/conocenos/instalaciones-distribucion-red/distribucion-electrica.html,"No contiene identificadores de suministro, direcciones, coordenadas privadas ni inventario de infraestructura.",Buscar distribuidoras locales/municipales antes de convertir a regional_default productivo.
aragon,Boltaña,Huesca,municipality:huesca::boltana,"e-distribución Redes Digitales, S.L.U.",regional_presence_candidate,regional_presence_confirmed_needs_boundary_review,high_boundary_review,review_boundary_and_local_exceptions_before_production,no,no,e-distribución — distribución eléctrica,https://www.edistribucion.com/es/conocenos/instalaciones-distribucion-red/distribucion-electrica.html,"No contiene identificadores de suministro, direcciones, coordenadas privadas ni inventario de infraestructura.",Buscar distribuidoras locales/municipales antes de convertir a regional_default productivo.
aragon,Castejón de Sos,Huesca,municipality:huesca::castejon_de_sos,"e-distribución Redes Digitales, S.L.U.",regional_presence_candidate,regional_presence_confirmed_needs_boundary_review,high_boundary_review,review_boundary_and_local_exceptions_before_production,no,no,e-distribución — distribución eléctrica,https://www.edistribucion.com/es/conocenos/instalaciones-distribucion-red/distribucion-electrica.html,"No contiene identificadores de suministro, direcciones, coordenadas privadas ni inventario de infraestructura.",Buscar distribuidoras locales/municipales antes de convertir a regional_default productivo.
aragon,Ródenas,Teruel,municipality:teruel::rodenas,"e-distribución Redes Digitales, S.L.U.",regional_presence_candidate,regional_presence_confirmed_needs_boundary_review,high_boundary_review,review_boundary_and_local_exceptions_before_production,no,no,e-distribución — distribución eléctrica,https://www.edistribucion.com/es/conocenos/instalaciones-distribucion-red/distribucion-electrica.html,"No contiene identificadores de suministro, direcciones, coordenadas privadas ni inventario de infraestructura.",Buscar distribuidoras locales/municipales antes de convertir a regional_default productivo.
aragon,Cabolafuente,Zaragoza,municipality:zaragoza::cabolafuente,"e-distribución Redes Digitales, S.L.U.",regional_presence_candidate,regional_presence_confirmed_needs_boundary_review,high_boundary_review,review_boundary_and_local_exceptions_before_production,no,no,e-distribución — distribución eléctrica,https://www.edistribucion.com/es/conocenos/instalaciones-distribucion-red/distribucion-electrica.html,"No contiene identificadores de suministro, direcciones, coordenadas privadas ni inventario de infraestructura.",Buscar distribuidoras locales/municipales antes de convertir a regional_default productivo.
aragon,Valpalmas,Zaragoza,municipality:zaragoza::valpalmas,"e-distribución Redes Digitales, S.L.U.",regional_presence_candidate,regional_presence_confirmed_needs_boundary_review,high_boundary_review,review_boundary_and_local_exceptions_before_production,no,no,e-distribución — distribución eléctrica,https://www.edistribucion.com/es/conocenos/instalaciones-distribucion-red/distribucion-electrica.html,"No contiene identificadores de suministro, direcciones, coordenadas privadas ni inventario de infraestructura.",Buscar distribuidoras locales/municipales antes de convertir a regional_default productivo.
aragon,Vera de Moncayo,Zaragoza,municipality:zaragoza::vera_de_moncayo,"e-distribución Redes Digitales, S.L.U.",regional_presence_candidate,regional_presence_confirmed_needs_boundary_review,high_boundary_review,review_boundary_and_local_exceptions_before_production,no,no,e-distribución — distribución eléctrica,https://www.edistribucion.com/es/conocenos/instalaciones-distribucion-red/distribucion-electrica.html,"No contiene identificadores de suministro, direcciones, coordenadas privadas ni inventario de infraestructura.",Buscar distribuidoras locales/municipales antes de convertir a regional_default productivo.
aragon,Pozán de Vero,Huesca,municipality:huesca::pozan_de_vero,"e-distribución Redes Digitales, S.L.U.",regional_presence_candidate,regional_presence_confirmed_needs_boundary_review,high_boundary_review,review_boundary_and_local_exceptions_before_production,no,no,e-distribución — distribución eléctrica,https://www.edistribucion.com/es/conocenos/instalaciones-distribucion-red/distribucion-electrica.html,"No contiene identificadores de suministro, direcciones, coordenadas privadas ni inventario de infraestructura.",Buscar distribuidoras locales/municipales antes de convertir a regional_default productivo.
aragon,Villar del Salz,Teruel,municipality:teruel::villar_del_salz,"e-distribución Redes Digitales, S.L.U.",regional_presence_candidate,regional_presence_confirmed_needs_boundary_review,high_boundary_review,review_boundary_and_local_exceptions_before_production,no,no,e-distribución — distribución eléctrica,https://www.edistribucion.com/es/conocenos/instalaciones-distribucion-red/distribucion-electrica.html,"No contiene identificadores de suministro, direcciones, coordenadas privadas ni inventario de infraestructura.",Buscar distribuidoras locales/municipales antes de convertir a regional_default productivo.
aragon,Aranda de Moncayo,Zaragoza,municipality:zaragoza::aranda_de_moncayo,"e-distribución Redes Digitales, S.L.U.",regional_presence_candidate,regional_presence_confirmed_needs_boundary_review,high_boundary_review,review_boundary_and_local_exceptions_before_production,no,no,e-distribución — distribución eléctrica,https://www.edistribucion.com/es/conocenos/instalaciones-distribucion-red/distribucion-electrica.html,"No contiene identificadores de suministro, direcciones, coordenadas privadas ni inventario de infraestructura.",Buscar distribuidoras locales/municipales antes de convertir a regional_default productivo.
aragon,Valmadrid,Zaragoza,municipality:zaragoza::valmadrid,"e-distribución Redes Digitales, S.L.U.",regional_presence_candidate,regional_presence_confirmed_needs_boundary_review,high_boundary_review,review_boundary_and_local_exceptions_before_production,no,no,e-distribución — distribución eléctrica,https://www.edistribucion.com/es/conocenos/instalaciones-distribucion-red/distribucion-electrica.html,"No contiene identificadores de suministro, direcciones, coordenadas privadas ni inventario de infraestructura.",Buscar distribuidoras locales/municipales antes de convertir a regional_default productivo.
aragon,Jarque de Moncayo,Zaragoza,municipality:zaragoza::jarque_de_moncayo,"e-distribución Redes Digitales, S.L.U.",regional_presence_candidate,regional_presence_confirmed_needs_boundary_review,high_boundary_review,review_boundary_and_local_exceptions_before_production,no,no,e-distribución — distribución eléctrica,https://www.edistribucion.com/es/conocenos/instalaciones-distribucion-red/distribucion-electrica.html,"No contiene identificadores de suministro, direcciones, coordenadas privadas ni inventario de infraestructura.",Buscar distribuidoras locales/municipales antes de convertir a regional_default productivo.
aragon,Azlor,Huesca,municipality:huesca::azlor,"e-distribución Redes Digitales, S.L.U.",regional_presence_candidate,regional_presence_confirmed_needs_boundary_review,high_boundary_review,review_boundary_and_local_exceptions_before_production,no,no,e-distribución — distribución eléctrica,https://www.edistribucion.com/es/conocenos/instalaciones-distribucion-red/distribucion-electrica.html,"No contiene identificadores de suministro, direcciones, coordenadas privadas ni inventario de infraestructura.",Buscar distribuidoras locales/municipales antes de convertir a regional_default productivo.
aragon,Fonfría,Teruel,municipality:teruel::fonfria,"e-distribución Redes Digitales, S.L.U.",regional_presence_candidate,regional_presence_confirmed_needs_boundary_review,high_boundary_review,review_boundary_and_local_exceptions_before_production,no,no,e-distribución — distribución eléctrica,https://www.edistribucion.com/es/conocenos/instalaciones-distribucion-red/distribucion-electrica.html,"No contiene identificadores de suministro, direcciones, coordenadas privadas ni inventario de infraestructura.",Buscar distribuidoras locales/municipales antes de convertir a regional_default productivo.
aragon,Asín,Zaragoza,municipality:zaragoza::asin,"e-distribución Redes Digitales, S.L.U.",regional_presence_candidate,regional_presence_confirmed_needs_boundary_review,high_boundary_review,review_boundary_and_local_exceptions_before_production,no,no,e-distribución — distribución eléctrica,https://www.edistribucion.com/es/conocenos/instalaciones-distribucion-red/distribucion-electrica.html,"No contiene identificadores de suministro, direcciones, coordenadas privadas ni inventario de infraestructura.",Buscar distribuidoras locales/municipales antes de convertir a regional_default productivo.
aragon,Mazaleón,Teruel,municipality:teruel::mazaleon,"e-distribución Redes Digitales, S.L.U.",regional_presence_candidate,regional_presence_confirmed_needs_boundary_review,high_boundary_review,review_boundary_and_local_exceptions_before_production,no,no,e-distribución — distribución eléctrica,https://www.edistribucion.com/es/conocenos/instalaciones-distribucion-red/distribucion-electrica.html,"No contiene identificadores de suministro, direcciones, coordenadas privadas ni inventario de infraestructura.",Buscar distribuidoras locales/municipales antes de convertir a regional_default productivo.
aragon,Zaragoza,Zaragoza,municipality:zaragoza::zaragoza,"e-distribución Redes Digitales, S.L.U.",regional_presence_candidate,regional_presence_confirmed_needs_boundary_review,high_boundary_review,review_boundary_and_local_exceptions_before_production,no,no,e-distribución — distribución eléctrica,https://www.edistribucion.com/es/conocenos/instalaciones-distribucion-red/distribucion-electrica.html,"No contiene identificadores de suministro, direcciones, coordenadas privadas ni inventario de infraestructura.",Buscar distribuidoras locales/municipales antes de convertir a regional_default productivo.
aragon,Sarrión,Teruel,municipality:teruel::sarrion,"e-distribución Redes Digitales, S.L.U.",regional_presence_candidate,regional_presence_confirmed_needs_boundary_review,high_boundary_review,review_boundary_and_local_exceptions_before_production,no,no,e-distribución — distribución eléctrica,https://www.edistribucion.com/es/conocenos/instalaciones-distribucion-red/distribucion-electrica.html,"No contiene identificadores de suministro, direcciones, coordenadas privadas ni inventario de infraestructura.",Buscar distribuidoras locales/municipales antes de convertir a regional_default productivo.
aragon,Torre del Compte,Teruel,municipality:teruel::torre_del_compte,"e-distribución Redes Digitales, S.L.U.",regional_presence_candidate,regional_presence_confirmed_needs_boundary_review,high_boundary_review,review_boundary_and_local_exceptions_before_production,no,no,e-distribución — distribución eléctrica,https://www.edistribucion.com/es/conocenos/instalaciones-distribucion-red/distribucion-electrica.html,"No contiene identificadores de suministro, direcciones, coordenadas privadas ni inventario de infraestructura.",Buscar distribuidoras locales/municipales antes de convertir a regional_default productivo.
aragon,Escatrón,Zaragoza,municipality:zaragoza::escatron,"e-distribución Redes Digitales, S.L.U.",regional_presence_candidate,regional_presence_confirmed_needs_boundary_review,high_boundary_review,review_boundary_and_local_exceptions_before_production,no,no,e-distribución — distribución eléctrica,https://www.edistribucion.com/es/conocenos/instalaciones-distribucion-red/distribucion-electrica.html,"No contiene identificadores de suministro, direcciones, coordenadas privadas ni inventario de infraestructura.",Buscar distribuidoras locales/municipales antes de convertir a regional_default productivo.
aragon,Torrehermosa,Zaragoza,municipality:zaragoza::torrehermosa,"e-distribución Redes Digitales, S.L.U.",regional_presence_candidate,regional_presence_confirmed_needs_boundary_review,high_boundary_review,review_boundary_and_local_exceptions_before_production,no,no,e-distribución — distribución eléctrica,https://www.edistribucion.com/es/conocenos/instalaciones-distribucion-red/distribucion-electrica.html,"No contiene identificadores de suministro, direcciones, coordenadas privadas ni inventario de infraestructura.",Buscar distribuidoras locales/municipales antes de convertir a regional_default productivo.
aragon,Chía,Huesca,municipality:huesca::chia,"e-distribución Redes Digitales, S.L.U.",regional_presence_candidate,regional_presence_confirmed_needs_boundary_review,high_boundary_review,review_boundary_and_local_exceptions_before_production,no,no,e-distribución — distribución eléctrica,https://www.edistribucion.com/es/conocenos/instalaciones-distribucion-red/distribucion-electrica.html,"No contiene identificadores de suministro, direcciones, coordenadas privadas ni inventario de infraestructura.",Buscar distribuidoras locales/municipales antes de convertir a regional_default productivo.
aragon,Lucena de Jalón,Zaragoza,municipality:zaragoza::lucena_de_jalon,"e-distribución Redes Digitales, S.L.U.",regional_presence_candidate,regional_presence_confirmed_needs_boundary_review,high_boundary_review,review_boundary_and_local_exceptions_before_production,no,no,e-distribución — distribución eléctrica,https://www.edistribucion.com/es/conocenos/instalaciones-distribucion-red/distribucion-electrica.html,"No contiene identificadores de suministro, direcciones, coordenadas privadas ni inventario de infraestructura.",Buscar distribuidoras locales/municipales antes de convertir a regional_default productivo.
aragon,Fago,Huesca,municipality:huesca::fago,"e-distribución Redes Digitales, S.L.U.",regional_presence_candidate,regional_presence_confirmed_needs_boundary_review,high_boundary_review,review_boundary_and_local_exceptions_before_production,no,no,e-distribución — distribución eléctrica,https://www.edistribucion.com/es/conocenos/instalaciones-distribucion-red/distribucion-electrica.html,"No contiene identificadores de suministro, direcciones, coordenadas privadas ni inventario de infraestructura.",Buscar distribuidoras locales/municipales antes de convertir a regional_default productivo.
aragon,Cadrete,Zaragoza,municipality:zaragoza::cadrete,"e-distribución Redes Digitales, S.L.U.",regional_presence_candidate,regional_presence_confirmed_needs_boundary_review,high_boundary_review,review_boundary_and_local_exceptions_before_production,no,no,e-distribución — distribución eléctrica,https://www.edistribucion.com/es/conocenos/instalaciones-distribucion-red/distribucion-electrica.html,"No contiene identificadores de suministro, direcciones, coordenadas privadas ni inventario de infraestructura.",Buscar distribuidoras locales/municipales antes de convertir a regional_default productivo.
aragon,Alfántega,Huesca,municipality:huesca::alfantega,"e-distribución Redes Digitales, S.L.U.",regional_presence_candidate,regional_presence_confirmed_needs_boundary_review,high_boundary_review,review_boundary_and_local_exceptions_before_production,no,no,e-distribución — distribución eléctrica,https://www.edistribucion.com/es/conocenos/instalaciones-distribucion-red/distribucion-electrica.html,"No contiene identificadores de suministro, direcciones, coordenadas privadas ni inventario de infraestructura.",Buscar distribuidoras locales/municipales antes de convertir a regional_default productivo.
aragon,Calanda,Teruel,municipality:teruel::calanda,"e-distribución Redes Digitales, S.L.U.",regional_presence_candidate,regional_presence_confirmed_needs_boundary_review,high_boundary_review,review_boundary_and_local_exceptions_before_production,no,no,e-distribución — distribución eléctrica,https://www.edistribucion.com/es/conocenos/instalaciones-distribucion-red/distribucion-electrica.html,"No contiene identificadores de suministro, direcciones, coordenadas privadas ni inventario de infraestructura.",Buscar distribuidoras locales/municipales antes de convertir a regional_default productivo.
aragon,Adahuesca,Huesca,municipality:huesca::adahuesca,"e-distribución Redes Digitales, S.L.U.",regional_presence_candidate,regional_presence_confirmed_needs_boundary_review,high_boundary_review,review_boundary_and_local_exceptions_before_production,no,no,e-distribución — distribución eléctrica,https://www.edistribucion.com/es/conocenos/instalaciones-distribucion-red/distribucion-electrica.html,"No contiene identificadores de suministro, direcciones, coordenadas privadas ni inventario de infraestructura.",Buscar distribuidoras locales/municipales antes de convertir a regional_default productivo.
aragon,Capdesaso,Huesca,municipality:huesca::capdesaso,"e-distribución Redes Digitales, S.L.U.",regional_presence_candidate,regional_presence_confirmed_needs_boundary_review,high_boundary_review,review_boundary_and_local_exceptions_before_production,no,no,e-distribución — distribución eléctrica,https://www.edistribucion.com/es/conocenos/instalaciones-distribucion-red/distribucion-electrica.html,"No contiene identificadores de suministro, direcciones, coordenadas privadas ni inventario de infraestructura.",Buscar distribuidoras locales/municipales antes de convertir a regional_default productivo.
aragon,Torrecilla de Alcañiz,Teruel,municipality:teruel::torrecilla_de_alcaniz,"e-distribución Redes Digitales, S.L.U.",regional_presence_candidate,regional_presence_confirmed_needs_boundary_review,high_boundary_review,review_boundary_and_local_exceptions_before_production,no,no,e-distribución — distribución eléctrica,https://www.edistribucion.com/es/conocenos/instalaciones-distribucion-red/distribucion-electrica.html,"No contiene identificadores de suministro, direcciones, coordenadas privadas ni inventario de infraestructura.",Buscar distribuidoras locales/municipales antes de convertir a regional_default productivo.
aragon,Poleñino,Huesca,municipality:huesca::polenino,"e-distribución Redes Digitales, S.L.U.",regional_presence_candidate,regional_presence_confirmed_needs_boundary_review,high_boundary_review,review_boundary_and_local_exceptions_before_production,no,no,e-distribución — distribución eléctrica,https://www.edistribucion.com/es/conocenos/instalaciones-distribucion-red/distribucion-electrica.html,"No contiene identificadores de suministro, direcciones, coordenadas privadas ni inventario de infraestructura.",Buscar distribuidoras locales/municipales antes de convertir a regional_default productivo.
aragon,Samper de Calanda,Teruel,municipality:teruel::samper_de_calanda,"e-distribución Redes Digitales, S.L.U.",regional_presence_candidate,regional_presence_confirmed_needs_boundary_review,high_boundary_review,review_boundary_and_local_exceptions_before_production,no,no,e-distribución — distribución eléctrica,https://www.edistribucion.com/es/conocenos/instalaciones-distribucion-red/distribucion-electrica.html,"No contiene identificadores de suministro, direcciones, coordenadas privadas ni inventario de infraestructura.",Buscar distribuidoras locales/municipales antes de convertir a regional_default productivo.
aragon,Santa Eulalia,Teruel,municipality:teruel::santa_eulalia,"e-distribución Redes Digitales, S.L.U.",regional_presence_candidate,regional_presence_confirmed_needs_boundary_review,high_boundary_review,review_boundary_and_local_exceptions_before_production,no,no,e-distribución — distribución eléctrica,https://www.edistribucion.com/es/conocenos/instalaciones-distribucion-red/distribucion-electrica.html,"No contiene identificadores de suministro, direcciones, coordenadas privadas ni inventario de infraestructura.",Buscar distribuidoras locales/municipales antes de convertir a regional_default productivo.
aragon,Torrijas,Teruel,municipality:teruel::torrijas,"e-distribución Redes Digitales, S.L.U.",regional_presence_candidate,regional_presence_confirmed_needs_boundary_review,high_boundary_review,review_boundary_and_local_exceptions_before_production,no,no,e-distribución — distribución eléctrica,https://www.edistribucion.com/es/conocenos/instalaciones-distribucion-red/distribucion-electrica.html,"No contiene identificadores de suministro, direcciones, coordenadas privadas ni inventario de infraestructura.",Buscar distribuidoras locales/municipales antes de convertir a regional_default productivo.
aragon,Tobed,Zaragoza,municipality:zaragoza::tobed,"e-distribución Redes Digitales, S.L.U.",regional_presence_candidate,regional_presence_confirmed_needs_boundary_review,high_boundary_review,review_boundary_and_local_exceptions_before_production,no,no,e-distribución — distribución eléctrica,https://www.edistribucion.com/es/conocenos/instalaciones-distribucion-red/distribucion-electrica.html,"No contiene identificadores de suministro, direcciones, coordenadas privadas ni inventario de infraestructura.",Buscar distribuidoras locales/municipales antes de convertir a regional_default productivo.
aragon,Monflorite-Lascasas,Huesca,municipality:huesca::monflorite_lascasas,"e-distribución Redes Digitales, S.L.U.",regional_presence_candidate,regional_presence_confirmed_needs_boundary_review,high_boundary_review,review_boundary_and_local_exceptions_before_production,no,no,e-distribución — distribución eléctrica,https://www.edistribucion.com/es/conocenos/instalaciones-distribucion-red/distribucion-electrica.html,"No contiene identificadores de suministro, direcciones, coordenadas privadas ni inventario de infraestructura.",Buscar distribuidoras locales/municipales antes de convertir a regional_default productivo.
aragon,Alberuela de Tubo,Huesca,municipality:huesca::alberuela_de_tubo,"e-distribución Redes Digitales, S.L.U.",regional_presence_candidate,regional_presence_confirmed_needs_boundary_review,high_boundary_review,review_boundary_and_local_exceptions_before_production,no,no,e-distribución — distribución eléctrica,https://www.edistribucion.com/es/conocenos/instalaciones-distribucion-red/distribucion-electrica.html,"No contiene identificadores de suministro, direcciones, coordenadas privadas ni inventario de infraestructura.",Buscar distribuidoras locales/municipales antes de convertir a regional_default productivo.
aragon,Foradada del Toscar,Huesca,municipality:huesca::foradada_del_toscar,"e-distribución Redes Digitales, S.L.U.",regional_presence_candidate,regional_presence_confirmed_needs_boundary_review,high_boundary_review,review_boundary_and_local_exceptions_before_production,no,no,e-distribución — distribución eléctrica,https://www.edistribucion.com/es/conocenos/instalaciones-distribucion-red/distribucion-electrica.html,"No contiene identificadores de suministro, direcciones, coordenadas privadas ni inventario de infraestructura.",Buscar distribuidoras locales/municipales antes de convertir a regional_default productivo.
aragon,Esplús,Huesca,municipality:huesca::esplus,"e-distribución Redes Digitales, S.L.U.",regional_presence_candidate,regional_presence_confirmed_needs_boundary_review,high_boundary_review,review_boundary_and_local_exceptions_before_production,no,no,e-distribución — distribución eléctrica,https://www.edistribucion.com/es/conocenos/instalaciones-distribucion-red/distribucion-electrica.html,"No contiene identificadores de suministro, direcciones, coordenadas privadas ni inventario de infraestructura.",Buscar distribuidoras locales/municipales antes de convertir a regional_default productivo.
aragon,Azaila,Teruel,municipality:teruel::azaila,"e-distribución Redes Digitales, S.L.U.",regional_presence_candidate,regional_presence_confirmed_needs_boundary_review,high_boundary_review,review_boundary_and_local_exceptions_before_production,no,no,e-distribución — distribución eléctrica,https://www.edistribucion.com/es/conocenos/instalaciones-distribucion-red/distribucion-electrica.html,"No contiene identificadores de suministro, direcciones, coordenadas privadas ni inventario de infraestructura.",Buscar distribuidoras locales/municipales antes de convertir a regional_default productivo.
aragon,Vierlas,Zaragoza,municipality:zaragoza::vierlas,"e-distribución Redes Digitales, S.L.U.",regional_presence_candidate,regional_presence_confirmed_needs_boundary_review,high_boundary_review,review_boundary_and_local_exceptions_before_production,no,no,e-distribución — distribución eléctrica,https://www.edistribucion.com/es/conocenos/instalaciones-distribucion-red/distribucion-electrica.html,"No contiene identificadores de suministro, direcciones, coordenadas privadas ni inventario de infraestructura.",Buscar distribuidoras locales/municipales antes de convertir a regional_default productivo.
aragon,San Agustín,Teruel,municipality:teruel::san_agustin,"e-distribución Redes Digitales, S.L.U.",regional_presence_candidate,regional_presence_confirmed_needs_boundary_review,high_boundary_review,review_boundary_and_local_exceptions_before_production,no,no,e-distribución — distribución eléctrica,https://www.edistribucion.com/es/conocenos/instalaciones-distribucion-red/distribucion-electrica.html,"No contiene identificadores de suministro, direcciones, coordenadas privadas ni inventario de infraestructura.",Buscar distribuidoras locales/municipales antes de convertir a regional_default productivo.
aragon,Agón,Zaragoza,municipality:zaragoza::agon,"e-distribución Redes Digitales, S.L.U.",regional_presence_candidate,regional_presence_confirmed_needs_boundary_review,high_boundary_review,review_boundary_and_local_exceptions_before_production,no,no,e-distribución — distribución eléctrica,https://www.edistribucion.com/es/conocenos/instalaciones-distribucion-red/distribucion-electrica.html,"No contiene identificadores de suministro, direcciones, coordenadas privadas ni inventario de infraestructura.",Buscar distribuidoras locales/municipales antes de convertir a regional_default productivo.
aragon,Singra,Teruel,municipality:teruel::singra,"e-distribución Redes Digitales, S.L.U.",regional_presence_candidate,regional_presence_confirmed_needs_boundary_review,high_boundary_review,review_boundary_and_local_exceptions_before_production,no,no,e-distribución — distribución eléctrica,https://www.edistribucion.com/es/conocenos/instalaciones-distribucion-red/distribucion-electrica.html,"No contiene identificadores de suministro, direcciones, coordenadas privadas ni inventario de infraestructura.",Buscar distribuidoras locales/municipales antes de convertir a regional_default productivo.
aragon,Longás,Zaragoza,municipality:zaragoza::longas,"e-distribución Redes Digitales, S.L.U.",regional_presence_candidate,regional_presence_confirmed_needs_boundary_review,high_boundary_review,review_boundary_and_local_exceptions_before_production,no,no,e-distribución — distribución eléctrica,https://www.edistribucion.com/es/conocenos/instalaciones-distribucion-red/distribucion-electrica.html,"No contiene identificadores de suministro, direcciones, coordenadas privadas ni inventario de infraestructura.",Buscar distribuidoras locales/municipales antes de convertir a regional_default productivo.
aragon,Aguilón,Zaragoza,municipality:zaragoza::aguilon,"e-distribución Redes Digitales, S.L.U.",regional_presence_candidate,regional_presence_confirmed_needs_boundary_review,high_boundary_review,review_boundary_and_local_exceptions_before_production,no,no,e-distribución — distribución eléctrica,https://www.edistribucion.com/es/conocenos/instalaciones-distribucion-red/distribucion-electrica.html,"No contiene identificadores de suministro, direcciones, coordenadas privadas ni inventario de infraestructura.",Buscar distribuidoras locales/municipales antes de convertir a regional_default productivo.
aragon,El Franco,Teruel,municipality:teruel::el_franco,"e-distribución Redes Digitales, S.L.U.",regional_presence_candidate,regional_presence_confirmed_needs_boundary_review,high_boundary_review,review_boundary_and_local_exceptions_before_production,no,no,e-distribución — distribución eléctrica,https://www.edistribucion.com/es/conocenos/instalaciones-distribucion-red/distribucion-electrica.html,"No contiene identificadores de suministro, direcciones, coordenadas privadas ni inventario de infraestructura.",Buscar distribuidoras locales/municipales antes de convertir a regional_default productivo.
aragon,Barrachina,Teruel,municipality:teruel::barrachina,"e-distribución Redes Digitales, S.L.U.",regional_presence_candidate,regional_presence_confirmed_needs_boundary_review,high_boundary_review,review_boundary_and_local_exceptions_before_production,no,no,e-distribución — distribución eléctrica,https://www.edistribucion.com/es/conocenos/instalaciones-distribucion-red/distribucion-electrica.html,"No contiene identificadores de suministro, direcciones, coordenadas privadas ni inventario de infraestructura.",Buscar distribuidoras locales/municipales antes de convertir a regional_default productivo.
aragon,Toril y Masegoso,Teruel,municipality:teruel::toril_y_masegoso,"e-distribución Redes Digitales, S.L.U.",regional_presence_candidate,regional_presence_confirmed_needs_boundary_review,high_boundary_review,review_boundary_and_local_exceptions_before_production,no,no,e-distribución — distribución eléctrica,https://www.edistribucion.com/es/conocenos/instalaciones-distribucion-red/distribucion-electrica.html,"No contiene identificadores de suministro, direcciones, coordenadas privadas ni inventario de infraestructura.",Buscar distribuidoras locales/municipales antes de convertir a regional_default productivo.
aragon,Calamocha,Teruel,municipality:teruel::calamocha,"e-distribución Redes Digitales, S.L.U.",regional_presence_candidate,regional_presence_confirmed_needs_boundary_review,high_boundary_review,review_boundary_and_local_exceptions_before_production,no,no,e-distribución — distribución eléctrica,https://www.edistribucion.com/es/conocenos/instalaciones-distribucion-red/distribucion-electrica.html,"No contiene identificadores de suministro, direcciones, coordenadas privadas ni inventario de infraestructura.",Buscar distribuidoras locales/municipales antes de convertir a regional_default productivo.
aragon,Villahermosa del Campo,Teruel,municipality:teruel::villahermosa_del_campo,"e-distribución Redes Digitales, S.L.U.",regional_presence_candidate,regional_presence_confirmed_needs_boundary_review,high_boundary_review,review_boundary_and_local_exceptions_before_production,no,no,e-distribución — distribución eléctrica,https://www.edistribucion.com/es/conocenos/instalaciones-distribucion-red/distribucion-electrica.html,"No contiene identificadores de suministro, direcciones, coordenadas privadas ni inventario de infraestructura.",Buscar distribuidoras locales/municipales antes de convertir a regional_default productivo.
aragon,Lumpiaque,Zaragoza,municipality:zaragoza::lumpiaque,"e-distribución Redes Digitales, S.L.U.",regional_presence_candidate,regional_presence_confirmed_needs_boundary_review,high_boundary_review,review_boundary_and_local_exceptions_before_production,no,no,e-distribución — distribución eléctrica,https://www.edistribucion.com/es/conocenos/instalaciones-distribucion-red/distribucion-electrica.html,"No contiene identificadores de suministro, direcciones, coordenadas privadas ni inventario de infraestructura.",Buscar distribuidoras locales/municipales antes de convertir a regional_default productivo.
aragon,Aguilar del Alfambra,Teruel,municipality:teruel::aguilar_del_alfambra,"e-distribución Redes Digitales, S.L.U.",regional_presence_candidate,regional_presence_confirmed_needs_boundary_review,high_boundary_review,review_boundary_and_local_exceptions_before_production,no,no,e-distribución — distribución eléctrica,https://www.edistribucion.com/es/conocenos/instalaciones-distribucion-red/distribucion-electrica.html,"No contiene identificadores de suministro, direcciones, coordenadas privadas ni inventario de infraestructura.",Buscar distribuidoras locales/municipales antes de convertir a regional_default productivo.
aragon,Bezas,Teruel,municipality:teruel::bezas,"e-distribución Redes Digitales, S.L.U.",regional_presence_candidate,regional_presence_confirmed_needs_boundary_review,high_boundary_review,review_boundary_and_local_exceptions_before_production,no,no,e-distribución — distribución eléctrica,https://www.edistribucion.com/es/conocenos/instalaciones-distribucion-red/distribucion-electrica.html,"No contiene identificadores de suministro, direcciones, coordenadas privadas ni inventario de infraestructura.",Buscar distribuidoras locales/municipales antes de convertir a regional_default productivo.
aragon,La Hoz de la Vieja,Teruel,municipality:teruel::la_hoz_de_la_vieja,"e-distribución Redes Digitales, S.L.U.",regional_presence_candidate,regional_presence_confirmed_needs_boundary_review,high_boundary_review,review_boundary_and_local_exceptions_before_production,no,no,e-distribución — distribución eléctrica,https://www.edistribucion.com/es/conocenos/instalaciones-distribucion-red/distribucion-electrica.html,"No contiene identificadores de suministro, direcciones, coordenadas privadas ni inventario de infraestructura.",Buscar distribuidoras locales/municipales antes de convertir a regional_default productivo.
aragon,Langa del Castillo,Zaragoza,municipality:zaragoza::langa_del_castillo,"e-distribución Redes Digitales, S.L.U.",regional_presence_candidate,regional_presence_confirmed_needs_boundary_review,high_boundary_review,review_boundary_and_local_exceptions_before_production,no,no,e-distribución — distribución eléctrica,https://www.edistribucion.com/es/conocenos/instalaciones-distribucion-red/distribucion-electrica.html,"No contiene identificadores de suministro, direcciones, coordenadas privadas ni inventario de infraestructura.",Buscar distribuidoras locales/municipales antes de convertir a regional_default productivo.
aragon,Luna,Zaragoza,municipality:zaragoza::luna,"e-distribución Redes Digitales, S.L.U.",regional_presence_candidate,regional_presence_confirmed_needs_boundary_review,high_boundary_review,review_boundary_and_local_exceptions_before_production,no,no,e-distribución — distribución eléctrica,https://www.edistribucion.com/es/conocenos/instalaciones-distribucion-red/distribucion-electrica.html,"No contiene identificadores de suministro, direcciones, coordenadas privadas ni inventario de infraestructura.",Buscar distribuidoras locales/municipales antes de convertir a regional_default productivo.
aragon,Berbegal,Huesca,municipality:huesca::berbegal,"e-distribución Redes Digitales, S.L.U.",regional_presence_candidate,regional_presence_confirmed_needs_boundary_review,high_boundary_review,review_boundary_and_local_exceptions_before_production,no,no,e-distribución — distribución eléctrica,https://www.edistribucion.com/es/conocenos/instalaciones-distribucion-red/distribucion-electrica.html,"No contiene identificadores de suministro, direcciones, coordenadas privadas ni inventario de infraestructura.",Buscar distribuidoras locales/municipales antes de convertir a regional_default productivo.
aragon,Laspaúles,Huesca,municipality:huesca::laspaules,"e-distribución Redes Digitales, S.L.U.",regional_presence_candidate,regional_presence_confirmed_needs_boundary_review,high_boundary_review,review_boundary_and_local_exceptions_before_production,no,no,e-distribución — distribución eléctrica,https://www.edistribucion.com/es/conocenos/instalaciones-distribucion-red/distribucion-electrica.html,"No contiene identificadores de suministro, direcciones, coordenadas privadas ni inventario de infraestructura.",Buscar distribuidoras locales/municipales antes de convertir a regional_default productivo.
aragon,Salas Bajas,Huesca,municipality:huesca::salas_bajas,"e-distribución Redes Digitales, S.L.U.",regional_presence_candidate,regional_presence_confirmed_needs_boundary_review,high_boundary_review,review_boundary_and_local_exceptions_before_production,no,no,e-distribución — distribución eléctrica,https://www.edistribucion.com/es/conocenos/instalaciones-distribucion-red/distribucion-electrica.html,"No contiene identificadores de suministro, direcciones, coordenadas privadas ni inventario de infraestructura.",Buscar distribuidoras locales/municipales antes de convertir a regional_default productivo.
aragon,San Martín del Río,Teruel,municipality:teruel::san_martin_del_rio,"e-distribución Redes Digitales, S.L.U.",regional_presence_candidate,regional_presence_confirmed_needs_boundary_review,high_boundary_review,review_boundary_and_local_exceptions_before_production,no,no,e-distribución — distribución eléctrica,https://www.edistribucion.com/es/conocenos/instalaciones-distribucion-red/distribucion-electrica.html,"No contiene identificadores de suministro, direcciones, coordenadas privadas ni inventario de infraestructura.",Buscar distribuidoras locales/municipales antes de convertir a regional_default productivo.
aragon,Torralbilla,Zaragoza,municipality:zaragoza::torralbilla,"e-distribución Redes Digitales, S.L.U.",regional_presence_candidate,regional_presence_confirmed_needs_boundary_review,high_boundary_review,review_boundary_and_local_exceptions_before_production,no,no,e-distribución — distribución eléctrica,https://www.edistribucion.com/es/conocenos/instalaciones-distribucion-red/distribucion-electrica.html,"No contiene identificadores de suministro, direcciones, coordenadas privadas ni inventario de infraestructura.",Buscar distribuidoras locales/municipales antes de convertir a regional_default productivo.
aragon,La Zaida,Zaragoza,municipality:zaragoza::la_zaida,"e-distribución Redes Digitales, S.L.U.",regional_presence_candidate,regional_presence_confirmed_needs_boundary_review,high_boundary_review,review_boundary_and_local_exceptions_before_production,no,no,e-distribución — distribución eléctrica,https://www.edistribucion.com/es/conocenos/instalaciones-distribucion-red/distribucion-electrica.html,"No contiene identificadores de suministro, direcciones, coordenadas privadas ni inventario de infraestructura.",Buscar distribuidoras locales/municipales antes de convertir a regional_default productivo.
aragon,Nonaspe,Zaragoza,municipality:zaragoza::nonaspe,"e-distribución Redes Digitales, S.L.U.",regional_presence_candidate,regional_presence_confirmed_needs_boundary_review,high_boundary_review,review_boundary_and_local_exceptions_before_production,no,no,e-distribución — distribución eléctrica,https://www.edistribucion.com/es/conocenos/instalaciones-distribucion-red/distribucion-electrica.html,"No contiene identificadores de suministro, direcciones, coordenadas privadas ni inventario de infraestructura.",Buscar distribuidoras locales/municipales antes de convertir a regional_default productivo.
aragon,Sabiñánigo,Huesca,municipality:huesca::sabinanigo,"e-distribución Redes Digitales, S.L.U.",regional_presence_candidate,regional_presence_confirmed_needs_boundary_review,high_boundary_review,review_boundary_and_local_exceptions_before_production,no,no,e-distribución — distribución eléctrica,https://www.edistribucion.com/es/conocenos/instalaciones-distribucion-red/distribucion-electrica.html,"No contiene identificadores de suministro, direcciones, coordenadas privadas ni inventario de infraestructura.",Buscar distribuidoras locales/municipales antes de convertir a regional_default productivo.
aragon,Fórnoles,Teruel,municipality:teruel::fornoles,"e-distribución Redes Digitales, S.L.U.",regional_presence_candidate,regional_presence_confirmed_needs_boundary_review,high_boundary_review,review_boundary_and_local_exceptions_before_production,no,no,e-distribución — distribución eléctrica,https://www.edistribucion.com/es/conocenos/instalaciones-distribucion-red/distribucion-electrica.html,"No contiene identificadores de suministro, direcciones, coordenadas privadas ni inventario de infraestructura.",Buscar distribuidoras locales/municipales antes de convertir a regional_default productivo.
aragon,Loporzano,Huesca,municipality:huesca::loporzano,"e-distribución Redes Digitales, S.L.U.",regional_presence_candidate,regional_presence_confirmed_needs_boundary_review,high_boundary_review,review_boundary_and_local_exceptions_before_production,no,no,e-distribución — distribución eléctrica,https://www.edistribucion.com/es/conocenos/instalaciones-distribucion-red/distribucion-electrica.html,"No contiene identificadores de suministro, direcciones, coordenadas privadas ni inventario de infraestructura.",Buscar distribuidoras locales/municipales antes de convertir a regional_default productivo.
aragon,Vicién,Huesca,municipality:huesca::vicien,"e-distribución Redes Digitales, S.L.U.",regional_presence_candidate,regional_presence_confirmed_needs_boundary_review,high_boundary_review,review_boundary_and_local_exceptions_before_production,no,no,e-distribución — distribución eléctrica,https://www.edistribucion.com/es/conocenos/instalaciones-distribucion-red/distribucion-electrica.html,"No contiene identificadores de suministro, direcciones, coordenadas privadas ni inventario de infraestructura.",Buscar distribuidoras locales/municipales antes de convertir a regional_default productivo.
aragon,Alobras,Teruel,municipality:teruel::alobras,"e-distribución Redes Digitales, S.L.U.",regional_presence_candidate,regional_presence_confirmed_needs_boundary_review,high_boundary_review,review_boundary_and_local_exceptions_before_production,no,no,e-distribución — distribución eléctrica,https://www.edistribucion.com/es/conocenos/instalaciones-distribucion-red/distribucion-electrica.html,"No contiene identificadores de suministro, direcciones, coordenadas privadas ni inventario de infraestructura.",Buscar distribuidoras locales/municipales antes de convertir a regional_default productivo.
aragon,Hinojosa de Jarque,Teruel,municipality:teruel::hinojosa_de_jarque,"e-distribución Redes Digitales, S.L.U.",regional_presence_candidate,regional_presence_confirmed_needs_boundary_review,high_boundary_review,review_boundary_and_local_exceptions_before_production,no,no,e-distribución — distribución eléctrica,https://www.edistribucion.com/es/conocenos/instalaciones-distribucion-red/distribucion-electrica.html,"No contiene identificadores de suministro, direcciones, coordenadas privadas ni inventario de infraestructura.",Buscar distribuidoras locales/municipales antes de convertir a regional_default productivo.
aragon,Badules,Zaragoza,municipality:zaragoza::badules,"e-distribución Redes Digitales, S.L.U.",regional_presence_candidate,regional_presence_confirmed_needs_boundary_review,high_boundary_review,review_boundary_and_local_exceptions_before_production,no,no,e-distribución — distribución eléctrica,https://www.edistribucion.com/es/conocenos/instalaciones-distribucion-red/distribucion-electrica.html,"No contiene identificadores de suministro, direcciones, coordenadas privadas ni inventario de infraestructura.",Buscar distribuidoras locales/municipales antes de convertir a regional_default productivo.
aragon,Loscos,Teruel,municipality:teruel::loscos,"e-distribución Redes Digitales, S.L.U.",regional_presence_candidate,regional_presence_confirmed_needs_boundary_review,high_boundary_review,review_boundary_and_local_exceptions_before_production,no,no,e-distribución — distribución eléctrica,https://www.edistribucion.com/es/conocenos/instalaciones-distribucion-red/distribucion-electrica.html,"No contiene identificadores de suministro, direcciones, coordenadas privadas ni inventario de infraestructura.",Buscar distribuidoras locales/municipales antes de convertir a regional_default productivo.
aragon,Romanos,Zaragoza,municipality:zaragoza::romanos,"e-distribución Redes Digitales, S.L.U.",regional_presence_candidate,regional_presence_confirmed_needs_boundary_review,high_boundary_review,review_boundary_and_local_exceptions_before_production,no,no,e-distribución — distribución eléctrica,https://www.edistribucion.com/es/conocenos/instalaciones-distribucion-red/distribucion-electrica.html,"No contiene identificadores de suministro, direcciones, coordenadas privadas ni inventario de infraestructura.",Buscar distribuidoras locales/municipales antes de convertir a regional_default productivo.
aragon,Calmarza,Zaragoza,municipality:zaragoza::calmarza,"e-distribución Redes Digitales, S.L.U.",regional_presence_candidate,regional_presence_confirmed_needs_boundary_review,high_boundary_review,review_boundary_and_local_exceptions_before_production,no,no,e-distribución — distribución eléctrica,https://www.edistribucion.com/es/conocenos/instalaciones-distribucion-red/distribucion-electrica.html,"No contiene identificadores de suministro, direcciones, coordenadas privadas ni inventario de infraestructura.",Buscar distribuidoras locales/municipales antes de convertir a regional_default productivo.
aragon,Nuévalos,Zaragoza,municipality:zaragoza::nuevalos,"e-distribución Redes Digitales, S.L.U.",regional_presence_candidate,regional_presence_confirmed_needs_boundary_review,high_boundary_review,review_boundary_and_local_exceptions_before_production,no,no,e-distribución — distribución eléctrica,https://www.edistribucion.com/es/conocenos/instalaciones-distribucion-red/distribucion-electrica.html,"No contiene identificadores de suministro, direcciones, coordenadas privadas ni inventario de infraestructura.",Buscar distribuidoras locales/municipales antes de convertir a regional_default productivo.
aragon,Montanuy,Huesca,municipality:huesca::montanuy,"e-distribución Redes Digitales, S.L.U.",regional_presence_candidate,regional_presence_confirmed_needs_boundary_review,high_boundary_review,review_boundary_and_local_exceptions_before_production,no,no,e-distribución — distribución eléctrica,https://www.edistribucion.com/es/conocenos/instalaciones-distribucion-red/distribucion-electrica.html,"No contiene identificadores de suministro, direcciones, coordenadas privadas ni inventario de infraestructura.",Buscar distribuidoras locales/municipales antes de convertir a regional_default productivo.
aragon,Arens de Lledó,Teruel,municipality:teruel::arens_de_lledo,"e-distribución Redes Digitales, S.L.U.",regional_presence_candidate,regional_presence_confirmed_needs_boundary_review,high_boundary_review,review_boundary_and_local_exceptions_before_production,no,no,e-distribución — distribución eléctrica,https://www.edistribucion.com/es/conocenos/instalaciones-distribucion-red/distribucion-electrica.html,"No contiene identificadores de suministro, direcciones, coordenadas privadas ni inventario de infraestructura.",Buscar distribuidoras locales/municipales antes de convertir a regional_default productivo.
aragon,Torralba de Ribota,Zaragoza,municipality:zaragoza::torralba_de_ribota,"e-distribución Redes Digitales, S.L.U.",regional_presence_candidate,regional_presence_confirmed_needs_boundary_review,high_boundary_review,review_boundary_and_local_exceptions_before_production,no,no,e-distribución — distribución eléctrica,https://www.edistribucion.com/es/conocenos/instalaciones-distribucion-red/distribucion-electrica.html,"No contiene identificadores de suministro, direcciones, coordenadas privadas ni inventario de infraestructura.",Buscar distribuidoras locales/municipales antes de convertir a regional_default productivo.
aragon,Tornos,Teruel,municipality:teruel::tornos,"e-distribución Redes Digitales, S.L.U.",regional_presence_candidate,regional_presence_confirmed_needs_boundary_review,high_boundary_review,review_boundary_and_local_exceptions_before_production,no,no,e-distribución — distribución eléctrica,https://www.edistribucion.com/es/conocenos/instalaciones-distribucion-red/distribucion-electrica.html,"No contiene identificadores de suministro, direcciones, coordenadas privadas ni inventario de infraestructura.",Buscar distribuidoras locales/municipales antes de convertir a regional_default productivo.
aragon,Gea de Albarracín,Teruel,municipality:teruel::gea_de_albarracin,"e-distribución Redes Digitales, S.L.U.",regional_presence_candidate,regional_presence_confirmed_needs_boundary_review,high_boundary_review,review_boundary_and_local_exceptions_before_production,no,no,e-distribución — distribución eléctrica,https://www.edistribucion.com/es/conocenos/instalaciones-distribucion-red/distribucion-electrica.html,"No contiene identificadores de suministro, direcciones, coordenadas privadas ni inventario de infraestructura.",Buscar distribuidoras locales/municipales antes de convertir a regional_default productivo.
aragon,Pozuel del Campo,Teruel,municipality:teruel::pozuel_del_campo,"e-distribución Redes Digitales, S.L.U.",regional_presence_candidate,regional_presence_confirmed_needs_boundary_review,high_boundary_review,review_boundary_and_local_exceptions_before_production,no,no,e-distribución — distribución eléctrica,https://www.edistribucion.com/es/conocenos/instalaciones-distribucion-red/distribucion-electrica.html,"No contiene identificadores de suministro, direcciones, coordenadas privadas ni inventario de infraestructura.",Buscar distribuidoras locales/municipales antes de convertir a regional_default productivo.
aragon,Miedes de Aragón,Zaragoza,municipality:zaragoza::miedes_de_aragon,"e-distribución Redes Digitales, S.L.U.",regional_presence_candidate,regional_presence_confirmed_needs_boundary_review,high_boundary_review,review_boundary_and_local_exceptions_before_production,no,no,e-distribución — distribución eléctrica,https://www.edistribucion.com/es/conocenos/instalaciones-distribucion-red/distribucion-electrica.html,"No contiene identificadores de suministro, direcciones, coordenadas privadas ni inventario de infraestructura.",Buscar distribuidoras locales/municipales antes de convertir a regional_default productivo.
aragon,Nogueras,Teruel,municipality:teruel::nogueras,"e-distribución Redes Digitales, S.L.U.",regional_presence_candidate,regional_presence_confirmed_needs_boundary_review,high_boundary_review,review_boundary_and_local_exceptions_before_production,no,no,e-distribución — distribución eléctrica,https://www.edistribucion.com/es/conocenos/instalaciones-distribucion-red/distribucion-electrica.html,"No contiene identificadores de suministro, direcciones, coordenadas privadas ni inventario de infraestructura.",Buscar distribuidoras locales/municipales antes de convertir a regional_default productivo.
aragon,Castelflorite,Huesca,municipality:huesca::castelflorite,"e-distribución Redes Digitales, S.L.U.",regional_presence_candidate,regional_presence_confirmed_needs_boundary_review,high_boundary_review,review_boundary_and_local_exceptions_before_production,no,no,e-distribución — distribución eléctrica,https://www.edistribucion.com/es/conocenos/instalaciones-distribucion-red/distribucion-electrica.html,"No contiene identificadores de suministro, direcciones, coordenadas privadas ni inventario de infraestructura.",Buscar distribuidoras locales/municipales antes de convertir a regional_default productivo.
aragon,Nigüella,Zaragoza,municipality:zaragoza::niguella,"e-distribución Redes Digitales, S.L.U.",regional_presence_candidate,regional_presence_confirmed_needs_boundary_review,high_boundary_review,review_boundary_and_local_exceptions_before_production,no,no,e-distribución — distribución eléctrica,https://www.edistribucion.com/es/conocenos/instalaciones-distribucion-red/distribucion-electrica.html,"No contiene identificadores de suministro, direcciones, coordenadas privadas ni inventario de infraestructura.",Buscar distribuidoras locales/municipales antes de convertir a regional_default productivo.
aragon,Vistabella,Zaragoza,municipality:zaragoza::vistabella,"e-distribución Redes Digitales, S.L.U.",regional_presence_candidate,regional_presence_confirmed_needs_boundary_review,high_boundary_review,review_boundary_and_local_exceptions_before_production,no,no,e-distribución — distribución eléctrica,https://www.edistribucion.com/es/conocenos/instalaciones-distribucion-red/distribucion-electrica.html,"No contiene identificadores de suministro, direcciones, coordenadas privadas ni inventario de infraestructura.",Buscar distribuidoras locales/municipales antes de convertir a regional_default productivo.
aragon,Barbastro,Huesca,municipality:huesca::barbastro,"e-distribución Redes Digitales, S.L.U.",regional_presence_candidate,regional_presence_confirmed_needs_boundary_review,high_boundary_review,review_boundary_and_local_exceptions_before_production,no,no,e-distribución — distribución eléctrica,https://www.edistribucion.com/es/conocenos/instalaciones-distribucion-red/distribucion-electrica.html,"No contiene identificadores de suministro, direcciones, coordenadas privadas ni inventario de infraestructura.",Buscar distribuidoras locales/municipales antes de convertir a regional_default productivo.
aragon,El Castellar,Teruel,municipality:teruel::el_castellar,"e-distribución Redes Digitales, S.L.U.",regional_presence_candidate,regional_presence_confirmed_needs_boundary_review,high_boundary_review,review_boundary_and_local_exceptions_before_production,no,no,e-distribución — distribución eléctrica,https://www.edistribucion.com/es/conocenos/instalaciones-distribucion-red/distribucion-electrica.html,"No contiene identificadores de suministro, direcciones, coordenadas privadas ni inventario de infraestructura.",Buscar distribuidoras locales/municipales antes de convertir a regional_default productivo.
aragon,Maluenda,Zaragoza,municipality:zaragoza::maluenda,"e-distribución Redes Digitales, S.L.U.",regional_presence_candidate,regional_presence_confirmed_needs_boundary_review,high_boundary_review,review_boundary_and_local_exceptions_before_production,no,no,e-distribución — distribución eléctrica,https://www.edistribucion.com/es/conocenos/instalaciones-distribucion-red/distribucion-electrica.html,"No contiene identificadores de suministro, direcciones, coordenadas privadas ni inventario de infraestructura.",Buscar distribuidoras locales/municipales antes de convertir a regional_default productivo.
aragon,Huesca,Huesca,municipality:huesca::huesca,"e-distribución Redes Digitales, S.L.U.",regional_presence_candidate,regional_presence_confirmed_needs_boundary_review,high_boundary_review,review_boundary_and_local_exceptions_before_production,no,no,e-distribución — distribución eléctrica,https://www.edistribucion.com/es/conocenos/instalaciones-distribucion-red/distribucion-electrica.html,"No contiene identificadores de suministro, direcciones, coordenadas privadas ni inventario de infraestructura.",Buscar distribuidoras locales/municipales antes de convertir a regional_default productivo.
aragon,Bordalba,Zaragoza,municipality:zaragoza::bordalba,"e-distribución Redes Digitales, S.L.U.",regional_presence_candidate,regional_presence_confirmed_needs_boundary_review,high_boundary_review,review_boundary_and_local_exceptions_before_production,no,no,e-distribución — distribución eléctrica,https://www.edistribucion.com/es/conocenos/instalaciones-distribucion-red/distribucion-electrica.html,"No contiene identificadores de suministro, direcciones, coordenadas privadas ni inventario de infraestructura.",Buscar distribuidoras locales/municipales antes de convertir a regional_default productivo.
aragon,Bureta,Zaragoza,municipality:zaragoza::bureta,"e-distribución Redes Digitales, S.L.U.",regional_presence_candidate,regional_presence_confirmed_needs_boundary_review,high_boundary_review,review_boundary_and_local_exceptions_before_production,no,no,e-distribución — distribución eléctrica,https://www.edistribucion.com/es/conocenos/instalaciones-distribucion-red/distribucion-electrica.html,"No contiene identificadores de suministro, direcciones, coordenadas privadas ni inventario de infraestructura.",Buscar distribuidoras locales/municipales antes de convertir a regional_default productivo.
aragon,Morata de Jiloca,Zaragoza,municipality:zaragoza::morata_de_jiloca,"e-distribución Redes Digitales, S.L.U.",regional_presence_candidate,regional_presence_confirmed_needs_boundary_review,high_boundary_review,review_boundary_and_local_exceptions_before_production,no,no,e-distribución — distribución eléctrica,https://www.edistribucion.com/es/conocenos/instalaciones-distribucion-red/distribucion-electrica.html,"No contiene identificadores de suministro, direcciones, coordenadas privadas ni inventario de infraestructura.",Buscar distribuidoras locales/municipales antes de convertir a regional_default productivo.
aragon,Arén,Huesca,municipality:huesca::aren,"e-distribución Redes Digitales, S.L.U.",regional_presence_candidate,regional_presence_confirmed_needs_boundary_review,high_boundary_review,review_boundary_and_local_exceptions_before_production,no,no,e-distribución — distribución eléctrica,https://www.edistribucion.com/es/conocenos/instalaciones-distribucion-red/distribucion-electrica.html,"No contiene identificadores de suministro, direcciones, coordenadas privadas ni inventario de infraestructura.",Buscar distribuidoras locales/municipales antes de convertir a regional_default productivo.
aragon,Manchones,Zaragoza,municipality:zaragoza::manchones,"e-distribución Redes Digitales, S.L.U.",regional_presence_candidate,regional_presence_confirmed_needs_boundary_review,high_boundary_review,review_boundary_and_local_exceptions_before_production,no,no,e-distribución — distribución eléctrica,https://www.edistribucion.com/es/conocenos/instalaciones-distribucion-red/distribucion-electrica.html,"No contiene identificadores de suministro, direcciones, coordenadas privadas ni inventario de infraestructura.",Buscar distribuidoras locales/municipales antes de convertir a regional_default productivo.
aragon,Biescas,Huesca,municipality:huesca::biescas,"e-distribución Redes Digitales, S.L.U.",regional_presence_candidate,regional_presence_confirmed_needs_boundary_review,high_boundary_review,review_boundary_and_local_exceptions_before_production,no,no,e-distribución — distribución eléctrica,https://www.edistribucion.com/es/conocenos/instalaciones-distribucion-red/distribucion-electrica.html,"No contiene identificadores de suministro, direcciones, coordenadas privadas ni inventario de infraestructura.",Buscar distribuidoras locales/municipales antes de convertir a regional_default productivo.
aragon,Pradilla de Ebro,Zaragoza,municipality:zaragoza::pradilla_de_ebro,"e-distribución Redes Digitales, S.L.U.",regional_presence_candidate,regional_presence_confirmed_needs_boundary_review,high_boundary_review,review_boundary_and_local_exceptions_before_production,no,no,e-distribución — distribución eléctrica,https://www.edistribucion.com/es/conocenos/instalaciones-distribucion-red/distribucion-electrica.html,"No contiene identificadores de suministro, direcciones, coordenadas privadas ni inventario de infraestructura.",Buscar distribuidoras locales/municipales antes de convertir a regional_default productivo.
aragon,Chinchilla de Monte-Aragón,Albacete,municipality:albacete::chinchilla_de_monte_aragon,"e-distribución Redes Digitales, S.L.U.",regional_presence_candidate,regional_presence_confirmed_needs_boundary_review,high_boundary_review,review_boundary_and_local_exceptions_before_production,no,no,e-distribución — distribución eléctrica,https://www.edistribucion.com/es/conocenos/instalaciones-distribucion-red/distribucion-electrica.html,"No contiene identificadores de suministro, direcciones, coordenadas privadas ni inventario de infraestructura.",Buscar distribuidoras locales/municipales antes de convertir a regional_default productivo.
aragon,Gotor,Zaragoza,municipality:zaragoza::gotor,"e-distribución Redes Digitales, S.L.U.",regional_presence_candidate,regional_presence_confirmed_needs_boundary_review,high_boundary_review,review_boundary_and_local_exceptions_before_production,no,no,e-distribución — distribución eléctrica,https://www.edistribucion.com/es/conocenos/instalaciones-distribucion-red/distribucion-electrica.html,"No contiene identificadores de suministro, direcciones, coordenadas privadas ni inventario de infraestructura.",Buscar distribuidoras locales/municipales antes de convertir a regional_default productivo.
aragon,Sangarrén,Huesca,municipality:huesca::sangarren,"e-distribución Redes Digitales, S.L.U.",regional_presence_candidate,regional_presence_confirmed_needs_boundary_review,high_boundary_review,review_boundary_and_local_exceptions_before_production,no,no,e-distribución — distribución eléctrica,https://www.edistribucion.com/es/conocenos/instalaciones-distribucion-red/distribucion-electrica.html,"No contiene identificadores de suministro, direcciones, coordenadas privadas ni inventario de infraestructura.",Buscar distribuidoras locales/municipales antes de convertir a regional_default productivo.
aragon,Escorihuela,Teruel,municipality:teruel::escorihuela,"e-distribución Redes Digitales, S.L.U.",regional_presence_candidate,regional_presence_confirmed_needs_boundary_review,high_boundary_review,review_boundary_and_local_exceptions_before_production,no,no,e-distribución — distribución eléctrica,https://www.edistribucion.com/es/conocenos/instalaciones-distribucion-red/distribucion-electrica.html,"No contiene identificadores de suministro, direcciones, coordenadas privadas ni inventario de infraestructura.",Buscar distribuidoras locales/municipales antes de convertir a regional_default productivo.
aragon,Sádaba,Zaragoza,municipality:zaragoza::sadaba,"e-distribución Redes Digitales, S.L.U.",regional_presence_candidate,regional_presence_confirmed_needs_boundary_review,high_boundary_review,review_boundary_and_local_exceptions_before_production,no,no,e-distribución — distribución eléctrica,https://www.edistribucion.com/es/conocenos/instalaciones-distribucion-red/distribucion-electrica.html,"No contiene identificadores de suministro, direcciones, coordenadas privadas ni inventario de infraestructura.",Buscar distribuidoras locales/municipales antes de convertir a regional_default productivo.
aragon,Uncastillo,Zaragoza,municipality:zaragoza::uncastillo,"e-distribución Redes Digitales, S.L.U.",regional_presence_candidate,regional_presence_confirmed_needs_boundary_review,high_boundary_review,review_boundary_and_local_exceptions_before_production,no,no,e-distribución — distribución eléctrica,https://www.edistribucion.com/es/conocenos/instalaciones-distribucion-red/distribucion-electrica.html,"No contiene identificadores de suministro, direcciones, coordenadas privadas ni inventario de infraestructura.",Buscar distribuidoras locales/municipales antes de convertir a regional_default productivo.
aragon,Martín del Río,Teruel,municipality:teruel::martin_del_rio,"e-distribución Redes Digitales, S.L.U.",regional_presence_candidate,regional_presence_confirmed_needs_boundary_review,high_boundary_review,review_boundary_and_local_exceptions_before_production,no,no,e-distribución — distribución eléctrica,https://www.edistribucion.com/es/conocenos/instalaciones-distribucion-red/distribucion-electrica.html,"No contiene identificadores de suministro, direcciones, coordenadas privadas ni inventario de infraestructura.",Buscar distribuidoras locales/municipales antes de convertir a regional_default productivo.
aragon,Torla-Ordesa,Huesca,municipality:huesca::torla_ordesa,"e-distribución Redes Digitales, S.L.U.",regional_presence_candidate,regional_presence_confirmed_needs_boundary_review,high_boundary_review,review_boundary_and_local_exceptions_before_production,no,no,e-distribución — distribución eléctrica,https://www.edistribucion.com/es/conocenos/instalaciones-distribucion-red/distribucion-electrica.html,"No contiene identificadores de suministro, direcciones, coordenadas privadas ni inventario de infraestructura.",Buscar distribuidoras locales/municipales antes de convertir a regional_default productivo.
aragon,Caspe,Zaragoza,municipality:zaragoza::caspe,"e-distribución Redes Digitales, S.L.U.",regional_presence_candidate,regional_presence_confirmed_needs_boundary_review,high_boundary_review,review_boundary_and_local_exceptions_before_production,no,no,e-distribución — distribución eléctrica,https://www.edistribucion.com/es/conocenos/instalaciones-distribucion-red/distribucion-electrica.html,"No contiene identificadores de suministro, direcciones, coordenadas privadas ni inventario de infraestructura.",Buscar distribuidoras locales/municipales antes de convertir a regional_default productivo.
aragon,Graus,Huesca,municipality:huesca::graus,"e-distribución Redes Digitales, S.L.U.",regional_presence_candidate,regional_presence_confirmed_needs_boundary_review,high_boundary_review,review_boundary_and_local_exceptions_before_production,no,no,e-distribución — distribución eléctrica,https://www.edistribucion.com/es/conocenos/instalaciones-distribucion-red/distribucion-electrica.html,"No contiene identificadores de suministro, direcciones, coordenadas privadas ni inventario de infraestructura.",Buscar distribuidoras locales/municipales antes de convertir a regional_default productivo.
aragon,Terriente,Teruel,municipality:teruel::terriente,"e-distribución Redes Digitales, S.L.U.",regional_presence_candidate,regional_presence_confirmed_needs_boundary_review,high_boundary_review,review_boundary_and_local_exceptions_before_production,no,no,e-distribución — distribución eléctrica,https://www.edistribucion.com/es/conocenos/instalaciones-distribucion-red/distribucion-electrica.html,"No contiene identificadores de suministro, direcciones, coordenadas privadas ni inventario de infraestructura.",Buscar distribuidoras locales/municipales antes de convertir a regional_default productivo.
aragon,Agüero,Huesca,municipality:huesca::aguero,"e-distribución Redes Digitales, S.L.U.",regional_presence_candidate,regional_presence_confirmed_needs_boundary_review,high_boundary_review,review_boundary_and_local_exceptions_before_production,no,no,e-distribución — distribución eléctrica,https://www.edistribucion.com/es/conocenos/instalaciones-distribucion-red/distribucion-electrica.html,"No contiene identificadores de suministro, direcciones, coordenadas privadas ni inventario de infraestructura.",Buscar distribuidoras locales/municipales antes de convertir a regional_default productivo.
