dataset_id,municipio,candidate_distributor,candidate_confidence,review_status,bulk_import_allowed,source_name,source_url,source_type,last_reviewed,notes
andalucia,Abla,"e-distribución Redes Digitales, S.L.U.",regional_default_candidate,needs_municipal_review,no,e-distribución — distribución eléctrica,https://www.edistribucion.com/es/conocenos/instalaciones-distribucion-red/distribucion-electrica.html,official_distributor_public,2026-05-06,"e-distribución declara presencia en Andalucía, pero no se asume cobertura completa municipal sin revisión; hay distribuidoras locales."
andalucia,Abrucena,"e-distribución Redes Digitales, S.L.U.",regional_default_candidate,needs_municipal_review,no,e-distribución — distribución eléctrica,https://www.edistribucion.com/es/conocenos/instalaciones-distribucion-red/distribucion-electrica.html,official_distributor_public,2026-05-06,"e-distribución declara presencia en Andalucía, pero no se asume cobertura completa municipal sin revisión; hay distribuidoras locales."
andalucia,Adamuz,"e-distribución Redes Digitales, S.L.U.",regional_default_candidate,needs_municipal_review,no,e-distribución — distribución eléctrica,https://www.edistribucion.com/es/conocenos/instalaciones-distribucion-red/distribucion-electrica.html,official_distributor_public,2026-05-06,"e-distribución declara presencia en Andalucía, pero no se asume cobertura completa municipal sin revisión; hay distribuidoras locales."
andalucia,Adra,"e-distribución Redes Digitales, S.L.U.",regional_default_candidate,needs_municipal_review,no,e-distribución — distribución eléctrica,https://www.edistribucion.com/es/conocenos/instalaciones-distribucion-red/distribucion-electrica.html,official_distributor_public,2026-05-06,"e-distribución declara presencia en Andalucía, pero no se asume cobertura completa municipal sin revisión; hay distribuidoras locales."
andalucia,Agrón,"e-distribución Redes Digitales, S.L.U.",regional_default_candidate,needs_municipal_review,no,e-distribución — distribución eléctrica,https://www.edistribucion.com/es/conocenos/instalaciones-distribucion-red/distribucion-electrica.html,official_distributor_public,2026-05-06,"e-distribución declara presencia en Andalucía, pero no se asume cobertura completa municipal sin revisión; hay distribuidoras locales."
andalucia,Aguadulce,"e-distribución Redes Digitales, S.L.U.",regional_default_candidate,needs_municipal_review,no,e-distribución — distribución eléctrica,https://www.edistribucion.com/es/conocenos/instalaciones-distribucion-red/distribucion-electrica.html,official_distributor_public,2026-05-06,"e-distribución declara presencia en Andalucía, pero no se asume cobertura completa municipal sin revisión; hay distribuidoras locales."
andalucia,Aguilar de la Frontera,"e-distribución Redes Digitales, S.L.U.",regional_default_candidate,needs_municipal_review,no,e-distribución — distribución eléctrica,https://www.edistribucion.com/es/conocenos/instalaciones-distribucion-red/distribucion-electrica.html,official_distributor_public,2026-05-06,"e-distribución declara presencia en Andalucía, pero no se asume cobertura completa municipal sin revisión; hay distribuidoras locales."
andalucia,Alájar,"e-distribución Redes Digitales, S.L.U.",regional_default_candidate,needs_municipal_review,no,e-distribución — distribución eléctrica,https://www.edistribucion.com/es/conocenos/instalaciones-distribucion-red/distribucion-electrica.html,official_distributor_public,2026-05-06,"e-distribución declara presencia en Andalucía, pero no se asume cobertura completa municipal sin revisión; hay distribuidoras locales."
andalucia,Alameda,"e-distribución Redes Digitales, S.L.U.",regional_default_candidate,needs_municipal_review,no,e-distribución — distribución eléctrica,https://www.edistribucion.com/es/conocenos/instalaciones-distribucion-red/distribucion-electrica.html,official_distributor_public,2026-05-06,"e-distribución declara presencia en Andalucía, pero no se asume cobertura completa municipal sin revisión; hay distribuidoras locales."
andalucia,Alamedilla,"e-distribución Redes Digitales, S.L.U.",regional_default_candidate,needs_municipal_review,no,e-distribución — distribución eléctrica,https://www.edistribucion.com/es/conocenos/instalaciones-distribucion-red/distribucion-electrica.html,official_distributor_public,2026-05-06,"e-distribución declara presencia en Andalucía, pero no se asume cobertura completa municipal sin revisión; hay distribuidoras locales."
andalucia,Alanís,"e-distribución Redes Digitales, S.L.U.",regional_default_candidate,needs_municipal_review,no,e-distribución — distribución eléctrica,https://www.edistribucion.com/es/conocenos/instalaciones-distribucion-red/distribucion-electrica.html,official_distributor_public,2026-05-06,"e-distribución declara presencia en Andalucía, pero no se asume cobertura completa municipal sin revisión; hay distribuidoras locales."
andalucia,Albaida del Aljarafe,"e-distribución Redes Digitales, S.L.U.",regional_default_candidate,needs_municipal_review,no,e-distribución — distribución eléctrica,https://www.edistribucion.com/es/conocenos/instalaciones-distribucion-red/distribucion-electrica.html,official_distributor_public,2026-05-06,"e-distribución declara presencia en Andalucía, pero no se asume cobertura completa municipal sin revisión; hay distribuidoras locales."
andalucia,Albanchez,"e-distribución Redes Digitales, S.L.U.",regional_default_candidate,needs_municipal_review,no,e-distribución — distribución eléctrica,https://www.edistribucion.com/es/conocenos/instalaciones-distribucion-red/distribucion-electrica.html,official_distributor_public,2026-05-06,"e-distribución declara presencia en Andalucía, pero no se asume cobertura completa municipal sin revisión; hay distribuidoras locales."
andalucia,Albanchez de Mágina,"e-distribución Redes Digitales, S.L.U.",regional_default_candidate,needs_municipal_review,no,e-distribución — distribución eléctrica,https://www.edistribucion.com/es/conocenos/instalaciones-distribucion-red/distribucion-electrica.html,official_distributor_public,2026-05-06,"e-distribución declara presencia en Andalucía, pero no se asume cobertura completa municipal sin revisión; hay distribuidoras locales."
andalucia,Alboloduy,"e-distribución Redes Digitales, S.L.U.",regional_default_candidate,needs_municipal_review,no,e-distribución — distribución eléctrica,https://www.edistribucion.com/es/conocenos/instalaciones-distribucion-red/distribucion-electrica.html,official_distributor_public,2026-05-06,"e-distribución declara presencia en Andalucía, pero no se asume cobertura completa municipal sin revisión; hay distribuidoras locales."
andalucia,Albolote,"e-distribución Redes Digitales, S.L.U.",regional_default_candidate,needs_municipal_review,no,e-distribución — distribución eléctrica,https://www.edistribucion.com/es/conocenos/instalaciones-distribucion-red/distribucion-electrica.html,official_distributor_public,2026-05-06,"e-distribución declara presencia en Andalucía, pero no se asume cobertura completa municipal sin revisión; hay distribuidoras locales."
andalucia,Albondón,"e-distribución Redes Digitales, S.L.U.",regional_default_candidate,needs_municipal_review,no,e-distribución — distribución eléctrica,https://www.edistribucion.com/es/conocenos/instalaciones-distribucion-red/distribucion-electrica.html,official_distributor_public,2026-05-06,"e-distribución declara presencia en Andalucía, pero no se asume cobertura completa municipal sin revisión; hay distribuidoras locales."
andalucia,Albox,"e-distribución Redes Digitales, S.L.U.",regional_default_candidate,needs_municipal_review,no,e-distribución — distribución eléctrica,https://www.edistribucion.com/es/conocenos/instalaciones-distribucion-red/distribucion-electrica.html,official_distributor_public,2026-05-06,"e-distribución declara presencia en Andalucía, pero no se asume cobertura completa municipal sin revisión; hay distribuidoras locales."
andalucia,Albuñán,"e-distribución Redes Digitales, S.L.U.",regional_default_candidate,needs_municipal_review,no,e-distribución — distribución eléctrica,https://www.edistribucion.com/es/conocenos/instalaciones-distribucion-red/distribucion-electrica.html,official_distributor_public,2026-05-06,"e-distribución declara presencia en Andalucía, pero no se asume cobertura completa municipal sin revisión; hay distribuidoras locales."
andalucia,Albuñol,"e-distribución Redes Digitales, S.L.U.",regional_default_candidate,needs_municipal_review,no,e-distribución — distribución eléctrica,https://www.edistribucion.com/es/conocenos/instalaciones-distribucion-red/distribucion-electrica.html,official_distributor_public,2026-05-06,"e-distribución declara presencia en Andalucía, pero no se asume cobertura completa municipal sin revisión; hay distribuidoras locales."
andalucia,Albuñuelas,"e-distribución Redes Digitales, S.L.U.",regional_default_candidate,needs_municipal_review,no,e-distribución — distribución eléctrica,https://www.edistribucion.com/es/conocenos/instalaciones-distribucion-red/distribucion-electrica.html,official_distributor_public,2026-05-06,"e-distribución declara presencia en Andalucía, pero no se asume cobertura completa municipal sin revisión; hay distribuidoras locales."
andalucia,Alcalá de Guadaíra,"e-distribución Redes Digitales, S.L.U.",regional_default_candidate,needs_municipal_review,no,e-distribución — distribución eléctrica,https://www.edistribucion.com/es/conocenos/instalaciones-distribucion-red/distribucion-electrica.html,official_distributor_public,2026-05-06,"e-distribución declara presencia en Andalucía, pero no se asume cobertura completa municipal sin revisión; hay distribuidoras locales."
andalucia,Alcalá de los Gazules,"e-distribución Redes Digitales, S.L.U.",regional_default_candidate,needs_municipal_review,no,e-distribución — distribución eléctrica,https://www.edistribucion.com/es/conocenos/instalaciones-distribucion-red/distribucion-electrica.html,official_distributor_public,2026-05-06,"e-distribución declara presencia en Andalucía, pero no se asume cobertura completa municipal sin revisión; hay distribuidoras locales."
andalucia,Alcalá del Río,"e-distribución Redes Digitales, S.L.U.",regional_default_candidate,needs_municipal_review,no,e-distribución — distribución eléctrica,https://www.edistribucion.com/es/conocenos/instalaciones-distribucion-red/distribucion-electrica.html,official_distributor_public,2026-05-06,"e-distribución declara presencia en Andalucía, pero no se asume cobertura completa municipal sin revisión; hay distribuidoras locales."
andalucia,Alcalá del Valle,"e-distribución Redes Digitales, S.L.U.",regional_default_candidate,needs_municipal_review,no,e-distribución — distribución eléctrica,https://www.edistribucion.com/es/conocenos/instalaciones-distribucion-red/distribucion-electrica.html,official_distributor_public,2026-05-06,"e-distribución declara presencia en Andalucía, pero no se asume cobertura completa municipal sin revisión; hay distribuidoras locales."
andalucia,Alcalá la Real,"e-distribución Redes Digitales, S.L.U.",regional_default_candidate,needs_municipal_review,no,e-distribución — distribución eléctrica,https://www.edistribucion.com/es/conocenos/instalaciones-distribucion-red/distribucion-electrica.html,official_distributor_public,2026-05-06,"e-distribución declara presencia en Andalucía, pero no se asume cobertura completa municipal sin revisión; hay distribuidoras locales."
andalucia,Alcaracejos,"e-distribución Redes Digitales, S.L.U.",regional_default_candidate,needs_municipal_review,no,e-distribución — distribución eléctrica,https://www.edistribucion.com/es/conocenos/instalaciones-distribucion-red/distribucion-electrica.html,official_distributor_public,2026-05-06,"e-distribución declara presencia en Andalucía, pero no se asume cobertura completa municipal sin revisión; hay distribuidoras locales."
andalucia,Alcaucín,"e-distribución Redes Digitales, S.L.U.",regional_default_candidate,needs_municipal_review,no,e-distribución — distribución eléctrica,https://www.edistribucion.com/es/conocenos/instalaciones-distribucion-red/distribucion-electrica.html,official_distributor_public,2026-05-06,"e-distribución declara presencia en Andalucía, pero no se asume cobertura completa municipal sin revisión; hay distribuidoras locales."
andalucia,Alcaudete,"e-distribución Redes Digitales, S.L.U.",regional_default_candidate,needs_municipal_review,no,e-distribución — distribución eléctrica,https://www.edistribucion.com/es/conocenos/instalaciones-distribucion-red/distribucion-electrica.html,official_distributor_public,2026-05-06,"e-distribución declara presencia en Andalucía, pero no se asume cobertura completa municipal sin revisión; hay distribuidoras locales."
andalucia,Alcolea,"e-distribución Redes Digitales, S.L.U.",regional_default_candidate,needs_municipal_review,no,e-distribución — distribución eléctrica,https://www.edistribucion.com/es/conocenos/instalaciones-distribucion-red/distribucion-electrica.html,official_distributor_public,2026-05-06,"e-distribución declara presencia en Andalucía, pero no se asume cobertura completa municipal sin revisión; hay distribuidoras locales."
andalucia,Alcolea del Río,"e-distribución Redes Digitales, S.L.U.",regional_default_candidate,needs_municipal_review,no,e-distribución — distribución eléctrica,https://www.edistribucion.com/es/conocenos/instalaciones-distribucion-red/distribucion-electrica.html,official_distributor_public,2026-05-06,"e-distribución declara presencia en Andalucía, pero no se asume cobertura completa municipal sin revisión; hay distribuidoras locales."
andalucia,Alcóntar,"e-distribución Redes Digitales, S.L.U.",regional_default_candidate,needs_municipal_review,no,e-distribución — distribución eléctrica,https://www.edistribucion.com/es/conocenos/instalaciones-distribucion-red/distribucion-electrica.html,official_distributor_public,2026-05-06,"e-distribución declara presencia en Andalucía, pero no se asume cobertura completa municipal sin revisión; hay distribuidoras locales."
andalucia,Alcudia de Monteagud,"e-distribución Redes Digitales, S.L.U.",regional_default_candidate,needs_municipal_review,no,e-distribución — distribución eléctrica,https://www.edistribucion.com/es/conocenos/instalaciones-distribucion-red/distribucion-electrica.html,official_distributor_public,2026-05-06,"e-distribución declara presencia en Andalucía, pero no se asume cobertura completa municipal sin revisión; hay distribuidoras locales."
andalucia,Aldeaquemada,"e-distribución Redes Digitales, S.L.U.",regional_default_candidate,needs_municipal_review,no,e-distribución — distribución eléctrica,https://www.edistribucion.com/es/conocenos/instalaciones-distribucion-red/distribucion-electrica.html,official_distributor_public,2026-05-06,"e-distribución declara presencia en Andalucía, pero no se asume cobertura completa municipal sin revisión; hay distribuidoras locales."
andalucia,Aldeire,"e-distribución Redes Digitales, S.L.U.",regional_default_candidate,needs_municipal_review,no,e-distribución — distribución eléctrica,https://www.edistribucion.com/es/conocenos/instalaciones-distribucion-red/distribucion-electrica.html,official_distributor_public,2026-05-06,"e-distribución declara presencia en Andalucía, pero no se asume cobertura completa municipal sin revisión; hay distribuidoras locales."
andalucia,Alfacar,"e-distribución Redes Digitales, S.L.U.",regional_default_candidate,needs_municipal_review,no,e-distribución — distribución eléctrica,https://www.edistribucion.com/es/conocenos/instalaciones-distribucion-red/distribucion-electrica.html,official_distributor_public,2026-05-06,"e-distribución declara presencia en Andalucía, pero no se asume cobertura completa municipal sin revisión; hay distribuidoras locales."
andalucia,Alfarnate,"e-distribución Redes Digitales, S.L.U.",regional_default_candidate,needs_municipal_review,no,e-distribución — distribución eléctrica,https://www.edistribucion.com/es/conocenos/instalaciones-distribucion-red/distribucion-electrica.html,official_distributor_public,2026-05-06,"e-distribución declara presencia en Andalucía, pero no se asume cobertura completa municipal sin revisión; hay distribuidoras locales."
andalucia,Alfarnatejo,"e-distribución Redes Digitales, S.L.U.",regional_default_candidate,needs_municipal_review,no,e-distribución — distribución eléctrica,https://www.edistribucion.com/es/conocenos/instalaciones-distribucion-red/distribucion-electrica.html,official_distributor_public,2026-05-06,"e-distribución declara presencia en Andalucía, pero no se asume cobertura completa municipal sin revisión; hay distribuidoras locales."
andalucia,Algámitas,"e-distribución Redes Digitales, S.L.U.",regional_default_candidate,needs_municipal_review,no,e-distribución — distribución eléctrica,https://www.edistribucion.com/es/conocenos/instalaciones-distribucion-red/distribucion-electrica.html,official_distributor_public,2026-05-06,"e-distribución declara presencia en Andalucía, pero no se asume cobertura completa municipal sin revisión; hay distribuidoras locales."
andalucia,Algar,"e-distribución Redes Digitales, S.L.U.",regional_default_candidate,needs_municipal_review,no,e-distribución — distribución eléctrica,https://www.edistribucion.com/es/conocenos/instalaciones-distribucion-red/distribucion-electrica.html,official_distributor_public,2026-05-06,"e-distribución declara presencia en Andalucía, pero no se asume cobertura completa municipal sin revisión; hay distribuidoras locales."
andalucia,Algarinejo,"e-distribución Redes Digitales, S.L.U.",regional_default_candidate,needs_municipal_review,no,e-distribución — distribución eléctrica,https://www.edistribucion.com/es/conocenos/instalaciones-distribucion-red/distribucion-electrica.html,official_distributor_public,2026-05-06,"e-distribución declara presencia en Andalucía, pero no se asume cobertura completa municipal sin revisión; hay distribuidoras locales."
andalucia,Algarrobo,"e-distribución Redes Digitales, S.L.U.",regional_default_candidate,needs_municipal_review,no,e-distribución — distribución eléctrica,https://www.edistribucion.com/es/conocenos/instalaciones-distribucion-red/distribucion-electrica.html,official_distributor_public,2026-05-06,"e-distribución declara presencia en Andalucía, pero no se asume cobertura completa municipal sin revisión; hay distribuidoras locales."
andalucia,Algatocín,"e-distribución Redes Digitales, S.L.U.",regional_default_candidate,needs_municipal_review,no,e-distribución — distribución eléctrica,https://www.edistribucion.com/es/conocenos/instalaciones-distribucion-red/distribucion-electrica.html,official_distributor_public,2026-05-06,"e-distribución declara presencia en Andalucía, pero no se asume cobertura completa municipal sin revisión; hay distribuidoras locales."
andalucia,Algeciras,"e-distribución Redes Digitales, S.L.U.",regional_default_candidate,needs_municipal_review,no,e-distribución — distribución eléctrica,https://www.edistribucion.com/es/conocenos/instalaciones-distribucion-red/distribucion-electrica.html,official_distributor_public,2026-05-06,"e-distribución declara presencia en Andalucía, pero no se asume cobertura completa municipal sin revisión; hay distribuidoras locales."
andalucia,Algodonales,"e-distribución Redes Digitales, S.L.U.",regional_default_candidate,needs_municipal_review,no,e-distribución — distribución eléctrica,https://www.edistribucion.com/es/conocenos/instalaciones-distribucion-red/distribucion-electrica.html,official_distributor_public,2026-05-06,"e-distribución declara presencia en Andalucía, pero no se asume cobertura completa municipal sin revisión; hay distribuidoras locales."
andalucia,Alhabia,"e-distribución Redes Digitales, S.L.U.",regional_default_candidate,needs_municipal_review,no,e-distribución — distribución eléctrica,https://www.edistribucion.com/es/conocenos/instalaciones-distribucion-red/distribucion-electrica.html,official_distributor_public,2026-05-06,"e-distribución declara presencia en Andalucía, pero no se asume cobertura completa municipal sin revisión; hay distribuidoras locales."
andalucia,Alhama de Almería,"e-distribución Redes Digitales, S.L.U.",regional_default_candidate,needs_municipal_review,no,e-distribución — distribución eléctrica,https://www.edistribucion.com/es/conocenos/instalaciones-distribucion-red/distribucion-electrica.html,official_distributor_public,2026-05-06,"e-distribución declara presencia en Andalucía, pero no se asume cobertura completa municipal sin revisión; hay distribuidoras locales."
andalucia,Alhama de Granada,"e-distribución Redes Digitales, S.L.U.",regional_default_candidate,needs_municipal_review,no,e-distribución — distribución eléctrica,https://www.edistribucion.com/es/conocenos/instalaciones-distribucion-red/distribucion-electrica.html,official_distributor_public,2026-05-06,"e-distribución declara presencia en Andalucía, pero no se asume cobertura completa municipal sin revisión; hay distribuidoras locales."
andalucia,Alhaurín de la Torre,"e-distribución Redes Digitales, S.L.U.",regional_default_candidate,needs_municipal_review,no,e-distribución — distribución eléctrica,https://www.edistribucion.com/es/conocenos/instalaciones-distribucion-red/distribucion-electrica.html,official_distributor_public,2026-05-06,"e-distribución declara presencia en Andalucía, pero no se asume cobertura completa municipal sin revisión; hay distribuidoras locales."
andalucia,Alhaurín el Grande,"e-distribución Redes Digitales, S.L.U.",regional_default_candidate,needs_municipal_review,no,e-distribución — distribución eléctrica,https://www.edistribucion.com/es/conocenos/instalaciones-distribucion-red/distribucion-electrica.html,official_distributor_public,2026-05-06,"e-distribución declara presencia en Andalucía, pero no se asume cobertura completa municipal sin revisión; hay distribuidoras locales."
andalucia,Alhendín,"e-distribución Redes Digitales, S.L.U.",regional_default_candidate,needs_municipal_review,no,e-distribución — distribución eléctrica,https://www.edistribucion.com/es/conocenos/instalaciones-distribucion-red/distribucion-electrica.html,official_distributor_public,2026-05-06,"e-distribución declara presencia en Andalucía, pero no se asume cobertura completa municipal sin revisión; hay distribuidoras locales."
andalucia,Alicún,"e-distribución Redes Digitales, S.L.U.",regional_default_candidate,needs_municipal_review,no,e-distribución — distribución eléctrica,https://www.edistribucion.com/es/conocenos/instalaciones-distribucion-red/distribucion-electrica.html,official_distributor_public,2026-05-06,"e-distribución declara presencia en Andalucía, pero no se asume cobertura completa municipal sin revisión; hay distribuidoras locales."
andalucia,Alicún de Ortega,"e-distribución Redes Digitales, S.L.U.",regional_default_candidate,needs_municipal_review,no,e-distribución — distribución eléctrica,https://www.edistribucion.com/es/conocenos/instalaciones-distribucion-red/distribucion-electrica.html,official_distributor_public,2026-05-06,"e-distribución declara presencia en Andalucía, pero no se asume cobertura completa municipal sin revisión; hay distribuidoras locales."
andalucia,Aljaraque,"e-distribución Redes Digitales, S.L.U.",regional_default_candidate,needs_municipal_review,no,e-distribución — distribución eléctrica,https://www.edistribucion.com/es/conocenos/instalaciones-distribucion-red/distribucion-electrica.html,official_distributor_public,2026-05-06,"e-distribución declara presencia en Andalucía, pero no se asume cobertura completa municipal sin revisión; hay distribuidoras locales."
andalucia,Almáchar,"e-distribución Redes Digitales, S.L.U.",regional_default_candidate,needs_municipal_review,no,e-distribución — distribución eléctrica,https://www.edistribucion.com/es/conocenos/instalaciones-distribucion-red/distribucion-electrica.html,official_distributor_public,2026-05-06,"e-distribución declara presencia en Andalucía, pero no se asume cobertura completa municipal sin revisión; hay distribuidoras locales."
andalucia,Almadén de la Plata,"e-distribución Redes Digitales, S.L.U.",regional_default_candidate,needs_municipal_review,no,e-distribución — distribución eléctrica,https://www.edistribucion.com/es/conocenos/instalaciones-distribucion-red/distribucion-electrica.html,official_distributor_public,2026-05-06,"e-distribución declara presencia en Andalucía, pero no se asume cobertura completa municipal sin revisión; hay distribuidoras locales."
andalucia,Almargen,"e-distribución Redes Digitales, S.L.U.",regional_default_candidate,needs_municipal_review,no,e-distribución — distribución eléctrica,https://www.edistribucion.com/es/conocenos/instalaciones-distribucion-red/distribucion-electrica.html,official_distributor_public,2026-05-06,"e-distribución declara presencia en Andalucía, pero no se asume cobertura completa municipal sin revisión; hay distribuidoras locales."
andalucia,Almedinilla,"e-distribución Redes Digitales, S.L.U.",regional_default_candidate,needs_municipal_review,no,e-distribución — distribución eléctrica,https://www.edistribucion.com/es/conocenos/instalaciones-distribucion-red/distribucion-electrica.html,official_distributor_public,2026-05-06,"e-distribución declara presencia en Andalucía, pero no se asume cobertura completa municipal sin revisión; hay distribuidoras locales."
andalucia,Almegíjar,"e-distribución Redes Digitales, S.L.U.",regional_default_candidate,needs_municipal_review,no,e-distribución — distribución eléctrica,https://www.edistribucion.com/es/conocenos/instalaciones-distribucion-red/distribucion-electrica.html,official_distributor_public,2026-05-06,"e-distribución declara presencia en Andalucía, pero no se asume cobertura completa municipal sin revisión; hay distribuidoras locales."
andalucia,Almensilla,"e-distribución Redes Digitales, S.L.U.",regional_default_candidate,needs_municipal_review,no,e-distribución — distribución eléctrica,https://www.edistribucion.com/es/conocenos/instalaciones-distribucion-red/distribucion-electrica.html,official_distributor_public,2026-05-06,"e-distribución declara presencia en Andalucía, pero no se asume cobertura completa municipal sin revisión; hay distribuidoras locales."
andalucia,Almería,"e-distribución Redes Digitales, S.L.U.",regional_default_candidate,needs_municipal_review,no,e-distribución — distribución eléctrica,https://www.edistribucion.com/es/conocenos/instalaciones-distribucion-red/distribucion-electrica.html,official_distributor_public,2026-05-06,"e-distribución declara presencia en Andalucía, pero no se asume cobertura completa municipal sin revisión; hay distribuidoras locales."
andalucia,Almócita,"e-distribución Redes Digitales, S.L.U.",regional_default_candidate,needs_municipal_review,no,e-distribución — distribución eléctrica,https://www.edistribucion.com/es/conocenos/instalaciones-distribucion-red/distribucion-electrica.html,official_distributor_public,2026-05-06,"e-distribución declara presencia en Andalucía, pero no se asume cobertura completa municipal sin revisión; hay distribuidoras locales."
andalucia,Almodóvar del Río,"e-distribución Redes Digitales, S.L.U.",regional_default_candidate,needs_municipal_review,no,e-distribución — distribución eléctrica,https://www.edistribucion.com/es/conocenos/instalaciones-distribucion-red/distribucion-electrica.html,official_distributor_public,2026-05-06,"e-distribución declara presencia en Andalucía, pero no se asume cobertura completa municipal sin revisión; hay distribuidoras locales."
andalucia,Almogía,"e-distribución Redes Digitales, S.L.U.",regional_default_candidate,needs_municipal_review,no,e-distribución — distribución eléctrica,https://www.edistribucion.com/es/conocenos/instalaciones-distribucion-red/distribucion-electrica.html,official_distributor_public,2026-05-06,"e-distribución declara presencia en Andalucía, pero no se asume cobertura completa municipal sin revisión; hay distribuidoras locales."
andalucia,Almonaster la Real,"e-distribución Redes Digitales, S.L.U.",regional_default_candidate,needs_municipal_review,no,e-distribución — distribución eléctrica,https://www.edistribucion.com/es/conocenos/instalaciones-distribucion-red/distribucion-electrica.html,official_distributor_public,2026-05-06,"e-distribución declara presencia en Andalucía, pero no se asume cobertura completa municipal sin revisión; hay distribuidoras locales."
andalucia,Almonte,"e-distribución Redes Digitales, S.L.U.",regional_default_candidate,needs_municipal_review,no,e-distribución — distribución eléctrica,https://www.edistribucion.com/es/conocenos/instalaciones-distribucion-red/distribucion-electrica.html,official_distributor_public,2026-05-06,"e-distribución declara presencia en Andalucía, pero no se asume cobertura completa municipal sin revisión; hay distribuidoras locales."
andalucia,Almuñécar,"e-distribución Redes Digitales, S.L.U.",regional_default_candidate,needs_municipal_review,no,e-distribución — distribución eléctrica,https://www.edistribucion.com/es/conocenos/instalaciones-distribucion-red/distribucion-electrica.html,official_distributor_public,2026-05-06,"e-distribución declara presencia en Andalucía, pero no se asume cobertura completa municipal sin revisión; hay distribuidoras locales."
andalucia,Álora,"e-distribución Redes Digitales, S.L.U.",regional_default_candidate,needs_municipal_review,no,e-distribución — distribución eléctrica,https://www.edistribucion.com/es/conocenos/instalaciones-distribucion-red/distribucion-electrica.html,official_distributor_public,2026-05-06,"e-distribución declara presencia en Andalucía, pero no se asume cobertura completa municipal sin revisión; hay distribuidoras locales."
andalucia,Alosno,"e-distribución Redes Digitales, S.L.U.",regional_default_candidate,needs_municipal_review,no,e-distribución — distribución eléctrica,https://www.edistribucion.com/es/conocenos/instalaciones-distribucion-red/distribucion-electrica.html,official_distributor_public,2026-05-06,"e-distribución declara presencia en Andalucía, pero no se asume cobertura completa municipal sin revisión; hay distribuidoras locales."
andalucia,Alozaina,"e-distribución Redes Digitales, S.L.U.",regional_default_candidate,needs_municipal_review,no,e-distribución — distribución eléctrica,https://www.edistribucion.com/es/conocenos/instalaciones-distribucion-red/distribucion-electrica.html,official_distributor_public,2026-05-06,"e-distribución declara presencia en Andalucía, pero no se asume cobertura completa municipal sin revisión; hay distribuidoras locales."
andalucia,Alpandeire,"e-distribución Redes Digitales, S.L.U.",regional_default_candidate,needs_municipal_review,no,e-distribución — distribución eléctrica,https://www.edistribucion.com/es/conocenos/instalaciones-distribucion-red/distribucion-electrica.html,official_distributor_public,2026-05-06,"e-distribución declara presencia en Andalucía, pero no se asume cobertura completa municipal sin revisión; hay distribuidoras locales."
andalucia,Alpujarra de la Sierra,"e-distribución Redes Digitales, S.L.U.",regional_default_candidate,needs_municipal_review,no,e-distribución — distribución eléctrica,https://www.edistribucion.com/es/conocenos/instalaciones-distribucion-red/distribucion-electrica.html,official_distributor_public,2026-05-06,"e-distribución declara presencia en Andalucía, pero no se asume cobertura completa municipal sin revisión; hay distribuidoras locales."
andalucia,Alquife,"e-distribución Redes Digitales, S.L.U.",regional_default_candidate,needs_municipal_review,no,e-distribución — distribución eléctrica,https://www.edistribucion.com/es/conocenos/instalaciones-distribucion-red/distribucion-electrica.html,official_distributor_public,2026-05-06,"e-distribución declara presencia en Andalucía, pero no se asume cobertura completa municipal sin revisión; hay distribuidoras locales."
andalucia,Alsodux,"e-distribución Redes Digitales, S.L.U.",regional_default_candidate,needs_municipal_review,no,e-distribución — distribución eléctrica,https://www.edistribucion.com/es/conocenos/instalaciones-distribucion-red/distribucion-electrica.html,official_distributor_public,2026-05-06,"e-distribución declara presencia en Andalucía, pero no se asume cobertura completa municipal sin revisión; hay distribuidoras locales."
andalucia,Andújar,"e-distribución Redes Digitales, S.L.U.",regional_default_candidate,needs_municipal_review,no,e-distribución — distribución eléctrica,https://www.edistribucion.com/es/conocenos/instalaciones-distribucion-red/distribucion-electrica.html,official_distributor_public,2026-05-06,"e-distribución declara presencia en Andalucía, pero no se asume cobertura completa municipal sin revisión; hay distribuidoras locales."
andalucia,Añora,"e-distribución Redes Digitales, S.L.U.",regional_default_candidate,needs_municipal_review,no,e-distribución — distribución eléctrica,https://www.edistribucion.com/es/conocenos/instalaciones-distribucion-red/distribucion-electrica.html,official_distributor_public,2026-05-06,"e-distribución declara presencia en Andalucía, pero no se asume cobertura completa municipal sin revisión; hay distribuidoras locales."
andalucia,Antas,"e-distribución Redes Digitales, S.L.U.",regional_default_candidate,needs_municipal_review,no,e-distribución — distribución eléctrica,https://www.edistribucion.com/es/conocenos/instalaciones-distribucion-red/distribucion-electrica.html,official_distributor_public,2026-05-06,"e-distribución declara presencia en Andalucía, pero no se asume cobertura completa municipal sin revisión; hay distribuidoras locales."
andalucia,Antequera,"e-distribución Redes Digitales, S.L.U.",regional_default_candidate,needs_municipal_review,no,e-distribución — distribución eléctrica,https://www.edistribucion.com/es/conocenos/instalaciones-distribucion-red/distribucion-electrica.html,official_distributor_public,2026-05-06,"e-distribución declara presencia en Andalucía, pero no se asume cobertura completa municipal sin revisión; hay distribuidoras locales."
andalucia,Aracena,"e-distribución Redes Digitales, S.L.U.",regional_default_candidate,needs_municipal_review,no,e-distribución — distribución eléctrica,https://www.edistribucion.com/es/conocenos/instalaciones-distribucion-red/distribucion-electrica.html,official_distributor_public,2026-05-06,"e-distribución declara presencia en Andalucía, pero no se asume cobertura completa municipal sin revisión; hay distribuidoras locales."
andalucia,Arahal,"e-distribución Redes Digitales, S.L.U.",regional_default_candidate,needs_municipal_review,no,e-distribución — distribución eléctrica,https://www.edistribucion.com/es/conocenos/instalaciones-distribucion-red/distribucion-electrica.html,official_distributor_public,2026-05-06,"e-distribución declara presencia en Andalucía, pero no se asume cobertura completa municipal sin revisión; hay distribuidoras locales."
andalucia,Arboleas,"e-distribución Redes Digitales, S.L.U.",regional_default_candidate,needs_municipal_review,no,e-distribución — distribución eléctrica,https://www.edistribucion.com/es/conocenos/instalaciones-distribucion-red/distribucion-electrica.html,official_distributor_public,2026-05-06,"e-distribución declara presencia en Andalucía, pero no se asume cobertura completa municipal sin revisión; hay distribuidoras locales."
andalucia,Árchez,"e-distribución Redes Digitales, S.L.U.",regional_default_candidate,needs_municipal_review,no,e-distribución — distribución eléctrica,https://www.edistribucion.com/es/conocenos/instalaciones-distribucion-red/distribucion-electrica.html,official_distributor_public,2026-05-06,"e-distribución declara presencia en Andalucía, pero no se asume cobertura completa municipal sin revisión; hay distribuidoras locales."
andalucia,Archidona,"e-distribución Redes Digitales, S.L.U.",regional_default_candidate,needs_municipal_review,no,e-distribución — distribución eléctrica,https://www.edistribucion.com/es/conocenos/instalaciones-distribucion-red/distribucion-electrica.html,official_distributor_public,2026-05-06,"e-distribución declara presencia en Andalucía, pero no se asume cobertura completa municipal sin revisión; hay distribuidoras locales."
andalucia,Arcos de la Frontera,"e-distribución Redes Digitales, S.L.U.",regional_default_candidate,needs_municipal_review,no,e-distribución — distribución eléctrica,https://www.edistribucion.com/es/conocenos/instalaciones-distribucion-red/distribucion-electrica.html,official_distributor_public,2026-05-06,"e-distribución declara presencia en Andalucía, pero no se asume cobertura completa municipal sin revisión; hay distribuidoras locales."
andalucia,Ardales,"e-distribución Redes Digitales, S.L.U.",regional_default_candidate,needs_municipal_review,no,e-distribución — distribución eléctrica,https://www.edistribucion.com/es/conocenos/instalaciones-distribucion-red/distribucion-electrica.html,official_distributor_public,2026-05-06,"e-distribución declara presencia en Andalucía, pero no se asume cobertura completa municipal sin revisión; hay distribuidoras locales."
andalucia,Arenas,"e-distribución Redes Digitales, S.L.U.",regional_default_candidate,needs_municipal_review,no,e-distribución — distribución eléctrica,https://www.edistribucion.com/es/conocenos/instalaciones-distribucion-red/distribucion-electrica.html,official_distributor_public,2026-05-06,"e-distribución declara presencia en Andalucía, pero no se asume cobertura completa municipal sin revisión; hay distribuidoras locales."
andalucia,Arenas del Rey,"e-distribución Redes Digitales, S.L.U.",regional_default_candidate,needs_municipal_review,no,e-distribución — distribución eléctrica,https://www.edistribucion.com/es/conocenos/instalaciones-distribucion-red/distribucion-electrica.html,official_distributor_public,2026-05-06,"e-distribución declara presencia en Andalucía, pero no se asume cobertura completa municipal sin revisión; hay distribuidoras locales."
andalucia,Arjona,"e-distribución Redes Digitales, S.L.U.",regional_default_candidate,needs_municipal_review,no,e-distribución — distribución eléctrica,https://www.edistribucion.com/es/conocenos/instalaciones-distribucion-red/distribucion-electrica.html,official_distributor_public,2026-05-06,"e-distribución declara presencia en Andalucía, pero no se asume cobertura completa municipal sin revisión; hay distribuidoras locales."
andalucia,Arjonilla,"e-distribución Redes Digitales, S.L.U.",regional_default_candidate,needs_municipal_review,no,e-distribución — distribución eléctrica,https://www.edistribucion.com/es/conocenos/instalaciones-distribucion-red/distribucion-electrica.html,official_distributor_public,2026-05-06,"e-distribución declara presencia en Andalucía, pero no se asume cobertura completa municipal sin revisión; hay distribuidoras locales."
andalucia,Armilla,"e-distribución Redes Digitales, S.L.U.",regional_default_candidate,needs_municipal_review,no,e-distribución — distribución eléctrica,https://www.edistribucion.com/es/conocenos/instalaciones-distribucion-red/distribucion-electrica.html,official_distributor_public,2026-05-06,"e-distribución declara presencia en Andalucía, pero no se asume cobertura completa municipal sin revisión; hay distribuidoras locales."
andalucia,Armuña de Almanzora,"e-distribución Redes Digitales, S.L.U.",regional_default_candidate,needs_municipal_review,no,e-distribución — distribución eléctrica,https://www.edistribucion.com/es/conocenos/instalaciones-distribucion-red/distribucion-electrica.html,official_distributor_public,2026-05-06,"e-distribución declara presencia en Andalucía, pero no se asume cobertura completa municipal sin revisión; hay distribuidoras locales."
andalucia,Aroche,"e-distribución Redes Digitales, S.L.U.",regional_default_candidate,needs_municipal_review,no,e-distribución — distribución eléctrica,https://www.edistribucion.com/es/conocenos/instalaciones-distribucion-red/distribucion-electrica.html,official_distributor_public,2026-05-06,"e-distribución declara presencia en Andalucía, pero no se asume cobertura completa municipal sin revisión; hay distribuidoras locales."
andalucia,Arquillos,"e-distribución Redes Digitales, S.L.U.",regional_default_candidate,needs_municipal_review,no,e-distribución — distribución eléctrica,https://www.edistribucion.com/es/conocenos/instalaciones-distribucion-red/distribucion-electrica.html,official_distributor_public,2026-05-06,"e-distribución declara presencia en Andalucía, pero no se asume cobertura completa municipal sin revisión; hay distribuidoras locales."
andalucia,Arriate,"e-distribución Redes Digitales, S.L.U.",regional_default_candidate,needs_municipal_review,no,e-distribución — distribución eléctrica,https://www.edistribucion.com/es/conocenos/instalaciones-distribucion-red/distribucion-electrica.html,official_distributor_public,2026-05-06,"e-distribución declara presencia en Andalucía, pero no se asume cobertura completa municipal sin revisión; hay distribuidoras locales."
andalucia,Arroyo del Ojanco,"e-distribución Redes Digitales, S.L.U.",regional_default_candidate,needs_municipal_review,no,e-distribución — distribución eléctrica,https://www.edistribucion.com/es/conocenos/instalaciones-distribucion-red/distribucion-electrica.html,official_distributor_public,2026-05-06,"e-distribución declara presencia en Andalucía, pero no se asume cobertura completa municipal sin revisión; hay distribuidoras locales."
andalucia,Arroyomolinos de León,"e-distribución Redes Digitales, S.L.U.",regional_default_candidate,needs_municipal_review,no,e-distribución — distribución eléctrica,https://www.edistribucion.com/es/conocenos/instalaciones-distribucion-red/distribucion-electrica.html,official_distributor_public,2026-05-06,"e-distribución declara presencia en Andalucía, pero no se asume cobertura completa municipal sin revisión; hay distribuidoras locales."
andalucia,Atajate,"e-distribución Redes Digitales, S.L.U.",regional_default_candidate,needs_municipal_review,no,e-distribución — distribución eléctrica,https://www.edistribucion.com/es/conocenos/instalaciones-distribucion-red/distribucion-electrica.html,official_distributor_public,2026-05-06,"e-distribución declara presencia en Andalucía, pero no se asume cobertura completa municipal sin revisión; hay distribuidoras locales."
andalucia,Atarfe,"e-distribución Redes Digitales, S.L.U.",regional_default_candidate,needs_municipal_review,no,e-distribución — distribución eléctrica,https://www.edistribucion.com/es/conocenos/instalaciones-distribucion-red/distribucion-electrica.html,official_distributor_public,2026-05-06,"e-distribución declara presencia en Andalucía, pero no se asume cobertura completa municipal sin revisión; hay distribuidoras locales."
andalucia,Ayamonte,"e-distribución Redes Digitales, S.L.U.",regional_default_candidate,needs_municipal_review,no,e-distribución — distribución eléctrica,https://www.edistribucion.com/es/conocenos/instalaciones-distribucion-red/distribucion-electrica.html,official_distributor_public,2026-05-06,"e-distribución declara presencia en Andalucía, pero no se asume cobertura completa municipal sin revisión; hay distribuidoras locales."
andalucia,Aznalcázar,"e-distribución Redes Digitales, S.L.U.",regional_default_candidate,needs_municipal_review,no,e-distribución — distribución eléctrica,https://www.edistribucion.com/es/conocenos/instalaciones-distribucion-red/distribucion-electrica.html,official_distributor_public,2026-05-06,"e-distribución declara presencia en Andalucía, pero no se asume cobertura completa municipal sin revisión; hay distribuidoras locales."
andalucia,Aznalcóllar,"e-distribución Redes Digitales, S.L.U.",regional_default_candidate,needs_municipal_review,no,e-distribución — distribución eléctrica,https://www.edistribucion.com/es/conocenos/instalaciones-distribucion-red/distribucion-electrica.html,official_distributor_public,2026-05-06,"e-distribución declara presencia en Andalucía, pero no se asume cobertura completa municipal sin revisión; hay distribuidoras locales."
andalucia,Bacares,"e-distribución Redes Digitales, S.L.U.",regional_default_candidate,needs_municipal_review,no,e-distribución — distribución eléctrica,https://www.edistribucion.com/es/conocenos/instalaciones-distribucion-red/distribucion-electrica.html,official_distributor_public,2026-05-06,"e-distribución declara presencia en Andalucía, pero no se asume cobertura completa municipal sin revisión; hay distribuidoras locales."
andalucia,Badolatosa,"e-distribución Redes Digitales, S.L.U.",regional_default_candidate,needs_municipal_review,no,e-distribución — distribución eléctrica,https://www.edistribucion.com/es/conocenos/instalaciones-distribucion-red/distribucion-electrica.html,official_distributor_public,2026-05-06,"e-distribución declara presencia en Andalucía, pero no se asume cobertura completa municipal sin revisión; hay distribuidoras locales."
andalucia,Baena,"e-distribución Redes Digitales, S.L.U.",regional_default_candidate,needs_municipal_review,no,e-distribución — distribución eléctrica,https://www.edistribucion.com/es/conocenos/instalaciones-distribucion-red/distribucion-electrica.html,official_distributor_public,2026-05-06,"e-distribución declara presencia en Andalucía, pero no se asume cobertura completa municipal sin revisión; hay distribuidoras locales."
andalucia,Baeza,"e-distribución Redes Digitales, S.L.U.",regional_default_candidate,needs_municipal_review,no,e-distribución — distribución eléctrica,https://www.edistribucion.com/es/conocenos/instalaciones-distribucion-red/distribucion-electrica.html,official_distributor_public,2026-05-06,"e-distribución declara presencia en Andalucía, pero no se asume cobertura completa municipal sin revisión; hay distribuidoras locales."
andalucia,Bailén,"e-distribución Redes Digitales, S.L.U.",regional_default_candidate,needs_municipal_review,no,e-distribución — distribución eléctrica,https://www.edistribucion.com/es/conocenos/instalaciones-distribucion-red/distribucion-electrica.html,official_distributor_public,2026-05-06,"e-distribución declara presencia en Andalucía, pero no se asume cobertura completa municipal sin revisión; hay distribuidoras locales."
andalucia,Balanegra,"e-distribución Redes Digitales, S.L.U.",regional_default_candidate,needs_municipal_review,no,e-distribución — distribución eléctrica,https://www.edistribucion.com/es/conocenos/instalaciones-distribucion-red/distribucion-electrica.html,official_distributor_public,2026-05-06,"e-distribución declara presencia en Andalucía, pero no se asume cobertura completa municipal sin revisión; hay distribuidoras locales."
andalucia,Baños de la Encina,"e-distribución Redes Digitales, S.L.U.",regional_default_candidate,needs_municipal_review,no,e-distribución — distribución eléctrica,https://www.edistribucion.com/es/conocenos/instalaciones-distribucion-red/distribucion-electrica.html,official_distributor_public,2026-05-06,"e-distribución declara presencia en Andalucía, pero no se asume cobertura completa municipal sin revisión; hay distribuidoras locales."
andalucia,Barbate,"e-distribución Redes Digitales, S.L.U.",regional_default_candidate,needs_municipal_review,no,e-distribución — distribución eléctrica,https://www.edistribucion.com/es/conocenos/instalaciones-distribucion-red/distribucion-electrica.html,official_distributor_public,2026-05-06,"e-distribución declara presencia en Andalucía, pero no se asume cobertura completa municipal sin revisión; hay distribuidoras locales."
andalucia,Bayárcal,"e-distribución Redes Digitales, S.L.U.",regional_default_candidate,needs_municipal_review,no,e-distribución — distribución eléctrica,https://www.edistribucion.com/es/conocenos/instalaciones-distribucion-red/distribucion-electrica.html,official_distributor_public,2026-05-06,"e-distribución declara presencia en Andalucía, pero no se asume cobertura completa municipal sin revisión; hay distribuidoras locales."
andalucia,Bayarque,"e-distribución Redes Digitales, S.L.U.",regional_default_candidate,needs_municipal_review,no,e-distribución — distribución eléctrica,https://www.edistribucion.com/es/conocenos/instalaciones-distribucion-red/distribucion-electrica.html,official_distributor_public,2026-05-06,"e-distribución declara presencia en Andalucía, pero no se asume cobertura completa municipal sin revisión; hay distribuidoras locales."
andalucia,Baza,"e-distribución Redes Digitales, S.L.U.",regional_default_candidate,needs_municipal_review,no,e-distribución — distribución eléctrica,https://www.edistribucion.com/es/conocenos/instalaciones-distribucion-red/distribucion-electrica.html,official_distributor_public,2026-05-06,"e-distribución declara presencia en Andalucía, pero no se asume cobertura completa municipal sin revisión; hay distribuidoras locales."
andalucia,Beas,"e-distribución Redes Digitales, S.L.U.",regional_default_candidate,needs_municipal_review,no,e-distribución — distribución eléctrica,https://www.edistribucion.com/es/conocenos/instalaciones-distribucion-red/distribucion-electrica.html,official_distributor_public,2026-05-06,"e-distribución declara presencia en Andalucía, pero no se asume cobertura completa municipal sin revisión; hay distribuidoras locales."
andalucia,Beas de Granada,"e-distribución Redes Digitales, S.L.U.",regional_default_candidate,needs_municipal_review,no,e-distribución — distribución eléctrica,https://www.edistribucion.com/es/conocenos/instalaciones-distribucion-red/distribucion-electrica.html,official_distributor_public,2026-05-06,"e-distribución declara presencia en Andalucía, pero no se asume cobertura completa municipal sin revisión; hay distribuidoras locales."
andalucia,Beas de Guadix,"e-distribución Redes Digitales, S.L.U.",regional_default_candidate,needs_municipal_review,no,e-distribución — distribución eléctrica,https://www.edistribucion.com/es/conocenos/instalaciones-distribucion-red/distribucion-electrica.html,official_distributor_public,2026-05-06,"e-distribución declara presencia en Andalucía, pero no se asume cobertura completa municipal sin revisión; hay distribuidoras locales."
andalucia,Beas de Segura,"e-distribución Redes Digitales, S.L.U.",regional_default_candidate,needs_municipal_review,no,e-distribución — distribución eléctrica,https://www.edistribucion.com/es/conocenos/instalaciones-distribucion-red/distribucion-electrica.html,official_distributor_public,2026-05-06,"e-distribución declara presencia en Andalucía, pero no se asume cobertura completa municipal sin revisión; hay distribuidoras locales."
andalucia,Bédar,"e-distribución Redes Digitales, S.L.U.",regional_default_candidate,needs_municipal_review,no,e-distribución — distribución eléctrica,https://www.edistribucion.com/es/conocenos/instalaciones-distribucion-red/distribucion-electrica.html,official_distributor_public,2026-05-06,"e-distribución declara presencia en Andalucía, pero no se asume cobertura completa municipal sin revisión; hay distribuidoras locales."
andalucia,Bedmar y Garcíez,"e-distribución Redes Digitales, S.L.U.",regional_default_candidate,needs_municipal_review,no,e-distribución — distribución eléctrica,https://www.edistribucion.com/es/conocenos/instalaciones-distribucion-red/distribucion-electrica.html,official_distributor_public,2026-05-06,"e-distribución declara presencia en Andalucía, pero no se asume cobertura completa municipal sin revisión; hay distribuidoras locales."
andalucia,Begíjar,"e-distribución Redes Digitales, S.L.U.",regional_default_candidate,needs_municipal_review,no,e-distribución — distribución eléctrica,https://www.edistribucion.com/es/conocenos/instalaciones-distribucion-red/distribucion-electrica.html,official_distributor_public,2026-05-06,"e-distribución declara presencia en Andalucía, pero no se asume cobertura completa municipal sin revisión; hay distribuidoras locales."
andalucia,Beires,"e-distribución Redes Digitales, S.L.U.",regional_default_candidate,needs_municipal_review,no,e-distribución — distribución eléctrica,https://www.edistribucion.com/es/conocenos/instalaciones-distribucion-red/distribucion-electrica.html,official_distributor_public,2026-05-06,"e-distribución declara presencia en Andalucía, pero no se asume cobertura completa municipal sin revisión; hay distribuidoras locales."
andalucia,Belalcázar,"e-distribución Redes Digitales, S.L.U.",regional_default_candidate,needs_municipal_review,no,e-distribución — distribución eléctrica,https://www.edistribucion.com/es/conocenos/instalaciones-distribucion-red/distribucion-electrica.html,official_distributor_public,2026-05-06,"e-distribución declara presencia en Andalucía, pero no se asume cobertura completa municipal sin revisión; hay distribuidoras locales."
andalucia,Belmez,"e-distribución Redes Digitales, S.L.U.",regional_default_candidate,needs_municipal_review,no,e-distribución — distribución eléctrica,https://www.edistribucion.com/es/conocenos/instalaciones-distribucion-red/distribucion-electrica.html,official_distributor_public,2026-05-06,"e-distribución declara presencia en Andalucía, pero no se asume cobertura completa municipal sin revisión; hay distribuidoras locales."
andalucia,Bélmez de la Moraleda,"e-distribución Redes Digitales, S.L.U.",regional_default_candidate,needs_municipal_review,no,e-distribución — distribución eléctrica,https://www.edistribucion.com/es/conocenos/instalaciones-distribucion-red/distribucion-electrica.html,official_distributor_public,2026-05-06,"e-distribución declara presencia en Andalucía, pero no se asume cobertura completa municipal sin revisión; hay distribuidoras locales."
andalucia,Benacazón,"e-distribución Redes Digitales, S.L.U.",regional_default_candidate,needs_municipal_review,no,e-distribución — distribución eléctrica,https://www.edistribucion.com/es/conocenos/instalaciones-distribucion-red/distribucion-electrica.html,official_distributor_public,2026-05-06,"e-distribución declara presencia en Andalucía, pero no se asume cobertura completa municipal sin revisión; hay distribuidoras locales."
andalucia,Benadalid,"e-distribución Redes Digitales, S.L.U.",regional_default_candidate,needs_municipal_review,no,e-distribución — distribución eléctrica,https://www.edistribucion.com/es/conocenos/instalaciones-distribucion-red/distribucion-electrica.html,official_distributor_public,2026-05-06,"e-distribución declara presencia en Andalucía, pero no se asume cobertura completa municipal sin revisión; hay distribuidoras locales."
andalucia,Benahadux,"e-distribución Redes Digitales, S.L.U.",regional_default_candidate,needs_municipal_review,no,e-distribución — distribución eléctrica,https://www.edistribucion.com/es/conocenos/instalaciones-distribucion-red/distribucion-electrica.html,official_distributor_public,2026-05-06,"e-distribución declara presencia en Andalucía, pero no se asume cobertura completa municipal sin revisión; hay distribuidoras locales."
andalucia,Benahavís,"e-distribución Redes Digitales, S.L.U.",regional_default_candidate,needs_municipal_review,no,e-distribución — distribución eléctrica,https://www.edistribucion.com/es/conocenos/instalaciones-distribucion-red/distribucion-electrica.html,official_distributor_public,2026-05-06,"e-distribución declara presencia en Andalucía, pero no se asume cobertura completa municipal sin revisión; hay distribuidoras locales."
andalucia,Benalauría,"e-distribución Redes Digitales, S.L.U.",regional_default_candidate,needs_municipal_review,no,e-distribución — distribución eléctrica,https://www.edistribucion.com/es/conocenos/instalaciones-distribucion-red/distribucion-electrica.html,official_distributor_public,2026-05-06,"e-distribución declara presencia en Andalucía, pero no se asume cobertura completa municipal sin revisión; hay distribuidoras locales."
andalucia,Benalmádena,"e-distribución Redes Digitales, S.L.U.",regional_default_candidate,needs_municipal_review,no,e-distribución — distribución eléctrica,https://www.edistribucion.com/es/conocenos/instalaciones-distribucion-red/distribucion-electrica.html,official_distributor_public,2026-05-06,"e-distribución declara presencia en Andalucía, pero no se asume cobertura completa municipal sin revisión; hay distribuidoras locales."
andalucia,Benalúa,"e-distribución Redes Digitales, S.L.U.",regional_default_candidate,needs_municipal_review,no,e-distribución — distribución eléctrica,https://www.edistribucion.com/es/conocenos/instalaciones-distribucion-red/distribucion-electrica.html,official_distributor_public,2026-05-06,"e-distribución declara presencia en Andalucía, pero no se asume cobertura completa municipal sin revisión; hay distribuidoras locales."
andalucia,Benalúa de las Villas,"e-distribución Redes Digitales, S.L.U.",regional_default_candidate,needs_municipal_review,no,e-distribución — distribución eléctrica,https://www.edistribucion.com/es/conocenos/instalaciones-distribucion-red/distribucion-electrica.html,official_distributor_public,2026-05-06,"e-distribución declara presencia en Andalucía, pero no se asume cobertura completa municipal sin revisión; hay distribuidoras locales."
andalucia,Benalup-Casas Viejas,"e-distribución Redes Digitales, S.L.U.",regional_default_candidate,needs_municipal_review,no,e-distribución — distribución eléctrica,https://www.edistribucion.com/es/conocenos/instalaciones-distribucion-red/distribucion-electrica.html,official_distributor_public,2026-05-06,"e-distribución declara presencia en Andalucía, pero no se asume cobertura completa municipal sin revisión; hay distribuidoras locales."
andalucia,Benamargosa,"e-distribución Redes Digitales, S.L.U.",regional_default_candidate,needs_municipal_review,no,e-distribución — distribución eléctrica,https://www.edistribucion.com/es/conocenos/instalaciones-distribucion-red/distribucion-electrica.html,official_distributor_public,2026-05-06,"e-distribución declara presencia en Andalucía, pero no se asume cobertura completa municipal sin revisión; hay distribuidoras locales."
andalucia,Benamaurel,"e-distribución Redes Digitales, S.L.U.",regional_default_candidate,needs_municipal_review,no,e-distribución — distribución eléctrica,https://www.edistribucion.com/es/conocenos/instalaciones-distribucion-red/distribucion-electrica.html,official_distributor_public,2026-05-06,"e-distribución declara presencia en Andalucía, pero no se asume cobertura completa municipal sin revisión; hay distribuidoras locales."
andalucia,Benamejí,"e-distribución Redes Digitales, S.L.U.",regional_default_candidate,needs_municipal_review,no,e-distribución — distribución eléctrica,https://www.edistribucion.com/es/conocenos/instalaciones-distribucion-red/distribucion-electrica.html,official_distributor_public,2026-05-06,"e-distribución declara presencia en Andalucía, pero no se asume cobertura completa municipal sin revisión; hay distribuidoras locales."
andalucia,Benamocarra,"e-distribución Redes Digitales, S.L.U.",regional_default_candidate,needs_municipal_review,no,e-distribución — distribución eléctrica,https://www.edistribucion.com/es/conocenos/instalaciones-distribucion-red/distribucion-electrica.html,official_distributor_public,2026-05-06,"e-distribución declara presencia en Andalucía, pero no se asume cobertura completa municipal sin revisión; hay distribuidoras locales."
andalucia,Benaocaz,"e-distribución Redes Digitales, S.L.U.",regional_default_candidate,needs_municipal_review,no,e-distribución — distribución eléctrica,https://www.edistribucion.com/es/conocenos/instalaciones-distribucion-red/distribucion-electrica.html,official_distributor_public,2026-05-06,"e-distribución declara presencia en Andalucía, pero no se asume cobertura completa municipal sin revisión; hay distribuidoras locales."
andalucia,Benaoján,"e-distribución Redes Digitales, S.L.U.",regional_default_candidate,needs_municipal_review,no,e-distribución — distribución eléctrica,https://www.edistribucion.com/es/conocenos/instalaciones-distribucion-red/distribucion-electrica.html,official_distributor_public,2026-05-06,"e-distribución declara presencia en Andalucía, pero no se asume cobertura completa municipal sin revisión; hay distribuidoras locales."
andalucia,Benarrabá,"e-distribución Redes Digitales, S.L.U.",regional_default_candidate,needs_municipal_review,no,e-distribución — distribución eléctrica,https://www.edistribucion.com/es/conocenos/instalaciones-distribucion-red/distribucion-electrica.html,official_distributor_public,2026-05-06,"e-distribución declara presencia en Andalucía, pero no se asume cobertura completa municipal sin revisión; hay distribuidoras locales."
andalucia,Benatae,"e-distribución Redes Digitales, S.L.U.",regional_default_candidate,needs_municipal_review,no,e-distribución — distribución eléctrica,https://www.edistribucion.com/es/conocenos/instalaciones-distribucion-red/distribucion-electrica.html,official_distributor_public,2026-05-06,"e-distribución declara presencia en Andalucía, pero no se asume cobertura completa municipal sin revisión; hay distribuidoras locales."
andalucia,Benitagla,"e-distribución Redes Digitales, S.L.U.",regional_default_candidate,needs_municipal_review,no,e-distribución — distribución eléctrica,https://www.edistribucion.com/es/conocenos/instalaciones-distribucion-red/distribucion-electrica.html,official_distributor_public,2026-05-06,"e-distribución declara presencia en Andalucía, pero no se asume cobertura completa municipal sin revisión; hay distribuidoras locales."
andalucia,Benizalón,"e-distribución Redes Digitales, S.L.U.",regional_default_candidate,needs_municipal_review,no,e-distribución — distribución eléctrica,https://www.edistribucion.com/es/conocenos/instalaciones-distribucion-red/distribucion-electrica.html,official_distributor_public,2026-05-06,"e-distribución declara presencia en Andalucía, pero no se asume cobertura completa municipal sin revisión; hay distribuidoras locales."
andalucia,Bentarique,"e-distribución Redes Digitales, S.L.U.",regional_default_candidate,needs_municipal_review,no,e-distribución — distribución eléctrica,https://www.edistribucion.com/es/conocenos/instalaciones-distribucion-red/distribucion-electrica.html,official_distributor_public,2026-05-06,"e-distribución declara presencia en Andalucía, pero no se asume cobertura completa municipal sin revisión; hay distribuidoras locales."
andalucia,Bérchules,"e-distribución Redes Digitales, S.L.U.",regional_default_candidate,needs_municipal_review,no,e-distribución — distribución eléctrica,https://www.edistribucion.com/es/conocenos/instalaciones-distribucion-red/distribucion-electrica.html,official_distributor_public,2026-05-06,"e-distribución declara presencia en Andalucía, pero no se asume cobertura completa municipal sin revisión; hay distribuidoras locales."
andalucia,Berja,"e-distribución Redes Digitales, S.L.U.",regional_default_candidate,needs_municipal_review,no,e-distribución — distribución eléctrica,https://www.edistribucion.com/es/conocenos/instalaciones-distribucion-red/distribucion-electrica.html,official_distributor_public,2026-05-06,"e-distribución declara presencia en Andalucía, pero no se asume cobertura completa municipal sin revisión; hay distribuidoras locales."
andalucia,Berrocal,"e-distribución Redes Digitales, S.L.U.",regional_default_candidate,needs_municipal_review,no,e-distribución — distribución eléctrica,https://www.edistribucion.com/es/conocenos/instalaciones-distribucion-red/distribucion-electrica.html,official_distributor_public,2026-05-06,"e-distribución declara presencia en Andalucía, pero no se asume cobertura completa municipal sin revisión; hay distribuidoras locales."
andalucia,Bollullos de la Mitación,"e-distribución Redes Digitales, S.L.U.",regional_default_candidate,needs_municipal_review,no,e-distribución — distribución eléctrica,https://www.edistribucion.com/es/conocenos/instalaciones-distribucion-red/distribucion-electrica.html,official_distributor_public,2026-05-06,"e-distribución declara presencia en Andalucía, pero no se asume cobertura completa municipal sin revisión; hay distribuidoras locales."
andalucia,Bollullos Par del Condado,"e-distribución Redes Digitales, S.L.U.",regional_default_candidate,needs_municipal_review,no,e-distribución — distribución eléctrica,https://www.edistribucion.com/es/conocenos/instalaciones-distribucion-red/distribucion-electrica.html,official_distributor_public,2026-05-06,"e-distribución declara presencia en Andalucía, pero no se asume cobertura completa municipal sin revisión; hay distribuidoras locales."
andalucia,Bonares,"e-distribución Redes Digitales, S.L.U.",regional_default_candidate,needs_municipal_review,no,e-distribución — distribución eléctrica,https://www.edistribucion.com/es/conocenos/instalaciones-distribucion-red/distribucion-electrica.html,official_distributor_public,2026-05-06,"e-distribución declara presencia en Andalucía, pero no se asume cobertura completa municipal sin revisión; hay distribuidoras locales."
andalucia,Bormujos,"e-distribución Redes Digitales, S.L.U.",regional_default_candidate,needs_municipal_review,no,e-distribución — distribución eléctrica,https://www.edistribucion.com/es/conocenos/instalaciones-distribucion-red/distribucion-electrica.html,official_distributor_public,2026-05-06,"e-distribución declara presencia en Andalucía, pero no se asume cobertura completa municipal sin revisión; hay distribuidoras locales."
andalucia,Bornos,"e-distribución Redes Digitales, S.L.U.",regional_default_candidate,needs_municipal_review,no,e-distribución — distribución eléctrica,https://www.edistribucion.com/es/conocenos/instalaciones-distribucion-red/distribucion-electrica.html,official_distributor_public,2026-05-06,"e-distribución declara presencia en Andalucía, pero no se asume cobertura completa municipal sin revisión; hay distribuidoras locales."
andalucia,Brenes,"e-distribución Redes Digitales, S.L.U.",regional_default_candidate,needs_municipal_review,no,e-distribución — distribución eléctrica,https://www.edistribucion.com/es/conocenos/instalaciones-distribucion-red/distribucion-electrica.html,official_distributor_public,2026-05-06,"e-distribución declara presencia en Andalucía, pero no se asume cobertura completa municipal sin revisión; hay distribuidoras locales."
andalucia,Bubión,"e-distribución Redes Digitales, S.L.U.",regional_default_candidate,needs_municipal_review,no,e-distribución — distribución eléctrica,https://www.edistribucion.com/es/conocenos/instalaciones-distribucion-red/distribucion-electrica.html,official_distributor_public,2026-05-06,"e-distribución declara presencia en Andalucía, pero no se asume cobertura completa municipal sin revisión; hay distribuidoras locales."
andalucia,Bujalance,"e-distribución Redes Digitales, S.L.U.",regional_default_candidate,needs_municipal_review,no,e-distribución — distribución eléctrica,https://www.edistribucion.com/es/conocenos/instalaciones-distribucion-red/distribucion-electrica.html,official_distributor_public,2026-05-06,"e-distribución declara presencia en Andalucía, pero no se asume cobertura completa municipal sin revisión; hay distribuidoras locales."
andalucia,Burguillos,"e-distribución Redes Digitales, S.L.U.",regional_default_candidate,needs_municipal_review,no,e-distribución — distribución eléctrica,https://www.edistribucion.com/es/conocenos/instalaciones-distribucion-red/distribucion-electrica.html,official_distributor_public,2026-05-06,"e-distribución declara presencia en Andalucía, pero no se asume cobertura completa municipal sin revisión; hay distribuidoras locales."
andalucia,Busquístar,"e-distribución Redes Digitales, S.L.U.",regional_default_candidate,needs_municipal_review,no,e-distribución — distribución eléctrica,https://www.edistribucion.com/es/conocenos/instalaciones-distribucion-red/distribucion-electrica.html,official_distributor_public,2026-05-06,"e-distribución declara presencia en Andalucía, pero no se asume cobertura completa municipal sin revisión; hay distribuidoras locales."
andalucia,Cabezas Rubias,"e-distribución Redes Digitales, S.L.U.",regional_default_candidate,needs_municipal_review,no,e-distribución — distribución eléctrica,https://www.edistribucion.com/es/conocenos/instalaciones-distribucion-red/distribucion-electrica.html,official_distributor_public,2026-05-06,"e-distribución declara presencia en Andalucía, pero no se asume cobertura completa municipal sin revisión; hay distribuidoras locales."
andalucia,Cabra,"e-distribución Redes Digitales, S.L.U.",regional_default_candidate,needs_municipal_review,no,e-distribución — distribución eléctrica,https://www.edistribucion.com/es/conocenos/instalaciones-distribucion-red/distribucion-electrica.html,official_distributor_public,2026-05-06,"e-distribución declara presencia en Andalucía, pero no se asume cobertura completa municipal sin revisión; hay distribuidoras locales."
andalucia,Cabra del Santo Cristo,"e-distribución Redes Digitales, S.L.U.",regional_default_candidate,needs_municipal_review,no,e-distribución — distribución eléctrica,https://www.edistribucion.com/es/conocenos/instalaciones-distribucion-red/distribucion-electrica.html,official_distributor_public,2026-05-06,"e-distribución declara presencia en Andalucía, pero no se asume cobertura completa municipal sin revisión; hay distribuidoras locales."
andalucia,Cacín,"e-distribución Redes Digitales, S.L.U.",regional_default_candidate,needs_municipal_review,no,e-distribución — distribución eléctrica,https://www.edistribucion.com/es/conocenos/instalaciones-distribucion-red/distribucion-electrica.html,official_distributor_public,2026-05-06,"e-distribución declara presencia en Andalucía, pero no se asume cobertura completa municipal sin revisión; hay distribuidoras locales."
andalucia,Cádiar,"e-distribución Redes Digitales, S.L.U.",regional_default_candidate,needs_municipal_review,no,e-distribución — distribución eléctrica,https://www.edistribucion.com/es/conocenos/instalaciones-distribucion-red/distribucion-electrica.html,official_distributor_public,2026-05-06,"e-distribución declara presencia en Andalucía, pero no se asume cobertura completa municipal sin revisión; hay distribuidoras locales."
andalucia,Cádiz,"e-distribución Redes Digitales, S.L.U.",regional_default_candidate,needs_municipal_review,no,e-distribución — distribución eléctrica,https://www.edistribucion.com/es/conocenos/instalaciones-distribucion-red/distribucion-electrica.html,official_distributor_public,2026-05-06,"e-distribución declara presencia en Andalucía, pero no se asume cobertura completa municipal sin revisión; hay distribuidoras locales."
andalucia,Cájar,"e-distribución Redes Digitales, S.L.U.",regional_default_candidate,needs_municipal_review,no,e-distribución — distribución eléctrica,https://www.edistribucion.com/es/conocenos/instalaciones-distribucion-red/distribucion-electrica.html,official_distributor_public,2026-05-06,"e-distribución declara presencia en Andalucía, pero no se asume cobertura completa municipal sin revisión; hay distribuidoras locales."
andalucia,Cala,"e-distribución Redes Digitales, S.L.U.",regional_default_candidate,needs_municipal_review,no,e-distribución — distribución eléctrica,https://www.edistribucion.com/es/conocenos/instalaciones-distribucion-red/distribucion-electrica.html,official_distributor_public,2026-05-06,"e-distribución declara presencia en Andalucía, pero no se asume cobertura completa municipal sin revisión; hay distribuidoras locales."
andalucia,Calañas,"e-distribución Redes Digitales, S.L.U.",regional_default_candidate,needs_municipal_review,no,e-distribución — distribución eléctrica,https://www.edistribucion.com/es/conocenos/instalaciones-distribucion-red/distribucion-electrica.html,official_distributor_public,2026-05-06,"e-distribución declara presencia en Andalucía, pero no se asume cobertura completa municipal sin revisión; hay distribuidoras locales."
andalucia,Calicasas,"e-distribución Redes Digitales, S.L.U.",regional_default_candidate,needs_municipal_review,no,e-distribución — distribución eléctrica,https://www.edistribucion.com/es/conocenos/instalaciones-distribucion-red/distribucion-electrica.html,official_distributor_public,2026-05-06,"e-distribución declara presencia en Andalucía, pero no se asume cobertura completa municipal sin revisión; hay distribuidoras locales."
andalucia,Camas,"e-distribución Redes Digitales, S.L.U.",regional_default_candidate,needs_municipal_review,no,e-distribución — distribución eléctrica,https://www.edistribucion.com/es/conocenos/instalaciones-distribucion-red/distribucion-electrica.html,official_distributor_public,2026-05-06,"e-distribución declara presencia en Andalucía, pero no se asume cobertura completa municipal sin revisión; hay distribuidoras locales."
andalucia,Cambil,"e-distribución Redes Digitales, S.L.U.",regional_default_candidate,needs_municipal_review,no,e-distribución — distribución eléctrica,https://www.edistribucion.com/es/conocenos/instalaciones-distribucion-red/distribucion-electrica.html,official_distributor_public,2026-05-06,"e-distribución declara presencia en Andalucía, pero no se asume cobertura completa municipal sin revisión; hay distribuidoras locales."
andalucia,Campillo de Arenas,"e-distribución Redes Digitales, S.L.U.",regional_default_candidate,needs_municipal_review,no,e-distribución — distribución eléctrica,https://www.edistribucion.com/es/conocenos/instalaciones-distribucion-red/distribucion-electrica.html,official_distributor_public,2026-05-06,"e-distribución declara presencia en Andalucía, pero no se asume cobertura completa municipal sin revisión; hay distribuidoras locales."
andalucia,Campillos,"e-distribución Redes Digitales, S.L.U.",regional_default_candidate,needs_municipal_review,no,e-distribución — distribución eléctrica,https://www.edistribucion.com/es/conocenos/instalaciones-distribucion-red/distribucion-electrica.html,official_distributor_public,2026-05-06,"e-distribución declara presencia en Andalucía, pero no se asume cobertura completa municipal sin revisión; hay distribuidoras locales."
andalucia,Campofrío,"e-distribución Redes Digitales, S.L.U.",regional_default_candidate,needs_municipal_review,no,e-distribución — distribución eléctrica,https://www.edistribucion.com/es/conocenos/instalaciones-distribucion-red/distribucion-electrica.html,official_distributor_public,2026-05-06,"e-distribución declara presencia en Andalucía, pero no se asume cobertura completa municipal sin revisión; hay distribuidoras locales."
andalucia,Campotéjar,"e-distribución Redes Digitales, S.L.U.",regional_default_candidate,needs_municipal_review,no,e-distribución — distribución eléctrica,https://www.edistribucion.com/es/conocenos/instalaciones-distribucion-red/distribucion-electrica.html,official_distributor_public,2026-05-06,"e-distribución declara presencia en Andalucía, pero no se asume cobertura completa municipal sin revisión; hay distribuidoras locales."
andalucia,Cañada Rosal,"e-distribución Redes Digitales, S.L.U.",regional_default_candidate,needs_municipal_review,no,e-distribución — distribución eléctrica,https://www.edistribucion.com/es/conocenos/instalaciones-distribucion-red/distribucion-electrica.html,official_distributor_public,2026-05-06,"e-distribución declara presencia en Andalucía, pero no se asume cobertura completa municipal sin revisión; hay distribuidoras locales."
andalucia,Cáñar,"e-distribución Redes Digitales, S.L.U.",regional_default_candidate,needs_municipal_review,no,e-distribución — distribución eléctrica,https://www.edistribucion.com/es/conocenos/instalaciones-distribucion-red/distribucion-electrica.html,official_distributor_public,2026-05-06,"e-distribución declara presencia en Andalucía, pero no se asume cobertura completa municipal sin revisión; hay distribuidoras locales."
andalucia,Cañaveral de León,"e-distribución Redes Digitales, S.L.U.",regional_default_candidate,needs_municipal_review,no,e-distribución — distribución eléctrica,https://www.edistribucion.com/es/conocenos/instalaciones-distribucion-red/distribucion-electrica.html,official_distributor_public,2026-05-06,"e-distribución declara presencia en Andalucía, pero no se asume cobertura completa municipal sin revisión; hay distribuidoras locales."
andalucia,Canena,"e-distribución Redes Digitales, S.L.U.",regional_default_candidate,needs_municipal_review,no,e-distribución — distribución eléctrica,https://www.edistribucion.com/es/conocenos/instalaciones-distribucion-red/distribucion-electrica.html,official_distributor_public,2026-05-06,"e-distribución declara presencia en Andalucía, pero no se asume cobertura completa municipal sin revisión; hay distribuidoras locales."
andalucia,Cañete de las Torres,"e-distribución Redes Digitales, S.L.U.",regional_default_candidate,needs_municipal_review,no,e-distribución — distribución eléctrica,https://www.edistribucion.com/es/conocenos/instalaciones-distribucion-red/distribucion-electrica.html,official_distributor_public,2026-05-06,"e-distribución declara presencia en Andalucía, pero no se asume cobertura completa municipal sin revisión; hay distribuidoras locales."
andalucia,Cañete la Real,"e-distribución Redes Digitales, S.L.U.",regional_default_candidate,needs_municipal_review,no,e-distribución — distribución eléctrica,https://www.edistribucion.com/es/conocenos/instalaciones-distribucion-red/distribucion-electrica.html,official_distributor_public,2026-05-06,"e-distribución declara presencia en Andalucía, pero no se asume cobertura completa municipal sin revisión; hay distribuidoras locales."
andalucia,Caniles,"e-distribución Redes Digitales, S.L.U.",regional_default_candidate,needs_municipal_review,no,e-distribución — distribución eléctrica,https://www.edistribucion.com/es/conocenos/instalaciones-distribucion-red/distribucion-electrica.html,official_distributor_public,2026-05-06,"e-distribución declara presencia en Andalucía, pero no se asume cobertura completa municipal sin revisión; hay distribuidoras locales."
andalucia,Canillas de Aceituno,"e-distribución Redes Digitales, S.L.U.",regional_default_candidate,needs_municipal_review,no,e-distribución — distribución eléctrica,https://www.edistribucion.com/es/conocenos/instalaciones-distribucion-red/distribucion-electrica.html,official_distributor_public,2026-05-06,"e-distribución declara presencia en Andalucía, pero no se asume cobertura completa municipal sin revisión; hay distribuidoras locales."
andalucia,Canillas de Albaida,"e-distribución Redes Digitales, S.L.U.",regional_default_candidate,needs_municipal_review,no,e-distribución — distribución eléctrica,https://www.edistribucion.com/es/conocenos/instalaciones-distribucion-red/distribucion-electrica.html,official_distributor_public,2026-05-06,"e-distribución declara presencia en Andalucía, pero no se asume cobertura completa municipal sin revisión; hay distribuidoras locales."
andalucia,Canjáyar,"e-distribución Redes Digitales, S.L.U.",regional_default_candidate,needs_municipal_review,no,e-distribución — distribución eléctrica,https://www.edistribucion.com/es/conocenos/instalaciones-distribucion-red/distribucion-electrica.html,official_distributor_public,2026-05-06,"e-distribución declara presencia en Andalucía, pero no se asume cobertura completa municipal sin revisión; hay distribuidoras locales."
andalucia,Cantillana,"e-distribución Redes Digitales, S.L.U.",regional_default_candidate,needs_municipal_review,no,e-distribución — distribución eléctrica,https://www.edistribucion.com/es/conocenos/instalaciones-distribucion-red/distribucion-electrica.html,official_distributor_public,2026-05-06,"e-distribución declara presencia en Andalucía, pero no se asume cobertura completa municipal sin revisión; hay distribuidoras locales."
andalucia,Cantoria,"e-distribución Redes Digitales, S.L.U.",regional_default_candidate,needs_municipal_review,no,e-distribución — distribución eléctrica,https://www.edistribucion.com/es/conocenos/instalaciones-distribucion-red/distribucion-electrica.html,official_distributor_public,2026-05-06,"e-distribución declara presencia en Andalucía, pero no se asume cobertura completa municipal sin revisión; hay distribuidoras locales."
andalucia,Capileira,"e-distribución Redes Digitales, S.L.U.",regional_default_candidate,needs_municipal_review,no,e-distribución — distribución eléctrica,https://www.edistribucion.com/es/conocenos/instalaciones-distribucion-red/distribucion-electrica.html,official_distributor_public,2026-05-06,"e-distribución declara presencia en Andalucía, pero no se asume cobertura completa municipal sin revisión; hay distribuidoras locales."
andalucia,Carataunas,"e-distribución Redes Digitales, S.L.U.",regional_default_candidate,needs_municipal_review,no,e-distribución — distribución eléctrica,https://www.edistribucion.com/es/conocenos/instalaciones-distribucion-red/distribucion-electrica.html,official_distributor_public,2026-05-06,"e-distribución declara presencia en Andalucía, pero no se asume cobertura completa municipal sin revisión; hay distribuidoras locales."
andalucia,Carboneras,"e-distribución Redes Digitales, S.L.U.",regional_default_candidate,needs_municipal_review,no,e-distribución — distribución eléctrica,https://www.edistribucion.com/es/conocenos/instalaciones-distribucion-red/distribucion-electrica.html,official_distributor_public,2026-05-06,"e-distribución declara presencia en Andalucía, pero no se asume cobertura completa municipal sin revisión; hay distribuidoras locales."
andalucia,Carboneros,"e-distribución Redes Digitales, S.L.U.",regional_default_candidate,needs_municipal_review,no,e-distribución — distribución eléctrica,https://www.edistribucion.com/es/conocenos/instalaciones-distribucion-red/distribucion-electrica.html,official_distributor_public,2026-05-06,"e-distribución declara presencia en Andalucía, pero no se asume cobertura completa municipal sin revisión; hay distribuidoras locales."
andalucia,Carcabuey,"e-distribución Redes Digitales, S.L.U.",regional_default_candidate,needs_municipal_review,no,e-distribución — distribución eléctrica,https://www.edistribucion.com/es/conocenos/instalaciones-distribucion-red/distribucion-electrica.html,official_distributor_public,2026-05-06,"e-distribución declara presencia en Andalucía, pero no se asume cobertura completa municipal sin revisión; hay distribuidoras locales."
andalucia,Cárcheles,"e-distribución Redes Digitales, S.L.U.",regional_default_candidate,needs_municipal_review,no,e-distribución — distribución eléctrica,https://www.edistribucion.com/es/conocenos/instalaciones-distribucion-red/distribucion-electrica.html,official_distributor_public,2026-05-06,"e-distribución declara presencia en Andalucía, pero no se asume cobertura completa municipal sin revisión; hay distribuidoras locales."
andalucia,Cardeña,"e-distribución Redes Digitales, S.L.U.",regional_default_candidate,needs_municipal_review,no,e-distribución — distribución eléctrica,https://www.edistribucion.com/es/conocenos/instalaciones-distribucion-red/distribucion-electrica.html,official_distributor_public,2026-05-06,"e-distribución declara presencia en Andalucía, pero no se asume cobertura completa municipal sin revisión; hay distribuidoras locales."
andalucia,Carmona,"e-distribución Redes Digitales, S.L.U.",regional_default_candidate,needs_municipal_review,no,e-distribución — distribución eléctrica,https://www.edistribucion.com/es/conocenos/instalaciones-distribucion-red/distribucion-electrica.html,official_distributor_public,2026-05-06,"e-distribución declara presencia en Andalucía, pero no se asume cobertura completa municipal sin revisión; hay distribuidoras locales."
andalucia,Carratraca,"e-distribución Redes Digitales, S.L.U.",regional_default_candidate,needs_municipal_review,no,e-distribución — distribución eléctrica,https://www.edistribucion.com/es/conocenos/instalaciones-distribucion-red/distribucion-electrica.html,official_distributor_public,2026-05-06,"e-distribución declara presencia en Andalucía, pero no se asume cobertura completa municipal sin revisión; hay distribuidoras locales."
andalucia,Carrión de los Céspedes,"e-distribución Redes Digitales, S.L.U.",regional_default_candidate,needs_municipal_review,no,e-distribución — distribución eléctrica,https://www.edistribucion.com/es/conocenos/instalaciones-distribucion-red/distribucion-electrica.html,official_distributor_public,2026-05-06,"e-distribución declara presencia en Andalucía, pero no se asume cobertura completa municipal sin revisión; hay distribuidoras locales."
andalucia,Cartajima,"e-distribución Redes Digitales, S.L.U.",regional_default_candidate,needs_municipal_review,no,e-distribución — distribución eléctrica,https://www.edistribucion.com/es/conocenos/instalaciones-distribucion-red/distribucion-electrica.html,official_distributor_public,2026-05-06,"e-distribución declara presencia en Andalucía, pero no se asume cobertura completa municipal sin revisión; hay distribuidoras locales."
andalucia,Cártama,"e-distribución Redes Digitales, S.L.U.",regional_default_candidate,needs_municipal_review,no,e-distribución — distribución eléctrica,https://www.edistribucion.com/es/conocenos/instalaciones-distribucion-red/distribucion-electrica.html,official_distributor_public,2026-05-06,"e-distribución declara presencia en Andalucía, pero no se asume cobertura completa municipal sin revisión; hay distribuidoras locales."
andalucia,Cartaya,"e-distribución Redes Digitales, S.L.U.",regional_default_candidate,needs_municipal_review,no,e-distribución — distribución eléctrica,https://www.edistribucion.com/es/conocenos/instalaciones-distribucion-red/distribucion-electrica.html,official_distributor_public,2026-05-06,"e-distribución declara presencia en Andalucía, pero no se asume cobertura completa municipal sin revisión; hay distribuidoras locales."
andalucia,Casabermeja,"e-distribución Redes Digitales, S.L.U.",regional_default_candidate,needs_municipal_review,no,e-distribución — distribución eléctrica,https://www.edistribucion.com/es/conocenos/instalaciones-distribucion-red/distribucion-electrica.html,official_distributor_public,2026-05-06,"e-distribución declara presencia en Andalucía, pero no se asume cobertura completa municipal sin revisión; hay distribuidoras locales."
andalucia,Casarabonela,"e-distribución Redes Digitales, S.L.U.",regional_default_candidate,needs_municipal_review,no,e-distribución — distribución eléctrica,https://www.edistribucion.com/es/conocenos/instalaciones-distribucion-red/distribucion-electrica.html,official_distributor_public,2026-05-06,"e-distribución declara presencia en Andalucía, pero no se asume cobertura completa municipal sin revisión; hay distribuidoras locales."
andalucia,Casares,"e-distribución Redes Digitales, S.L.U.",regional_default_candidate,needs_municipal_review,no,e-distribución — distribución eléctrica,https://www.edistribucion.com/es/conocenos/instalaciones-distribucion-red/distribucion-electrica.html,official_distributor_public,2026-05-06,"e-distribución declara presencia en Andalucía, pero no se asume cobertura completa municipal sin revisión; hay distribuidoras locales."
andalucia,Casariche,"e-distribución Redes Digitales, S.L.U.",regional_default_candidate,needs_municipal_review,no,e-distribución — distribución eléctrica,https://www.edistribucion.com/es/conocenos/instalaciones-distribucion-red/distribucion-electrica.html,official_distributor_public,2026-05-06,"e-distribución declara presencia en Andalucía, pero no se asume cobertura completa municipal sin revisión; hay distribuidoras locales."
andalucia,Castaño del Robledo,"e-distribución Redes Digitales, S.L.U.",regional_default_candidate,needs_municipal_review,no,e-distribución — distribución eléctrica,https://www.edistribucion.com/es/conocenos/instalaciones-distribucion-red/distribucion-electrica.html,official_distributor_public,2026-05-06,"e-distribución declara presencia en Andalucía, pero no se asume cobertura completa municipal sin revisión; hay distribuidoras locales."
andalucia,Cástaras,"e-distribución Redes Digitales, S.L.U.",regional_default_candidate,needs_municipal_review,no,e-distribución — distribución eléctrica,https://www.edistribucion.com/es/conocenos/instalaciones-distribucion-red/distribucion-electrica.html,official_distributor_public,2026-05-06,"e-distribución declara presencia en Andalucía, pero no se asume cobertura completa municipal sin revisión; hay distribuidoras locales."
andalucia,Castellar,"e-distribución Redes Digitales, S.L.U.",regional_default_candidate,needs_municipal_review,no,e-distribución — distribución eléctrica,https://www.edistribucion.com/es/conocenos/instalaciones-distribucion-red/distribucion-electrica.html,official_distributor_public,2026-05-06,"e-distribución declara presencia en Andalucía, pero no se asume cobertura completa municipal sin revisión; hay distribuidoras locales."
andalucia,Castellar de la Frontera,"e-distribución Redes Digitales, S.L.U.",regional_default_candidate,needs_municipal_review,no,e-distribución — distribución eléctrica,https://www.edistribucion.com/es/conocenos/instalaciones-distribucion-red/distribucion-electrica.html,official_distributor_public,2026-05-06,"e-distribución declara presencia en Andalucía, pero no se asume cobertura completa municipal sin revisión; hay distribuidoras locales."
andalucia,Castilblanco de los Arroyos,"e-distribución Redes Digitales, S.L.U.",regional_default_candidate,needs_municipal_review,no,e-distribución — distribución eléctrica,https://www.edistribucion.com/es/conocenos/instalaciones-distribucion-red/distribucion-electrica.html,official_distributor_public,2026-05-06,"e-distribución declara presencia en Andalucía, pero no se asume cobertura completa municipal sin revisión; hay distribuidoras locales."
andalucia,Castilleja de Guzmán,"e-distribución Redes Digitales, S.L.U.",regional_default_candidate,needs_municipal_review,no,e-distribución — distribución eléctrica,https://www.edistribucion.com/es/conocenos/instalaciones-distribucion-red/distribucion-electrica.html,official_distributor_public,2026-05-06,"e-distribución declara presencia en Andalucía, pero no se asume cobertura completa municipal sin revisión; hay distribuidoras locales."
andalucia,Castilleja de la Cuesta,"e-distribución Redes Digitales, S.L.U.",regional_default_candidate,needs_municipal_review,no,e-distribución — distribución eléctrica,https://www.edistribucion.com/es/conocenos/instalaciones-distribucion-red/distribucion-electrica.html,official_distributor_public,2026-05-06,"e-distribución declara presencia en Andalucía, pero no se asume cobertura completa municipal sin revisión; hay distribuidoras locales."
andalucia,Castilleja del Campo,"e-distribución Redes Digitales, S.L.U.",regional_default_candidate,needs_municipal_review,no,e-distribución — distribución eléctrica,https://www.edistribucion.com/es/conocenos/instalaciones-distribucion-red/distribucion-electrica.html,official_distributor_public,2026-05-06,"e-distribución declara presencia en Andalucía, pero no se asume cobertura completa municipal sin revisión; hay distribuidoras locales."
andalucia,Castilléjar,"e-distribución Redes Digitales, S.L.U.",regional_default_candidate,needs_municipal_review,no,e-distribución — distribución eléctrica,https://www.edistribucion.com/es/conocenos/instalaciones-distribucion-red/distribucion-electrica.html,official_distributor_public,2026-05-06,"e-distribución declara presencia en Andalucía, pero no se asume cobertura completa municipal sin revisión; hay distribuidoras locales."
andalucia,Castillo de Locubín,"e-distribución Redes Digitales, S.L.U.",regional_default_candidate,needs_municipal_review,no,e-distribución — distribución eléctrica,https://www.edistribucion.com/es/conocenos/instalaciones-distribucion-red/distribucion-electrica.html,official_distributor_public,2026-05-06,"e-distribución declara presencia en Andalucía, pero no se asume cobertura completa municipal sin revisión; hay distribuidoras locales."
andalucia,Castril,"e-distribución Redes Digitales, S.L.U.",regional_default_candidate,needs_municipal_review,no,e-distribución — distribución eléctrica,https://www.edistribucion.com/es/conocenos/instalaciones-distribucion-red/distribucion-electrica.html,official_distributor_public,2026-05-06,"e-distribución declara presencia en Andalucía, pero no se asume cobertura completa municipal sin revisión; hay distribuidoras locales."
andalucia,Castro de Filabres,"e-distribución Redes Digitales, S.L.U.",regional_default_candidate,needs_municipal_review,no,e-distribución — distribución eléctrica,https://www.edistribucion.com/es/conocenos/instalaciones-distribucion-red/distribucion-electrica.html,official_distributor_public,2026-05-06,"e-distribución declara presencia en Andalucía, pero no se asume cobertura completa municipal sin revisión; hay distribuidoras locales."
andalucia,Castro del Río,"e-distribución Redes Digitales, S.L.U.",regional_default_candidate,needs_municipal_review,no,e-distribución — distribución eléctrica,https://www.edistribucion.com/es/conocenos/instalaciones-distribucion-red/distribucion-electrica.html,official_distributor_public,2026-05-06,"e-distribución declara presencia en Andalucía, pero no se asume cobertura completa municipal sin revisión; hay distribuidoras locales."
andalucia,Cazalilla,"e-distribución Redes Digitales, S.L.U.",regional_default_candidate,needs_municipal_review,no,e-distribución — distribución eléctrica,https://www.edistribucion.com/es/conocenos/instalaciones-distribucion-red/distribucion-electrica.html,official_distributor_public,2026-05-06,"e-distribución declara presencia en Andalucía, pero no se asume cobertura completa municipal sin revisión; hay distribuidoras locales."
andalucia,Cazalla de la Sierra,"e-distribución Redes Digitales, S.L.U.",regional_default_candidate,needs_municipal_review,no,e-distribución — distribución eléctrica,https://www.edistribucion.com/es/conocenos/instalaciones-distribucion-red/distribucion-electrica.html,official_distributor_public,2026-05-06,"e-distribución declara presencia en Andalucía, pero no se asume cobertura completa municipal sin revisión; hay distribuidoras locales."
andalucia,Cazorla,"e-distribución Redes Digitales, S.L.U.",regional_default_candidate,needs_municipal_review,no,e-distribución — distribución eléctrica,https://www.edistribucion.com/es/conocenos/instalaciones-distribucion-red/distribucion-electrica.html,official_distributor_public,2026-05-06,"e-distribución declara presencia en Andalucía, pero no se asume cobertura completa municipal sin revisión; hay distribuidoras locales."
andalucia,Cenes de la Vega,"e-distribución Redes Digitales, S.L.U.",regional_default_candidate,needs_municipal_review,no,e-distribución — distribución eléctrica,https://www.edistribucion.com/es/conocenos/instalaciones-distribucion-red/distribucion-electrica.html,official_distributor_public,2026-05-06,"e-distribución declara presencia en Andalucía, pero no se asume cobertura completa municipal sin revisión; hay distribuidoras locales."
andalucia,Chauchina,"e-distribución Redes Digitales, S.L.U.",regional_default_candidate,needs_municipal_review,no,e-distribución — distribución eléctrica,https://www.edistribucion.com/es/conocenos/instalaciones-distribucion-red/distribucion-electrica.html,official_distributor_public,2026-05-06,"e-distribución declara presencia en Andalucía, pero no se asume cobertura completa municipal sin revisión; hay distribuidoras locales."
andalucia,Chercos,"e-distribución Redes Digitales, S.L.U.",regional_default_candidate,needs_municipal_review,no,e-distribución — distribución eléctrica,https://www.edistribucion.com/es/conocenos/instalaciones-distribucion-red/distribucion-electrica.html,official_distributor_public,2026-05-06,"e-distribución declara presencia en Andalucía, pero no se asume cobertura completa municipal sin revisión; hay distribuidoras locales."
andalucia,Chiclana de la Frontera,"e-distribución Redes Digitales, S.L.U.",regional_default_candidate,needs_municipal_review,no,e-distribución — distribución eléctrica,https://www.edistribucion.com/es/conocenos/instalaciones-distribucion-red/distribucion-electrica.html,official_distributor_public,2026-05-06,"e-distribución declara presencia en Andalucía, pero no se asume cobertura completa municipal sin revisión; hay distribuidoras locales."
andalucia,Chiclana de Segura,"e-distribución Redes Digitales, S.L.U.",regional_default_candidate,needs_municipal_review,no,e-distribución — distribución eléctrica,https://www.edistribucion.com/es/conocenos/instalaciones-distribucion-red/distribucion-electrica.html,official_distributor_public,2026-05-06,"e-distribución declara presencia en Andalucía, pero no se asume cobertura completa municipal sin revisión; hay distribuidoras locales."
andalucia,Chilluévar,"e-distribución Redes Digitales, S.L.U.",regional_default_candidate,needs_municipal_review,no,e-distribución — distribución eléctrica,https://www.edistribucion.com/es/conocenos/instalaciones-distribucion-red/distribucion-electrica.html,official_distributor_public,2026-05-06,"e-distribución declara presencia en Andalucía, pero no se asume cobertura completa municipal sin revisión; hay distribuidoras locales."
andalucia,Chimeneas,"e-distribución Redes Digitales, S.L.U.",regional_default_candidate,needs_municipal_review,no,e-distribución — distribución eléctrica,https://www.edistribucion.com/es/conocenos/instalaciones-distribucion-red/distribucion-electrica.html,official_distributor_public,2026-05-06,"e-distribución declara presencia en Andalucía, pero no se asume cobertura completa municipal sin revisión; hay distribuidoras locales."
andalucia,Chipiona,"e-distribución Redes Digitales, S.L.U.",regional_default_candidate,needs_municipal_review,no,e-distribución — distribución eléctrica,https://www.edistribucion.com/es/conocenos/instalaciones-distribucion-red/distribucion-electrica.html,official_distributor_public,2026-05-06,"e-distribución declara presencia en Andalucía, pero no se asume cobertura completa municipal sin revisión; hay distribuidoras locales."
andalucia,Chirivel,"e-distribución Redes Digitales, S.L.U.",regional_default_candidate,needs_municipal_review,no,e-distribución — distribución eléctrica,https://www.edistribucion.com/es/conocenos/instalaciones-distribucion-red/distribucion-electrica.html,official_distributor_public,2026-05-06,"e-distribución declara presencia en Andalucía, pero no se asume cobertura completa municipal sin revisión; hay distribuidoras locales."
andalucia,Chucena,"e-distribución Redes Digitales, S.L.U.",regional_default_candidate,needs_municipal_review,no,e-distribución — distribución eléctrica,https://www.edistribucion.com/es/conocenos/instalaciones-distribucion-red/distribucion-electrica.html,official_distributor_public,2026-05-06,"e-distribución declara presencia en Andalucía, pero no se asume cobertura completa municipal sin revisión; hay distribuidoras locales."
andalucia,Churriana de la Vega,"e-distribución Redes Digitales, S.L.U.",regional_default_candidate,needs_municipal_review,no,e-distribución — distribución eléctrica,https://www.edistribucion.com/es/conocenos/instalaciones-distribucion-red/distribucion-electrica.html,official_distributor_public,2026-05-06,"e-distribución declara presencia en Andalucía, pero no se asume cobertura completa municipal sin revisión; hay distribuidoras locales."
andalucia,Cijuela,"e-distribución Redes Digitales, S.L.U.",regional_default_candidate,needs_municipal_review,no,e-distribución — distribución eléctrica,https://www.edistribucion.com/es/conocenos/instalaciones-distribucion-red/distribucion-electrica.html,official_distributor_public,2026-05-06,"e-distribución declara presencia en Andalucía, pero no se asume cobertura completa municipal sin revisión; hay distribuidoras locales."
andalucia,Cóbdar,"e-distribución Redes Digitales, S.L.U.",regional_default_candidate,needs_municipal_review,no,e-distribución — distribución eléctrica,https://www.edistribucion.com/es/conocenos/instalaciones-distribucion-red/distribucion-electrica.html,official_distributor_public,2026-05-06,"e-distribución declara presencia en Andalucía, pero no se asume cobertura completa municipal sin revisión; hay distribuidoras locales."
andalucia,Cogollos de Guadix,"e-distribución Redes Digitales, S.L.U.",regional_default_candidate,needs_municipal_review,no,e-distribución — distribución eléctrica,https://www.edistribucion.com/es/conocenos/instalaciones-distribucion-red/distribucion-electrica.html,official_distributor_public,2026-05-06,"e-distribución declara presencia en Andalucía, pero no se asume cobertura completa municipal sin revisión; hay distribuidoras locales."
andalucia,Cogollos de la Vega,"e-distribución Redes Digitales, S.L.U.",regional_default_candidate,needs_municipal_review,no,e-distribución — distribución eléctrica,https://www.edistribucion.com/es/conocenos/instalaciones-distribucion-red/distribucion-electrica.html,official_distributor_public,2026-05-06,"e-distribución declara presencia en Andalucía, pero no se asume cobertura completa municipal sin revisión; hay distribuidoras locales."
andalucia,Coín,"e-distribución Redes Digitales, S.L.U.",regional_default_candidate,needs_municipal_review,no,e-distribución — distribución eléctrica,https://www.edistribucion.com/es/conocenos/instalaciones-distribucion-red/distribucion-electrica.html,official_distributor_public,2026-05-06,"e-distribución declara presencia en Andalucía, pero no se asume cobertura completa municipal sin revisión; hay distribuidoras locales."
andalucia,Colmenar,"e-distribución Redes Digitales, S.L.U.",regional_default_candidate,needs_municipal_review,no,e-distribución — distribución eléctrica,https://www.edistribucion.com/es/conocenos/instalaciones-distribucion-red/distribucion-electrica.html,official_distributor_public,2026-05-06,"e-distribución declara presencia en Andalucía, pero no se asume cobertura completa municipal sin revisión; hay distribuidoras locales."
andalucia,Colomera,"e-distribución Redes Digitales, S.L.U.",regional_default_candidate,needs_municipal_review,no,e-distribución — distribución eléctrica,https://www.edistribucion.com/es/conocenos/instalaciones-distribucion-red/distribucion-electrica.html,official_distributor_public,2026-05-06,"e-distribución declara presencia en Andalucía, pero no se asume cobertura completa municipal sin revisión; hay distribuidoras locales."
andalucia,Comares,"e-distribución Redes Digitales, S.L.U.",regional_default_candidate,needs_municipal_review,no,e-distribución — distribución eléctrica,https://www.edistribucion.com/es/conocenos/instalaciones-distribucion-red/distribucion-electrica.html,official_distributor_public,2026-05-06,"e-distribución declara presencia en Andalucía, pero no se asume cobertura completa municipal sin revisión; hay distribuidoras locales."
andalucia,Cómpeta,"e-distribución Redes Digitales, S.L.U.",regional_default_candidate,needs_municipal_review,no,e-distribución — distribución eléctrica,https://www.edistribucion.com/es/conocenos/instalaciones-distribucion-red/distribucion-electrica.html,official_distributor_public,2026-05-06,"e-distribución declara presencia en Andalucía, pero no se asume cobertura completa municipal sin revisión; hay distribuidoras locales."
andalucia,Conil de la Frontera,"e-distribución Redes Digitales, S.L.U.",regional_default_candidate,needs_municipal_review,no,e-distribución — distribución eléctrica,https://www.edistribucion.com/es/conocenos/instalaciones-distribucion-red/distribucion-electrica.html,official_distributor_public,2026-05-06,"e-distribución declara presencia en Andalucía, pero no se asume cobertura completa municipal sin revisión; hay distribuidoras locales."
andalucia,Conquista,"e-distribución Redes Digitales, S.L.U.",regional_default_candidate,needs_municipal_review,no,e-distribución — distribución eléctrica,https://www.edistribucion.com/es/conocenos/instalaciones-distribucion-red/distribucion-electrica.html,official_distributor_public,2026-05-06,"e-distribución declara presencia en Andalucía, pero no se asume cobertura completa municipal sin revisión; hay distribuidoras locales."
andalucia,Constantina,"e-distribución Redes Digitales, S.L.U.",regional_default_candidate,needs_municipal_review,no,e-distribución — distribución eléctrica,https://www.edistribucion.com/es/conocenos/instalaciones-distribucion-red/distribucion-electrica.html,official_distributor_public,2026-05-06,"e-distribución declara presencia en Andalucía, pero no se asume cobertura completa municipal sin revisión; hay distribuidoras locales."
andalucia,Córdoba,"e-distribución Redes Digitales, S.L.U.",regional_default_candidate,needs_municipal_review,no,e-distribución — distribución eléctrica,https://www.edistribucion.com/es/conocenos/instalaciones-distribucion-red/distribucion-electrica.html,official_distributor_public,2026-05-06,"e-distribución declara presencia en Andalucía, pero no se asume cobertura completa municipal sin revisión; hay distribuidoras locales."
andalucia,Coria del Río,"e-distribución Redes Digitales, S.L.U.",regional_default_candidate,needs_municipal_review,no,e-distribución — distribución eléctrica,https://www.edistribucion.com/es/conocenos/instalaciones-distribucion-red/distribucion-electrica.html,official_distributor_public,2026-05-06,"e-distribución declara presencia en Andalucía, pero no se asume cobertura completa municipal sin revisión; hay distribuidoras locales."
andalucia,Coripe,"e-distribución Redes Digitales, S.L.U.",regional_default_candidate,needs_municipal_review,no,e-distribución — distribución eléctrica,https://www.edistribucion.com/es/conocenos/instalaciones-distribucion-red/distribucion-electrica.html,official_distributor_public,2026-05-06,"e-distribución declara presencia en Andalucía, pero no se asume cobertura completa municipal sin revisión; hay distribuidoras locales."
andalucia,Corteconcepción,"e-distribución Redes Digitales, S.L.U.",regional_default_candidate,needs_municipal_review,no,e-distribución — distribución eléctrica,https://www.edistribucion.com/es/conocenos/instalaciones-distribucion-red/distribucion-electrica.html,official_distributor_public,2026-05-06,"e-distribución declara presencia en Andalucía, pero no se asume cobertura completa municipal sin revisión; hay distribuidoras locales."
andalucia,Cortegana,"e-distribución Redes Digitales, S.L.U.",regional_default_candidate,needs_municipal_review,no,e-distribución — distribución eléctrica,https://www.edistribucion.com/es/conocenos/instalaciones-distribucion-red/distribucion-electrica.html,official_distributor_public,2026-05-06,"e-distribución declara presencia en Andalucía, pero no se asume cobertura completa municipal sin revisión; hay distribuidoras locales."
andalucia,Cortelazor,"e-distribución Redes Digitales, S.L.U.",regional_default_candidate,needs_municipal_review,no,e-distribución — distribución eléctrica,https://www.edistribucion.com/es/conocenos/instalaciones-distribucion-red/distribucion-electrica.html,official_distributor_public,2026-05-06,"e-distribución declara presencia en Andalucía, pero no se asume cobertura completa municipal sin revisión; hay distribuidoras locales."
andalucia,Cortes de Baza,"e-distribución Redes Digitales, S.L.U.",regional_default_candidate,needs_municipal_review,no,e-distribución — distribución eléctrica,https://www.edistribucion.com/es/conocenos/instalaciones-distribucion-red/distribucion-electrica.html,official_distributor_public,2026-05-06,"e-distribución declara presencia en Andalucía, pero no se asume cobertura completa municipal sin revisión; hay distribuidoras locales."
andalucia,Cortes de la Frontera,"e-distribución Redes Digitales, S.L.U.",regional_default_candidate,needs_municipal_review,no,e-distribución — distribución eléctrica,https://www.edistribucion.com/es/conocenos/instalaciones-distribucion-red/distribucion-electrica.html,official_distributor_public,2026-05-06,"e-distribución declara presencia en Andalucía, pero no se asume cobertura completa municipal sin revisión; hay distribuidoras locales."
andalucia,Cortes y Graena,"e-distribución Redes Digitales, S.L.U.",regional_default_candidate,needs_municipal_review,no,e-distribución — distribución eléctrica,https://www.edistribucion.com/es/conocenos/instalaciones-distribucion-red/distribucion-electrica.html,official_distributor_public,2026-05-06,"e-distribución declara presencia en Andalucía, pero no se asume cobertura completa municipal sin revisión; hay distribuidoras locales."
andalucia,Cuarto del Madroño,"e-distribución Redes Digitales, S.L.U.",regional_default_candidate,needs_municipal_review,no,e-distribución — distribución eléctrica,https://www.edistribucion.com/es/conocenos/instalaciones-distribucion-red/distribucion-electrica.html,official_distributor_public,2026-05-06,"e-distribución declara presencia en Andalucía, pero no se asume cobertura completa municipal sin revisión; hay distribuidoras locales."
andalucia,Cuevas Bajas,"e-distribución Redes Digitales, S.L.U.",regional_default_candidate,needs_municipal_review,no,e-distribución — distribución eléctrica,https://www.edistribucion.com/es/conocenos/instalaciones-distribucion-red/distribucion-electrica.html,official_distributor_public,2026-05-06,"e-distribución declara presencia en Andalucía, pero no se asume cobertura completa municipal sin revisión; hay distribuidoras locales."
andalucia,Cuevas de San Marcos,"e-distribución Redes Digitales, S.L.U.",regional_default_candidate,needs_municipal_review,no,e-distribución — distribución eléctrica,https://www.edistribucion.com/es/conocenos/instalaciones-distribucion-red/distribucion-electrica.html,official_distributor_public,2026-05-06,"e-distribución declara presencia en Andalucía, pero no se asume cobertura completa municipal sin revisión; hay distribuidoras locales."
andalucia,Cuevas del Almanzora,"e-distribución Redes Digitales, S.L.U.",regional_default_candidate,needs_municipal_review,no,e-distribución — distribución eléctrica,https://www.edistribucion.com/es/conocenos/instalaciones-distribucion-red/distribucion-electrica.html,official_distributor_public,2026-05-06,"e-distribución declara presencia en Andalucía, pero no se asume cobertura completa municipal sin revisión; hay distribuidoras locales."
andalucia,Cuevas del Becerro,"e-distribución Redes Digitales, S.L.U.",regional_default_candidate,needs_municipal_review,no,e-distribución — distribución eléctrica,https://www.edistribucion.com/es/conocenos/instalaciones-distribucion-red/distribucion-electrica.html,official_distributor_public,2026-05-06,"e-distribución declara presencia en Andalucía, pero no se asume cobertura completa municipal sin revisión; hay distribuidoras locales."
andalucia,Cuevas del Campo,"e-distribución Redes Digitales, S.L.U.",regional_default_candidate,needs_municipal_review,no,e-distribución — distribución eléctrica,https://www.edistribucion.com/es/conocenos/instalaciones-distribucion-red/distribucion-electrica.html,official_distributor_public,2026-05-06,"e-distribución declara presencia en Andalucía, pero no se asume cobertura completa municipal sin revisión; hay distribuidoras locales."
andalucia,Cúllar,"e-distribución Redes Digitales, S.L.U.",regional_default_candidate,needs_municipal_review,no,e-distribución — distribución eléctrica,https://www.edistribucion.com/es/conocenos/instalaciones-distribucion-red/distribucion-electrica.html,official_distributor_public,2026-05-06,"e-distribución declara presencia en Andalucía, pero no se asume cobertura completa municipal sin revisión; hay distribuidoras locales."
andalucia,Cúllar Vega,"e-distribución Redes Digitales, S.L.U.",regional_default_candidate,needs_municipal_review,no,e-distribución — distribución eléctrica,https://www.edistribucion.com/es/conocenos/instalaciones-distribucion-red/distribucion-electrica.html,official_distributor_public,2026-05-06,"e-distribución declara presencia en Andalucía, pero no se asume cobertura completa municipal sin revisión; hay distribuidoras locales."
andalucia,Cumbres de Enmedio,"e-distribución Redes Digitales, S.L.U.",regional_default_candidate,needs_municipal_review,no,e-distribución — distribución eléctrica,https://www.edistribucion.com/es/conocenos/instalaciones-distribucion-red/distribucion-electrica.html,official_distributor_public,2026-05-06,"e-distribución declara presencia en Andalucía, pero no se asume cobertura completa municipal sin revisión; hay distribuidoras locales."
andalucia,Cumbres de San Bartolomé,"e-distribución Redes Digitales, S.L.U.",regional_default_candidate,needs_municipal_review,no,e-distribución — distribución eléctrica,https://www.edistribucion.com/es/conocenos/instalaciones-distribucion-red/distribucion-electrica.html,official_distributor_public,2026-05-06,"e-distribución declara presencia en Andalucía, pero no se asume cobertura completa municipal sin revisión; hay distribuidoras locales."
andalucia,Cumbres Mayores,"e-distribución Redes Digitales, S.L.U.",regional_default_candidate,needs_municipal_review,no,e-distribución — distribución eléctrica,https://www.edistribucion.com/es/conocenos/instalaciones-distribucion-red/distribucion-electrica.html,official_distributor_public,2026-05-06,"e-distribución declara presencia en Andalucía, pero no se asume cobertura completa municipal sin revisión; hay distribuidoras locales."
andalucia,Cútar,"e-distribución Redes Digitales, S.L.U.",regional_default_candidate,needs_municipal_review,no,e-distribución — distribución eléctrica,https://www.edistribucion.com/es/conocenos/instalaciones-distribucion-red/distribucion-electrica.html,official_distributor_public,2026-05-06,"e-distribución declara presencia en Andalucía, pero no se asume cobertura completa municipal sin revisión; hay distribuidoras locales."
andalucia,Dalías,"e-distribución Redes Digitales, S.L.U.",regional_default_candidate,needs_municipal_review,no,e-distribución — distribución eléctrica,https://www.edistribucion.com/es/conocenos/instalaciones-distribucion-red/distribucion-electrica.html,official_distributor_public,2026-05-06,"e-distribución declara presencia en Andalucía, pero no se asume cobertura completa municipal sin revisión; hay distribuidoras locales."
andalucia,Darro,"e-distribución Redes Digitales, S.L.U.",regional_default_candidate,needs_municipal_review,no,e-distribución — distribución eléctrica,https://www.edistribucion.com/es/conocenos/instalaciones-distribucion-red/distribucion-electrica.html,official_distributor_public,2026-05-06,"e-distribución declara presencia en Andalucía, pero no se asume cobertura completa municipal sin revisión; hay distribuidoras locales."
andalucia,Dehesas de Guadix,"e-distribución Redes Digitales, S.L.U.",regional_default_candidate,needs_municipal_review,no,e-distribución — distribución eléctrica,https://www.edistribucion.com/es/conocenos/instalaciones-distribucion-red/distribucion-electrica.html,official_distributor_public,2026-05-06,"e-distribución declara presencia en Andalucía, pero no se asume cobertura completa municipal sin revisión; hay distribuidoras locales."
andalucia,Dehesas Viejas,"e-distribución Redes Digitales, S.L.U.",regional_default_candidate,needs_municipal_review,no,e-distribución — distribución eléctrica,https://www.edistribucion.com/es/conocenos/instalaciones-distribucion-red/distribucion-electrica.html,official_distributor_public,2026-05-06,"e-distribución declara presencia en Andalucía, pero no se asume cobertura completa municipal sin revisión; hay distribuidoras locales."
andalucia,Deifontes,"e-distribución Redes Digitales, S.L.U.",regional_default_candidate,needs_municipal_review,no,e-distribución — distribución eléctrica,https://www.edistribucion.com/es/conocenos/instalaciones-distribucion-red/distribucion-electrica.html,official_distributor_public,2026-05-06,"e-distribución declara presencia en Andalucía, pero no se asume cobertura completa municipal sin revisión; hay distribuidoras locales."
andalucia,Diezma,"e-distribución Redes Digitales, S.L.U.",regional_default_candidate,needs_municipal_review,no,e-distribución — distribución eléctrica,https://www.edistribucion.com/es/conocenos/instalaciones-distribucion-red/distribucion-electrica.html,official_distributor_public,2026-05-06,"e-distribución declara presencia en Andalucía, pero no se asume cobertura completa municipal sin revisión; hay distribuidoras locales."
andalucia,Dílar,"e-distribución Redes Digitales, S.L.U.",regional_default_candidate,needs_municipal_review,no,e-distribución — distribución eléctrica,https://www.edistribucion.com/es/conocenos/instalaciones-distribucion-red/distribucion-electrica.html,official_distributor_public,2026-05-06,"e-distribución declara presencia en Andalucía, pero no se asume cobertura completa municipal sin revisión; hay distribuidoras locales."
andalucia,Dólar,"e-distribución Redes Digitales, S.L.U.",regional_default_candidate,needs_municipal_review,no,e-distribución — distribución eléctrica,https://www.edistribucion.com/es/conocenos/instalaciones-distribucion-red/distribucion-electrica.html,official_distributor_public,2026-05-06,"e-distribución declara presencia en Andalucía, pero no se asume cobertura completa municipal sin revisión; hay distribuidoras locales."
andalucia,Domingo Pérez de Granada,"e-distribución Redes Digitales, S.L.U.",regional_default_candidate,needs_municipal_review,no,e-distribución — distribución eléctrica,https://www.edistribucion.com/es/conocenos/instalaciones-distribucion-red/distribucion-electrica.html,official_distributor_public,2026-05-06,"e-distribución declara presencia en Andalucía, pero no se asume cobertura completa municipal sin revisión; hay distribuidoras locales."
andalucia,Doña Mencía,"e-distribución Redes Digitales, S.L.U.",regional_default_candidate,needs_municipal_review,no,e-distribución — distribución eléctrica,https://www.edistribucion.com/es/conocenos/instalaciones-distribucion-red/distribucion-electrica.html,official_distributor_public,2026-05-06,"e-distribución declara presencia en Andalucía, pero no se asume cobertura completa municipal sin revisión; hay distribuidoras locales."
andalucia,Dos Hermanas,"e-distribución Redes Digitales, S.L.U.",regional_default_candidate,needs_municipal_review,no,e-distribución — distribución eléctrica,https://www.edistribucion.com/es/conocenos/instalaciones-distribucion-red/distribucion-electrica.html,official_distributor_public,2026-05-06,"e-distribución declara presencia en Andalucía, pero no se asume cobertura completa municipal sin revisión; hay distribuidoras locales."
andalucia,Dos Torres,"e-distribución Redes Digitales, S.L.U.",regional_default_candidate,needs_municipal_review,no,e-distribución — distribución eléctrica,https://www.edistribucion.com/es/conocenos/instalaciones-distribucion-red/distribucion-electrica.html,official_distributor_public,2026-05-06,"e-distribución declara presencia en Andalucía, pero no se asume cobertura completa municipal sin revisión; hay distribuidoras locales."
andalucia,Dúdar,"e-distribución Redes Digitales, S.L.U.",regional_default_candidate,needs_municipal_review,no,e-distribución — distribución eléctrica,https://www.edistribucion.com/es/conocenos/instalaciones-distribucion-red/distribucion-electrica.html,official_distributor_public,2026-05-06,"e-distribución declara presencia en Andalucía, pero no se asume cobertura completa municipal sin revisión; hay distribuidoras locales."
andalucia,Dúrcal,"e-distribución Redes Digitales, S.L.U.",regional_default_candidate,needs_municipal_review,no,e-distribución — distribución eléctrica,https://www.edistribucion.com/es/conocenos/instalaciones-distribucion-red/distribucion-electrica.html,official_distributor_public,2026-05-06,"e-distribución declara presencia en Andalucía, pero no se asume cobertura completa municipal sin revisión; hay distribuidoras locales."
andalucia,Écija,"e-distribución Redes Digitales, S.L.U.",regional_default_candidate,needs_municipal_review,no,e-distribución — distribución eléctrica,https://www.edistribucion.com/es/conocenos/instalaciones-distribucion-red/distribucion-electrica.html,official_distributor_public,2026-05-06,"e-distribución declara presencia en Andalucía, pero no se asume cobertura completa municipal sin revisión; hay distribuidoras locales."
andalucia,El Almendro,"e-distribución Redes Digitales, S.L.U.",regional_default_candidate,needs_municipal_review,no,e-distribución — distribución eléctrica,https://www.edistribucion.com/es/conocenos/instalaciones-distribucion-red/distribucion-electrica.html,official_distributor_public,2026-05-06,"e-distribución declara presencia en Andalucía, pero no se asume cobertura completa municipal sin revisión; hay distribuidoras locales."
andalucia,El Borge,"e-distribución Redes Digitales, S.L.U.",regional_default_candidate,needs_municipal_review,no,e-distribución — distribución eléctrica,https://www.edistribucion.com/es/conocenos/instalaciones-distribucion-red/distribucion-electrica.html,official_distributor_public,2026-05-06,"e-distribución declara presencia en Andalucía, pero no se asume cobertura completa municipal sin revisión; hay distribuidoras locales."
andalucia,El Bosque,"e-distribución Redes Digitales, S.L.U.",regional_default_candidate,needs_municipal_review,no,e-distribución — distribución eléctrica,https://www.edistribucion.com/es/conocenos/instalaciones-distribucion-red/distribucion-electrica.html,official_distributor_public,2026-05-06,"e-distribución declara presencia en Andalucía, pero no se asume cobertura completa municipal sin revisión; hay distribuidoras locales."
andalucia,El Burgo,"e-distribución Redes Digitales, S.L.U.",regional_default_candidate,needs_municipal_review,no,e-distribución — distribución eléctrica,https://www.edistribucion.com/es/conocenos/instalaciones-distribucion-red/distribucion-electrica.html,official_distributor_public,2026-05-06,"e-distribución declara presencia en Andalucía, pero no se asume cobertura completa municipal sin revisión; hay distribuidoras locales."
andalucia,El Campillo,"e-distribución Redes Digitales, S.L.U.",regional_default_candidate,needs_municipal_review,no,e-distribución — distribución eléctrica,https://www.edistribucion.com/es/conocenos/instalaciones-distribucion-red/distribucion-electrica.html,official_distributor_public,2026-05-06,"e-distribución declara presencia en Andalucía, pero no se asume cobertura completa municipal sin revisión; hay distribuidoras locales."
andalucia,El Carpio,"e-distribución Redes Digitales, S.L.U.",regional_default_candidate,needs_municipal_review,no,e-distribución — distribución eléctrica,https://www.edistribucion.com/es/conocenos/instalaciones-distribucion-red/distribucion-electrica.html,official_distributor_public,2026-05-06,"e-distribución declara presencia en Andalucía, pero no se asume cobertura completa municipal sin revisión; hay distribuidoras locales."
andalucia,El Castillo de las Guardas,"e-distribución Redes Digitales, S.L.U.",regional_default_candidate,needs_municipal_review,no,e-distribución — distribución eléctrica,https://www.edistribucion.com/es/conocenos/instalaciones-distribucion-red/distribucion-electrica.html,official_distributor_public,2026-05-06,"e-distribución declara presencia en Andalucía, pero no se asume cobertura completa municipal sin revisión; hay distribuidoras locales."
andalucia,El Cerro de Andévalo,"e-distribución Redes Digitales, S.L.U.",regional_default_candidate,needs_municipal_review,no,e-distribución — distribución eléctrica,https://www.edistribucion.com/es/conocenos/instalaciones-distribucion-red/distribucion-electrica.html,official_distributor_public,2026-05-06,"e-distribución declara presencia en Andalucía, pero no se asume cobertura completa municipal sin revisión; hay distribuidoras locales."
andalucia,El Coronil,"e-distribución Redes Digitales, S.L.U.",regional_default_candidate,needs_municipal_review,no,e-distribución — distribución eléctrica,https://www.edistribucion.com/es/conocenos/instalaciones-distribucion-red/distribucion-electrica.html,official_distributor_public,2026-05-06,"e-distribución declara presencia en Andalucía, pero no se asume cobertura completa municipal sin revisión; hay distribuidoras locales."
andalucia,El Cuervo de Sevilla,"e-distribución Redes Digitales, S.L.U.",regional_default_candidate,needs_municipal_review,no,e-distribución — distribución eléctrica,https://www.edistribucion.com/es/conocenos/instalaciones-distribucion-red/distribucion-electrica.html,official_distributor_public,2026-05-06,"e-distribución declara presencia en Andalucía, pero no se asume cobertura completa municipal sin revisión; hay distribuidoras locales."
andalucia,El Ejido,"e-distribución Redes Digitales, S.L.U.",regional_default_candidate,needs_municipal_review,no,e-distribución — distribución eléctrica,https://www.edistribucion.com/es/conocenos/instalaciones-distribucion-red/distribucion-electrica.html,official_distributor_public,2026-05-06,"e-distribución declara presencia en Andalucía, pero no se asume cobertura completa municipal sin revisión; hay distribuidoras locales."
andalucia,El Garrobo,"e-distribución Redes Digitales, S.L.U.",regional_default_candidate,needs_municipal_review,no,e-distribución — distribución eléctrica,https://www.edistribucion.com/es/conocenos/instalaciones-distribucion-red/distribucion-electrica.html,official_distributor_public,2026-05-06,"e-distribución declara presencia en Andalucía, pero no se asume cobertura completa municipal sin revisión; hay distribuidoras locales."
andalucia,El Gastor,"e-distribución Redes Digitales, S.L.U.",regional_default_candidate,needs_municipal_review,no,e-distribución — distribución eléctrica,https://www.edistribucion.com/es/conocenos/instalaciones-distribucion-red/distribucion-electrica.html,official_distributor_public,2026-05-06,"e-distribución declara presencia en Andalucía, pero no se asume cobertura completa municipal sin revisión; hay distribuidoras locales."
andalucia,El Granado,"e-distribución Redes Digitales, S.L.U.",regional_default_candidate,needs_municipal_review,no,e-distribución — distribución eléctrica,https://www.edistribucion.com/es/conocenos/instalaciones-distribucion-red/distribucion-electrica.html,official_distributor_public,2026-05-06,"e-distribución declara presencia en Andalucía, pero no se asume cobertura completa municipal sin revisión; hay distribuidoras locales."
andalucia,El Guijo,"e-distribución Redes Digitales, S.L.U.",regional_default_candidate,needs_municipal_review,no,e-distribución — distribución eléctrica,https://www.edistribucion.com/es/conocenos/instalaciones-distribucion-red/distribucion-electrica.html,official_distributor_public,2026-05-06,"e-distribución declara presencia en Andalucía, pero no se asume cobertura completa municipal sin revisión; hay distribuidoras locales."
andalucia,El Madroño,"e-distribución Redes Digitales, S.L.U.",regional_default_candidate,needs_municipal_review,no,e-distribución — distribución eléctrica,https://www.edistribucion.com/es/conocenos/instalaciones-distribucion-red/distribucion-electrica.html,official_distributor_public,2026-05-06,"e-distribución declara presencia en Andalucía, pero no se asume cobertura completa municipal sin revisión; hay distribuidoras locales."
andalucia,El Palmar de Troya,"e-distribución Redes Digitales, S.L.U.",regional_default_candidate,needs_municipal_review,no,e-distribución — distribución eléctrica,https://www.edistribucion.com/es/conocenos/instalaciones-distribucion-red/distribucion-electrica.html,official_distributor_public,2026-05-06,"e-distribución declara presencia en Andalucía, pero no se asume cobertura completa municipal sin revisión; hay distribuidoras locales."
andalucia,El Pedroso,"e-distribución Redes Digitales, S.L.U.",regional_default_candidate,needs_municipal_review,no,e-distribución — distribución eléctrica,https://www.edistribucion.com/es/conocenos/instalaciones-distribucion-red/distribucion-electrica.html,official_distributor_public,2026-05-06,"e-distribución declara presencia en Andalucía, pero no se asume cobertura completa municipal sin revisión; hay distribuidoras locales."
andalucia,El Pinar,"e-distribución Redes Digitales, S.L.U.",regional_default_candidate,needs_municipal_review,no,e-distribución — distribución eléctrica,https://www.edistribucion.com/es/conocenos/instalaciones-distribucion-red/distribucion-electrica.html,official_distributor_public,2026-05-06,"e-distribución declara presencia en Andalucía, pero no se asume cobertura completa municipal sin revisión; hay distribuidoras locales."
andalucia,El Puerto de Santa María,"e-distribución Redes Digitales, S.L.U.",regional_default_candidate,needs_municipal_review,no,e-distribución — distribución eléctrica,https://www.edistribucion.com/es/conocenos/instalaciones-distribucion-red/distribucion-electrica.html,official_distributor_public,2026-05-06,"e-distribución declara presencia en Andalucía, pero no se asume cobertura completa municipal sin revisión; hay distribuidoras locales."
andalucia,El Real de la Jara,"e-distribución Redes Digitales, S.L.U.",regional_default_candidate,needs_municipal_review,no,e-distribución — distribución eléctrica,https://www.edistribucion.com/es/conocenos/instalaciones-distribucion-red/distribucion-electrica.html,official_distributor_public,2026-05-06,"e-distribución declara presencia en Andalucía, pero no se asume cobertura completa municipal sin revisión; hay distribuidoras locales."
andalucia,El Ronquillo,"e-distribución Redes Digitales, S.L.U.",regional_default_candidate,needs_municipal_review,no,e-distribución — distribución eléctrica,https://www.edistribucion.com/es/conocenos/instalaciones-distribucion-red/distribucion-electrica.html,official_distributor_public,2026-05-06,"e-distribución declara presencia en Andalucía, pero no se asume cobertura completa municipal sin revisión; hay distribuidoras locales."
andalucia,El Rubio,"e-distribución Redes Digitales, S.L.U.",regional_default_candidate,needs_municipal_review,no,e-distribución — distribución eléctrica,https://www.edistribucion.com/es/conocenos/instalaciones-distribucion-red/distribucion-electrica.html,official_distributor_public,2026-05-06,"e-distribución declara presencia en Andalucía, pero no se asume cobertura completa municipal sin revisión; hay distribuidoras locales."
andalucia,El Saucejo,"e-distribución Redes Digitales, S.L.U.",regional_default_candidate,needs_municipal_review,no,e-distribución — distribución eléctrica,https://www.edistribucion.com/es/conocenos/instalaciones-distribucion-red/distribucion-electrica.html,official_distributor_public,2026-05-06,"e-distribución declara presencia en Andalucía, pero no se asume cobertura completa municipal sin revisión; hay distribuidoras locales."
andalucia,El Valle,"e-distribución Redes Digitales, S.L.U.",regional_default_candidate,needs_municipal_review,no,e-distribución — distribución eléctrica,https://www.edistribucion.com/es/conocenos/instalaciones-distribucion-red/distribucion-electrica.html,official_distributor_public,2026-05-06,"e-distribución declara presencia en Andalucía, pero no se asume cobertura completa municipal sin revisión; hay distribuidoras locales."
andalucia,El Viso,"e-distribución Redes Digitales, S.L.U.",regional_default_candidate,needs_municipal_review,no,e-distribución — distribución eléctrica,https://www.edistribucion.com/es/conocenos/instalaciones-distribucion-red/distribucion-electrica.html,official_distributor_public,2026-05-06,"e-distribución declara presencia en Andalucía, pero no se asume cobertura completa municipal sin revisión; hay distribuidoras locales."
andalucia,El Viso del Alcor,"e-distribución Redes Digitales, S.L.U.",regional_default_candidate,needs_municipal_review,no,e-distribución — distribución eléctrica,https://www.edistribucion.com/es/conocenos/instalaciones-distribucion-red/distribucion-electrica.html,official_distributor_public,2026-05-06,"e-distribución declara presencia en Andalucía, pero no se asume cobertura completa municipal sin revisión; hay distribuidoras locales."
andalucia,Encinas Reales,"e-distribución Redes Digitales, S.L.U.",regional_default_candidate,needs_municipal_review,no,e-distribución — distribución eléctrica,https://www.edistribucion.com/es/conocenos/instalaciones-distribucion-red/distribucion-electrica.html,official_distributor_public,2026-05-06,"e-distribución declara presencia en Andalucía, pero no se asume cobertura completa municipal sin revisión; hay distribuidoras locales."
andalucia,Encinasola,"e-distribución Redes Digitales, S.L.U.",regional_default_candidate,needs_municipal_review,no,e-distribución — distribución eléctrica,https://www.edistribucion.com/es/conocenos/instalaciones-distribucion-red/distribucion-electrica.html,official_distributor_public,2026-05-06,"e-distribución declara presencia en Andalucía, pero no se asume cobertura completa municipal sin revisión; hay distribuidoras locales."
andalucia,Enix,"e-distribución Redes Digitales, S.L.U.",regional_default_candidate,needs_municipal_review,no,e-distribución — distribución eléctrica,https://www.edistribucion.com/es/conocenos/instalaciones-distribucion-red/distribucion-electrica.html,official_distributor_public,2026-05-06,"e-distribución declara presencia en Andalucía, pero no se asume cobertura completa municipal sin revisión; hay distribuidoras locales."
andalucia,Escacena del Campo,"e-distribución Redes Digitales, S.L.U.",regional_default_candidate,needs_municipal_review,no,e-distribución — distribución eléctrica,https://www.edistribucion.com/es/conocenos/instalaciones-distribucion-red/distribucion-electrica.html,official_distributor_public,2026-05-06,"e-distribución declara presencia en Andalucía, pero no se asume cobertura completa municipal sin revisión; hay distribuidoras locales."
andalucia,Escañuela,"e-distribución Redes Digitales, S.L.U.",regional_default_candidate,needs_municipal_review,no,e-distribución — distribución eléctrica,https://www.edistribucion.com/es/conocenos/instalaciones-distribucion-red/distribucion-electrica.html,official_distributor_public,2026-05-06,"e-distribución declara presencia en Andalucía, pero no se asume cobertura completa municipal sin revisión; hay distribuidoras locales."
andalucia,Escúzar,"e-distribución Redes Digitales, S.L.U.",regional_default_candidate,needs_municipal_review,no,e-distribución — distribución eléctrica,https://www.edistribucion.com/es/conocenos/instalaciones-distribucion-red/distribucion-electrica.html,official_distributor_public,2026-05-06,"e-distribución declara presencia en Andalucía, pero no se asume cobertura completa municipal sin revisión; hay distribuidoras locales."
andalucia,Espartinas,"e-distribución Redes Digitales, S.L.U.",regional_default_candidate,needs_municipal_review,no,e-distribución — distribución eléctrica,https://www.edistribucion.com/es/conocenos/instalaciones-distribucion-red/distribucion-electrica.html,official_distributor_public,2026-05-06,"e-distribución declara presencia en Andalucía, pero no se asume cobertura completa municipal sin revisión; hay distribuidoras locales."
andalucia,Espejo,"e-distribución Redes Digitales, S.L.U.",regional_default_candidate,needs_municipal_review,no,e-distribución — distribución eléctrica,https://www.edistribucion.com/es/conocenos/instalaciones-distribucion-red/distribucion-electrica.html,official_distributor_public,2026-05-06,"e-distribución declara presencia en Andalucía, pero no se asume cobertura completa municipal sin revisión; hay distribuidoras locales."
andalucia,Espeluy,"e-distribución Redes Digitales, S.L.U.",regional_default_candidate,needs_municipal_review,no,e-distribución — distribución eléctrica,https://www.edistribucion.com/es/conocenos/instalaciones-distribucion-red/distribucion-electrica.html,official_distributor_public,2026-05-06,"e-distribución declara presencia en Andalucía, pero no se asume cobertura completa municipal sin revisión; hay distribuidoras locales."
andalucia,Espera,"e-distribución Redes Digitales, S.L.U.",regional_default_candidate,needs_municipal_review,no,e-distribución — distribución eléctrica,https://www.edistribucion.com/es/conocenos/instalaciones-distribucion-red/distribucion-electrica.html,official_distributor_public,2026-05-06,"e-distribución declara presencia en Andalucía, pero no se asume cobertura completa municipal sin revisión; hay distribuidoras locales."
andalucia,Espiel,"e-distribución Redes Digitales, S.L.U.",regional_default_candidate,needs_municipal_review,no,e-distribución — distribución eléctrica,https://www.edistribucion.com/es/conocenos/instalaciones-distribucion-red/distribucion-electrica.html,official_distributor_public,2026-05-06,"e-distribución declara presencia en Andalucía, pero no se asume cobertura completa municipal sin revisión; hay distribuidoras locales."
andalucia,Estepa,"e-distribución Redes Digitales, S.L.U.",regional_default_candidate,needs_municipal_review,no,e-distribución — distribución eléctrica,https://www.edistribucion.com/es/conocenos/instalaciones-distribucion-red/distribucion-electrica.html,official_distributor_public,2026-05-06,"e-distribución declara presencia en Andalucía, pero no se asume cobertura completa municipal sin revisión; hay distribuidoras locales."
andalucia,Estepona,"e-distribución Redes Digitales, S.L.U.",regional_default_candidate,needs_municipal_review,no,e-distribución — distribución eléctrica,https://www.edistribucion.com/es/conocenos/instalaciones-distribucion-red/distribucion-electrica.html,official_distributor_public,2026-05-06,"e-distribución declara presencia en Andalucía, pero no se asume cobertura completa municipal sin revisión; hay distribuidoras locales."
andalucia,Faraján,"e-distribución Redes Digitales, S.L.U.",regional_default_candidate,needs_municipal_review,no,e-distribución — distribución eléctrica,https://www.edistribucion.com/es/conocenos/instalaciones-distribucion-red/distribucion-electrica.html,official_distributor_public,2026-05-06,"e-distribución declara presencia en Andalucía, pero no se asume cobertura completa municipal sin revisión; hay distribuidoras locales."
andalucia,Felix,"e-distribución Redes Digitales, S.L.U.",regional_default_candidate,needs_municipal_review,no,e-distribución — distribución eléctrica,https://www.edistribucion.com/es/conocenos/instalaciones-distribucion-red/distribucion-electrica.html,official_distributor_public,2026-05-06,"e-distribución declara presencia en Andalucía, pero no se asume cobertura completa municipal sin revisión; hay distribuidoras locales."
andalucia,Fernán-Núñez,"e-distribución Redes Digitales, S.L.U.",regional_default_candidate,needs_municipal_review,no,e-distribución — distribución eléctrica,https://www.edistribucion.com/es/conocenos/instalaciones-distribucion-red/distribucion-electrica.html,official_distributor_public,2026-05-06,"e-distribución declara presencia en Andalucía, pero no se asume cobertura completa municipal sin revisión; hay distribuidoras locales."
andalucia,Ferreira,"e-distribución Redes Digitales, S.L.U.",regional_default_candidate,needs_municipal_review,no,e-distribución — distribución eléctrica,https://www.edistribucion.com/es/conocenos/instalaciones-distribucion-red/distribucion-electrica.html,official_distributor_public,2026-05-06,"e-distribución declara presencia en Andalucía, pero no se asume cobertura completa municipal sin revisión; hay distribuidoras locales."
andalucia,Fiñana,"e-distribución Redes Digitales, S.L.U.",regional_default_candidate,needs_municipal_review,no,e-distribución — distribución eléctrica,https://www.edistribucion.com/es/conocenos/instalaciones-distribucion-red/distribucion-electrica.html,official_distributor_public,2026-05-06,"e-distribución declara presencia en Andalucía, pero no se asume cobertura completa municipal sin revisión; hay distribuidoras locales."
andalucia,Fines,"e-distribución Redes Digitales, S.L.U.",regional_default_candidate,needs_municipal_review,no,e-distribución — distribución eléctrica,https://www.edistribucion.com/es/conocenos/instalaciones-distribucion-red/distribucion-electrica.html,official_distributor_public,2026-05-06,"e-distribución declara presencia en Andalucía, pero no se asume cobertura completa municipal sin revisión; hay distribuidoras locales."
andalucia,Fondón,"e-distribución Redes Digitales, S.L.U.",regional_default_candidate,needs_municipal_review,no,e-distribución — distribución eléctrica,https://www.edistribucion.com/es/conocenos/instalaciones-distribucion-red/distribucion-electrica.html,official_distributor_public,2026-05-06,"e-distribución declara presencia en Andalucía, pero no se asume cobertura completa municipal sin revisión; hay distribuidoras locales."
andalucia,Fonelas,"e-distribución Redes Digitales, S.L.U.",regional_default_candidate,needs_municipal_review,no,e-distribución — distribución eléctrica,https://www.edistribucion.com/es/conocenos/instalaciones-distribucion-red/distribucion-electrica.html,official_distributor_public,2026-05-06,"e-distribución declara presencia en Andalucía, pero no se asume cobertura completa municipal sin revisión; hay distribuidoras locales."
andalucia,Fornes,"e-distribución Redes Digitales, S.L.U.",regional_default_candidate,needs_municipal_review,no,e-distribución — distribución eléctrica,https://www.edistribucion.com/es/conocenos/instalaciones-distribucion-red/distribucion-electrica.html,official_distributor_public,2026-05-06,"e-distribución declara presencia en Andalucía, pero no se asume cobertura completa municipal sin revisión; hay distribuidoras locales."
andalucia,Frailes,"e-distribución Redes Digitales, S.L.U.",regional_default_candidate,needs_municipal_review,no,e-distribución — distribución eléctrica,https://www.edistribucion.com/es/conocenos/instalaciones-distribucion-red/distribucion-electrica.html,official_distributor_public,2026-05-06,"e-distribución declara presencia en Andalucía, pero no se asume cobertura completa municipal sin revisión; hay distribuidoras locales."
andalucia,Freila,"e-distribución Redes Digitales, S.L.U.",regional_default_candidate,needs_municipal_review,no,e-distribución — distribución eléctrica,https://www.edistribucion.com/es/conocenos/instalaciones-distribucion-red/distribucion-electrica.html,official_distributor_public,2026-05-06,"e-distribución declara presencia en Andalucía, pero no se asume cobertura completa municipal sin revisión; hay distribuidoras locales."
andalucia,Frigiliana,"e-distribución Redes Digitales, S.L.U.",regional_default_candidate,needs_municipal_review,no,e-distribución — distribución eléctrica,https://www.edistribucion.com/es/conocenos/instalaciones-distribucion-red/distribucion-electrica.html,official_distributor_public,2026-05-06,"e-distribución declara presencia en Andalucía, pero no se asume cobertura completa municipal sin revisión; hay distribuidoras locales."
andalucia,Fuengirola,"e-distribución Redes Digitales, S.L.U.",regional_default_candidate,needs_municipal_review,no,e-distribución — distribución eléctrica,https://www.edistribucion.com/es/conocenos/instalaciones-distribucion-red/distribucion-electrica.html,official_distributor_public,2026-05-06,"e-distribución declara presencia en Andalucía, pero no se asume cobertura completa municipal sin revisión; hay distribuidoras locales."
andalucia,Fuensanta de Martos,"e-distribución Redes Digitales, S.L.U.",regional_default_candidate,needs_municipal_review,no,e-distribución — distribución eléctrica,https://www.edistribucion.com/es/conocenos/instalaciones-distribucion-red/distribucion-electrica.html,official_distributor_public,2026-05-06,"e-distribución declara presencia en Andalucía, pero no se asume cobertura completa municipal sin revisión; hay distribuidoras locales."
andalucia,Fuente Carreteros,"e-distribución Redes Digitales, S.L.U.",regional_default_candidate,needs_municipal_review,no,e-distribución — distribución eléctrica,https://www.edistribucion.com/es/conocenos/instalaciones-distribucion-red/distribucion-electrica.html,official_distributor_public,2026-05-06,"e-distribución declara presencia en Andalucía, pero no se asume cobertura completa municipal sin revisión; hay distribuidoras locales."
andalucia,Fuente de Piedra,"e-distribución Redes Digitales, S.L.U.",regional_default_candidate,needs_municipal_review,no,e-distribución — distribución eléctrica,https://www.edistribucion.com/es/conocenos/instalaciones-distribucion-red/distribucion-electrica.html,official_distributor_public,2026-05-06,"e-distribución declara presencia en Andalucía, pero no se asume cobertura completa municipal sin revisión; hay distribuidoras locales."
andalucia,Fuente la Lancha,"e-distribución Redes Digitales, S.L.U.",regional_default_candidate,needs_municipal_review,no,e-distribución — distribución eléctrica,https://www.edistribucion.com/es/conocenos/instalaciones-distribucion-red/distribucion-electrica.html,official_distributor_public,2026-05-06,"e-distribución declara presencia en Andalucía, pero no se asume cobertura completa municipal sin revisión; hay distribuidoras locales."
andalucia,Fuente Obejuna,"e-distribución Redes Digitales, S.L.U.",regional_default_candidate,needs_municipal_review,no,e-distribución — distribución eléctrica,https://www.edistribucion.com/es/conocenos/instalaciones-distribucion-red/distribucion-electrica.html,official_distributor_public,2026-05-06,"e-distribución declara presencia en Andalucía, pero no se asume cobertura completa municipal sin revisión; hay distribuidoras locales."
andalucia,Fuente Palmera,"e-distribución Redes Digitales, S.L.U.",regional_default_candidate,needs_municipal_review,no,e-distribución — distribución eléctrica,https://www.edistribucion.com/es/conocenos/instalaciones-distribucion-red/distribucion-electrica.html,official_distributor_public,2026-05-06,"e-distribución declara presencia en Andalucía, pero no se asume cobertura completa municipal sin revisión; hay distribuidoras locales."
andalucia,Fuente-Tójar,"e-distribución Redes Digitales, S.L.U.",regional_default_candidate,needs_municipal_review,no,e-distribución — distribución eléctrica,https://www.edistribucion.com/es/conocenos/instalaciones-distribucion-red/distribucion-electrica.html,official_distributor_public,2026-05-06,"e-distribución declara presencia en Andalucía, pero no se asume cobertura completa municipal sin revisión; hay distribuidoras locales."
andalucia,Fuente Vaqueros,"e-distribución Redes Digitales, S.L.U.",regional_default_candidate,needs_municipal_review,no,e-distribución — distribución eléctrica,https://www.edistribucion.com/es/conocenos/instalaciones-distribucion-red/distribucion-electrica.html,official_distributor_public,2026-05-06,"e-distribución declara presencia en Andalucía, pero no se asume cobertura completa municipal sin revisión; hay distribuidoras locales."
andalucia,Fuenteheridos,"e-distribución Redes Digitales, S.L.U.",regional_default_candidate,needs_municipal_review,no,e-distribución — distribución eléctrica,https://www.edistribucion.com/es/conocenos/instalaciones-distribucion-red/distribucion-electrica.html,official_distributor_public,2026-05-06,"e-distribución declara presencia en Andalucía, pero no se asume cobertura completa municipal sin revisión; hay distribuidoras locales."
andalucia,Fuentes de Andalucía,"e-distribución Redes Digitales, S.L.U.",regional_default_candidate,needs_municipal_review,no,e-distribución — distribución eléctrica,https://www.edistribucion.com/es/conocenos/instalaciones-distribucion-red/distribucion-electrica.html,official_distributor_public,2026-05-06,"e-distribución declara presencia en Andalucía, pero no se asume cobertura completa municipal sin revisión; hay distribuidoras locales."
andalucia,Fuerte del Rey,"e-distribución Redes Digitales, S.L.U.",regional_default_candidate,needs_municipal_review,no,e-distribución — distribución eléctrica,https://www.edistribucion.com/es/conocenos/instalaciones-distribucion-red/distribucion-electrica.html,official_distributor_public,2026-05-06,"e-distribución declara presencia en Andalucía, pero no se asume cobertura completa municipal sin revisión; hay distribuidoras locales."
andalucia,Gádor,"e-distribución Redes Digitales, S.L.U.",regional_default_candidate,needs_municipal_review,no,e-distribución — distribución eléctrica,https://www.edistribucion.com/es/conocenos/instalaciones-distribucion-red/distribucion-electrica.html,official_distributor_public,2026-05-06,"e-distribución declara presencia en Andalucía, pero no se asume cobertura completa municipal sin revisión; hay distribuidoras locales."
andalucia,Galaroza,"e-distribución Redes Digitales, S.L.U.",regional_default_candidate,needs_municipal_review,no,e-distribución — distribución eléctrica,https://www.edistribucion.com/es/conocenos/instalaciones-distribucion-red/distribucion-electrica.html,official_distributor_public,2026-05-06,"e-distribución declara presencia en Andalucía, pero no se asume cobertura completa municipal sin revisión; hay distribuidoras locales."
andalucia,Galera,"e-distribución Redes Digitales, S.L.U.",regional_default_candidate,needs_municipal_review,no,e-distribución — distribución eléctrica,https://www.edistribucion.com/es/conocenos/instalaciones-distribucion-red/distribucion-electrica.html,official_distributor_public,2026-05-06,"e-distribución declara presencia en Andalucía, pero no se asume cobertura completa municipal sin revisión; hay distribuidoras locales."
andalucia,Garrucha,"e-distribución Redes Digitales, S.L.U.",regional_default_candidate,needs_municipal_review,no,e-distribución — distribución eléctrica,https://www.edistribucion.com/es/conocenos/instalaciones-distribucion-red/distribucion-electrica.html,official_distributor_public,2026-05-06,"e-distribución declara presencia en Andalucía, pero no se asume cobertura completa municipal sin revisión; hay distribuidoras locales."
andalucia,Gaucín,"e-distribución Redes Digitales, S.L.U.",regional_default_candidate,needs_municipal_review,no,e-distribución — distribución eléctrica,https://www.edistribucion.com/es/conocenos/instalaciones-distribucion-red/distribucion-electrica.html,official_distributor_public,2026-05-06,"e-distribución declara presencia en Andalucía, pero no se asume cobertura completa municipal sin revisión; hay distribuidoras locales."
andalucia,Gelves,"e-distribución Redes Digitales, S.L.U.",regional_default_candidate,needs_municipal_review,no,e-distribución — distribución eléctrica,https://www.edistribucion.com/es/conocenos/instalaciones-distribucion-red/distribucion-electrica.html,official_distributor_public,2026-05-06,"e-distribución declara presencia en Andalucía, pero no se asume cobertura completa municipal sin revisión; hay distribuidoras locales."
andalucia,Genalguacil,"e-distribución Redes Digitales, S.L.U.",regional_default_candidate,needs_municipal_review,no,e-distribución — distribución eléctrica,https://www.edistribucion.com/es/conocenos/instalaciones-distribucion-red/distribucion-electrica.html,official_distributor_public,2026-05-06,"e-distribución declara presencia en Andalucía, pero no se asume cobertura completa municipal sin revisión; hay distribuidoras locales."
andalucia,Génave,"e-distribución Redes Digitales, S.L.U.",regional_default_candidate,needs_municipal_review,no,e-distribución — distribución eléctrica,https://www.edistribucion.com/es/conocenos/instalaciones-distribucion-red/distribucion-electrica.html,official_distributor_public,2026-05-06,"e-distribución declara presencia en Andalucía, pero no se asume cobertura completa municipal sin revisión; hay distribuidoras locales."
andalucia,Gerena,"e-distribución Redes Digitales, S.L.U.",regional_default_candidate,needs_municipal_review,no,e-distribución — distribución eléctrica,https://www.edistribucion.com/es/conocenos/instalaciones-distribucion-red/distribucion-electrica.html,official_distributor_public,2026-05-06,"e-distribución declara presencia en Andalucía, pero no se asume cobertura completa municipal sin revisión; hay distribuidoras locales."
andalucia,Gérgal,"e-distribución Redes Digitales, S.L.U.",regional_default_candidate,needs_municipal_review,no,e-distribución — distribución eléctrica,https://www.edistribucion.com/es/conocenos/instalaciones-distribucion-red/distribucion-electrica.html,official_distributor_public,2026-05-06,"e-distribución declara presencia en Andalucía, pero no se asume cobertura completa municipal sin revisión; hay distribuidoras locales."
andalucia,Gibraleón,"e-distribución Redes Digitales, S.L.U.",regional_default_candidate,needs_municipal_review,no,e-distribución — distribución eléctrica,https://www.edistribucion.com/es/conocenos/instalaciones-distribucion-red/distribucion-electrica.html,official_distributor_public,2026-05-06,"e-distribución declara presencia en Andalucía, pero no se asume cobertura completa municipal sin revisión; hay distribuidoras locales."
andalucia,Gilena,"e-distribución Redes Digitales, S.L.U.",regional_default_candidate,needs_municipal_review,no,e-distribución — distribución eléctrica,https://www.edistribucion.com/es/conocenos/instalaciones-distribucion-red/distribucion-electrica.html,official_distributor_public,2026-05-06,"e-distribución declara presencia en Andalucía, pero no se asume cobertura completa municipal sin revisión; hay distribuidoras locales."
andalucia,Gines,"e-distribución Redes Digitales, S.L.U.",regional_default_candidate,needs_municipal_review,no,e-distribución — distribución eléctrica,https://www.edistribucion.com/es/conocenos/instalaciones-distribucion-red/distribucion-electrica.html,official_distributor_public,2026-05-06,"e-distribución declara presencia en Andalucía, pero no se asume cobertura completa municipal sin revisión; hay distribuidoras locales."
andalucia,Gobernador,"e-distribución Redes Digitales, S.L.U.",regional_default_candidate,needs_municipal_review,no,e-distribución — distribución eléctrica,https://www.edistribucion.com/es/conocenos/instalaciones-distribucion-red/distribucion-electrica.html,official_distributor_public,2026-05-06,"e-distribución declara presencia en Andalucía, pero no se asume cobertura completa municipal sin revisión; hay distribuidoras locales."
andalucia,Gójar,"e-distribución Redes Digitales, S.L.U.",regional_default_candidate,needs_municipal_review,no,e-distribución — distribución eléctrica,https://www.edistribucion.com/es/conocenos/instalaciones-distribucion-red/distribucion-electrica.html,official_distributor_public,2026-05-06,"e-distribución declara presencia en Andalucía, pero no se asume cobertura completa municipal sin revisión; hay distribuidoras locales."
andalucia,Gor,"e-distribución Redes Digitales, S.L.U.",regional_default_candidate,needs_municipal_review,no,e-distribución — distribución eléctrica,https://www.edistribucion.com/es/conocenos/instalaciones-distribucion-red/distribucion-electrica.html,official_distributor_public,2026-05-06,"e-distribución declara presencia en Andalucía, pero no se asume cobertura completa municipal sin revisión; hay distribuidoras locales."
andalucia,Gorafe,"e-distribución Redes Digitales, S.L.U.",regional_default_candidate,needs_municipal_review,no,e-distribución — distribución eléctrica,https://www.edistribucion.com/es/conocenos/instalaciones-distribucion-red/distribucion-electrica.html,official_distributor_public,2026-05-06,"e-distribución declara presencia en Andalucía, pero no se asume cobertura completa municipal sin revisión; hay distribuidoras locales."
andalucia,Granada,"e-distribución Redes Digitales, S.L.U.",regional_default_candidate,needs_municipal_review,no,e-distribución — distribución eléctrica,https://www.edistribucion.com/es/conocenos/instalaciones-distribucion-red/distribucion-electrica.html,official_distributor_public,2026-05-06,"e-distribución declara presencia en Andalucía, pero no se asume cobertura completa municipal sin revisión; hay distribuidoras locales."
andalucia,Grazalema,"e-distribución Redes Digitales, S.L.U.",regional_default_candidate,needs_municipal_review,no,e-distribución — distribución eléctrica,https://www.edistribucion.com/es/conocenos/instalaciones-distribucion-red/distribucion-electrica.html,official_distributor_public,2026-05-06,"e-distribución declara presencia en Andalucía, pero no se asume cobertura completa municipal sin revisión; hay distribuidoras locales."
andalucia,Guadahortuna,"e-distribución Redes Digitales, S.L.U.",regional_default_candidate,needs_municipal_review,no,e-distribución — distribución eléctrica,https://www.edistribucion.com/es/conocenos/instalaciones-distribucion-red/distribucion-electrica.html,official_distributor_public,2026-05-06,"e-distribución declara presencia en Andalucía, pero no se asume cobertura completa municipal sin revisión; hay distribuidoras locales."
andalucia,Guadalcanal,"e-distribución Redes Digitales, S.L.U.",regional_default_candidate,needs_municipal_review,no,e-distribución — distribución eléctrica,https://www.edistribucion.com/es/conocenos/instalaciones-distribucion-red/distribucion-electrica.html,official_distributor_public,2026-05-06,"e-distribución declara presencia en Andalucía, pero no se asume cobertura completa municipal sin revisión; hay distribuidoras locales."
andalucia,Guadalcázar,"e-distribución Redes Digitales, S.L.U.",regional_default_candidate,needs_municipal_review,no,e-distribución — distribución eléctrica,https://www.edistribucion.com/es/conocenos/instalaciones-distribucion-red/distribucion-electrica.html,official_distributor_public,2026-05-06,"e-distribución declara presencia en Andalucía, pero no se asume cobertura completa municipal sin revisión; hay distribuidoras locales."
andalucia,Guadix,"e-distribución Redes Digitales, S.L.U.",regional_default_candidate,needs_municipal_review,no,e-distribución — distribución eléctrica,https://www.edistribucion.com/es/conocenos/instalaciones-distribucion-red/distribucion-electrica.html,official_distributor_public,2026-05-06,"e-distribución declara presencia en Andalucía, pero no se asume cobertura completa municipal sin revisión; hay distribuidoras locales."
andalucia,Gualchos,"e-distribución Redes Digitales, S.L.U.",regional_default_candidate,needs_municipal_review,no,e-distribución — distribución eléctrica,https://www.edistribucion.com/es/conocenos/instalaciones-distribucion-red/distribucion-electrica.html,official_distributor_public,2026-05-06,"e-distribución declara presencia en Andalucía, pero no se asume cobertura completa municipal sin revisión; hay distribuidoras locales."
andalucia,Guaro,"e-distribución Redes Digitales, S.L.U.",regional_default_candidate,needs_municipal_review,no,e-distribución — distribución eléctrica,https://www.edistribucion.com/es/conocenos/instalaciones-distribucion-red/distribucion-electrica.html,official_distributor_public,2026-05-06,"e-distribución declara presencia en Andalucía, pero no se asume cobertura completa municipal sin revisión; hay distribuidoras locales."
andalucia,Guarromán,"e-distribución Redes Digitales, S.L.U.",regional_default_candidate,needs_municipal_review,no,e-distribución — distribución eléctrica,https://www.edistribucion.com/es/conocenos/instalaciones-distribucion-red/distribucion-electrica.html,official_distributor_public,2026-05-06,"e-distribución declara presencia en Andalucía, pero no se asume cobertura completa municipal sin revisión; hay distribuidoras locales."
andalucia,Güéjar Sierra,"e-distribución Redes Digitales, S.L.U.",regional_default_candidate,needs_municipal_review,no,e-distribución — distribución eléctrica,https://www.edistribucion.com/es/conocenos/instalaciones-distribucion-red/distribucion-electrica.html,official_distributor_public,2026-05-06,"e-distribución declara presencia en Andalucía, pero no se asume cobertura completa municipal sin revisión; hay distribuidoras locales."
andalucia,Güevéjar,"e-distribución Redes Digitales, S.L.U.",regional_default_candidate,needs_municipal_review,no,e-distribución — distribución eléctrica,https://www.edistribucion.com/es/conocenos/instalaciones-distribucion-red/distribucion-electrica.html,official_distributor_public,2026-05-06,"e-distribución declara presencia en Andalucía, pero no se asume cobertura completa municipal sin revisión; hay distribuidoras locales."
andalucia,Guillena,"e-distribución Redes Digitales, S.L.U.",regional_default_candidate,needs_municipal_review,no,e-distribución — distribución eléctrica,https://www.edistribucion.com/es/conocenos/instalaciones-distribucion-red/distribucion-electrica.html,official_distributor_public,2026-05-06,"e-distribución declara presencia en Andalucía, pero no se asume cobertura completa municipal sin revisión; hay distribuidoras locales."
andalucia,Herrera,"e-distribución Redes Digitales, S.L.U.",regional_default_candidate,needs_municipal_review,no,e-distribución — distribución eléctrica,https://www.edistribucion.com/es/conocenos/instalaciones-distribucion-red/distribucion-electrica.html,official_distributor_public,2026-05-06,"e-distribución declara presencia en Andalucía, pero no se asume cobertura completa municipal sin revisión; hay distribuidoras locales."
andalucia,Higuera de Calatrava,"e-distribución Redes Digitales, S.L.U.",regional_default_candidate,needs_municipal_review,no,e-distribución — distribución eléctrica,https://www.edistribucion.com/es/conocenos/instalaciones-distribucion-red/distribucion-electrica.html,official_distributor_public,2026-05-06,"e-distribución declara presencia en Andalucía, pero no se asume cobertura completa municipal sin revisión; hay distribuidoras locales."
andalucia,Higuera de la Sierra,"e-distribución Redes Digitales, S.L.U.",regional_default_candidate,needs_municipal_review,no,e-distribución — distribución eléctrica,https://www.edistribucion.com/es/conocenos/instalaciones-distribucion-red/distribucion-electrica.html,official_distributor_public,2026-05-06,"e-distribución declara presencia en Andalucía, pero no se asume cobertura completa municipal sin revisión; hay distribuidoras locales."
andalucia,Hinojales,"e-distribución Redes Digitales, S.L.U.",regional_default_candidate,needs_municipal_review,no,e-distribución — distribución eléctrica,https://www.edistribucion.com/es/conocenos/instalaciones-distribucion-red/distribucion-electrica.html,official_distributor_public,2026-05-06,"e-distribución declara presencia en Andalucía, pero no se asume cobertura completa municipal sin revisión; hay distribuidoras locales."
andalucia,Hinojares,"e-distribución Redes Digitales, S.L.U.",regional_default_candidate,needs_municipal_review,no,e-distribución — distribución eléctrica,https://www.edistribucion.com/es/conocenos/instalaciones-distribucion-red/distribucion-electrica.html,official_distributor_public,2026-05-06,"e-distribución declara presencia en Andalucía, pero no se asume cobertura completa municipal sin revisión; hay distribuidoras locales."
andalucia,Hinojos,"e-distribución Redes Digitales, S.L.U.",regional_default_candidate,needs_municipal_review,no,e-distribución — distribución eléctrica,https://www.edistribucion.com/es/conocenos/instalaciones-distribucion-red/distribucion-electrica.html,official_distributor_public,2026-05-06,"e-distribución declara presencia en Andalucía, pero no se asume cobertura completa municipal sin revisión; hay distribuidoras locales."
andalucia,Hinojosa del Duque,"e-distribución Redes Digitales, S.L.U.",regional_default_candidate,needs_municipal_review,no,e-distribución — distribución eléctrica,https://www.edistribucion.com/es/conocenos/instalaciones-distribucion-red/distribucion-electrica.html,official_distributor_public,2026-05-06,"e-distribución declara presencia en Andalucía, pero no se asume cobertura completa municipal sin revisión; hay distribuidoras locales."
andalucia,Hornachuelos,"e-distribución Redes Digitales, S.L.U.",regional_default_candidate,needs_municipal_review,no,e-distribución — distribución eléctrica,https://www.edistribucion.com/es/conocenos/instalaciones-distribucion-red/distribucion-electrica.html,official_distributor_public,2026-05-06,"e-distribución declara presencia en Andalucía, pero no se asume cobertura completa municipal sin revisión; hay distribuidoras locales."
andalucia,Hornos,"e-distribución Redes Digitales, S.L.U.",regional_default_candidate,needs_municipal_review,no,e-distribución — distribución eléctrica,https://www.edistribucion.com/es/conocenos/instalaciones-distribucion-red/distribucion-electrica.html,official_distributor_public,2026-05-06,"e-distribución declara presencia en Andalucía, pero no se asume cobertura completa municipal sin revisión; hay distribuidoras locales."
andalucia,Huécija,"e-distribución Redes Digitales, S.L.U.",regional_default_candidate,needs_municipal_review,no,e-distribución — distribución eléctrica,https://www.edistribucion.com/es/conocenos/instalaciones-distribucion-red/distribucion-electrica.html,official_distributor_public,2026-05-06,"e-distribución declara presencia en Andalucía, pero no se asume cobertura completa municipal sin revisión; hay distribuidoras locales."
andalucia,Huélago,"e-distribución Redes Digitales, S.L.U.",regional_default_candidate,needs_municipal_review,no,e-distribución — distribución eléctrica,https://www.edistribucion.com/es/conocenos/instalaciones-distribucion-red/distribucion-electrica.html,official_distributor_public,2026-05-06,"e-distribución declara presencia en Andalucía, pero no se asume cobertura completa municipal sin revisión; hay distribuidoras locales."
andalucia,Huelma,"e-distribución Redes Digitales, S.L.U.",regional_default_candidate,needs_municipal_review,no,e-distribución — distribución eléctrica,https://www.edistribucion.com/es/conocenos/instalaciones-distribucion-red/distribucion-electrica.html,official_distributor_public,2026-05-06,"e-distribución declara presencia en Andalucía, pero no se asume cobertura completa municipal sin revisión; hay distribuidoras locales."
andalucia,Huelva,"e-distribución Redes Digitales, S.L.U.",regional_default_candidate,needs_municipal_review,no,e-distribución — distribución eléctrica,https://www.edistribucion.com/es/conocenos/instalaciones-distribucion-red/distribucion-electrica.html,official_distributor_public,2026-05-06,"e-distribución declara presencia en Andalucía, pero no se asume cobertura completa municipal sin revisión; hay distribuidoras locales."
andalucia,Huéneja,"e-distribución Redes Digitales, S.L.U.",regional_default_candidate,needs_municipal_review,no,e-distribución — distribución eléctrica,https://www.edistribucion.com/es/conocenos/instalaciones-distribucion-red/distribucion-electrica.html,official_distributor_public,2026-05-06,"e-distribución declara presencia en Andalucía, pero no se asume cobertura completa municipal sin revisión; hay distribuidoras locales."
andalucia,Huércal de Almería,"e-distribución Redes Digitales, S.L.U.",regional_default_candidate,needs_municipal_review,no,e-distribución — distribución eléctrica,https://www.edistribucion.com/es/conocenos/instalaciones-distribucion-red/distribucion-electrica.html,official_distributor_public,2026-05-06,"e-distribución declara presencia en Andalucía, pero no se asume cobertura completa municipal sin revisión; hay distribuidoras locales."
andalucia,Huércal-Overa,"e-distribución Redes Digitales, S.L.U.",regional_default_candidate,needs_municipal_review,no,e-distribución — distribución eléctrica,https://www.edistribucion.com/es/conocenos/instalaciones-distribucion-red/distribucion-electrica.html,official_distributor_public,2026-05-06,"e-distribución declara presencia en Andalucía, pero no se asume cobertura completa municipal sin revisión; hay distribuidoras locales."
andalucia,Huesa,"e-distribución Redes Digitales, S.L.U.",regional_default_candidate,needs_municipal_review,no,e-distribución — distribución eléctrica,https://www.edistribucion.com/es/conocenos/instalaciones-distribucion-red/distribucion-electrica.html,official_distributor_public,2026-05-06,"e-distribución declara presencia en Andalucía, pero no se asume cobertura completa municipal sin revisión; hay distribuidoras locales."
andalucia,Huéscar,"e-distribución Redes Digitales, S.L.U.",regional_default_candidate,needs_municipal_review,no,e-distribución — distribución eléctrica,https://www.edistribucion.com/es/conocenos/instalaciones-distribucion-red/distribucion-electrica.html,official_distributor_public,2026-05-06,"e-distribución declara presencia en Andalucía, pero no se asume cobertura completa municipal sin revisión; hay distribuidoras locales."
andalucia,Huétor de Santillán,"e-distribución Redes Digitales, S.L.U.",regional_default_candidate,needs_municipal_review,no,e-distribución — distribución eléctrica,https://www.edistribucion.com/es/conocenos/instalaciones-distribucion-red/distribucion-electrica.html,official_distributor_public,2026-05-06,"e-distribución declara presencia en Andalucía, pero no se asume cobertura completa municipal sin revisión; hay distribuidoras locales."
andalucia,Huétor Tájar,"e-distribución Redes Digitales, S.L.U.",regional_default_candidate,needs_municipal_review,no,e-distribución — distribución eléctrica,https://www.edistribucion.com/es/conocenos/instalaciones-distribucion-red/distribucion-electrica.html,official_distributor_public,2026-05-06,"e-distribución declara presencia en Andalucía, pero no se asume cobertura completa municipal sin revisión; hay distribuidoras locales."
andalucia,Huétor Vega,"e-distribución Redes Digitales, S.L.U.",regional_default_candidate,needs_municipal_review,no,e-distribución — distribución eléctrica,https://www.edistribucion.com/es/conocenos/instalaciones-distribucion-red/distribucion-electrica.html,official_distributor_public,2026-05-06,"e-distribución declara presencia en Andalucía, pero no se asume cobertura completa municipal sin revisión; hay distribuidoras locales."
andalucia,Huévar del Aljarafe,"e-distribución Redes Digitales, S.L.U.",regional_default_candidate,needs_municipal_review,no,e-distribución — distribución eléctrica,https://www.edistribucion.com/es/conocenos/instalaciones-distribucion-red/distribucion-electrica.html,official_distributor_public,2026-05-06,"e-distribución declara presencia en Andalucía, pero no se asume cobertura completa municipal sin revisión; hay distribuidoras locales."
andalucia,Humilladero,"e-distribución Redes Digitales, S.L.U.",regional_default_candidate,needs_municipal_review,no,e-distribución — distribución eléctrica,https://www.edistribucion.com/es/conocenos/instalaciones-distribucion-red/distribucion-electrica.html,official_distributor_public,2026-05-06,"e-distribución declara presencia en Andalucía, pero no se asume cobertura completa municipal sin revisión; hay distribuidoras locales."
andalucia,Ibros,"e-distribución Redes Digitales, S.L.U.",regional_default_candidate,needs_municipal_review,no,e-distribución — distribución eléctrica,https://www.edistribucion.com/es/conocenos/instalaciones-distribucion-red/distribucion-electrica.html,official_distributor_public,2026-05-06,"e-distribución declara presencia en Andalucía, pero no se asume cobertura completa municipal sin revisión; hay distribuidoras locales."
andalucia,Igualeja,"e-distribución Redes Digitales, S.L.U.",regional_default_candidate,needs_municipal_review,no,e-distribución — distribución eléctrica,https://www.edistribucion.com/es/conocenos/instalaciones-distribucion-red/distribucion-electrica.html,official_distributor_public,2026-05-06,"e-distribución declara presencia en Andalucía, pero no se asume cobertura completa municipal sin revisión; hay distribuidoras locales."
andalucia,Íllar,"e-distribución Redes Digitales, S.L.U.",regional_default_candidate,needs_municipal_review,no,e-distribución — distribución eléctrica,https://www.edistribucion.com/es/conocenos/instalaciones-distribucion-red/distribucion-electrica.html,official_distributor_public,2026-05-06,"e-distribución declara presencia en Andalucía, pero no se asume cobertura completa municipal sin revisión; hay distribuidoras locales."
andalucia,Íllora,"e-distribución Redes Digitales, S.L.U.",regional_default_candidate,needs_municipal_review,no,e-distribución — distribución eléctrica,https://www.edistribucion.com/es/conocenos/instalaciones-distribucion-red/distribucion-electrica.html,official_distributor_public,2026-05-06,"e-distribución declara presencia en Andalucía, pero no se asume cobertura completa municipal sin revisión; hay distribuidoras locales."
andalucia,Instinción,"e-distribución Redes Digitales, S.L.U.",regional_default_candidate,needs_municipal_review,no,e-distribución — distribución eléctrica,https://www.edistribucion.com/es/conocenos/instalaciones-distribucion-red/distribucion-electrica.html,official_distributor_public,2026-05-06,"e-distribución declara presencia en Andalucía, pero no se asume cobertura completa municipal sin revisión; hay distribuidoras locales."
andalucia,Isla Cristina,"e-distribución Redes Digitales, S.L.U.",regional_default_candidate,needs_municipal_review,no,e-distribución — distribución eléctrica,https://www.edistribucion.com/es/conocenos/instalaciones-distribucion-red/distribucion-electrica.html,official_distributor_public,2026-05-06,"e-distribución declara presencia en Andalucía, pero no se asume cobertura completa municipal sin revisión; hay distribuidoras locales."
andalucia,Isla Mayor,"e-distribución Redes Digitales, S.L.U.",regional_default_candidate,needs_municipal_review,no,e-distribución — distribución eléctrica,https://www.edistribucion.com/es/conocenos/instalaciones-distribucion-red/distribucion-electrica.html,official_distributor_public,2026-05-06,"e-distribución declara presencia en Andalucía, pero no se asume cobertura completa municipal sin revisión; hay distribuidoras locales."
andalucia,Istán,"e-distribución Redes Digitales, S.L.U.",regional_default_candidate,needs_municipal_review,no,e-distribución — distribución eléctrica,https://www.edistribucion.com/es/conocenos/instalaciones-distribucion-red/distribucion-electrica.html,official_distributor_public,2026-05-06,"e-distribución declara presencia en Andalucía, pero no se asume cobertura completa municipal sin revisión; hay distribuidoras locales."
andalucia,Ítrabo,"e-distribución Redes Digitales, S.L.U.",regional_default_candidate,needs_municipal_review,no,e-distribución — distribución eléctrica,https://www.edistribucion.com/es/conocenos/instalaciones-distribucion-red/distribucion-electrica.html,official_distributor_public,2026-05-06,"e-distribución declara presencia en Andalucía, pero no se asume cobertura completa municipal sin revisión; hay distribuidoras locales."
andalucia,Iznájar,"e-distribución Redes Digitales, S.L.U.",regional_default_candidate,needs_municipal_review,no,e-distribución — distribución eléctrica,https://www.edistribucion.com/es/conocenos/instalaciones-distribucion-red/distribucion-electrica.html,official_distributor_public,2026-05-06,"e-distribución declara presencia en Andalucía, pero no se asume cobertura completa municipal sin revisión; hay distribuidoras locales."
andalucia,Iznalloz,"e-distribución Redes Digitales, S.L.U.",regional_default_candidate,needs_municipal_review,no,e-distribución — distribución eléctrica,https://www.edistribucion.com/es/conocenos/instalaciones-distribucion-red/distribucion-electrica.html,official_distributor_public,2026-05-06,"e-distribución declara presencia en Andalucía, pero no se asume cobertura completa municipal sin revisión; hay distribuidoras locales."
andalucia,Iznate,"e-distribución Redes Digitales, S.L.U.",regional_default_candidate,needs_municipal_review,no,e-distribución — distribución eléctrica,https://www.edistribucion.com/es/conocenos/instalaciones-distribucion-red/distribucion-electrica.html,official_distributor_public,2026-05-06,"e-distribución declara presencia en Andalucía, pero no se asume cobertura completa municipal sin revisión; hay distribuidoras locales."
andalucia,Iznatoraf,"e-distribución Redes Digitales, S.L.U.",regional_default_candidate,needs_municipal_review,no,e-distribución — distribución eléctrica,https://www.edistribucion.com/es/conocenos/instalaciones-distribucion-red/distribucion-electrica.html,official_distributor_public,2026-05-06,"e-distribución declara presencia en Andalucía, pero no se asume cobertura completa municipal sin revisión; hay distribuidoras locales."
andalucia,Jabalquinto,"e-distribución Redes Digitales, S.L.U.",regional_default_candidate,needs_municipal_review,no,e-distribución — distribución eléctrica,https://www.edistribucion.com/es/conocenos/instalaciones-distribucion-red/distribucion-electrica.html,official_distributor_public,2026-05-06,"e-distribución declara presencia en Andalucía, pero no se asume cobertura completa municipal sin revisión; hay distribuidoras locales."
andalucia,Jabugo,"e-distribución Redes Digitales, S.L.U.",regional_default_candidate,needs_municipal_review,no,e-distribución — distribución eléctrica,https://www.edistribucion.com/es/conocenos/instalaciones-distribucion-red/distribucion-electrica.html,official_distributor_public,2026-05-06,"e-distribución declara presencia en Andalucía, pero no se asume cobertura completa municipal sin revisión; hay distribuidoras locales."
andalucia,Jaén,"e-distribución Redes Digitales, S.L.U.",regional_default_candidate,needs_municipal_review,no,e-distribución — distribución eléctrica,https://www.edistribucion.com/es/conocenos/instalaciones-distribucion-red/distribucion-electrica.html,official_distributor_public,2026-05-06,"e-distribución declara presencia en Andalucía, pero no se asume cobertura completa municipal sin revisión; hay distribuidoras locales."
andalucia,Jamilena,"e-distribución Redes Digitales, S.L.U.",regional_default_candidate,needs_municipal_review,no,e-distribución — distribución eléctrica,https://www.edistribucion.com/es/conocenos/instalaciones-distribucion-red/distribucion-electrica.html,official_distributor_public,2026-05-06,"e-distribución declara presencia en Andalucía, pero no se asume cobertura completa municipal sin revisión; hay distribuidoras locales."
andalucia,Játar,"e-distribución Redes Digitales, S.L.U.",regional_default_candidate,needs_municipal_review,no,e-distribución — distribución eléctrica,https://www.edistribucion.com/es/conocenos/instalaciones-distribucion-red/distribucion-electrica.html,official_distributor_public,2026-05-06,"e-distribución declara presencia en Andalucía, pero no se asume cobertura completa municipal sin revisión; hay distribuidoras locales."
andalucia,Jayena,"e-distribución Redes Digitales, S.L.U.",regional_default_candidate,needs_municipal_review,no,e-distribución — distribución eléctrica,https://www.edistribucion.com/es/conocenos/instalaciones-distribucion-red/distribucion-electrica.html,official_distributor_public,2026-05-06,"e-distribución declara presencia en Andalucía, pero no se asume cobertura completa municipal sin revisión; hay distribuidoras locales."
andalucia,Jerez de la Frontera,"e-distribución Redes Digitales, S.L.U.",regional_default_candidate,needs_municipal_review,no,e-distribución — distribución eléctrica,https://www.edistribucion.com/es/conocenos/instalaciones-distribucion-red/distribucion-electrica.html,official_distributor_public,2026-05-06,"e-distribución declara presencia en Andalucía, pero no se asume cobertura completa municipal sin revisión; hay distribuidoras locales."
andalucia,Jérez del Marquesado,"e-distribución Redes Digitales, S.L.U.",regional_default_candidate,needs_municipal_review,no,e-distribución — distribución eléctrica,https://www.edistribucion.com/es/conocenos/instalaciones-distribucion-red/distribucion-electrica.html,official_distributor_public,2026-05-06,"e-distribución declara presencia en Andalucía, pero no se asume cobertura completa municipal sin revisión; hay distribuidoras locales."
andalucia,Jete,"e-distribución Redes Digitales, S.L.U.",regional_default_candidate,needs_municipal_review,no,e-distribución — distribución eléctrica,https://www.edistribucion.com/es/conocenos/instalaciones-distribucion-red/distribucion-electrica.html,official_distributor_public,2026-05-06,"e-distribución declara presencia en Andalucía, pero no se asume cobertura completa municipal sin revisión; hay distribuidoras locales."
andalucia,Jimena,"e-distribución Redes Digitales, S.L.U.",regional_default_candidate,needs_municipal_review,no,e-distribución — distribución eléctrica,https://www.edistribucion.com/es/conocenos/instalaciones-distribucion-red/distribucion-electrica.html,official_distributor_public,2026-05-06,"e-distribución declara presencia en Andalucía, pero no se asume cobertura completa municipal sin revisión; hay distribuidoras locales."
andalucia,Jimena de la Frontera,"e-distribución Redes Digitales, S.L.U.",regional_default_candidate,needs_municipal_review,no,e-distribución — distribución eléctrica,https://www.edistribucion.com/es/conocenos/instalaciones-distribucion-red/distribucion-electrica.html,official_distributor_public,2026-05-06,"e-distribución declara presencia en Andalucía, pero no se asume cobertura completa municipal sin revisión; hay distribuidoras locales."
andalucia,Jimera de Líbar,"e-distribución Redes Digitales, S.L.U.",regional_default_candidate,needs_municipal_review,no,e-distribución — distribución eléctrica,https://www.edistribucion.com/es/conocenos/instalaciones-distribucion-red/distribucion-electrica.html,official_distributor_public,2026-05-06,"e-distribución declara presencia en Andalucía, pero no se asume cobertura completa municipal sin revisión; hay distribuidoras locales."
andalucia,Jódar,"e-distribución Redes Digitales, S.L.U.",regional_default_candidate,needs_municipal_review,no,e-distribución — distribución eléctrica,https://www.edistribucion.com/es/conocenos/instalaciones-distribucion-red/distribucion-electrica.html,official_distributor_public,2026-05-06,"e-distribución declara presencia en Andalucía, pero no se asume cobertura completa municipal sin revisión; hay distribuidoras locales."
andalucia,Jubrique,"e-distribución Redes Digitales, S.L.U.",regional_default_candidate,needs_municipal_review,no,e-distribución — distribución eléctrica,https://www.edistribucion.com/es/conocenos/instalaciones-distribucion-red/distribucion-electrica.html,official_distributor_public,2026-05-06,"e-distribución declara presencia en Andalucía, pero no se asume cobertura completa municipal sin revisión; hay distribuidoras locales."
andalucia,Jun,"e-distribución Redes Digitales, S.L.U.",regional_default_candidate,needs_municipal_review,no,e-distribución — distribución eléctrica,https://www.edistribucion.com/es/conocenos/instalaciones-distribucion-red/distribucion-electrica.html,official_distributor_public,2026-05-06,"e-distribución declara presencia en Andalucía, pero no se asume cobertura completa municipal sin revisión; hay distribuidoras locales."
andalucia,Juviles,"e-distribución Redes Digitales, S.L.U.",regional_default_candidate,needs_municipal_review,no,e-distribución — distribución eléctrica,https://www.edistribucion.com/es/conocenos/instalaciones-distribucion-red/distribucion-electrica.html,official_distributor_public,2026-05-06,"e-distribución declara presencia en Andalucía, pero no se asume cobertura completa municipal sin revisión; hay distribuidoras locales."
andalucia,Júzcar,"e-distribución Redes Digitales, S.L.U.",regional_default_candidate,needs_municipal_review,no,e-distribución — distribución eléctrica,https://www.edistribucion.com/es/conocenos/instalaciones-distribucion-red/distribucion-electrica.html,official_distributor_public,2026-05-06,"e-distribución declara presencia en Andalucía, pero no se asume cobertura completa municipal sin revisión; hay distribuidoras locales."
andalucia,La Algaba,"e-distribución Redes Digitales, S.L.U.",regional_default_candidate,needs_municipal_review,no,e-distribución — distribución eléctrica,https://www.edistribucion.com/es/conocenos/instalaciones-distribucion-red/distribucion-electrica.html,official_distributor_public,2026-05-06,"e-distribución declara presencia en Andalucía, pero no se asume cobertura completa municipal sin revisión; hay distribuidoras locales."
andalucia,La Calahorra,"e-distribución Redes Digitales, S.L.U.",regional_default_candidate,needs_municipal_review,no,e-distribución — distribución eléctrica,https://www.edistribucion.com/es/conocenos/instalaciones-distribucion-red/distribucion-electrica.html,official_distributor_public,2026-05-06,"e-distribución declara presencia en Andalucía, pero no se asume cobertura completa municipal sin revisión; hay distribuidoras locales."
andalucia,La Campana,"e-distribución Redes Digitales, S.L.U.",regional_default_candidate,needs_municipal_review,no,e-distribución — distribución eléctrica,https://www.edistribucion.com/es/conocenos/instalaciones-distribucion-red/distribucion-electrica.html,official_distributor_public,2026-05-06,"e-distribución declara presencia en Andalucía, pero no se asume cobertura completa municipal sin revisión; hay distribuidoras locales."
andalucia,La Carlota,"e-distribución Redes Digitales, S.L.U.",regional_default_candidate,needs_municipal_review,no,e-distribución — distribución eléctrica,https://www.edistribucion.com/es/conocenos/instalaciones-distribucion-red/distribucion-electrica.html,official_distributor_public,2026-05-06,"e-distribución declara presencia en Andalucía, pero no se asume cobertura completa municipal sin revisión; hay distribuidoras locales."
andalucia,La Carolina,"e-distribución Redes Digitales, S.L.U.",regional_default_candidate,needs_municipal_review,no,e-distribución — distribución eléctrica,https://www.edistribucion.com/es/conocenos/instalaciones-distribucion-red/distribucion-electrica.html,official_distributor_public,2026-05-06,"e-distribución declara presencia en Andalucía, pero no se asume cobertura completa municipal sin revisión; hay distribuidoras locales."
andalucia,La Granada de Río-Tinto,"e-distribución Redes Digitales, S.L.U.",regional_default_candidate,needs_municipal_review,no,e-distribución — distribución eléctrica,https://www.edistribucion.com/es/conocenos/instalaciones-distribucion-red/distribucion-electrica.html,official_distributor_public,2026-05-06,"e-distribución declara presencia en Andalucía, pero no se asume cobertura completa municipal sin revisión; hay distribuidoras locales."
andalucia,La Granjuela,"e-distribución Redes Digitales, S.L.U.",regional_default_candidate,needs_municipal_review,no,e-distribución — distribución eléctrica,https://www.edistribucion.com/es/conocenos/instalaciones-distribucion-red/distribucion-electrica.html,official_distributor_public,2026-05-06,"e-distribución declara presencia en Andalucía, pero no se asume cobertura completa municipal sin revisión; hay distribuidoras locales."
andalucia,La Guardia de Jaén,"e-distribución Redes Digitales, S.L.U.",regional_default_candidate,needs_municipal_review,no,e-distribución — distribución eléctrica,https://www.edistribucion.com/es/conocenos/instalaciones-distribucion-red/distribucion-electrica.html,official_distributor_public,2026-05-06,"e-distribución declara presencia en Andalucía, pero no se asume cobertura completa municipal sin revisión; hay distribuidoras locales."
andalucia,La Guijarrosa,"e-distribución Redes Digitales, S.L.U.",regional_default_candidate,needs_municipal_review,no,e-distribución — distribución eléctrica,https://www.edistribucion.com/es/conocenos/instalaciones-distribucion-red/distribucion-electrica.html,official_distributor_public,2026-05-06,"e-distribución declara presencia en Andalucía, pero no se asume cobertura completa municipal sin revisión; hay distribuidoras locales."
andalucia,La Iruela,"e-distribución Redes Digitales, S.L.U.",regional_default_candidate,needs_municipal_review,no,e-distribución — distribución eléctrica,https://www.edistribucion.com/es/conocenos/instalaciones-distribucion-red/distribucion-electrica.html,official_distributor_public,2026-05-06,"e-distribución declara presencia en Andalucía, pero no se asume cobertura completa municipal sin revisión; hay distribuidoras locales."
andalucia,La Línea de la Concepción,"e-distribución Redes Digitales, S.L.U.",regional_default_candidate,needs_municipal_review,no,e-distribución — distribución eléctrica,https://www.edistribucion.com/es/conocenos/instalaciones-distribucion-red/distribucion-electrica.html,official_distributor_public,2026-05-06,"e-distribución declara presencia en Andalucía, pero no se asume cobertura completa municipal sin revisión; hay distribuidoras locales."
andalucia,La Luisiana,"e-distribución Redes Digitales, S.L.U.",regional_default_candidate,needs_municipal_review,no,e-distribución — distribución eléctrica,https://www.edistribucion.com/es/conocenos/instalaciones-distribucion-red/distribucion-electrica.html,official_distributor_public,2026-05-06,"e-distribución declara presencia en Andalucía, pero no se asume cobertura completa municipal sin revisión; hay distribuidoras locales."
andalucia,La Malahá,"e-distribución Redes Digitales, S.L.U.",regional_default_candidate,needs_municipal_review,no,e-distribución — distribución eléctrica,https://www.edistribucion.com/es/conocenos/instalaciones-distribucion-red/distribucion-electrica.html,official_distributor_public,2026-05-06,"e-distribución declara presencia en Andalucía, pero no se asume cobertura completa municipal sin revisión; hay distribuidoras locales."
andalucia,La Mojonera,"e-distribución Redes Digitales, S.L.U.",regional_default_candidate,needs_municipal_review,no,e-distribución — distribución eléctrica,https://www.edistribucion.com/es/conocenos/instalaciones-distribucion-red/distribucion-electrica.html,official_distributor_public,2026-05-06,"e-distribución declara presencia en Andalucía, pero no se asume cobertura completa municipal sin revisión; hay distribuidoras locales."
andalucia,La Nava,"e-distribución Redes Digitales, S.L.U.",regional_default_candidate,needs_municipal_review,no,e-distribución — distribución eléctrica,https://www.edistribucion.com/es/conocenos/instalaciones-distribucion-red/distribucion-electrica.html,official_distributor_public,2026-05-06,"e-distribución declara presencia en Andalucía, pero no se asume cobertura completa municipal sin revisión; hay distribuidoras locales."
andalucia,La Palma del Condado,"e-distribución Redes Digitales, S.L.U.",regional_default_candidate,needs_municipal_review,no,e-distribución — distribución eléctrica,https://www.edistribucion.com/es/conocenos/instalaciones-distribucion-red/distribucion-electrica.html,official_distributor_public,2026-05-06,"e-distribución declara presencia en Andalucía, pero no se asume cobertura completa municipal sin revisión; hay distribuidoras locales."
andalucia,La Peza,"e-distribución Redes Digitales, S.L.U.",regional_default_candidate,needs_municipal_review,no,e-distribución — distribución eléctrica,https://www.edistribucion.com/es/conocenos/instalaciones-distribucion-red/distribucion-electrica.html,official_distributor_public,2026-05-06,"e-distribución declara presencia en Andalucía, pero no se asume cobertura completa municipal sin revisión; hay distribuidoras locales."
andalucia,La Puebla de Cazalla,"e-distribución Redes Digitales, S.L.U.",regional_default_candidate,needs_municipal_review,no,e-distribución — distribución eléctrica,https://www.edistribucion.com/es/conocenos/instalaciones-distribucion-red/distribucion-electrica.html,official_distributor_public,2026-05-06,"e-distribución declara presencia en Andalucía, pero no se asume cobertura completa municipal sin revisión; hay distribuidoras locales."
andalucia,La Puebla de los Infantes,"e-distribución Redes Digitales, S.L.U.",regional_default_candidate,needs_municipal_review,no,e-distribución — distribución eléctrica,https://www.edistribucion.com/es/conocenos/instalaciones-distribucion-red/distribucion-electrica.html,official_distributor_public,2026-05-06,"e-distribución declara presencia en Andalucía, pero no se asume cobertura completa municipal sin revisión; hay distribuidoras locales."
andalucia,La Puebla del Río,"e-distribución Redes Digitales, S.L.U.",regional_default_candidate,needs_municipal_review,no,e-distribución — distribución eléctrica,https://www.edistribucion.com/es/conocenos/instalaciones-distribucion-red/distribucion-electrica.html,official_distributor_public,2026-05-06,"e-distribución declara presencia en Andalucía, pero no se asume cobertura completa municipal sin revisión; hay distribuidoras locales."
andalucia,La Puerta de Segura,"e-distribución Redes Digitales, S.L.U.",regional_default_candidate,needs_municipal_review,no,e-distribución — distribución eléctrica,https://www.edistribucion.com/es/conocenos/instalaciones-distribucion-red/distribucion-electrica.html,official_distributor_public,2026-05-06,"e-distribución declara presencia en Andalucía, pero no se asume cobertura completa municipal sin revisión; hay distribuidoras locales."
andalucia,La Rambla,"e-distribución Redes Digitales, S.L.U.",regional_default_candidate,needs_municipal_review,no,e-distribución — distribución eléctrica,https://www.edistribucion.com/es/conocenos/instalaciones-distribucion-red/distribucion-electrica.html,official_distributor_public,2026-05-06,"e-distribución declara presencia en Andalucía, pero no se asume cobertura completa municipal sin revisión; hay distribuidoras locales."
andalucia,La Rinconada,"e-distribución Redes Digitales, S.L.U.",regional_default_candidate,needs_municipal_review,no,e-distribución — distribución eléctrica,https://www.edistribucion.com/es/conocenos/instalaciones-distribucion-red/distribucion-electrica.html,official_distributor_public,2026-05-06,"e-distribución declara presencia en Andalucía, pero no se asume cobertura completa municipal sin revisión; hay distribuidoras locales."
andalucia,La Roda de Andalucía,"e-distribución Redes Digitales, S.L.U.",regional_default_candidate,needs_municipal_review,no,e-distribución — distribución eléctrica,https://www.edistribucion.com/es/conocenos/instalaciones-distribucion-red/distribucion-electrica.html,official_distributor_public,2026-05-06,"e-distribución declara presencia en Andalucía, pero no se asume cobertura completa municipal sin revisión; hay distribuidoras locales."
andalucia,La Taha,"e-distribución Redes Digitales, S.L.U.",regional_default_candidate,needs_municipal_review,no,e-distribución — distribución eléctrica,https://www.edistribucion.com/es/conocenos/instalaciones-distribucion-red/distribucion-electrica.html,official_distributor_public,2026-05-06,"e-distribución declara presencia en Andalucía, pero no se asume cobertura completa municipal sin revisión; hay distribuidoras locales."
andalucia,La Victoria,"e-distribución Redes Digitales, S.L.U.",regional_default_candidate,needs_municipal_review,no,e-distribución — distribución eléctrica,https://www.edistribucion.com/es/conocenos/instalaciones-distribucion-red/distribucion-electrica.html,official_distributor_public,2026-05-06,"e-distribución declara presencia en Andalucía, pero no se asume cobertura completa municipal sin revisión; hay distribuidoras locales."
andalucia,La Zarza-Perrunal,"e-distribución Redes Digitales, S.L.U.",regional_default_candidate,needs_municipal_review,no,e-distribución — distribución eléctrica,https://www.edistribucion.com/es/conocenos/instalaciones-distribucion-red/distribucion-electrica.html,official_distributor_public,2026-05-06,"e-distribución declara presencia en Andalucía, pero no se asume cobertura completa municipal sin revisión; hay distribuidoras locales."
andalucia,La Zubia,"e-distribución Redes Digitales, S.L.U.",regional_default_candidate,needs_municipal_review,no,e-distribución — distribución eléctrica,https://www.edistribucion.com/es/conocenos/instalaciones-distribucion-red/distribucion-electrica.html,official_distributor_public,2026-05-06,"e-distribución declara presencia en Andalucía, pero no se asume cobertura completa municipal sin revisión; hay distribuidoras locales."
andalucia,Láchar,"e-distribución Redes Digitales, S.L.U.",regional_default_candidate,needs_municipal_review,no,e-distribución — distribución eléctrica,https://www.edistribucion.com/es/conocenos/instalaciones-distribucion-red/distribucion-electrica.html,official_distributor_public,2026-05-06,"e-distribución declara presencia en Andalucía, pero no se asume cobertura completa municipal sin revisión; hay distribuidoras locales."
andalucia,Lahiguera,"e-distribución Redes Digitales, S.L.U.",regional_default_candidate,needs_municipal_review,no,e-distribución — distribución eléctrica,https://www.edistribucion.com/es/conocenos/instalaciones-distribucion-red/distribucion-electrica.html,official_distributor_public,2026-05-06,"e-distribución declara presencia en Andalucía, pero no se asume cobertura completa municipal sin revisión; hay distribuidoras locales."
andalucia,Lanjarón,"e-distribución Redes Digitales, S.L.U.",regional_default_candidate,needs_municipal_review,no,e-distribución — distribución eléctrica,https://www.edistribucion.com/es/conocenos/instalaciones-distribucion-red/distribucion-electrica.html,official_distributor_public,2026-05-06,"e-distribución declara presencia en Andalucía, pero no se asume cobertura completa municipal sin revisión; hay distribuidoras locales."
andalucia,Lanteira,"e-distribución Redes Digitales, S.L.U.",regional_default_candidate,needs_municipal_review,no,e-distribución — distribución eléctrica,https://www.edistribucion.com/es/conocenos/instalaciones-distribucion-red/distribucion-electrica.html,official_distributor_public,2026-05-06,"e-distribución declara presencia en Andalucía, pero no se asume cobertura completa municipal sin revisión; hay distribuidoras locales."
andalucia,Lantejuela,"e-distribución Redes Digitales, S.L.U.",regional_default_candidate,needs_municipal_review,no,e-distribución — distribución eléctrica,https://www.edistribucion.com/es/conocenos/instalaciones-distribucion-red/distribucion-electrica.html,official_distributor_public,2026-05-06,"e-distribución declara presencia en Andalucía, pero no se asume cobertura completa municipal sin revisión; hay distribuidoras locales."
andalucia,Laroya,"e-distribución Redes Digitales, S.L.U.",regional_default_candidate,needs_municipal_review,no,e-distribución — distribución eléctrica,https://www.edistribucion.com/es/conocenos/instalaciones-distribucion-red/distribucion-electrica.html,official_distributor_public,2026-05-06,"e-distribución declara presencia en Andalucía, pero no se asume cobertura completa municipal sin revisión; hay distribuidoras locales."
andalucia,Larva,"e-distribución Redes Digitales, S.L.U.",regional_default_candidate,needs_municipal_review,no,e-distribución — distribución eléctrica,https://www.edistribucion.com/es/conocenos/instalaciones-distribucion-red/distribucion-electrica.html,official_distributor_public,2026-05-06,"e-distribución declara presencia en Andalucía, pero no se asume cobertura completa municipal sin revisión; hay distribuidoras locales."
andalucia,Las Cabezas de San Juan,"e-distribución Redes Digitales, S.L.U.",regional_default_candidate,needs_municipal_review,no,e-distribución — distribución eléctrica,https://www.edistribucion.com/es/conocenos/instalaciones-distribucion-red/distribucion-electrica.html,official_distributor_public,2026-05-06,"e-distribución declara presencia en Andalucía, pero no se asume cobertura completa municipal sin revisión; hay distribuidoras locales."
andalucia,Las Gabias,"e-distribución Redes Digitales, S.L.U.",regional_default_candidate,needs_municipal_review,no,e-distribución — distribución eléctrica,https://www.edistribucion.com/es/conocenos/instalaciones-distribucion-red/distribucion-electrica.html,official_distributor_public,2026-05-06,"e-distribución declara presencia en Andalucía, pero no se asume cobertura completa municipal sin revisión; hay distribuidoras locales."
andalucia,Las Navas de la Concepción,"e-distribución Redes Digitales, S.L.U.",regional_default_candidate,needs_municipal_review,no,e-distribución — distribución eléctrica,https://www.edistribucion.com/es/conocenos/instalaciones-distribucion-red/distribucion-electrica.html,official_distributor_public,2026-05-06,"e-distribución declara presencia en Andalucía, pero no se asume cobertura completa municipal sin revisión; hay distribuidoras locales."
andalucia,Las Tres Villas,"e-distribución Redes Digitales, S.L.U.",regional_default_candidate,needs_municipal_review,no,e-distribución — distribución eléctrica,https://www.edistribucion.com/es/conocenos/instalaciones-distribucion-red/distribucion-electrica.html,official_distributor_public,2026-05-06,"e-distribución declara presencia en Andalucía, pero no se asume cobertura completa municipal sin revisión; hay distribuidoras locales."
andalucia,Láujar de Andarax,"e-distribución Redes Digitales, S.L.U.",regional_default_candidate,needs_municipal_review,no,e-distribución — distribución eléctrica,https://www.edistribucion.com/es/conocenos/instalaciones-distribucion-red/distribucion-electrica.html,official_distributor_public,2026-05-06,"e-distribución declara presencia en Andalucía, pero no se asume cobertura completa municipal sin revisión; hay distribuidoras locales."
andalucia,Lebrija,"e-distribución Redes Digitales, S.L.U.",regional_default_candidate,needs_municipal_review,no,e-distribución — distribución eléctrica,https://www.edistribucion.com/es/conocenos/instalaciones-distribucion-red/distribucion-electrica.html,official_distributor_public,2026-05-06,"e-distribución declara presencia en Andalucía, pero no se asume cobertura completa municipal sin revisión; hay distribuidoras locales."
andalucia,Lecrín,"e-distribución Redes Digitales, S.L.U.",regional_default_candidate,needs_municipal_review,no,e-distribución — distribución eléctrica,https://www.edistribucion.com/es/conocenos/instalaciones-distribucion-red/distribucion-electrica.html,official_distributor_public,2026-05-06,"e-distribución declara presencia en Andalucía, pero no se asume cobertura completa municipal sin revisión; hay distribuidoras locales."
andalucia,Lentegí,"e-distribución Redes Digitales, S.L.U.",regional_default_candidate,needs_municipal_review,no,e-distribución — distribución eléctrica,https://www.edistribucion.com/es/conocenos/instalaciones-distribucion-red/distribucion-electrica.html,official_distributor_public,2026-05-06,"e-distribución declara presencia en Andalucía, pero no se asume cobertura completa municipal sin revisión; hay distribuidoras locales."
andalucia,Lepe,"e-distribución Redes Digitales, S.L.U.",regional_default_candidate,needs_municipal_review,no,e-distribución — distribución eléctrica,https://www.edistribucion.com/es/conocenos/instalaciones-distribucion-red/distribucion-electrica.html,official_distributor_public,2026-05-06,"e-distribución declara presencia en Andalucía, pero no se asume cobertura completa municipal sin revisión; hay distribuidoras locales."
andalucia,Líjar,"e-distribución Redes Digitales, S.L.U.",regional_default_candidate,needs_municipal_review,no,e-distribución — distribución eléctrica,https://www.edistribucion.com/es/conocenos/instalaciones-distribucion-red/distribucion-electrica.html,official_distributor_public,2026-05-06,"e-distribución declara presencia en Andalucía, pero no se asume cobertura completa municipal sin revisión; hay distribuidoras locales."
andalucia,Linares,"e-distribución Redes Digitales, S.L.U.",regional_default_candidate,needs_municipal_review,no,e-distribución — distribución eléctrica,https://www.edistribucion.com/es/conocenos/instalaciones-distribucion-red/distribucion-electrica.html,official_distributor_public,2026-05-06,"e-distribución declara presencia en Andalucía, pero no se asume cobertura completa municipal sin revisión; hay distribuidoras locales."
andalucia,Linares de la Sierra,"e-distribución Redes Digitales, S.L.U.",regional_default_candidate,needs_municipal_review,no,e-distribución — distribución eléctrica,https://www.edistribucion.com/es/conocenos/instalaciones-distribucion-red/distribucion-electrica.html,official_distributor_public,2026-05-06,"e-distribución declara presencia en Andalucía, pero no se asume cobertura completa municipal sin revisión; hay distribuidoras locales."
andalucia,Lobras,"e-distribución Redes Digitales, S.L.U.",regional_default_candidate,needs_municipal_review,no,e-distribución — distribución eléctrica,https://www.edistribucion.com/es/conocenos/instalaciones-distribucion-red/distribucion-electrica.html,official_distributor_public,2026-05-06,"e-distribución declara presencia en Andalucía, pero no se asume cobertura completa municipal sin revisión; hay distribuidoras locales."
andalucia,Loja,"e-distribución Redes Digitales, S.L.U.",regional_default_candidate,needs_municipal_review,no,e-distribución — distribución eléctrica,https://www.edistribucion.com/es/conocenos/instalaciones-distribucion-red/distribucion-electrica.html,official_distributor_public,2026-05-06,"e-distribución declara presencia en Andalucía, pero no se asume cobertura completa municipal sin revisión; hay distribuidoras locales."
andalucia,Lopera,"e-distribución Redes Digitales, S.L.U.",regional_default_candidate,needs_municipal_review,no,e-distribución — distribución eléctrica,https://www.edistribucion.com/es/conocenos/instalaciones-distribucion-red/distribucion-electrica.html,official_distributor_public,2026-05-06,"e-distribución declara presencia en Andalucía, pero no se asume cobertura completa municipal sin revisión; hay distribuidoras locales."
andalucia,Lora de Estepa,"e-distribución Redes Digitales, S.L.U.",regional_default_candidate,needs_municipal_review,no,e-distribución — distribución eléctrica,https://www.edistribucion.com/es/conocenos/instalaciones-distribucion-red/distribucion-electrica.html,official_distributor_public,2026-05-06,"e-distribución declara presencia en Andalucía, pero no se asume cobertura completa municipal sin revisión; hay distribuidoras locales."
andalucia,Lora del Río,"e-distribución Redes Digitales, S.L.U.",regional_default_candidate,needs_municipal_review,no,e-distribución — distribución eléctrica,https://www.edistribucion.com/es/conocenos/instalaciones-distribucion-red/distribucion-electrica.html,official_distributor_public,2026-05-06,"e-distribución declara presencia en Andalucía, pero no se asume cobertura completa municipal sin revisión; hay distribuidoras locales."
andalucia,Los Barrios,"e-distribución Redes Digitales, S.L.U.",regional_default_candidate,needs_municipal_review,no,e-distribución — distribución eléctrica,https://www.edistribucion.com/es/conocenos/instalaciones-distribucion-red/distribucion-electrica.html,official_distributor_public,2026-05-06,"e-distribución declara presencia en Andalucía, pero no se asume cobertura completa municipal sin revisión; hay distribuidoras locales."
andalucia,Los Blázquez,"e-distribución Redes Digitales, S.L.U.",regional_default_candidate,needs_municipal_review,no,e-distribución — distribución eléctrica,https://www.edistribucion.com/es/conocenos/instalaciones-distribucion-red/distribucion-electrica.html,official_distributor_public,2026-05-06,"e-distribución declara presencia en Andalucía, pero no se asume cobertura completa municipal sin revisión; hay distribuidoras locales."
andalucia,Los Corrales,"e-distribución Redes Digitales, S.L.U.",regional_default_candidate,needs_municipal_review,no,e-distribución — distribución eléctrica,https://www.edistribucion.com/es/conocenos/instalaciones-distribucion-red/distribucion-electrica.html,official_distributor_public,2026-05-06,"e-distribución declara presencia en Andalucía, pero no se asume cobertura completa municipal sin revisión; hay distribuidoras locales."
andalucia,Los Gallardos,"e-distribución Redes Digitales, S.L.U.",regional_default_candidate,needs_municipal_review,no,e-distribución — distribución eléctrica,https://www.edistribucion.com/es/conocenos/instalaciones-distribucion-red/distribucion-electrica.html,official_distributor_public,2026-05-06,"e-distribución declara presencia en Andalucía, pero no se asume cobertura completa municipal sin revisión; hay distribuidoras locales."
andalucia,Los Guájares,"e-distribución Redes Digitales, S.L.U.",regional_default_candidate,needs_municipal_review,no,e-distribución — distribución eléctrica,https://www.edistribucion.com/es/conocenos/instalaciones-distribucion-red/distribucion-electrica.html,official_distributor_public,2026-05-06,"e-distribución declara presencia en Andalucía, pero no se asume cobertura completa municipal sin revisión; hay distribuidoras locales."
andalucia,Los Marines,"e-distribución Redes Digitales, S.L.U.",regional_default_candidate,needs_municipal_review,no,e-distribución — distribución eléctrica,https://www.edistribucion.com/es/conocenos/instalaciones-distribucion-red/distribucion-electrica.html,official_distributor_public,2026-05-06,"e-distribución declara presencia en Andalucía, pero no se asume cobertura completa municipal sin revisión; hay distribuidoras locales."
andalucia,Los Molares,"e-distribución Redes Digitales, S.L.U.",regional_default_candidate,needs_municipal_review,no,e-distribución — distribución eléctrica,https://www.edistribucion.com/es/conocenos/instalaciones-distribucion-red/distribucion-electrica.html,official_distributor_public,2026-05-06,"e-distribución declara presencia en Andalucía, pero no se asume cobertura completa municipal sin revisión; hay distribuidoras locales."
andalucia,Los Palacios y Villafranca,"e-distribución Redes Digitales, S.L.U.",regional_default_candidate,needs_municipal_review,no,e-distribución — distribución eléctrica,https://www.edistribucion.com/es/conocenos/instalaciones-distribucion-red/distribucion-electrica.html,official_distributor_public,2026-05-06,"e-distribución declara presencia en Andalucía, pero no se asume cobertura completa municipal sin revisión; hay distribuidoras locales."
andalucia,Los Villares,"e-distribución Redes Digitales, S.L.U.",regional_default_candidate,needs_municipal_review,no,e-distribución — distribución eléctrica,https://www.edistribucion.com/es/conocenos/instalaciones-distribucion-red/distribucion-electrica.html,official_distributor_public,2026-05-06,"e-distribución declara presencia en Andalucía, pero no se asume cobertura completa municipal sin revisión; hay distribuidoras locales."
andalucia,Lubrín,"e-distribución Redes Digitales, S.L.U.",regional_default_candidate,needs_municipal_review,no,e-distribución — distribución eléctrica,https://www.edistribucion.com/es/conocenos/instalaciones-distribucion-red/distribucion-electrica.html,official_distributor_public,2026-05-06,"e-distribución declara presencia en Andalucía, pero no se asume cobertura completa municipal sin revisión; hay distribuidoras locales."
andalucia,Lucainena de las Torres,"e-distribución Redes Digitales, S.L.U.",regional_default_candidate,needs_municipal_review,no,e-distribución — distribución eléctrica,https://www.edistribucion.com/es/conocenos/instalaciones-distribucion-red/distribucion-electrica.html,official_distributor_public,2026-05-06,"e-distribución declara presencia en Andalucía, pero no se asume cobertura completa municipal sin revisión; hay distribuidoras locales."
andalucia,Lúcar,"e-distribución Redes Digitales, S.L.U.",regional_default_candidate,needs_municipal_review,no,e-distribución — distribución eléctrica,https://www.edistribucion.com/es/conocenos/instalaciones-distribucion-red/distribucion-electrica.html,official_distributor_public,2026-05-06,"e-distribución declara presencia en Andalucía, pero no se asume cobertura completa municipal sin revisión; hay distribuidoras locales."
andalucia,Lucena,"e-distribución Redes Digitales, S.L.U.",regional_default_candidate,needs_municipal_review,no,e-distribución — distribución eléctrica,https://www.edistribucion.com/es/conocenos/instalaciones-distribucion-red/distribucion-electrica.html,official_distributor_public,2026-05-06,"e-distribución declara presencia en Andalucía, pero no se asume cobertura completa municipal sin revisión; hay distribuidoras locales."
andalucia,Lucena del Puerto,"e-distribución Redes Digitales, S.L.U.",regional_default_candidate,needs_municipal_review,no,e-distribución — distribución eléctrica,https://www.edistribucion.com/es/conocenos/instalaciones-distribucion-red/distribucion-electrica.html,official_distributor_public,2026-05-06,"e-distribución declara presencia en Andalucía, pero no se asume cobertura completa municipal sin revisión; hay distribuidoras locales."
andalucia,Lugros,"e-distribución Redes Digitales, S.L.U.",regional_default_candidate,needs_municipal_review,no,e-distribución — distribución eléctrica,https://www.edistribucion.com/es/conocenos/instalaciones-distribucion-red/distribucion-electrica.html,official_distributor_public,2026-05-06,"e-distribución declara presencia en Andalucía, pero no se asume cobertura completa municipal sin revisión; hay distribuidoras locales."
andalucia,Lújar,"e-distribución Redes Digitales, S.L.U.",regional_default_candidate,needs_municipal_review,no,e-distribución — distribución eléctrica,https://www.edistribucion.com/es/conocenos/instalaciones-distribucion-red/distribucion-electrica.html,official_distributor_public,2026-05-06,"e-distribución declara presencia en Andalucía, pero no se asume cobertura completa municipal sin revisión; hay distribuidoras locales."
andalucia,Lupión,"e-distribución Redes Digitales, S.L.U.",regional_default_candidate,needs_municipal_review,no,e-distribución — distribución eléctrica,https://www.edistribucion.com/es/conocenos/instalaciones-distribucion-red/distribucion-electrica.html,official_distributor_public,2026-05-06,"e-distribución declara presencia en Andalucía, pero no se asume cobertura completa municipal sin revisión; hay distribuidoras locales."
andalucia,Luque,"e-distribución Redes Digitales, S.L.U.",regional_default_candidate,needs_municipal_review,no,e-distribución — distribución eléctrica,https://www.edistribucion.com/es/conocenos/instalaciones-distribucion-red/distribucion-electrica.html,official_distributor_public,2026-05-06,"e-distribución declara presencia en Andalucía, pero no se asume cobertura completa municipal sin revisión; hay distribuidoras locales."
andalucia,Macael,"e-distribución Redes Digitales, S.L.U.",regional_default_candidate,needs_municipal_review,no,e-distribución — distribución eléctrica,https://www.edistribucion.com/es/conocenos/instalaciones-distribucion-red/distribucion-electrica.html,official_distributor_public,2026-05-06,"e-distribución declara presencia en Andalucía, pero no se asume cobertura completa municipal sin revisión; hay distribuidoras locales."
andalucia,Macharaviaya,"e-distribución Redes Digitales, S.L.U.",regional_default_candidate,needs_municipal_review,no,e-distribución — distribución eléctrica,https://www.edistribucion.com/es/conocenos/instalaciones-distribucion-red/distribucion-electrica.html,official_distributor_public,2026-05-06,"e-distribución declara presencia en Andalucía, pero no se asume cobertura completa municipal sin revisión; hay distribuidoras locales."
andalucia,Mairena del Alcor,"e-distribución Redes Digitales, S.L.U.",regional_default_candidate,needs_municipal_review,no,e-distribución — distribución eléctrica,https://www.edistribucion.com/es/conocenos/instalaciones-distribucion-red/distribucion-electrica.html,official_distributor_public,2026-05-06,"e-distribución declara presencia en Andalucía, pero no se asume cobertura completa municipal sin revisión; hay distribuidoras locales."
andalucia,Mairena del Aljarafe,"e-distribución Redes Digitales, S.L.U.",regional_default_candidate,needs_municipal_review,no,e-distribución — distribución eléctrica,https://www.edistribucion.com/es/conocenos/instalaciones-distribucion-red/distribucion-electrica.html,official_distributor_public,2026-05-06,"e-distribución declara presencia en Andalucía, pero no se asume cobertura completa municipal sin revisión; hay distribuidoras locales."
andalucia,Málaga,"e-distribución Redes Digitales, S.L.U.",regional_default_candidate,needs_municipal_review,no,e-distribución — distribución eléctrica,https://www.edistribucion.com/es/conocenos/instalaciones-distribucion-red/distribucion-electrica.html,official_distributor_public,2026-05-06,"e-distribución declara presencia en Andalucía, pero no se asume cobertura completa municipal sin revisión; hay distribuidoras locales."
andalucia,Mancha Real,"e-distribución Redes Digitales, S.L.U.",regional_default_candidate,needs_municipal_review,no,e-distribución — distribución eléctrica,https://www.edistribucion.com/es/conocenos/instalaciones-distribucion-red/distribucion-electrica.html,official_distributor_public,2026-05-06,"e-distribución declara presencia en Andalucía, pero no se asume cobertura completa municipal sin revisión; hay distribuidoras locales."
andalucia,Manilva,"e-distribución Redes Digitales, S.L.U.",regional_default_candidate,needs_municipal_review,no,e-distribución — distribución eléctrica,https://www.edistribucion.com/es/conocenos/instalaciones-distribucion-red/distribucion-electrica.html,official_distributor_public,2026-05-06,"e-distribución declara presencia en Andalucía, pero no se asume cobertura completa municipal sin revisión; hay distribuidoras locales."
andalucia,Manzanilla,"e-distribución Redes Digitales, S.L.U.",regional_default_candidate,needs_municipal_review,no,e-distribución — distribución eléctrica,https://www.edistribucion.com/es/conocenos/instalaciones-distribucion-red/distribucion-electrica.html,official_distributor_public,2026-05-06,"e-distribución declara presencia en Andalucía, pero no se asume cobertura completa municipal sin revisión; hay distribuidoras locales."
andalucia,Maracena,"e-distribución Redes Digitales, S.L.U.",regional_default_candidate,needs_municipal_review,no,e-distribución — distribución eléctrica,https://www.edistribucion.com/es/conocenos/instalaciones-distribucion-red/distribucion-electrica.html,official_distributor_public,2026-05-06,"e-distribución declara presencia en Andalucía, pero no se asume cobertura completa municipal sin revisión; hay distribuidoras locales."
andalucia,Marbella,"e-distribución Redes Digitales, S.L.U.",regional_default_candidate,needs_municipal_review,no,e-distribución — distribución eléctrica,https://www.edistribucion.com/es/conocenos/instalaciones-distribucion-red/distribucion-electrica.html,official_distributor_public,2026-05-06,"e-distribución declara presencia en Andalucía, pero no se asume cobertura completa municipal sin revisión; hay distribuidoras locales."
andalucia,Marchal,"e-distribución Redes Digitales, S.L.U.",regional_default_candidate,needs_municipal_review,no,e-distribución — distribución eléctrica,https://www.edistribucion.com/es/conocenos/instalaciones-distribucion-red/distribucion-electrica.html,official_distributor_public,2026-05-06,"e-distribución declara presencia en Andalucía, pero no se asume cobertura completa municipal sin revisión; hay distribuidoras locales."
andalucia,Marchena,"e-distribución Redes Digitales, S.L.U.",regional_default_candidate,needs_municipal_review,no,e-distribución — distribución eléctrica,https://www.edistribucion.com/es/conocenos/instalaciones-distribucion-red/distribucion-electrica.html,official_distributor_public,2026-05-06,"e-distribución declara presencia en Andalucía, pero no se asume cobertura completa municipal sin revisión; hay distribuidoras locales."
andalucia,María,"e-distribución Redes Digitales, S.L.U.",regional_default_candidate,needs_municipal_review,no,e-distribución — distribución eléctrica,https://www.edistribucion.com/es/conocenos/instalaciones-distribucion-red/distribucion-electrica.html,official_distributor_public,2026-05-06,"e-distribución declara presencia en Andalucía, pero no se asume cobertura completa municipal sin revisión; hay distribuidoras locales."
andalucia,Marinaleda,"e-distribución Redes Digitales, S.L.U.",regional_default_candidate,needs_municipal_review,no,e-distribución — distribución eléctrica,https://www.edistribucion.com/es/conocenos/instalaciones-distribucion-red/distribucion-electrica.html,official_distributor_public,2026-05-06,"e-distribución declara presencia en Andalucía, pero no se asume cobertura completa municipal sin revisión; hay distribuidoras locales."
andalucia,Marmolejo,"e-distribución Redes Digitales, S.L.U.",regional_default_candidate,needs_municipal_review,no,e-distribución — distribución eléctrica,https://www.edistribucion.com/es/conocenos/instalaciones-distribucion-red/distribucion-electrica.html,official_distributor_public,2026-05-06,"e-distribución declara presencia en Andalucía, pero no se asume cobertura completa municipal sin revisión; hay distribuidoras locales."
andalucia,Martín de la Jara,"e-distribución Redes Digitales, S.L.U.",regional_default_candidate,needs_municipal_review,no,e-distribución — distribución eléctrica,https://www.edistribucion.com/es/conocenos/instalaciones-distribucion-red/distribucion-electrica.html,official_distributor_public,2026-05-06,"e-distribución declara presencia en Andalucía, pero no se asume cobertura completa municipal sin revisión; hay distribuidoras locales."
andalucia,Martos,"e-distribución Redes Digitales, S.L.U.",regional_default_candidate,needs_municipal_review,no,e-distribución — distribución eléctrica,https://www.edistribucion.com/es/conocenos/instalaciones-distribucion-red/distribucion-electrica.html,official_distributor_public,2026-05-06,"e-distribución declara presencia en Andalucía, pero no se asume cobertura completa municipal sin revisión; hay distribuidoras locales."
andalucia,Medina Sidonia,"e-distribución Redes Digitales, S.L.U.",regional_default_candidate,needs_municipal_review,no,e-distribución — distribución eléctrica,https://www.edistribucion.com/es/conocenos/instalaciones-distribucion-red/distribucion-electrica.html,official_distributor_public,2026-05-06,"e-distribución declara presencia en Andalucía, pero no se asume cobertura completa municipal sin revisión; hay distribuidoras locales."
andalucia,Mengíbar,"e-distribución Redes Digitales, S.L.U.",regional_default_candidate,needs_municipal_review,no,e-distribución — distribución eléctrica,https://www.edistribucion.com/es/conocenos/instalaciones-distribucion-red/distribucion-electrica.html,official_distributor_public,2026-05-06,"e-distribución declara presencia en Andalucía, pero no se asume cobertura completa municipal sin revisión; hay distribuidoras locales."
andalucia,Mijas,"e-distribución Redes Digitales, S.L.U.",regional_default_candidate,needs_municipal_review,no,e-distribución — distribución eléctrica,https://www.edistribucion.com/es/conocenos/instalaciones-distribucion-red/distribucion-electrica.html,official_distributor_public,2026-05-06,"e-distribución declara presencia en Andalucía, pero no se asume cobertura completa municipal sin revisión; hay distribuidoras locales."
andalucia,Minas de Riotinto,"e-distribución Redes Digitales, S.L.U.",regional_default_candidate,needs_municipal_review,no,e-distribución — distribución eléctrica,https://www.edistribucion.com/es/conocenos/instalaciones-distribucion-red/distribucion-electrica.html,official_distributor_public,2026-05-06,"e-distribución declara presencia en Andalucía, pero no se asume cobertura completa municipal sin revisión; hay distribuidoras locales."
andalucia,Moclín,"e-distribución Redes Digitales, S.L.U.",regional_default_candidate,needs_municipal_review,no,e-distribución — distribución eléctrica,https://www.edistribucion.com/es/conocenos/instalaciones-distribucion-red/distribucion-electrica.html,official_distributor_public,2026-05-06,"e-distribución declara presencia en Andalucía, pero no se asume cobertura completa municipal sin revisión; hay distribuidoras locales."
andalucia,Moclinejo,"e-distribución Redes Digitales, S.L.U.",regional_default_candidate,needs_municipal_review,no,e-distribución — distribución eléctrica,https://www.edistribucion.com/es/conocenos/instalaciones-distribucion-red/distribucion-electrica.html,official_distributor_public,2026-05-06,"e-distribución declara presencia en Andalucía, pero no se asume cobertura completa municipal sin revisión; hay distribuidoras locales."
andalucia,Moguer,"e-distribución Redes Digitales, S.L.U.",regional_default_candidate,needs_municipal_review,no,e-distribución — distribución eléctrica,https://www.edistribucion.com/es/conocenos/instalaciones-distribucion-red/distribucion-electrica.html,official_distributor_public,2026-05-06,"e-distribución declara presencia en Andalucía, pero no se asume cobertura completa municipal sin revisión; hay distribuidoras locales."
andalucia,Mojácar,"e-distribución Redes Digitales, S.L.U.",regional_default_candidate,needs_municipal_review,no,e-distribución — distribución eléctrica,https://www.edistribucion.com/es/conocenos/instalaciones-distribucion-red/distribucion-electrica.html,official_distributor_public,2026-05-06,"e-distribución declara presencia en Andalucía, pero no se asume cobertura completa municipal sin revisión; hay distribuidoras locales."
andalucia,Mollina,"e-distribución Redes Digitales, S.L.U.",regional_default_candidate,needs_municipal_review,no,e-distribución — distribución eléctrica,https://www.edistribucion.com/es/conocenos/instalaciones-distribucion-red/distribucion-electrica.html,official_distributor_public,2026-05-06,"e-distribución declara presencia en Andalucía, pero no se asume cobertura completa municipal sin revisión; hay distribuidoras locales."
andalucia,Molvízar,"e-distribución Redes Digitales, S.L.U.",regional_default_candidate,needs_municipal_review,no,e-distribución — distribución eléctrica,https://www.edistribucion.com/es/conocenos/instalaciones-distribucion-red/distribucion-electrica.html,official_distributor_public,2026-05-06,"e-distribución declara presencia en Andalucía, pero no se asume cobertura completa municipal sin revisión; hay distribuidoras locales."
andalucia,Monachil,"e-distribución Redes Digitales, S.L.U.",regional_default_candidate,needs_municipal_review,no,e-distribución — distribución eléctrica,https://www.edistribucion.com/es/conocenos/instalaciones-distribucion-red/distribucion-electrica.html,official_distributor_public,2026-05-06,"e-distribución declara presencia en Andalucía, pero no se asume cobertura completa municipal sin revisión; hay distribuidoras locales."
andalucia,Monda,"e-distribución Redes Digitales, S.L.U.",regional_default_candidate,needs_municipal_review,no,e-distribución — distribución eléctrica,https://www.edistribucion.com/es/conocenos/instalaciones-distribucion-red/distribucion-electrica.html,official_distributor_public,2026-05-06,"e-distribución declara presencia en Andalucía, pero no se asume cobertura completa municipal sin revisión; hay distribuidoras locales."
andalucia,Montalbán de Córdoba,"e-distribución Redes Digitales, S.L.U.",regional_default_candidate,needs_municipal_review,no,e-distribución — distribución eléctrica,https://www.edistribucion.com/es/conocenos/instalaciones-distribucion-red/distribucion-electrica.html,official_distributor_public,2026-05-06,"e-distribución declara presencia en Andalucía, pero no se asume cobertura completa municipal sin revisión; hay distribuidoras locales."
andalucia,Montecorto,"e-distribución Redes Digitales, S.L.U.",regional_default_candidate,needs_municipal_review,no,e-distribución — distribución eléctrica,https://www.edistribucion.com/es/conocenos/instalaciones-distribucion-red/distribucion-electrica.html,official_distributor_public,2026-05-06,"e-distribución declara presencia en Andalucía, pero no se asume cobertura completa municipal sin revisión; hay distribuidoras locales."
andalucia,Montefrío,"e-distribución Redes Digitales, S.L.U.",regional_default_candidate,needs_municipal_review,no,e-distribución — distribución eléctrica,https://www.edistribucion.com/es/conocenos/instalaciones-distribucion-red/distribucion-electrica.html,official_distributor_public,2026-05-06,"e-distribución declara presencia en Andalucía, pero no se asume cobertura completa municipal sin revisión; hay distribuidoras locales."
andalucia,Montejaque,"e-distribución Redes Digitales, S.L.U.",regional_default_candidate,needs_municipal_review,no,e-distribución — distribución eléctrica,https://www.edistribucion.com/es/conocenos/instalaciones-distribucion-red/distribucion-electrica.html,official_distributor_public,2026-05-06,"e-distribución declara presencia en Andalucía, pero no se asume cobertura completa municipal sin revisión; hay distribuidoras locales."
andalucia,Montejícar,"e-distribución Redes Digitales, S.L.U.",regional_default_candidate,needs_municipal_review,no,e-distribución — distribución eléctrica,https://www.edistribucion.com/es/conocenos/instalaciones-distribucion-red/distribucion-electrica.html,official_distributor_public,2026-05-06,"e-distribución declara presencia en Andalucía, pero no se asume cobertura completa municipal sin revisión; hay distribuidoras locales."
andalucia,Montellano,"e-distribución Redes Digitales, S.L.U.",regional_default_candidate,needs_municipal_review,no,e-distribución — distribución eléctrica,https://www.edistribucion.com/es/conocenos/instalaciones-distribucion-red/distribucion-electrica.html,official_distributor_public,2026-05-06,"e-distribución declara presencia en Andalucía, pero no se asume cobertura completa municipal sin revisión; hay distribuidoras locales."
andalucia,Montemayor,"e-distribución Redes Digitales, S.L.U.",regional_default_candidate,needs_municipal_review,no,e-distribución — distribución eléctrica,https://www.edistribucion.com/es/conocenos/instalaciones-distribucion-red/distribucion-electrica.html,official_distributor_public,2026-05-06,"e-distribución declara presencia en Andalucía, pero no se asume cobertura completa municipal sin revisión; hay distribuidoras locales."
andalucia,Montilla,"e-distribución Redes Digitales, S.L.U.",regional_default_candidate,needs_municipal_review,no,e-distribución — distribución eléctrica,https://www.edistribucion.com/es/conocenos/instalaciones-distribucion-red/distribucion-electrica.html,official_distributor_public,2026-05-06,"e-distribución declara presencia en Andalucía, pero no se asume cobertura completa municipal sin revisión; hay distribuidoras locales."
andalucia,Montillana,"e-distribución Redes Digitales, S.L.U.",regional_default_candidate,needs_municipal_review,no,e-distribución — distribución eléctrica,https://www.edistribucion.com/es/conocenos/instalaciones-distribucion-red/distribucion-electrica.html,official_distributor_public,2026-05-06,"e-distribución declara presencia en Andalucía, pero no se asume cobertura completa municipal sin revisión; hay distribuidoras locales."
andalucia,Montizón,"e-distribución Redes Digitales, S.L.U.",regional_default_candidate,needs_municipal_review,no,e-distribución — distribución eléctrica,https://www.edistribucion.com/es/conocenos/instalaciones-distribucion-red/distribucion-electrica.html,official_distributor_public,2026-05-06,"e-distribución declara presencia en Andalucía, pero no se asume cobertura completa municipal sin revisión; hay distribuidoras locales."
andalucia,Montoro,"e-distribución Redes Digitales, S.L.U.",regional_default_candidate,needs_municipal_review,no,e-distribución — distribución eléctrica,https://www.edistribucion.com/es/conocenos/instalaciones-distribucion-red/distribucion-electrica.html,official_distributor_public,2026-05-06,"e-distribución declara presencia en Andalucía, pero no se asume cobertura completa municipal sin revisión; hay distribuidoras locales."
andalucia,Monturque,"e-distribución Redes Digitales, S.L.U.",regional_default_candidate,needs_municipal_review,no,e-distribución — distribución eléctrica,https://www.edistribucion.com/es/conocenos/instalaciones-distribucion-red/distribucion-electrica.html,official_distributor_public,2026-05-06,"e-distribución declara presencia en Andalucía, pero no se asume cobertura completa municipal sin revisión; hay distribuidoras locales."
andalucia,Moraleda de Zafayona,"e-distribución Redes Digitales, S.L.U.",regional_default_candidate,needs_municipal_review,no,e-distribución — distribución eléctrica,https://www.edistribucion.com/es/conocenos/instalaciones-distribucion-red/distribucion-electrica.html,official_distributor_public,2026-05-06,"e-distribución declara presencia en Andalucía, pero no se asume cobertura completa municipal sin revisión; hay distribuidoras locales."
andalucia,Morelábor,"e-distribución Redes Digitales, S.L.U.",regional_default_candidate,needs_municipal_review,no,e-distribución — distribución eléctrica,https://www.edistribucion.com/es/conocenos/instalaciones-distribucion-red/distribucion-electrica.html,official_distributor_public,2026-05-06,"e-distribución declara presencia en Andalucía, pero no se asume cobertura completa municipal sin revisión; hay distribuidoras locales."
andalucia,Moriles,"e-distribución Redes Digitales, S.L.U.",regional_default_candidate,needs_municipal_review,no,e-distribución — distribución eléctrica,https://www.edistribucion.com/es/conocenos/instalaciones-distribucion-red/distribucion-electrica.html,official_distributor_public,2026-05-06,"e-distribución declara presencia en Andalucía, pero no se asume cobertura completa municipal sin revisión; hay distribuidoras locales."
andalucia,Morón de la Frontera,"e-distribución Redes Digitales, S.L.U.",regional_default_candidate,needs_municipal_review,no,e-distribución — distribución eléctrica,https://www.edistribucion.com/es/conocenos/instalaciones-distribucion-red/distribucion-electrica.html,official_distributor_public,2026-05-06,"e-distribución declara presencia en Andalucía, pero no se asume cobertura completa municipal sin revisión; hay distribuidoras locales."
andalucia,Motril,"e-distribución Redes Digitales, S.L.U.",regional_default_candidate,needs_municipal_review,no,e-distribución — distribución eléctrica,https://www.edistribucion.com/es/conocenos/instalaciones-distribucion-red/distribucion-electrica.html,official_distributor_public,2026-05-06,"e-distribución declara presencia en Andalucía, pero no se asume cobertura completa municipal sin revisión; hay distribuidoras locales."
andalucia,Murtas,"e-distribución Redes Digitales, S.L.U.",regional_default_candidate,needs_municipal_review,no,e-distribución — distribución eléctrica,https://www.edistribucion.com/es/conocenos/instalaciones-distribucion-red/distribucion-electrica.html,official_distributor_public,2026-05-06,"e-distribución declara presencia en Andalucía, pero no se asume cobertura completa municipal sin revisión; hay distribuidoras locales."
andalucia,Nacimiento,"e-distribución Redes Digitales, S.L.U.",regional_default_candidate,needs_municipal_review,no,e-distribución — distribución eléctrica,https://www.edistribucion.com/es/conocenos/instalaciones-distribucion-red/distribucion-electrica.html,official_distributor_public,2026-05-06,"e-distribución declara presencia en Andalucía, pero no se asume cobertura completa municipal sin revisión; hay distribuidoras locales."
andalucia,Navas de San Juan,"e-distribución Redes Digitales, S.L.U.",regional_default_candidate,needs_municipal_review,no,e-distribución — distribución eléctrica,https://www.edistribucion.com/es/conocenos/instalaciones-distribucion-red/distribucion-electrica.html,official_distributor_public,2026-05-06,"e-distribución declara presencia en Andalucía, pero no se asume cobertura completa municipal sin revisión; hay distribuidoras locales."
andalucia,Nerja,"e-distribución Redes Digitales, S.L.U.",regional_default_candidate,needs_municipal_review,no,e-distribución — distribución eléctrica,https://www.edistribucion.com/es/conocenos/instalaciones-distribucion-red/distribucion-electrica.html,official_distributor_public,2026-05-06,"e-distribución declara presencia en Andalucía, pero no se asume cobertura completa municipal sin revisión; hay distribuidoras locales."
andalucia,Nerva,"e-distribución Redes Digitales, S.L.U.",regional_default_candidate,needs_municipal_review,no,e-distribución — distribución eléctrica,https://www.edistribucion.com/es/conocenos/instalaciones-distribucion-red/distribucion-electrica.html,official_distributor_public,2026-05-06,"e-distribución declara presencia en Andalucía, pero no se asume cobertura completa municipal sin revisión; hay distribuidoras locales."
andalucia,Nevada,"e-distribución Redes Digitales, S.L.U.",regional_default_candidate,needs_municipal_review,no,e-distribución — distribución eléctrica,https://www.edistribucion.com/es/conocenos/instalaciones-distribucion-red/distribucion-electrica.html,official_distributor_public,2026-05-06,"e-distribución declara presencia en Andalucía, pero no se asume cobertura completa municipal sin revisión; hay distribuidoras locales."
andalucia,Niebla,"e-distribución Redes Digitales, S.L.U.",regional_default_candidate,needs_municipal_review,no,e-distribución — distribución eléctrica,https://www.edistribucion.com/es/conocenos/instalaciones-distribucion-red/distribucion-electrica.html,official_distributor_public,2026-05-06,"e-distribución declara presencia en Andalucía, pero no se asume cobertura completa municipal sin revisión; hay distribuidoras locales."
andalucia,Nigüelas,"e-distribución Redes Digitales, S.L.U.",regional_default_candidate,needs_municipal_review,no,e-distribución — distribución eléctrica,https://www.edistribucion.com/es/conocenos/instalaciones-distribucion-red/distribucion-electrica.html,official_distributor_public,2026-05-06,"e-distribución declara presencia en Andalucía, pero no se asume cobertura completa municipal sin revisión; hay distribuidoras locales."
andalucia,Níjar,"e-distribución Redes Digitales, S.L.U.",regional_default_candidate,needs_municipal_review,no,e-distribución — distribución eléctrica,https://www.edistribucion.com/es/conocenos/instalaciones-distribucion-red/distribucion-electrica.html,official_distributor_public,2026-05-06,"e-distribución declara presencia en Andalucía, pero no se asume cobertura completa municipal sin revisión; hay distribuidoras locales."
andalucia,Nívar,"e-distribución Redes Digitales, S.L.U.",regional_default_candidate,needs_municipal_review,no,e-distribución — distribución eléctrica,https://www.edistribucion.com/es/conocenos/instalaciones-distribucion-red/distribucion-electrica.html,official_distributor_public,2026-05-06,"e-distribución declara presencia en Andalucía, pero no se asume cobertura completa municipal sin revisión; hay distribuidoras locales."
andalucia,Noalejo,"e-distribución Redes Digitales, S.L.U.",regional_default_candidate,needs_municipal_review,no,e-distribución — distribución eléctrica,https://www.edistribucion.com/es/conocenos/instalaciones-distribucion-red/distribucion-electrica.html,official_distributor_public,2026-05-06,"e-distribución declara presencia en Andalucía, pero no se asume cobertura completa municipal sin revisión; hay distribuidoras locales."
andalucia,Nueva Carteya,"e-distribución Redes Digitales, S.L.U.",regional_default_candidate,needs_municipal_review,no,e-distribución — distribución eléctrica,https://www.edistribucion.com/es/conocenos/instalaciones-distribucion-red/distribucion-electrica.html,official_distributor_public,2026-05-06,"e-distribución declara presencia en Andalucía, pero no se asume cobertura completa municipal sin revisión; hay distribuidoras locales."
andalucia,Obejo,"e-distribución Redes Digitales, S.L.U.",regional_default_candidate,needs_municipal_review,no,e-distribución — distribución eléctrica,https://www.edistribucion.com/es/conocenos/instalaciones-distribucion-red/distribucion-electrica.html,official_distributor_public,2026-05-06,"e-distribución declara presencia en Andalucía, pero no se asume cobertura completa municipal sin revisión; hay distribuidoras locales."
andalucia,Ogíjares,"e-distribución Redes Digitales, S.L.U.",regional_default_candidate,needs_municipal_review,no,e-distribución — distribución eléctrica,https://www.edistribucion.com/es/conocenos/instalaciones-distribucion-red/distribucion-electrica.html,official_distributor_public,2026-05-06,"e-distribución declara presencia en Andalucía, pero no se asume cobertura completa municipal sin revisión; hay distribuidoras locales."
andalucia,Ohanes,"e-distribución Redes Digitales, S.L.U.",regional_default_candidate,needs_municipal_review,no,e-distribución — distribución eléctrica,https://www.edistribucion.com/es/conocenos/instalaciones-distribucion-red/distribucion-electrica.html,official_distributor_public,2026-05-06,"e-distribución declara presencia en Andalucía, pero no se asume cobertura completa municipal sin revisión; hay distribuidoras locales."
andalucia,Ojén,"e-distribución Redes Digitales, S.L.U.",regional_default_candidate,needs_municipal_review,no,e-distribución — distribución eléctrica,https://www.edistribucion.com/es/conocenos/instalaciones-distribucion-red/distribucion-electrica.html,official_distributor_public,2026-05-06,"e-distribución declara presencia en Andalucía, pero no se asume cobertura completa municipal sin revisión; hay distribuidoras locales."
andalucia,Olivares,"e-distribución Redes Digitales, S.L.U.",regional_default_candidate,needs_municipal_review,no,e-distribución — distribución eléctrica,https://www.edistribucion.com/es/conocenos/instalaciones-distribucion-red/distribucion-electrica.html,official_distributor_public,2026-05-06,"e-distribución declara presencia en Andalucía, pero no se asume cobertura completa municipal sin revisión; hay distribuidoras locales."
andalucia,Olula de Castro,"e-distribución Redes Digitales, S.L.U.",regional_default_candidate,needs_municipal_review,no,e-distribución — distribución eléctrica,https://www.edistribucion.com/es/conocenos/instalaciones-distribucion-red/distribucion-electrica.html,official_distributor_public,2026-05-06,"e-distribución declara presencia en Andalucía, pero no se asume cobertura completa municipal sin revisión; hay distribuidoras locales."
andalucia,Olula del Río,"e-distribución Redes Digitales, S.L.U.",regional_default_candidate,needs_municipal_review,no,e-distribución — distribución eléctrica,https://www.edistribucion.com/es/conocenos/instalaciones-distribucion-red/distribucion-electrica.html,official_distributor_public,2026-05-06,"e-distribución declara presencia en Andalucía, pero no se asume cobertura completa municipal sin revisión; hay distribuidoras locales."
andalucia,Olvera,"e-distribución Redes Digitales, S.L.U.",regional_default_candidate,needs_municipal_review,no,e-distribución — distribución eléctrica,https://www.edistribucion.com/es/conocenos/instalaciones-distribucion-red/distribucion-electrica.html,official_distributor_public,2026-05-06,"e-distribución declara presencia en Andalucía, pero no se asume cobertura completa municipal sin revisión; hay distribuidoras locales."
andalucia,Orce,"e-distribución Redes Digitales, S.L.U.",regional_default_candidate,needs_municipal_review,no,e-distribución — distribución eléctrica,https://www.edistribucion.com/es/conocenos/instalaciones-distribucion-red/distribucion-electrica.html,official_distributor_public,2026-05-06,"e-distribución declara presencia en Andalucía, pero no se asume cobertura completa municipal sin revisión; hay distribuidoras locales."
andalucia,Orcera,"e-distribución Redes Digitales, S.L.U.",regional_default_candidate,needs_municipal_review,no,e-distribución — distribución eléctrica,https://www.edistribucion.com/es/conocenos/instalaciones-distribucion-red/distribucion-electrica.html,official_distributor_public,2026-05-06,"e-distribución declara presencia en Andalucía, pero no se asume cobertura completa municipal sin revisión; hay distribuidoras locales."
andalucia,Órgiva,"e-distribución Redes Digitales, S.L.U.",regional_default_candidate,needs_municipal_review,no,e-distribución — distribución eléctrica,https://www.edistribucion.com/es/conocenos/instalaciones-distribucion-red/distribucion-electrica.html,official_distributor_public,2026-05-06,"e-distribución declara presencia en Andalucía, pero no se asume cobertura completa municipal sin revisión; hay distribuidoras locales."
andalucia,Oria,"e-distribución Redes Digitales, S.L.U.",regional_default_candidate,needs_municipal_review,no,e-distribución — distribución eléctrica,https://www.edistribucion.com/es/conocenos/instalaciones-distribucion-red/distribucion-electrica.html,official_distributor_public,2026-05-06,"e-distribución declara presencia en Andalucía, pero no se asume cobertura completa municipal sin revisión; hay distribuidoras locales."
andalucia,Osuna,"e-distribución Redes Digitales, S.L.U.",regional_default_candidate,needs_municipal_review,no,e-distribución — distribución eléctrica,https://www.edistribucion.com/es/conocenos/instalaciones-distribucion-red/distribucion-electrica.html,official_distributor_public,2026-05-06,"e-distribución declara presencia en Andalucía, pero no se asume cobertura completa municipal sin revisión; hay distribuidoras locales."
andalucia,Otívar,"e-distribución Redes Digitales, S.L.U.",regional_default_candidate,needs_municipal_review,no,e-distribución — distribución eléctrica,https://www.edistribucion.com/es/conocenos/instalaciones-distribucion-red/distribucion-electrica.html,official_distributor_public,2026-05-06,"e-distribución declara presencia en Andalucía, pero no se asume cobertura completa municipal sin revisión; hay distribuidoras locales."
andalucia,Padul,"e-distribución Redes Digitales, S.L.U.",regional_default_candidate,needs_municipal_review,no,e-distribución — distribución eléctrica,https://www.edistribucion.com/es/conocenos/instalaciones-distribucion-red/distribucion-electrica.html,official_distributor_public,2026-05-06,"e-distribución declara presencia en Andalucía, pero no se asume cobertura completa municipal sin revisión; hay distribuidoras locales."
andalucia,Padules,"e-distribución Redes Digitales, S.L.U.",regional_default_candidate,needs_municipal_review,no,e-distribución — distribución eléctrica,https://www.edistribucion.com/es/conocenos/instalaciones-distribucion-red/distribucion-electrica.html,official_distributor_public,2026-05-06,"e-distribución declara presencia en Andalucía, pero no se asume cobertura completa municipal sin revisión; hay distribuidoras locales."
andalucia,Palenciana,"e-distribución Redes Digitales, S.L.U.",regional_default_candidate,needs_municipal_review,no,e-distribución — distribución eléctrica,https://www.edistribucion.com/es/conocenos/instalaciones-distribucion-red/distribucion-electrica.html,official_distributor_public,2026-05-06,"e-distribución declara presencia en Andalucía, pero no se asume cobertura completa municipal sin revisión; hay distribuidoras locales."
andalucia,Palma del Río,"e-distribución Redes Digitales, S.L.U.",regional_default_candidate,needs_municipal_review,no,e-distribución — distribución eléctrica,https://www.edistribucion.com/es/conocenos/instalaciones-distribucion-red/distribucion-electrica.html,official_distributor_public,2026-05-06,"e-distribución declara presencia en Andalucía, pero no se asume cobertura completa municipal sin revisión; hay distribuidoras locales."
andalucia,Palomares del Río,"e-distribución Redes Digitales, S.L.U.",regional_default_candidate,needs_municipal_review,no,e-distribución — distribución eléctrica,https://www.edistribucion.com/es/conocenos/instalaciones-distribucion-red/distribucion-electrica.html,official_distributor_public,2026-05-06,"e-distribución declara presencia en Andalucía, pero no se asume cobertura completa municipal sin revisión; hay distribuidoras locales."
andalucia,Palos de la Frontera,"e-distribución Redes Digitales, S.L.U.",regional_default_candidate,needs_municipal_review,no,e-distribución — distribución eléctrica,https://www.edistribucion.com/es/conocenos/instalaciones-distribucion-red/distribucion-electrica.html,official_distributor_public,2026-05-06,"e-distribución declara presencia en Andalucía, pero no se asume cobertura completa municipal sin revisión; hay distribuidoras locales."
andalucia,Pampaneira,"e-distribución Redes Digitales, S.L.U.",regional_default_candidate,needs_municipal_review,no,e-distribución — distribución eléctrica,https://www.edistribucion.com/es/conocenos/instalaciones-distribucion-red/distribucion-electrica.html,official_distributor_public,2026-05-06,"e-distribución declara presencia en Andalucía, pero no se asume cobertura completa municipal sin revisión; hay distribuidoras locales."
andalucia,Paradas,"e-distribución Redes Digitales, S.L.U.",regional_default_candidate,needs_municipal_review,no,e-distribución — distribución eléctrica,https://www.edistribucion.com/es/conocenos/instalaciones-distribucion-red/distribucion-electrica.html,official_distributor_public,2026-05-06,"e-distribución declara presencia en Andalucía, pero no se asume cobertura completa municipal sin revisión; hay distribuidoras locales."
andalucia,Parauta,"e-distribución Redes Digitales, S.L.U.",regional_default_candidate,needs_municipal_review,no,e-distribución — distribución eléctrica,https://www.edistribucion.com/es/conocenos/instalaciones-distribucion-red/distribucion-electrica.html,official_distributor_public,2026-05-06,"e-distribución declara presencia en Andalucía, pero no se asume cobertura completa municipal sin revisión; hay distribuidoras locales."
andalucia,Partaloa,"e-distribución Redes Digitales, S.L.U.",regional_default_candidate,needs_municipal_review,no,e-distribución — distribución eléctrica,https://www.edistribucion.com/es/conocenos/instalaciones-distribucion-red/distribucion-electrica.html,official_distributor_public,2026-05-06,"e-distribución declara presencia en Andalucía, pero no se asume cobertura completa municipal sin revisión; hay distribuidoras locales."
andalucia,Paterna de Rivera,"e-distribución Redes Digitales, S.L.U.",regional_default_candidate,needs_municipal_review,no,e-distribución — distribución eléctrica,https://www.edistribucion.com/es/conocenos/instalaciones-distribucion-red/distribucion-electrica.html,official_distributor_public,2026-05-06,"e-distribución declara presencia en Andalucía, pero no se asume cobertura completa municipal sin revisión; hay distribuidoras locales."
andalucia,Paterna del Campo,"e-distribución Redes Digitales, S.L.U.",regional_default_candidate,needs_municipal_review,no,e-distribución — distribución eléctrica,https://www.edistribucion.com/es/conocenos/instalaciones-distribucion-red/distribucion-electrica.html,official_distributor_public,2026-05-06,"e-distribución declara presencia en Andalucía, pero no se asume cobertura completa municipal sin revisión; hay distribuidoras locales."
andalucia,Paterna del Río,"e-distribución Redes Digitales, S.L.U.",regional_default_candidate,needs_municipal_review,no,e-distribución — distribución eléctrica,https://www.edistribucion.com/es/conocenos/instalaciones-distribucion-red/distribucion-electrica.html,official_distributor_public,2026-05-06,"e-distribución declara presencia en Andalucía, pero no se asume cobertura completa municipal sin revisión; hay distribuidoras locales."
andalucia,Paymogo,"e-distribución Redes Digitales, S.L.U.",regional_default_candidate,needs_municipal_review,no,e-distribución — distribución eléctrica,https://www.edistribucion.com/es/conocenos/instalaciones-distribucion-red/distribucion-electrica.html,official_distributor_public,2026-05-06,"e-distribución declara presencia en Andalucía, pero no se asume cobertura completa municipal sin revisión; hay distribuidoras locales."
andalucia,Peal de Becerro,"e-distribución Redes Digitales, S.L.U.",regional_default_candidate,needs_municipal_review,no,e-distribución — distribución eléctrica,https://www.edistribucion.com/es/conocenos/instalaciones-distribucion-red/distribucion-electrica.html,official_distributor_public,2026-05-06,"e-distribución declara presencia en Andalucía, pero no se asume cobertura completa municipal sin revisión; hay distribuidoras locales."
andalucia,Pechina,"e-distribución Redes Digitales, S.L.U.",regional_default_candidate,needs_municipal_review,no,e-distribución — distribución eléctrica,https://www.edistribucion.com/es/conocenos/instalaciones-distribucion-red/distribucion-electrica.html,official_distributor_public,2026-05-06,"e-distribución declara presencia en Andalucía, pero no se asume cobertura completa municipal sin revisión; hay distribuidoras locales."
andalucia,Pedrera,"e-distribución Redes Digitales, S.L.U.",regional_default_candidate,needs_municipal_review,no,e-distribución — distribución eléctrica,https://www.edistribucion.com/es/conocenos/instalaciones-distribucion-red/distribucion-electrica.html,official_distributor_public,2026-05-06,"e-distribución declara presencia en Andalucía, pero no se asume cobertura completa municipal sin revisión; hay distribuidoras locales."
andalucia,Pedro Abad,"e-distribución Redes Digitales, S.L.U.",regional_default_candidate,needs_municipal_review,no,e-distribución — distribución eléctrica,https://www.edistribucion.com/es/conocenos/instalaciones-distribucion-red/distribucion-electrica.html,official_distributor_public,2026-05-06,"e-distribución declara presencia en Andalucía, pero no se asume cobertura completa municipal sin revisión; hay distribuidoras locales."
andalucia,Pedro Martínez,"e-distribución Redes Digitales, S.L.U.",regional_default_candidate,needs_municipal_review,no,e-distribución — distribución eléctrica,https://www.edistribucion.com/es/conocenos/instalaciones-distribucion-red/distribucion-electrica.html,official_distributor_public,2026-05-06,"e-distribución declara presencia en Andalucía, pero no se asume cobertura completa municipal sin revisión; hay distribuidoras locales."
andalucia,Pedroche,"e-distribución Redes Digitales, S.L.U.",regional_default_candidate,needs_municipal_review,no,e-distribución — distribución eléctrica,https://www.edistribucion.com/es/conocenos/instalaciones-distribucion-red/distribucion-electrica.html,official_distributor_public,2026-05-06,"e-distribución declara presencia en Andalucía, pero no se asume cobertura completa municipal sin revisión; hay distribuidoras locales."
andalucia,Pegalajar,"e-distribución Redes Digitales, S.L.U.",regional_default_candidate,needs_municipal_review,no,e-distribución — distribución eléctrica,https://www.edistribucion.com/es/conocenos/instalaciones-distribucion-red/distribucion-electrica.html,official_distributor_public,2026-05-06,"e-distribución declara presencia en Andalucía, pero no se asume cobertura completa municipal sin revisión; hay distribuidoras locales."
andalucia,Peligros,"e-distribución Redes Digitales, S.L.U.",regional_default_candidate,needs_municipal_review,no,e-distribución — distribución eléctrica,https://www.edistribucion.com/es/conocenos/instalaciones-distribucion-red/distribucion-electrica.html,official_distributor_public,2026-05-06,"e-distribución declara presencia en Andalucía, pero no se asume cobertura completa municipal sin revisión; hay distribuidoras locales."
andalucia,Peñaflor,"e-distribución Redes Digitales, S.L.U.",regional_default_candidate,needs_municipal_review,no,e-distribución — distribución eléctrica,https://www.edistribucion.com/es/conocenos/instalaciones-distribucion-red/distribucion-electrica.html,official_distributor_public,2026-05-06,"e-distribución declara presencia en Andalucía, pero no se asume cobertura completa municipal sin revisión; hay distribuidoras locales."
andalucia,Peñarroya-Pueblonuevo,"e-distribución Redes Digitales, S.L.U.",regional_default_candidate,needs_municipal_review,no,e-distribución — distribución eléctrica,https://www.edistribucion.com/es/conocenos/instalaciones-distribucion-red/distribucion-electrica.html,official_distributor_public,2026-05-06,"e-distribución declara presencia en Andalucía, pero no se asume cobertura completa municipal sin revisión; hay distribuidoras locales."
andalucia,Periana,"e-distribución Redes Digitales, S.L.U.",regional_default_candidate,needs_municipal_review,no,e-distribución — distribución eléctrica,https://www.edistribucion.com/es/conocenos/instalaciones-distribucion-red/distribucion-electrica.html,official_distributor_public,2026-05-06,"e-distribución declara presencia en Andalucía, pero no se asume cobertura completa municipal sin revisión; hay distribuidoras locales."
andalucia,Pilas,"e-distribución Redes Digitales, S.L.U.",regional_default_candidate,needs_municipal_review,no,e-distribución — distribución eléctrica,https://www.edistribucion.com/es/conocenos/instalaciones-distribucion-red/distribucion-electrica.html,official_distributor_public,2026-05-06,"e-distribución declara presencia en Andalucía, pero no se asume cobertura completa municipal sin revisión; hay distribuidoras locales."
andalucia,Píñar,"e-distribución Redes Digitales, S.L.U.",regional_default_candidate,needs_municipal_review,no,e-distribución — distribución eléctrica,https://www.edistribucion.com/es/conocenos/instalaciones-distribucion-red/distribucion-electrica.html,official_distributor_public,2026-05-06,"e-distribución declara presencia en Andalucía, pero no se asume cobertura completa municipal sin revisión; hay distribuidoras locales."
andalucia,Pinos Genil,"e-distribución Redes Digitales, S.L.U.",regional_default_candidate,needs_municipal_review,no,e-distribución — distribución eléctrica,https://www.edistribucion.com/es/conocenos/instalaciones-distribucion-red/distribucion-electrica.html,official_distributor_public,2026-05-06,"e-distribución declara presencia en Andalucía, pero no se asume cobertura completa municipal sin revisión; hay distribuidoras locales."
andalucia,Pinos Puente,"e-distribución Redes Digitales, S.L.U.",regional_default_candidate,needs_municipal_review,no,e-distribución — distribución eléctrica,https://www.edistribucion.com/es/conocenos/instalaciones-distribucion-red/distribucion-electrica.html,official_distributor_public,2026-05-06,"e-distribución declara presencia en Andalucía, pero no se asume cobertura completa municipal sin revisión; hay distribuidoras locales."
andalucia,Pizarra,"e-distribución Redes Digitales, S.L.U.",regional_default_candidate,needs_municipal_review,no,e-distribución — distribución eléctrica,https://www.edistribucion.com/es/conocenos/instalaciones-distribucion-red/distribucion-electrica.html,official_distributor_public,2026-05-06,"e-distribución declara presencia en Andalucía, pero no se asume cobertura completa municipal sin revisión; hay distribuidoras locales."
andalucia,Polícar,"e-distribución Redes Digitales, S.L.U.",regional_default_candidate,needs_municipal_review,no,e-distribución — distribución eléctrica,https://www.edistribucion.com/es/conocenos/instalaciones-distribucion-red/distribucion-electrica.html,official_distributor_public,2026-05-06,"e-distribución declara presencia en Andalucía, pero no se asume cobertura completa municipal sin revisión; hay distribuidoras locales."
andalucia,Polopos,"e-distribución Redes Digitales, S.L.U.",regional_default_candidate,needs_municipal_review,no,e-distribución — distribución eléctrica,https://www.edistribucion.com/es/conocenos/instalaciones-distribucion-red/distribucion-electrica.html,official_distributor_public,2026-05-06,"e-distribución declara presencia en Andalucía, pero no se asume cobertura completa municipal sin revisión; hay distribuidoras locales."
andalucia,Porcuna,"e-distribución Redes Digitales, S.L.U.",regional_default_candidate,needs_municipal_review,no,e-distribución — distribución eléctrica,https://www.edistribucion.com/es/conocenos/instalaciones-distribucion-red/distribucion-electrica.html,official_distributor_public,2026-05-06,"e-distribución declara presencia en Andalucía, pero no se asume cobertura completa municipal sin revisión; hay distribuidoras locales."
andalucia,Pórtugos,"e-distribución Redes Digitales, S.L.U.",regional_default_candidate,needs_municipal_review,no,e-distribución — distribución eléctrica,https://www.edistribucion.com/es/conocenos/instalaciones-distribucion-red/distribucion-electrica.html,official_distributor_public,2026-05-06,"e-distribución declara presencia en Andalucía, pero no se asume cobertura completa municipal sin revisión; hay distribuidoras locales."
andalucia,Posadas,"e-distribución Redes Digitales, S.L.U.",regional_default_candidate,needs_municipal_review,no,e-distribución — distribución eléctrica,https://www.edistribucion.com/es/conocenos/instalaciones-distribucion-red/distribucion-electrica.html,official_distributor_public,2026-05-06,"e-distribución declara presencia en Andalucía, pero no se asume cobertura completa municipal sin revisión; hay distribuidoras locales."
andalucia,Pozo Alcón,"e-distribución Redes Digitales, S.L.U.",regional_default_candidate,needs_municipal_review,no,e-distribución — distribución eléctrica,https://www.edistribucion.com/es/conocenos/instalaciones-distribucion-red/distribucion-electrica.html,official_distributor_public,2026-05-06,"e-distribución declara presencia en Andalucía, pero no se asume cobertura completa municipal sin revisión; hay distribuidoras locales."
andalucia,Pozoblanco,"e-distribución Redes Digitales, S.L.U.",regional_default_candidate,needs_municipal_review,no,e-distribución — distribución eléctrica,https://www.edistribucion.com/es/conocenos/instalaciones-distribucion-red/distribucion-electrica.html,official_distributor_public,2026-05-06,"e-distribución declara presencia en Andalucía, pero no se asume cobertura completa municipal sin revisión; hay distribuidoras locales."
andalucia,Prado del Rey,"e-distribución Redes Digitales, S.L.U.",regional_default_candidate,needs_municipal_review,no,e-distribución — distribución eléctrica,https://www.edistribucion.com/es/conocenos/instalaciones-distribucion-red/distribucion-electrica.html,official_distributor_public,2026-05-06,"e-distribución declara presencia en Andalucía, pero no se asume cobertura completa municipal sin revisión; hay distribuidoras locales."
andalucia,Priego de Córdoba,"e-distribución Redes Digitales, S.L.U.",regional_default_candidate,needs_municipal_review,no,e-distribución — distribución eléctrica,https://www.edistribucion.com/es/conocenos/instalaciones-distribucion-red/distribucion-electrica.html,official_distributor_public,2026-05-06,"e-distribución declara presencia en Andalucía, pero no se asume cobertura completa municipal sin revisión; hay distribuidoras locales."
andalucia,Pruna,"e-distribución Redes Digitales, S.L.U.",regional_default_candidate,needs_municipal_review,no,e-distribución — distribución eléctrica,https://www.edistribucion.com/es/conocenos/instalaciones-distribucion-red/distribucion-electrica.html,official_distributor_public,2026-05-06,"e-distribución declara presencia en Andalucía, pero no se asume cobertura completa municipal sin revisión; hay distribuidoras locales."
andalucia,Puebla de Don Fadrique,"e-distribución Redes Digitales, S.L.U.",regional_default_candidate,needs_municipal_review,no,e-distribución — distribución eléctrica,https://www.edistribucion.com/es/conocenos/instalaciones-distribucion-red/distribucion-electrica.html,official_distributor_public,2026-05-06,"e-distribución declara presencia en Andalucía, pero no se asume cobertura completa municipal sin revisión; hay distribuidoras locales."
andalucia,Puebla de Guzmán,"e-distribución Redes Digitales, S.L.U.",regional_default_candidate,needs_municipal_review,no,e-distribución — distribución eléctrica,https://www.edistribucion.com/es/conocenos/instalaciones-distribucion-red/distribucion-electrica.html,official_distributor_public,2026-05-06,"e-distribución declara presencia en Andalucía, pero no se asume cobertura completa municipal sin revisión; hay distribuidoras locales."
andalucia,Puente de Génave,"e-distribución Redes Digitales, S.L.U.",regional_default_candidate,needs_municipal_review,no,e-distribución — distribución eléctrica,https://www.edistribucion.com/es/conocenos/instalaciones-distribucion-red/distribucion-electrica.html,official_distributor_public,2026-05-06,"e-distribución declara presencia en Andalucía, pero no se asume cobertura completa municipal sin revisión; hay distribuidoras locales."
andalucia,Puente Genil,"e-distribución Redes Digitales, S.L.U.",regional_default_candidate,needs_municipal_review,no,e-distribución — distribución eléctrica,https://www.edistribucion.com/es/conocenos/instalaciones-distribucion-red/distribucion-electrica.html,official_distributor_public,2026-05-06,"e-distribución declara presencia en Andalucía, pero no se asume cobertura completa municipal sin revisión; hay distribuidoras locales."
andalucia,Puerto Moral,"e-distribución Redes Digitales, S.L.U.",regional_default_candidate,needs_municipal_review,no,e-distribución — distribución eléctrica,https://www.edistribucion.com/es/conocenos/instalaciones-distribucion-red/distribucion-electrica.html,official_distributor_public,2026-05-06,"e-distribución declara presencia en Andalucía, pero no se asume cobertura completa municipal sin revisión; hay distribuidoras locales."
andalucia,Puerto Real,"e-distribución Redes Digitales, S.L.U.",regional_default_candidate,needs_municipal_review,no,e-distribución — distribución eléctrica,https://www.edistribucion.com/es/conocenos/instalaciones-distribucion-red/distribucion-electrica.html,official_distributor_public,2026-05-06,"e-distribución declara presencia en Andalucía, pero no se asume cobertura completa municipal sin revisión; hay distribuidoras locales."
andalucia,Puerto Serrano,"e-distribución Redes Digitales, S.L.U.",regional_default_candidate,needs_municipal_review,no,e-distribución — distribución eléctrica,https://www.edistribucion.com/es/conocenos/instalaciones-distribucion-red/distribucion-electrica.html,official_distributor_public,2026-05-06,"e-distribución declara presencia en Andalucía, pero no se asume cobertura completa municipal sin revisión; hay distribuidoras locales."
andalucia,Pujerra,"e-distribución Redes Digitales, S.L.U.",regional_default_candidate,needs_municipal_review,no,e-distribución — distribución eléctrica,https://www.edistribucion.com/es/conocenos/instalaciones-distribucion-red/distribucion-electrica.html,official_distributor_public,2026-05-06,"e-distribución declara presencia en Andalucía, pero no se asume cobertura completa municipal sin revisión; hay distribuidoras locales."
andalucia,Pulianas,"e-distribución Redes Digitales, S.L.U.",regional_default_candidate,needs_municipal_review,no,e-distribución — distribución eléctrica,https://www.edistribucion.com/es/conocenos/instalaciones-distribucion-red/distribucion-electrica.html,official_distributor_public,2026-05-06,"e-distribución declara presencia en Andalucía, pero no se asume cobertura completa municipal sin revisión; hay distribuidoras locales."
andalucia,Pulpí,"e-distribución Redes Digitales, S.L.U.",regional_default_candidate,needs_municipal_review,no,e-distribución — distribución eléctrica,https://www.edistribucion.com/es/conocenos/instalaciones-distribucion-red/distribucion-electrica.html,official_distributor_public,2026-05-06,"e-distribución declara presencia en Andalucía, pero no se asume cobertura completa municipal sin revisión; hay distribuidoras locales."
andalucia,Punta Umbría,"e-distribución Redes Digitales, S.L.U.",regional_default_candidate,needs_municipal_review,no,e-distribución — distribución eléctrica,https://www.edistribucion.com/es/conocenos/instalaciones-distribucion-red/distribucion-electrica.html,official_distributor_public,2026-05-06,"e-distribución declara presencia en Andalucía, pero no se asume cobertura completa municipal sin revisión; hay distribuidoras locales."
andalucia,Purchena,"e-distribución Redes Digitales, S.L.U.",regional_default_candidate,needs_municipal_review,no,e-distribución — distribución eléctrica,https://www.edistribucion.com/es/conocenos/instalaciones-distribucion-red/distribucion-electrica.html,official_distributor_public,2026-05-06,"e-distribución declara presencia en Andalucía, pero no se asume cobertura completa municipal sin revisión; hay distribuidoras locales."
andalucia,Purullena,"e-distribución Redes Digitales, S.L.U.",regional_default_candidate,needs_municipal_review,no,e-distribución — distribución eléctrica,https://www.edistribucion.com/es/conocenos/instalaciones-distribucion-red/distribucion-electrica.html,official_distributor_public,2026-05-06,"e-distribución declara presencia en Andalucía, pero no se asume cobertura completa municipal sin revisión; hay distribuidoras locales."
andalucia,Quéntar,"e-distribución Redes Digitales, S.L.U.",regional_default_candidate,needs_municipal_review,no,e-distribución — distribución eléctrica,https://www.edistribucion.com/es/conocenos/instalaciones-distribucion-red/distribucion-electrica.html,official_distributor_public,2026-05-06,"e-distribución declara presencia en Andalucía, pero no se asume cobertura completa municipal sin revisión; hay distribuidoras locales."
andalucia,Quesada,"e-distribución Redes Digitales, S.L.U.",regional_default_candidate,needs_municipal_review,no,e-distribución — distribución eléctrica,https://www.edistribucion.com/es/conocenos/instalaciones-distribucion-red/distribucion-electrica.html,official_distributor_public,2026-05-06,"e-distribución declara presencia en Andalucía, pero no se asume cobertura completa municipal sin revisión; hay distribuidoras locales."
andalucia,Rágol,"e-distribución Redes Digitales, S.L.U.",regional_default_candidate,needs_municipal_review,no,e-distribución — distribución eléctrica,https://www.edistribucion.com/es/conocenos/instalaciones-distribucion-red/distribucion-electrica.html,official_distributor_public,2026-05-06,"e-distribución declara presencia en Andalucía, pero no se asume cobertura completa municipal sin revisión; hay distribuidoras locales."
andalucia,Rincón de la Victoria,"e-distribución Redes Digitales, S.L.U.",regional_default_candidate,needs_municipal_review,no,e-distribución — distribución eléctrica,https://www.edistribucion.com/es/conocenos/instalaciones-distribucion-red/distribucion-electrica.html,official_distributor_public,2026-05-06,"e-distribución declara presencia en Andalucía, pero no se asume cobertura completa municipal sin revisión; hay distribuidoras locales."
andalucia,Riogordo,"e-distribución Redes Digitales, S.L.U.",regional_default_candidate,needs_municipal_review,no,e-distribución — distribución eléctrica,https://www.edistribucion.com/es/conocenos/instalaciones-distribucion-red/distribucion-electrica.html,official_distributor_public,2026-05-06,"e-distribución declara presencia en Andalucía, pero no se asume cobertura completa municipal sin revisión; hay distribuidoras locales."
andalucia,Rioja,"e-distribución Redes Digitales, S.L.U.",regional_default_candidate,needs_municipal_review,no,e-distribución — distribución eléctrica,https://www.edistribucion.com/es/conocenos/instalaciones-distribucion-red/distribucion-electrica.html,official_distributor_public,2026-05-06,"e-distribución declara presencia en Andalucía, pero no se asume cobertura completa municipal sin revisión; hay distribuidoras locales."
andalucia,Rociana del Condado,"e-distribución Redes Digitales, S.L.U.",regional_default_candidate,needs_municipal_review,no,e-distribución — distribución eléctrica,https://www.edistribucion.com/es/conocenos/instalaciones-distribucion-red/distribucion-electrica.html,official_distributor_public,2026-05-06,"e-distribución declara presencia en Andalucía, pero no se asume cobertura completa municipal sin revisión; hay distribuidoras locales."
andalucia,Ronda,"e-distribución Redes Digitales, S.L.U.",regional_default_candidate,needs_municipal_review,no,e-distribución — distribución eléctrica,https://www.edistribucion.com/es/conocenos/instalaciones-distribucion-red/distribucion-electrica.html,official_distributor_public,2026-05-06,"e-distribución declara presencia en Andalucía, pero no se asume cobertura completa municipal sin revisión; hay distribuidoras locales."
andalucia,Roquetas de Mar,"e-distribución Redes Digitales, S.L.U.",regional_default_candidate,needs_municipal_review,no,e-distribución — distribución eléctrica,https://www.edistribucion.com/es/conocenos/instalaciones-distribucion-red/distribucion-electrica.html,official_distributor_public,2026-05-06,"e-distribución declara presencia en Andalucía, pero no se asume cobertura completa municipal sin revisión; hay distribuidoras locales."
andalucia,Rosal de la Frontera,"e-distribución Redes Digitales, S.L.U.",regional_default_candidate,needs_municipal_review,no,e-distribución — distribución eléctrica,https://www.edistribucion.com/es/conocenos/instalaciones-distribucion-red/distribucion-electrica.html,official_distributor_public,2026-05-06,"e-distribución declara presencia en Andalucía, pero no se asume cobertura completa municipal sin revisión; hay distribuidoras locales."
andalucia,Rota,"e-distribución Redes Digitales, S.L.U.",regional_default_candidate,needs_municipal_review,no,e-distribución — distribución eléctrica,https://www.edistribucion.com/es/conocenos/instalaciones-distribucion-red/distribucion-electrica.html,official_distributor_public,2026-05-06,"e-distribución declara presencia en Andalucía, pero no se asume cobertura completa municipal sin revisión; hay distribuidoras locales."
andalucia,Rubite,"e-distribución Redes Digitales, S.L.U.",regional_default_candidate,needs_municipal_review,no,e-distribución — distribución eléctrica,https://www.edistribucion.com/es/conocenos/instalaciones-distribucion-red/distribucion-electrica.html,official_distributor_public,2026-05-06,"e-distribución declara presencia en Andalucía, pero no se asume cobertura completa municipal sin revisión; hay distribuidoras locales."
andalucia,Rus,"e-distribución Redes Digitales, S.L.U.",regional_default_candidate,needs_municipal_review,no,e-distribución — distribución eléctrica,https://www.edistribucion.com/es/conocenos/instalaciones-distribucion-red/distribucion-electrica.html,official_distributor_public,2026-05-06,"e-distribución declara presencia en Andalucía, pero no se asume cobertura completa municipal sin revisión; hay distribuidoras locales."
andalucia,Rute,"e-distribución Redes Digitales, S.L.U.",regional_default_candidate,needs_municipal_review,no,e-distribución — distribución eléctrica,https://www.edistribucion.com/es/conocenos/instalaciones-distribucion-red/distribucion-electrica.html,official_distributor_public,2026-05-06,"e-distribución declara presencia en Andalucía, pero no se asume cobertura completa municipal sin revisión; hay distribuidoras locales."
andalucia,Sabiote,"e-distribución Redes Digitales, S.L.U.",regional_default_candidate,needs_municipal_review,no,e-distribución — distribución eléctrica,https://www.edistribucion.com/es/conocenos/instalaciones-distribucion-red/distribucion-electrica.html,official_distributor_public,2026-05-06,"e-distribución declara presencia en Andalucía, pero no se asume cobertura completa municipal sin revisión; hay distribuidoras locales."
andalucia,Salar,"e-distribución Redes Digitales, S.L.U.",regional_default_candidate,needs_municipal_review,no,e-distribución — distribución eléctrica,https://www.edistribucion.com/es/conocenos/instalaciones-distribucion-red/distribucion-electrica.html,official_distributor_public,2026-05-06,"e-distribución declara presencia en Andalucía, pero no se asume cobertura completa municipal sin revisión; hay distribuidoras locales."
andalucia,Salares,"e-distribución Redes Digitales, S.L.U.",regional_default_candidate,needs_municipal_review,no,e-distribución — distribución eléctrica,https://www.edistribucion.com/es/conocenos/instalaciones-distribucion-red/distribucion-electrica.html,official_distributor_public,2026-05-06,"e-distribución declara presencia en Andalucía, pero no se asume cobertura completa municipal sin revisión; hay distribuidoras locales."
andalucia,Salobreña,"e-distribución Redes Digitales, S.L.U.",regional_default_candidate,needs_municipal_review,no,e-distribución — distribución eléctrica,https://www.edistribucion.com/es/conocenos/instalaciones-distribucion-red/distribucion-electrica.html,official_distributor_public,2026-05-06,"e-distribución declara presencia en Andalucía, pero no se asume cobertura completa municipal sin revisión; hay distribuidoras locales."
andalucia,Salteras,"e-distribución Redes Digitales, S.L.U.",regional_default_candidate,needs_municipal_review,no,e-distribución — distribución eléctrica,https://www.edistribucion.com/es/conocenos/instalaciones-distribucion-red/distribucion-electrica.html,official_distributor_public,2026-05-06,"e-distribución declara presencia en Andalucía, pero no se asume cobertura completa municipal sin revisión; hay distribuidoras locales."
andalucia,San Bartolomé de la Torre,"e-distribución Redes Digitales, S.L.U.",regional_default_candidate,needs_municipal_review,no,e-distribución — distribución eléctrica,https://www.edistribucion.com/es/conocenos/instalaciones-distribucion-red/distribucion-electrica.html,official_distributor_public,2026-05-06,"e-distribución declara presencia en Andalucía, pero no se asume cobertura completa municipal sin revisión; hay distribuidoras locales."
andalucia,San Fernando,"e-distribución Redes Digitales, S.L.U.",regional_default_candidate,needs_municipal_review,no,e-distribución — distribución eléctrica,https://www.edistribucion.com/es/conocenos/instalaciones-distribucion-red/distribucion-electrica.html,official_distributor_public,2026-05-06,"e-distribución declara presencia en Andalucía, pero no se asume cobertura completa municipal sin revisión; hay distribuidoras locales."
andalucia,San José del Valle,"e-distribución Redes Digitales, S.L.U.",regional_default_candidate,needs_municipal_review,no,e-distribución — distribución eléctrica,https://www.edistribucion.com/es/conocenos/instalaciones-distribucion-red/distribucion-electrica.html,official_distributor_public,2026-05-06,"e-distribución declara presencia en Andalucía, pero no se asume cobertura completa municipal sin revisión; hay distribuidoras locales."
andalucia,San Juan de Aznalfarache,"e-distribución Redes Digitales, S.L.U.",regional_default_candidate,needs_municipal_review,no,e-distribución — distribución eléctrica,https://www.edistribucion.com/es/conocenos/instalaciones-distribucion-red/distribucion-electrica.html,official_distributor_public,2026-05-06,"e-distribución declara presencia en Andalucía, pero no se asume cobertura completa municipal sin revisión; hay distribuidoras locales."
andalucia,San Juan del Puerto,"e-distribución Redes Digitales, S.L.U.",regional_default_candidate,needs_municipal_review,no,e-distribución — distribución eléctrica,https://www.edistribucion.com/es/conocenos/instalaciones-distribucion-red/distribucion-electrica.html,official_distributor_public,2026-05-06,"e-distribución declara presencia en Andalucía, pero no se asume cobertura completa municipal sin revisión; hay distribuidoras locales."
andalucia,San Martín del Tesorillo,"e-distribución Redes Digitales, S.L.U.",regional_default_candidate,needs_municipal_review,no,e-distribución — distribución eléctrica,https://www.edistribucion.com/es/conocenos/instalaciones-distribucion-red/distribucion-electrica.html,official_distributor_public,2026-05-06,"e-distribución declara presencia en Andalucía, pero no se asume cobertura completa municipal sin revisión; hay distribuidoras locales."
andalucia,San Nicolás del Puerto,"e-distribución Redes Digitales, S.L.U.",regional_default_candidate,needs_municipal_review,no,e-distribución — distribución eléctrica,https://www.edistribucion.com/es/conocenos/instalaciones-distribucion-red/distribucion-electrica.html,official_distributor_public,2026-05-06,"e-distribución declara presencia en Andalucía, pero no se asume cobertura completa municipal sin revisión; hay distribuidoras locales."
andalucia,San Roque,"e-distribución Redes Digitales, S.L.U.",regional_default_candidate,needs_municipal_review,no,e-distribución — distribución eléctrica,https://www.edistribucion.com/es/conocenos/instalaciones-distribucion-red/distribucion-electrica.html,official_distributor_public,2026-05-06,"e-distribución declara presencia en Andalucía, pero no se asume cobertura completa municipal sin revisión; hay distribuidoras locales."
andalucia,San Sebastián de los Ballesteros,"e-distribución Redes Digitales, S.L.U.",regional_default_candidate,needs_municipal_review,no,e-distribución — distribución eléctrica,https://www.edistribucion.com/es/conocenos/instalaciones-distribucion-red/distribucion-electrica.html,official_distributor_public,2026-05-06,"e-distribución declara presencia en Andalucía, pero no se asume cobertura completa municipal sin revisión; hay distribuidoras locales."
andalucia,San Silvestre de Guzmán,"e-distribución Redes Digitales, S.L.U.",regional_default_candidate,needs_municipal_review,no,e-distribución — distribución eléctrica,https://www.edistribucion.com/es/conocenos/instalaciones-distribucion-red/distribucion-electrica.html,official_distributor_public,2026-05-06,"e-distribución declara presencia en Andalucía, pero no se asume cobertura completa municipal sin revisión; hay distribuidoras locales."
andalucia,Sanlúcar de Barrameda,"e-distribución Redes Digitales, S.L.U.",regional_default_candidate,needs_municipal_review,no,e-distribución — distribución eléctrica,https://www.edistribucion.com/es/conocenos/instalaciones-distribucion-red/distribucion-electrica.html,official_distributor_public,2026-05-06,"e-distribución declara presencia en Andalucía, pero no se asume cobertura completa municipal sin revisión; hay distribuidoras locales."
andalucia,Sanlúcar de Guadiana,"e-distribución Redes Digitales, S.L.U.",regional_default_candidate,needs_municipal_review,no,e-distribución — distribución eléctrica,https://www.edistribucion.com/es/conocenos/instalaciones-distribucion-red/distribucion-electrica.html,official_distributor_public,2026-05-06,"e-distribución declara presencia en Andalucía, pero no se asume cobertura completa municipal sin revisión; hay distribuidoras locales."
andalucia,Sanlúcar la Mayor,"e-distribución Redes Digitales, S.L.U.",regional_default_candidate,needs_municipal_review,no,e-distribución — distribución eléctrica,https://www.edistribucion.com/es/conocenos/instalaciones-distribucion-red/distribucion-electrica.html,official_distributor_public,2026-05-06,"e-distribución declara presencia en Andalucía, pero no se asume cobertura completa municipal sin revisión; hay distribuidoras locales."
andalucia,Santa Ana la Real,"e-distribución Redes Digitales, S.L.U.",regional_default_candidate,needs_municipal_review,no,e-distribución — distribución eléctrica,https://www.edistribucion.com/es/conocenos/instalaciones-distribucion-red/distribucion-electrica.html,official_distributor_public,2026-05-06,"e-distribución declara presencia en Andalucía, pero no se asume cobertura completa municipal sin revisión; hay distribuidoras locales."
andalucia,Santa Bárbara de Casa,"e-distribución Redes Digitales, S.L.U.",regional_default_candidate,needs_municipal_review,no,e-distribución — distribución eléctrica,https://www.edistribucion.com/es/conocenos/instalaciones-distribucion-red/distribucion-electrica.html,official_distributor_public,2026-05-06,"e-distribución declara presencia en Andalucía, pero no se asume cobertura completa municipal sin revisión; hay distribuidoras locales."
andalucia,Santa Cruz de Marchena,"e-distribución Redes Digitales, S.L.U.",regional_default_candidate,needs_municipal_review,no,e-distribución — distribución eléctrica,https://www.edistribucion.com/es/conocenos/instalaciones-distribucion-red/distribucion-electrica.html,official_distributor_public,2026-05-06,"e-distribución declara presencia en Andalucía, pero no se asume cobertura completa municipal sin revisión; hay distribuidoras locales."
andalucia,Santa Cruz del Comercio,"e-distribución Redes Digitales, S.L.U.",regional_default_candidate,needs_municipal_review,no,e-distribución — distribución eléctrica,https://www.edistribucion.com/es/conocenos/instalaciones-distribucion-red/distribucion-electrica.html,official_distributor_public,2026-05-06,"e-distribución declara presencia en Andalucía, pero no se asume cobertura completa municipal sin revisión; hay distribuidoras locales."
andalucia,Santa Elena,"e-distribución Redes Digitales, S.L.U.",regional_default_candidate,needs_municipal_review,no,e-distribución — distribución eléctrica,https://www.edistribucion.com/es/conocenos/instalaciones-distribucion-red/distribucion-electrica.html,official_distributor_public,2026-05-06,"e-distribución declara presencia en Andalucía, pero no se asume cobertura completa municipal sin revisión; hay distribuidoras locales."
andalucia,Santa Eufemia,"e-distribución Redes Digitales, S.L.U.",regional_default_candidate,needs_municipal_review,no,e-distribución — distribución eléctrica,https://www.edistribucion.com/es/conocenos/instalaciones-distribucion-red/distribucion-electrica.html,official_distributor_public,2026-05-06,"e-distribución declara presencia en Andalucía, pero no se asume cobertura completa municipal sin revisión; hay distribuidoras locales."
andalucia,Santa Fe,"e-distribución Redes Digitales, S.L.U.",regional_default_candidate,needs_municipal_review,no,e-distribución — distribución eléctrica,https://www.edistribucion.com/es/conocenos/instalaciones-distribucion-red/distribucion-electrica.html,official_distributor_public,2026-05-06,"e-distribución declara presencia en Andalucía, pero no se asume cobertura completa municipal sin revisión; hay distribuidoras locales."
andalucia,Santa Fe de Mondújar,"e-distribución Redes Digitales, S.L.U.",regional_default_candidate,needs_municipal_review,no,e-distribución — distribución eléctrica,https://www.edistribucion.com/es/conocenos/instalaciones-distribucion-red/distribucion-electrica.html,official_distributor_public,2026-05-06,"e-distribución declara presencia en Andalucía, pero no se asume cobertura completa municipal sin revisión; hay distribuidoras locales."
andalucia,Santa Olalla del Cala,"e-distribución Redes Digitales, S.L.U.",regional_default_candidate,needs_municipal_review,no,e-distribución — distribución eléctrica,https://www.edistribucion.com/es/conocenos/instalaciones-distribucion-red/distribucion-electrica.html,official_distributor_public,2026-05-06,"e-distribución declara presencia en Andalucía, pero no se asume cobertura completa municipal sin revisión; hay distribuidoras locales."
andalucia,Santaella,"e-distribución Redes Digitales, S.L.U.",regional_default_candidate,needs_municipal_review,no,e-distribución — distribución eléctrica,https://www.edistribucion.com/es/conocenos/instalaciones-distribucion-red/distribucion-electrica.html,official_distributor_public,2026-05-06,"e-distribución declara presencia en Andalucía, pero no se asume cobertura completa municipal sin revisión; hay distribuidoras locales."
andalucia,Santiago de Calatrava,"e-distribución Redes Digitales, S.L.U.",regional_default_candidate,needs_municipal_review,no,e-distribución — distribución eléctrica,https://www.edistribucion.com/es/conocenos/instalaciones-distribucion-red/distribucion-electrica.html,official_distributor_public,2026-05-06,"e-distribución declara presencia en Andalucía, pero no se asume cobertura completa municipal sin revisión; hay distribuidoras locales."
andalucia,Santiago-Pontones,"e-distribución Redes Digitales, S.L.U.",regional_default_candidate,needs_municipal_review,no,e-distribución — distribución eléctrica,https://www.edistribucion.com/es/conocenos/instalaciones-distribucion-red/distribucion-electrica.html,official_distributor_public,2026-05-06,"e-distribución declara presencia en Andalucía, pero no se asume cobertura completa municipal sin revisión; hay distribuidoras locales."
andalucia,Santiponce,"e-distribución Redes Digitales, S.L.U.",regional_default_candidate,needs_municipal_review,no,e-distribución — distribución eléctrica,https://www.edistribucion.com/es/conocenos/instalaciones-distribucion-red/distribucion-electrica.html,official_distributor_public,2026-05-06,"e-distribución declara presencia en Andalucía, pero no se asume cobertura completa municipal sin revisión; hay distribuidoras locales."
andalucia,Santisteban del Puerto,"e-distribución Redes Digitales, S.L.U.",regional_default_candidate,needs_municipal_review,no,e-distribución — distribución eléctrica,https://www.edistribucion.com/es/conocenos/instalaciones-distribucion-red/distribucion-electrica.html,official_distributor_public,2026-05-06,"e-distribución declara presencia en Andalucía, pero no se asume cobertura completa municipal sin revisión; hay distribuidoras locales."
andalucia,Santo Tomé,"e-distribución Redes Digitales, S.L.U.",regional_default_candidate,needs_municipal_review,no,e-distribución — distribución eléctrica,https://www.edistribucion.com/es/conocenos/instalaciones-distribucion-red/distribucion-electrica.html,official_distributor_public,2026-05-06,"e-distribución declara presencia en Andalucía, pero no se asume cobertura completa municipal sin revisión; hay distribuidoras locales."
andalucia,Sayalonga,"e-distribución Redes Digitales, S.L.U.",regional_default_candidate,needs_municipal_review,no,e-distribución — distribución eléctrica,https://www.edistribucion.com/es/conocenos/instalaciones-distribucion-red/distribucion-electrica.html,official_distributor_public,2026-05-06,"e-distribución declara presencia en Andalucía, pero no se asume cobertura completa municipal sin revisión; hay distribuidoras locales."
andalucia,Sedella,"e-distribución Redes Digitales, S.L.U.",regional_default_candidate,needs_municipal_review,no,e-distribución — distribución eléctrica,https://www.edistribucion.com/es/conocenos/instalaciones-distribucion-red/distribucion-electrica.html,official_distributor_public,2026-05-06,"e-distribución declara presencia en Andalucía, pero no se asume cobertura completa municipal sin revisión; hay distribuidoras locales."
andalucia,Segura de la Sierra,"e-distribución Redes Digitales, S.L.U.",regional_default_candidate,needs_municipal_review,no,e-distribución — distribución eléctrica,https://www.edistribucion.com/es/conocenos/instalaciones-distribucion-red/distribucion-electrica.html,official_distributor_public,2026-05-06,"e-distribución declara presencia en Andalucía, pero no se asume cobertura completa municipal sin revisión; hay distribuidoras locales."
andalucia,Senés,"e-distribución Redes Digitales, S.L.U.",regional_default_candidate,needs_municipal_review,no,e-distribución — distribución eléctrica,https://www.edistribucion.com/es/conocenos/instalaciones-distribucion-red/distribucion-electrica.html,official_distributor_public,2026-05-06,"e-distribución declara presencia en Andalucía, pero no se asume cobertura completa municipal sin revisión; hay distribuidoras locales."
andalucia,Serón,"e-distribución Redes Digitales, S.L.U.",regional_default_candidate,needs_municipal_review,no,e-distribución — distribución eléctrica,https://www.edistribucion.com/es/conocenos/instalaciones-distribucion-red/distribucion-electrica.html,official_distributor_public,2026-05-06,"e-distribución declara presencia en Andalucía, pero no se asume cobertura completa municipal sin revisión; hay distribuidoras locales."
andalucia,Serrato,"e-distribución Redes Digitales, S.L.U.",regional_default_candidate,needs_municipal_review,no,e-distribución — distribución eléctrica,https://www.edistribucion.com/es/conocenos/instalaciones-distribucion-red/distribucion-electrica.html,official_distributor_public,2026-05-06,"e-distribución declara presencia en Andalucía, pero no se asume cobertura completa municipal sin revisión; hay distribuidoras locales."
andalucia,Setenil de las Bodegas,"e-distribución Redes Digitales, S.L.U.",regional_default_candidate,needs_municipal_review,no,e-distribución — distribución eléctrica,https://www.edistribucion.com/es/conocenos/instalaciones-distribucion-red/distribucion-electrica.html,official_distributor_public,2026-05-06,"e-distribución declara presencia en Andalucía, pero no se asume cobertura completa municipal sin revisión; hay distribuidoras locales."
andalucia,Sevilla,"e-distribución Redes Digitales, S.L.U.",regional_default_candidate,needs_municipal_review,no,e-distribución — distribución eléctrica,https://www.edistribucion.com/es/conocenos/instalaciones-distribucion-red/distribucion-electrica.html,official_distributor_public,2026-05-06,"e-distribución declara presencia en Andalucía, pero no se asume cobertura completa municipal sin revisión; hay distribuidoras locales."
andalucia,Sierra de Yeguas,"e-distribución Redes Digitales, S.L.U.",regional_default_candidate,needs_municipal_review,no,e-distribución — distribución eléctrica,https://www.edistribucion.com/es/conocenos/instalaciones-distribucion-red/distribucion-electrica.html,official_distributor_public,2026-05-06,"e-distribución declara presencia en Andalucía, pero no se asume cobertura completa municipal sin revisión; hay distribuidoras locales."
andalucia,Sierro,"e-distribución Redes Digitales, S.L.U.",regional_default_candidate,needs_municipal_review,no,e-distribución — distribución eléctrica,https://www.edistribucion.com/es/conocenos/instalaciones-distribucion-red/distribucion-electrica.html,official_distributor_public,2026-05-06,"e-distribución declara presencia en Andalucía, pero no se asume cobertura completa municipal sin revisión; hay distribuidoras locales."
andalucia,Siles,"e-distribución Redes Digitales, S.L.U.",regional_default_candidate,needs_municipal_review,no,e-distribución — distribución eléctrica,https://www.edistribucion.com/es/conocenos/instalaciones-distribucion-red/distribucion-electrica.html,official_distributor_public,2026-05-06,"e-distribución declara presencia en Andalucía, pero no se asume cobertura completa municipal sin revisión; hay distribuidoras locales."
andalucia,Somontín,"e-distribución Redes Digitales, S.L.U.",regional_default_candidate,needs_municipal_review,no,e-distribución — distribución eléctrica,https://www.edistribucion.com/es/conocenos/instalaciones-distribucion-red/distribucion-electrica.html,official_distributor_public,2026-05-06,"e-distribución declara presencia en Andalucía, pero no se asume cobertura completa municipal sin revisión; hay distribuidoras locales."
andalucia,Soportújar,"e-distribución Redes Digitales, S.L.U.",regional_default_candidate,needs_municipal_review,no,e-distribución — distribución eléctrica,https://www.edistribucion.com/es/conocenos/instalaciones-distribucion-red/distribucion-electrica.html,official_distributor_public,2026-05-06,"e-distribución declara presencia en Andalucía, pero no se asume cobertura completa municipal sin revisión; hay distribuidoras locales."
andalucia,Sorbas,"e-distribución Redes Digitales, S.L.U.",regional_default_candidate,needs_municipal_review,no,e-distribución — distribución eléctrica,https://www.edistribucion.com/es/conocenos/instalaciones-distribucion-red/distribucion-electrica.html,official_distributor_public,2026-05-06,"e-distribución declara presencia en Andalucía, pero no se asume cobertura completa municipal sin revisión; hay distribuidoras locales."
andalucia,Sorihuela del Guadalimar,"e-distribución Redes Digitales, S.L.U.",regional_default_candidate,needs_municipal_review,no,e-distribución — distribución eléctrica,https://www.edistribucion.com/es/conocenos/instalaciones-distribucion-red/distribucion-electrica.html,official_distributor_public,2026-05-06,"e-distribución declara presencia en Andalucía, pero no se asume cobertura completa municipal sin revisión; hay distribuidoras locales."
andalucia,Sorvilán,"e-distribución Redes Digitales, S.L.U.",regional_default_candidate,needs_municipal_review,no,e-distribución — distribución eléctrica,https://www.edistribucion.com/es/conocenos/instalaciones-distribucion-red/distribucion-electrica.html,official_distributor_public,2026-05-06,"e-distribución declara presencia en Andalucía, pero no se asume cobertura completa municipal sin revisión; hay distribuidoras locales."
andalucia,Suflí,"e-distribución Redes Digitales, S.L.U.",regional_default_candidate,needs_municipal_review,no,e-distribución — distribución eléctrica,https://www.edistribucion.com/es/conocenos/instalaciones-distribucion-red/distribucion-electrica.html,official_distributor_public,2026-05-06,"e-distribución declara presencia en Andalucía, pero no se asume cobertura completa municipal sin revisión; hay distribuidoras locales."
andalucia,Tabernas,"e-distribución Redes Digitales, S.L.U.",regional_default_candidate,needs_municipal_review,no,e-distribución — distribución eléctrica,https://www.edistribucion.com/es/conocenos/instalaciones-distribucion-red/distribucion-electrica.html,official_distributor_public,2026-05-06,"e-distribución declara presencia en Andalucía, pero no se asume cobertura completa municipal sin revisión; hay distribuidoras locales."
andalucia,Taberno,"e-distribución Redes Digitales, S.L.U.",regional_default_candidate,needs_municipal_review,no,e-distribución — distribución eléctrica,https://www.edistribucion.com/es/conocenos/instalaciones-distribucion-red/distribucion-electrica.html,official_distributor_public,2026-05-06,"e-distribución declara presencia en Andalucía, pero no se asume cobertura completa municipal sin revisión; hay distribuidoras locales."
andalucia,Tahal,"e-distribución Redes Digitales, S.L.U.",regional_default_candidate,needs_municipal_review,no,e-distribución — distribución eléctrica,https://www.edistribucion.com/es/conocenos/instalaciones-distribucion-red/distribucion-electrica.html,official_distributor_public,2026-05-06,"e-distribución declara presencia en Andalucía, pero no se asume cobertura completa municipal sin revisión; hay distribuidoras locales."
andalucia,Tarifa,"e-distribución Redes Digitales, S.L.U.",regional_default_candidate,needs_municipal_review,no,e-distribución — distribución eléctrica,https://www.edistribucion.com/es/conocenos/instalaciones-distribucion-red/distribucion-electrica.html,official_distributor_public,2026-05-06,"e-distribución declara presencia en Andalucía, pero no se asume cobertura completa municipal sin revisión; hay distribuidoras locales."
andalucia,Teba,"e-distribución Redes Digitales, S.L.U.",regional_default_candidate,needs_municipal_review,no,e-distribución — distribución eléctrica,https://www.edistribucion.com/es/conocenos/instalaciones-distribucion-red/distribucion-electrica.html,official_distributor_public,2026-05-06,"e-distribución declara presencia en Andalucía, pero no se asume cobertura completa municipal sin revisión; hay distribuidoras locales."
andalucia,Terque,"e-distribución Redes Digitales, S.L.U.",regional_default_candidate,needs_municipal_review,no,e-distribución — distribución eléctrica,https://www.edistribucion.com/es/conocenos/instalaciones-distribucion-red/distribucion-electrica.html,official_distributor_public,2026-05-06,"e-distribución declara presencia en Andalucía, pero no se asume cobertura completa municipal sin revisión; hay distribuidoras locales."
andalucia,Tíjola,"e-distribución Redes Digitales, S.L.U.",regional_default_candidate,needs_municipal_review,no,e-distribución — distribución eléctrica,https://www.edistribucion.com/es/conocenos/instalaciones-distribucion-red/distribucion-electrica.html,official_distributor_public,2026-05-06,"e-distribución declara presencia en Andalucía, pero no se asume cobertura completa municipal sin revisión; hay distribuidoras locales."
andalucia,Tocina,"e-distribución Redes Digitales, S.L.U.",regional_default_candidate,needs_municipal_review,no,e-distribución — distribución eléctrica,https://www.edistribucion.com/es/conocenos/instalaciones-distribucion-red/distribucion-electrica.html,official_distributor_public,2026-05-06,"e-distribución declara presencia en Andalucía, pero no se asume cobertura completa municipal sin revisión; hay distribuidoras locales."
andalucia,Tolox,"e-distribución Redes Digitales, S.L.U.",regional_default_candidate,needs_municipal_review,no,e-distribución — distribución eléctrica,https://www.edistribucion.com/es/conocenos/instalaciones-distribucion-red/distribucion-electrica.html,official_distributor_public,2026-05-06,"e-distribución declara presencia en Andalucía, pero no se asume cobertura completa municipal sin revisión; hay distribuidoras locales."
andalucia,Tomares,"e-distribución Redes Digitales, S.L.U.",regional_default_candidate,needs_municipal_review,no,e-distribución — distribución eléctrica,https://www.edistribucion.com/es/conocenos/instalaciones-distribucion-red/distribucion-electrica.html,official_distributor_public,2026-05-06,"e-distribución declara presencia en Andalucía, pero no se asume cobertura completa municipal sin revisión; hay distribuidoras locales."
andalucia,Torre Alháquime,"e-distribución Redes Digitales, S.L.U.",regional_default_candidate,needs_municipal_review,no,e-distribución — distribución eléctrica,https://www.edistribucion.com/es/conocenos/instalaciones-distribucion-red/distribucion-electrica.html,official_distributor_public,2026-05-06,"e-distribución declara presencia en Andalucía, pero no se asume cobertura completa municipal sin revisión; hay distribuidoras locales."
andalucia,Torre-Cardela,"e-distribución Redes Digitales, S.L.U.",regional_default_candidate,needs_municipal_review,no,e-distribución — distribución eléctrica,https://www.edistribucion.com/es/conocenos/instalaciones-distribucion-red/distribucion-electrica.html,official_distributor_public,2026-05-06,"e-distribución declara presencia en Andalucía, pero no se asume cobertura completa municipal sin revisión; hay distribuidoras locales."
andalucia,Torreblascopedro,"e-distribución Redes Digitales, S.L.U.",regional_default_candidate,needs_municipal_review,no,e-distribución — distribución eléctrica,https://www.edistribucion.com/es/conocenos/instalaciones-distribucion-red/distribucion-electrica.html,official_distributor_public,2026-05-06,"e-distribución declara presencia en Andalucía, pero no se asume cobertura completa municipal sin revisión; hay distribuidoras locales."
andalucia,Torrecampo,"e-distribución Redes Digitales, S.L.U.",regional_default_candidate,needs_municipal_review,no,e-distribución — distribución eléctrica,https://www.edistribucion.com/es/conocenos/instalaciones-distribucion-red/distribucion-electrica.html,official_distributor_public,2026-05-06,"e-distribución declara presencia en Andalucía, pero no se asume cobertura completa municipal sin revisión; hay distribuidoras locales."
andalucia,Torredelcampo,"e-distribución Redes Digitales, S.L.U.",regional_default_candidate,needs_municipal_review,no,e-distribución — distribución eléctrica,https://www.edistribucion.com/es/conocenos/instalaciones-distribucion-red/distribucion-electrica.html,official_distributor_public,2026-05-06,"e-distribución declara presencia en Andalucía, pero no se asume cobertura completa municipal sin revisión; hay distribuidoras locales."
andalucia,Torredonjimeno,"e-distribución Redes Digitales, S.L.U.",regional_default_candidate,needs_municipal_review,no,e-distribución — distribución eléctrica,https://www.edistribucion.com/es/conocenos/instalaciones-distribucion-red/distribucion-electrica.html,official_distributor_public,2026-05-06,"e-distribución declara presencia en Andalucía, pero no se asume cobertura completa municipal sin revisión; hay distribuidoras locales."
andalucia,Torremolinos,"e-distribución Redes Digitales, S.L.U.",regional_default_candidate,needs_municipal_review,no,e-distribución — distribución eléctrica,https://www.edistribucion.com/es/conocenos/instalaciones-distribucion-red/distribucion-electrica.html,official_distributor_public,2026-05-06,"e-distribución declara presencia en Andalucía, pero no se asume cobertura completa municipal sin revisión; hay distribuidoras locales."
andalucia,Torrenueva Costa,"e-distribución Redes Digitales, S.L.U.",regional_default_candidate,needs_municipal_review,no,e-distribución — distribución eléctrica,https://www.edistribucion.com/es/conocenos/instalaciones-distribucion-red/distribucion-electrica.html,official_distributor_public,2026-05-06,"e-distribución declara presencia en Andalucía, pero no se asume cobertura completa municipal sin revisión; hay distribuidoras locales."
andalucia,Torreperogil,"e-distribución Redes Digitales, S.L.U.",regional_default_candidate,needs_municipal_review,no,e-distribución — distribución eléctrica,https://www.edistribucion.com/es/conocenos/instalaciones-distribucion-red/distribucion-electrica.html,official_distributor_public,2026-05-06,"e-distribución declara presencia en Andalucía, pero no se asume cobertura completa municipal sin revisión; hay distribuidoras locales."
andalucia,Torres,"e-distribución Redes Digitales, S.L.U.",regional_default_candidate,needs_municipal_review,no,e-distribución — distribución eléctrica,https://www.edistribucion.com/es/conocenos/instalaciones-distribucion-red/distribucion-electrica.html,official_distributor_public,2026-05-06,"e-distribución declara presencia en Andalucía, pero no se asume cobertura completa municipal sin revisión; hay distribuidoras locales."
andalucia,Torres de Albánchez,"e-distribución Redes Digitales, S.L.U.",regional_default_candidate,needs_municipal_review,no,e-distribución — distribución eléctrica,https://www.edistribucion.com/es/conocenos/instalaciones-distribucion-red/distribucion-electrica.html,official_distributor_public,2026-05-06,"e-distribución declara presencia en Andalucía, pero no se asume cobertura completa municipal sin revisión; hay distribuidoras locales."
andalucia,Torrox,"e-distribución Redes Digitales, S.L.U.",regional_default_candidate,needs_municipal_review,no,e-distribución — distribución eléctrica,https://www.edistribucion.com/es/conocenos/instalaciones-distribucion-red/distribucion-electrica.html,official_distributor_public,2026-05-06,"e-distribución declara presencia en Andalucía, pero no se asume cobertura completa municipal sin revisión; hay distribuidoras locales."
andalucia,Torvizcón,"e-distribución Redes Digitales, S.L.U.",regional_default_candidate,needs_municipal_review,no,e-distribución — distribución eléctrica,https://www.edistribucion.com/es/conocenos/instalaciones-distribucion-red/distribucion-electrica.html,official_distributor_public,2026-05-06,"e-distribución declara presencia en Andalucía, pero no se asume cobertura completa municipal sin revisión; hay distribuidoras locales."
andalucia,Totalán,"e-distribución Redes Digitales, S.L.U.",regional_default_candidate,needs_municipal_review,no,e-distribución — distribución eléctrica,https://www.edistribucion.com/es/conocenos/instalaciones-distribucion-red/distribucion-electrica.html,official_distributor_public,2026-05-06,"e-distribución declara presencia en Andalucía, pero no se asume cobertura completa municipal sin revisión; hay distribuidoras locales."
andalucia,Trebujena,"e-distribución Redes Digitales, S.L.U.",regional_default_candidate,needs_municipal_review,no,e-distribución — distribución eléctrica,https://www.edistribucion.com/es/conocenos/instalaciones-distribucion-red/distribucion-electrica.html,official_distributor_public,2026-05-06,"e-distribución declara presencia en Andalucía, pero no se asume cobertura completa municipal sin revisión; hay distribuidoras locales."
andalucia,Trevélez,"e-distribución Redes Digitales, S.L.U.",regional_default_candidate,needs_municipal_review,no,e-distribución — distribución eléctrica,https://www.edistribucion.com/es/conocenos/instalaciones-distribucion-red/distribucion-electrica.html,official_distributor_public,2026-05-06,"e-distribución declara presencia en Andalucía, pero no se asume cobertura completa municipal sin revisión; hay distribuidoras locales."
andalucia,Trigueros,"e-distribución Redes Digitales, S.L.U.",regional_default_candidate,needs_municipal_review,no,e-distribución — distribución eléctrica,https://www.edistribucion.com/es/conocenos/instalaciones-distribucion-red/distribucion-electrica.html,official_distributor_public,2026-05-06,"e-distribución declara presencia en Andalucía, pero no se asume cobertura completa municipal sin revisión; hay distribuidoras locales."
andalucia,Turón,"e-distribución Redes Digitales, S.L.U.",regional_default_candidate,needs_municipal_review,no,e-distribución — distribución eléctrica,https://www.edistribucion.com/es/conocenos/instalaciones-distribucion-red/distribucion-electrica.html,official_distributor_public,2026-05-06,"e-distribución declara presencia en Andalucía, pero no se asume cobertura completa municipal sin revisión; hay distribuidoras locales."
andalucia,Turre,"e-distribución Redes Digitales, S.L.U.",regional_default_candidate,needs_municipal_review,no,e-distribución — distribución eléctrica,https://www.edistribucion.com/es/conocenos/instalaciones-distribucion-red/distribucion-electrica.html,official_distributor_public,2026-05-06,"e-distribución declara presencia en Andalucía, pero no se asume cobertura completa municipal sin revisión; hay distribuidoras locales."
andalucia,Turrillas,"e-distribución Redes Digitales, S.L.U.",regional_default_candidate,needs_municipal_review,no,e-distribución — distribución eléctrica,https://www.edistribucion.com/es/conocenos/instalaciones-distribucion-red/distribucion-electrica.html,official_distributor_public,2026-05-06,"e-distribución declara presencia en Andalucía, pero no se asume cobertura completa municipal sin revisión; hay distribuidoras locales."
andalucia,Úbeda,"e-distribución Redes Digitales, S.L.U.",regional_default_candidate,needs_municipal_review,no,e-distribución — distribución eléctrica,https://www.edistribucion.com/es/conocenos/instalaciones-distribucion-red/distribucion-electrica.html,official_distributor_public,2026-05-06,"e-distribución declara presencia en Andalucía, pero no se asume cobertura completa municipal sin revisión; hay distribuidoras locales."
andalucia,Ubrique,"e-distribución Redes Digitales, S.L.U.",regional_default_candidate,needs_municipal_review,no,e-distribución — distribución eléctrica,https://www.edistribucion.com/es/conocenos/instalaciones-distribucion-red/distribucion-electrica.html,official_distributor_public,2026-05-06,"e-distribución declara presencia en Andalucía, pero no se asume cobertura completa municipal sin revisión; hay distribuidoras locales."
andalucia,Ugíjar,"e-distribución Redes Digitales, S.L.U.",regional_default_candidate,needs_municipal_review,no,e-distribución — distribución eléctrica,https://www.edistribucion.com/es/conocenos/instalaciones-distribucion-red/distribucion-electrica.html,official_distributor_public,2026-05-06,"e-distribución declara presencia en Andalucía, pero no se asume cobertura completa municipal sin revisión; hay distribuidoras locales."
andalucia,Uleila del Campo,"e-distribución Redes Digitales, S.L.U.",regional_default_candidate,needs_municipal_review,no,e-distribución — distribución eléctrica,https://www.edistribucion.com/es/conocenos/instalaciones-distribucion-red/distribucion-electrica.html,official_distributor_public,2026-05-06,"e-distribución declara presencia en Andalucía, pero no se asume cobertura completa municipal sin revisión; hay distribuidoras locales."
andalucia,Umbrete,"e-distribución Redes Digitales, S.L.U.",regional_default_candidate,needs_municipal_review,no,e-distribución — distribución eléctrica,https://www.edistribucion.com/es/conocenos/instalaciones-distribucion-red/distribucion-electrica.html,official_distributor_public,2026-05-06,"e-distribución declara presencia en Andalucía, pero no se asume cobertura completa municipal sin revisión; hay distribuidoras locales."
andalucia,Urrácal,"e-distribución Redes Digitales, S.L.U.",regional_default_candidate,needs_municipal_review,no,e-distribución — distribución eléctrica,https://www.edistribucion.com/es/conocenos/instalaciones-distribucion-red/distribucion-electrica.html,official_distributor_public,2026-05-06,"e-distribución declara presencia en Andalucía, pero no se asume cobertura completa municipal sin revisión; hay distribuidoras locales."
andalucia,Utrera,"e-distribución Redes Digitales, S.L.U.",regional_default_candidate,needs_municipal_review,no,e-distribución — distribución eléctrica,https://www.edistribucion.com/es/conocenos/instalaciones-distribucion-red/distribucion-electrica.html,official_distributor_public,2026-05-06,"e-distribución declara presencia en Andalucía, pero no se asume cobertura completa municipal sin revisión; hay distribuidoras locales."
andalucia,Valdelarco,"e-distribución Redes Digitales, S.L.U.",regional_default_candidate,needs_municipal_review,no,e-distribución — distribución eléctrica,https://www.edistribucion.com/es/conocenos/instalaciones-distribucion-red/distribucion-electrica.html,official_distributor_public,2026-05-06,"e-distribución declara presencia en Andalucía, pero no se asume cobertura completa municipal sin revisión; hay distribuidoras locales."
andalucia,Valdepeñas de Jaén,"e-distribución Redes Digitales, S.L.U.",regional_default_candidate,needs_municipal_review,no,e-distribución — distribución eléctrica,https://www.edistribucion.com/es/conocenos/instalaciones-distribucion-red/distribucion-electrica.html,official_distributor_public,2026-05-06,"e-distribución declara presencia en Andalucía, pero no se asume cobertura completa municipal sin revisión; hay distribuidoras locales."
andalucia,Valderrubio,"e-distribución Redes Digitales, S.L.U.",regional_default_candidate,needs_municipal_review,no,e-distribución — distribución eléctrica,https://www.edistribucion.com/es/conocenos/instalaciones-distribucion-red/distribucion-electrica.html,official_distributor_public,2026-05-06,"e-distribución declara presencia en Andalucía, pero no se asume cobertura completa municipal sin revisión; hay distribuidoras locales."
andalucia,Valencina de la Concepción,"e-distribución Redes Digitales, S.L.U.",regional_default_candidate,needs_municipal_review,no,e-distribución — distribución eléctrica,https://www.edistribucion.com/es/conocenos/instalaciones-distribucion-red/distribucion-electrica.html,official_distributor_public,2026-05-06,"e-distribución declara presencia en Andalucía, pero no se asume cobertura completa municipal sin revisión; hay distribuidoras locales."
andalucia,Valenzuela,"e-distribución Redes Digitales, S.L.U.",regional_default_candidate,needs_municipal_review,no,e-distribución — distribución eléctrica,https://www.edistribucion.com/es/conocenos/instalaciones-distribucion-red/distribucion-electrica.html,official_distributor_public,2026-05-06,"e-distribución declara presencia en Andalucía, pero no se asume cobertura completa municipal sin revisión; hay distribuidoras locales."
andalucia,Valle de Abdalajís,"e-distribución Redes Digitales, S.L.U.",regional_default_candidate,needs_municipal_review,no,e-distribución — distribución eléctrica,https://www.edistribucion.com/es/conocenos/instalaciones-distribucion-red/distribucion-electrica.html,official_distributor_public,2026-05-06,"e-distribución declara presencia en Andalucía, pero no se asume cobertura completa municipal sin revisión; hay distribuidoras locales."
andalucia,Valle del Zalabí,"e-distribución Redes Digitales, S.L.U.",regional_default_candidate,needs_municipal_review,no,e-distribución — distribución eléctrica,https://www.edistribucion.com/es/conocenos/instalaciones-distribucion-red/distribucion-electrica.html,official_distributor_public,2026-05-06,"e-distribución declara presencia en Andalucía, pero no se asume cobertura completa municipal sin revisión; hay distribuidoras locales."
andalucia,Válor,"e-distribución Redes Digitales, S.L.U.",regional_default_candidate,needs_municipal_review,no,e-distribución — distribución eléctrica,https://www.edistribucion.com/es/conocenos/instalaciones-distribucion-red/distribucion-electrica.html,official_distributor_public,2026-05-06,"e-distribución declara presencia en Andalucía, pero no se asume cobertura completa municipal sin revisión; hay distribuidoras locales."
andalucia,Valsequillo,"e-distribución Redes Digitales, S.L.U.",regional_default_candidate,needs_municipal_review,no,e-distribución — distribución eléctrica,https://www.edistribucion.com/es/conocenos/instalaciones-distribucion-red/distribucion-electrica.html,official_distributor_public,2026-05-06,"e-distribución declara presencia en Andalucía, pero no se asume cobertura completa municipal sin revisión; hay distribuidoras locales."
andalucia,Valverde del Camino,"e-distribución Redes Digitales, S.L.U.",regional_default_candidate,needs_municipal_review,no,e-distribución — distribución eléctrica,https://www.edistribucion.com/es/conocenos/instalaciones-distribucion-red/distribucion-electrica.html,official_distributor_public,2026-05-06,"e-distribución declara presencia en Andalucía, pero no se asume cobertura completa municipal sin revisión; hay distribuidoras locales."
andalucia,Vegas del Genil,"e-distribución Redes Digitales, S.L.U.",regional_default_candidate,needs_municipal_review,no,e-distribución — distribución eléctrica,https://www.edistribucion.com/es/conocenos/instalaciones-distribucion-red/distribucion-electrica.html,official_distributor_public,2026-05-06,"e-distribución declara presencia en Andalucía, pero no se asume cobertura completa municipal sin revisión; hay distribuidoras locales."
andalucia,Vejer de la Frontera,"e-distribución Redes Digitales, S.L.U.",regional_default_candidate,needs_municipal_review,no,e-distribución — distribución eléctrica,https://www.edistribucion.com/es/conocenos/instalaciones-distribucion-red/distribucion-electrica.html,official_distributor_public,2026-05-06,"e-distribución declara presencia en Andalucía, pero no se asume cobertura completa municipal sin revisión; hay distribuidoras locales."
andalucia,Velefique,"e-distribución Redes Digitales, S.L.U.",regional_default_candidate,needs_municipal_review,no,e-distribución — distribución eléctrica,https://www.edistribucion.com/es/conocenos/instalaciones-distribucion-red/distribucion-electrica.html,official_distributor_public,2026-05-06,"e-distribución declara presencia en Andalucía, pero no se asume cobertura completa municipal sin revisión; hay distribuidoras locales."
andalucia,Vélez-Blanco,"e-distribución Redes Digitales, S.L.U.",regional_default_candidate,needs_municipal_review,no,e-distribución — distribución eléctrica,https://www.edistribucion.com/es/conocenos/instalaciones-distribucion-red/distribucion-electrica.html,official_distributor_public,2026-05-06,"e-distribución declara presencia en Andalucía, pero no se asume cobertura completa municipal sin revisión; hay distribuidoras locales."
andalucia,Vélez de Benaudalla,"e-distribución Redes Digitales, S.L.U.",regional_default_candidate,needs_municipal_review,no,e-distribución — distribución eléctrica,https://www.edistribucion.com/es/conocenos/instalaciones-distribucion-red/distribucion-electrica.html,official_distributor_public,2026-05-06,"e-distribución declara presencia en Andalucía, pero no se asume cobertura completa municipal sin revisión; hay distribuidoras locales."
andalucia,Vélez-Málaga,"e-distribución Redes Digitales, S.L.U.",regional_default_candidate,needs_municipal_review,no,e-distribución — distribución eléctrica,https://www.edistribucion.com/es/conocenos/instalaciones-distribucion-red/distribucion-electrica.html,official_distributor_public,2026-05-06,"e-distribución declara presencia en Andalucía, pero no se asume cobertura completa municipal sin revisión; hay distribuidoras locales."
andalucia,Vélez-Rubio,"e-distribución Redes Digitales, S.L.U.",regional_default_candidate,needs_municipal_review,no,e-distribución — distribución eléctrica,https://www.edistribucion.com/es/conocenos/instalaciones-distribucion-red/distribucion-electrica.html,official_distributor_public,2026-05-06,"e-distribución declara presencia en Andalucía, pero no se asume cobertura completa municipal sin revisión; hay distribuidoras locales."
andalucia,Ventas de Huelma,"e-distribución Redes Digitales, S.L.U.",regional_default_candidate,needs_municipal_review,no,e-distribución — distribución eléctrica,https://www.edistribucion.com/es/conocenos/instalaciones-distribucion-red/distribucion-electrica.html,official_distributor_public,2026-05-06,"e-distribución declara presencia en Andalucía, pero no se asume cobertura completa municipal sin revisión; hay distribuidoras locales."
andalucia,Vera,"e-distribución Redes Digitales, S.L.U.",regional_default_candidate,needs_municipal_review,no,e-distribución — distribución eléctrica,https://www.edistribucion.com/es/conocenos/instalaciones-distribucion-red/distribucion-electrica.html,official_distributor_public,2026-05-06,"e-distribución declara presencia en Andalucía, pero no se asume cobertura completa municipal sin revisión; hay distribuidoras locales."
andalucia,Viator,"e-distribución Redes Digitales, S.L.U.",regional_default_candidate,needs_municipal_review,no,e-distribución — distribución eléctrica,https://www.edistribucion.com/es/conocenos/instalaciones-distribucion-red/distribucion-electrica.html,official_distributor_public,2026-05-06,"e-distribución declara presencia en Andalucía, pero no se asume cobertura completa municipal sin revisión; hay distribuidoras locales."
andalucia,Vícar,"e-distribución Redes Digitales, S.L.U.",regional_default_candidate,needs_municipal_review,no,e-distribución — distribución eléctrica,https://www.edistribucion.com/es/conocenos/instalaciones-distribucion-red/distribucion-electrica.html,official_distributor_public,2026-05-06,"e-distribución declara presencia en Andalucía, pero no se asume cobertura completa municipal sin revisión; hay distribuidoras locales."
andalucia,Vilches,"e-distribución Redes Digitales, S.L.U.",regional_default_candidate,needs_municipal_review,no,e-distribución — distribución eléctrica,https://www.edistribucion.com/es/conocenos/instalaciones-distribucion-red/distribucion-electrica.html,official_distributor_public,2026-05-06,"e-distribución declara presencia en Andalucía, pero no se asume cobertura completa municipal sin revisión; hay distribuidoras locales."
andalucia,Villa de Otura,"e-distribución Redes Digitales, S.L.U.",regional_default_candidate,needs_municipal_review,no,e-distribución — distribución eléctrica,https://www.edistribucion.com/es/conocenos/instalaciones-distribucion-red/distribucion-electrica.html,official_distributor_public,2026-05-06,"e-distribución declara presencia en Andalucía, pero no se asume cobertura completa municipal sin revisión; hay distribuidoras locales."
andalucia,Villa del Río,"e-distribución Redes Digitales, S.L.U.",regional_default_candidate,needs_municipal_review,no,e-distribución — distribución eléctrica,https://www.edistribucion.com/es/conocenos/instalaciones-distribucion-red/distribucion-electrica.html,official_distributor_public,2026-05-06,"e-distribución declara presencia en Andalucía, pero no se asume cobertura completa municipal sin revisión; hay distribuidoras locales."
andalucia,Villablanca,"e-distribución Redes Digitales, S.L.U.",regional_default_candidate,needs_municipal_review,no,e-distribución — distribución eléctrica,https://www.edistribucion.com/es/conocenos/instalaciones-distribucion-red/distribucion-electrica.html,official_distributor_public,2026-05-06,"e-distribución declara presencia en Andalucía, pero no se asume cobertura completa municipal sin revisión; hay distribuidoras locales."
andalucia,Villacarrillo,"e-distribución Redes Digitales, S.L.U.",regional_default_candidate,needs_municipal_review,no,e-distribución — distribución eléctrica,https://www.edistribucion.com/es/conocenos/instalaciones-distribucion-red/distribucion-electrica.html,official_distributor_public,2026-05-06,"e-distribución declara presencia en Andalucía, pero no se asume cobertura completa municipal sin revisión; hay distribuidoras locales."
andalucia,Villafranca de Córdoba,"e-distribución Redes Digitales, S.L.U.",regional_default_candidate,needs_municipal_review,no,e-distribución — distribución eléctrica,https://www.edistribucion.com/es/conocenos/instalaciones-distribucion-red/distribucion-electrica.html,official_distributor_public,2026-05-06,"e-distribución declara presencia en Andalucía, pero no se asume cobertura completa municipal sin revisión; hay distribuidoras locales."
andalucia,Villaharta,"e-distribución Redes Digitales, S.L.U.",regional_default_candidate,needs_municipal_review,no,e-distribución — distribución eléctrica,https://www.edistribucion.com/es/conocenos/instalaciones-distribucion-red/distribucion-electrica.html,official_distributor_public,2026-05-06,"e-distribución declara presencia en Andalucía, pero no se asume cobertura completa municipal sin revisión; hay distribuidoras locales."
andalucia,Villalba del Alcor,"e-distribución Redes Digitales, S.L.U.",regional_default_candidate,needs_municipal_review,no,e-distribución — distribución eléctrica,https://www.edistribucion.com/es/conocenos/instalaciones-distribucion-red/distribucion-electrica.html,official_distributor_public,2026-05-06,"e-distribución declara presencia en Andalucía, pero no se asume cobertura completa municipal sin revisión; hay distribuidoras locales."
andalucia,Villaluenga del Rosario,"e-distribución Redes Digitales, S.L.U.",regional_default_candidate,needs_municipal_review,no,e-distribución — distribución eléctrica,https://www.edistribucion.com/es/conocenos/instalaciones-distribucion-red/distribucion-electrica.html,official_distributor_public,2026-05-06,"e-distribución declara presencia en Andalucía, pero no se asume cobertura completa municipal sin revisión; hay distribuidoras locales."
andalucia,Villamanrique de la Condesa,"e-distribución Redes Digitales, S.L.U.",regional_default_candidate,needs_municipal_review,no,e-distribución — distribución eléctrica,https://www.edistribucion.com/es/conocenos/instalaciones-distribucion-red/distribucion-electrica.html,official_distributor_public,2026-05-06,"e-distribución declara presencia en Andalucía, pero no se asume cobertura completa municipal sin revisión; hay distribuidoras locales."
andalucia,Villamartín,"e-distribución Redes Digitales, S.L.U.",regional_default_candidate,needs_municipal_review,no,e-distribución — distribución eléctrica,https://www.edistribucion.com/es/conocenos/instalaciones-distribucion-red/distribucion-electrica.html,official_distributor_public,2026-05-06,"e-distribución declara presencia en Andalucía, pero no se asume cobertura completa municipal sin revisión; hay distribuidoras locales."
andalucia,Villamena,"e-distribución Redes Digitales, S.L.U.",regional_default_candidate,needs_municipal_review,no,e-distribución — distribución eléctrica,https://www.edistribucion.com/es/conocenos/instalaciones-distribucion-red/distribucion-electrica.html,official_distributor_public,2026-05-06,"e-distribución declara presencia en Andalucía, pero no se asume cobertura completa municipal sin revisión; hay distribuidoras locales."
andalucia,Villanueva de Algaidas,"e-distribución Redes Digitales, S.L.U.",regional_default_candidate,needs_municipal_review,no,e-distribución — distribución eléctrica,https://www.edistribucion.com/es/conocenos/instalaciones-distribucion-red/distribucion-electrica.html,official_distributor_public,2026-05-06,"e-distribución declara presencia en Andalucía, pero no se asume cobertura completa municipal sin revisión; hay distribuidoras locales."
andalucia,Villanueva de Córdoba,"e-distribución Redes Digitales, S.L.U.",regional_default_candidate,needs_municipal_review,no,e-distribución — distribución eléctrica,https://www.edistribucion.com/es/conocenos/instalaciones-distribucion-red/distribucion-electrica.html,official_distributor_public,2026-05-06,"e-distribución declara presencia en Andalucía, pero no se asume cobertura completa municipal sin revisión; hay distribuidoras locales."
andalucia,Villanueva de la Concepción,"e-distribución Redes Digitales, S.L.U.",regional_default_candidate,needs_municipal_review,no,e-distribución — distribución eléctrica,https://www.edistribucion.com/es/conocenos/instalaciones-distribucion-red/distribucion-electrica.html,official_distributor_public,2026-05-06,"e-distribución declara presencia en Andalucía, pero no se asume cobertura completa municipal sin revisión; hay distribuidoras locales."
andalucia,Villanueva de la Reina,"e-distribución Redes Digitales, S.L.U.",regional_default_candidate,needs_municipal_review,no,e-distribución — distribución eléctrica,https://www.edistribucion.com/es/conocenos/instalaciones-distribucion-red/distribucion-electrica.html,official_distributor_public,2026-05-06,"e-distribución declara presencia en Andalucía, pero no se asume cobertura completa municipal sin revisión; hay distribuidoras locales."
andalucia,Villanueva de las Cruces,"e-distribución Redes Digitales, S.L.U.",regional_default_candidate,needs_municipal_review,no,e-distribución — distribución eléctrica,https://www.edistribucion.com/es/conocenos/instalaciones-distribucion-red/distribucion-electrica.html,official_distributor_public,2026-05-06,"e-distribución declara presencia en Andalucía, pero no se asume cobertura completa municipal sin revisión; hay distribuidoras locales."
andalucia,Villanueva de las Torres,"e-distribución Redes Digitales, S.L.U.",regional_default_candidate,needs_municipal_review,no,e-distribución — distribución eléctrica,https://www.edistribucion.com/es/conocenos/instalaciones-distribucion-red/distribucion-electrica.html,official_distributor_public,2026-05-06,"e-distribución declara presencia en Andalucía, pero no se asume cobertura completa municipal sin revisión; hay distribuidoras locales."
andalucia,Villanueva de los Castillejos,"e-distribución Redes Digitales, S.L.U.",regional_default_candidate,needs_municipal_review,no,e-distribución — distribución eléctrica,https://www.edistribucion.com/es/conocenos/instalaciones-distribucion-red/distribucion-electrica.html,official_distributor_public,2026-05-06,"e-distribución declara presencia en Andalucía, pero no se asume cobertura completa municipal sin revisión; hay distribuidoras locales."
andalucia,Villanueva de San Juan,"e-distribución Redes Digitales, S.L.U.",regional_default_candidate,needs_municipal_review,no,e-distribución — distribución eléctrica,https://www.edistribucion.com/es/conocenos/instalaciones-distribucion-red/distribucion-electrica.html,official_distributor_public,2026-05-06,"e-distribución declara presencia en Andalucía, pero no se asume cobertura completa municipal sin revisión; hay distribuidoras locales."
andalucia,Villanueva de Tapia,"e-distribución Redes Digitales, S.L.U.",regional_default_candidate,needs_municipal_review,no,e-distribución — distribución eléctrica,https://www.edistribucion.com/es/conocenos/instalaciones-distribucion-red/distribucion-electrica.html,official_distributor_public,2026-05-06,"e-distribución declara presencia en Andalucía, pero no se asume cobertura completa municipal sin revisión; hay distribuidoras locales."
andalucia,Villanueva del Ariscal,"e-distribución Redes Digitales, S.L.U.",regional_default_candidate,needs_municipal_review,no,e-distribución — distribución eléctrica,https://www.edistribucion.com/es/conocenos/instalaciones-distribucion-red/distribucion-electrica.html,official_distributor_public,2026-05-06,"e-distribución declara presencia en Andalucía, pero no se asume cobertura completa municipal sin revisión; hay distribuidoras locales."
andalucia,Villanueva del Arzobispo,"e-distribución Redes Digitales, S.L.U.",regional_default_candidate,needs_municipal_review,no,e-distribución — distribución eléctrica,https://www.edistribucion.com/es/conocenos/instalaciones-distribucion-red/distribucion-electrica.html,official_distributor_public,2026-05-06,"e-distribución declara presencia en Andalucía, pero no se asume cobertura completa municipal sin revisión; hay distribuidoras locales."
andalucia,Villanueva del Duque,"e-distribución Redes Digitales, S.L.U.",regional_default_candidate,needs_municipal_review,no,e-distribución — distribución eléctrica,https://www.edistribucion.com/es/conocenos/instalaciones-distribucion-red/distribucion-electrica.html,official_distributor_public,2026-05-06,"e-distribución declara presencia en Andalucía, pero no se asume cobertura completa municipal sin revisión; hay distribuidoras locales."
andalucia,Villanueva del Rey,"e-distribución Redes Digitales, S.L.U.",regional_default_candidate,needs_municipal_review,no,e-distribución — distribución eléctrica,https://www.edistribucion.com/es/conocenos/instalaciones-distribucion-red/distribucion-electrica.html,official_distributor_public,2026-05-06,"e-distribución declara presencia en Andalucía, pero no se asume cobertura completa municipal sin revisión; hay distribuidoras locales."
andalucia,Villanueva del Río y Minas,"e-distribución Redes Digitales, S.L.U.",regional_default_candidate,needs_municipal_review,no,e-distribución — distribución eléctrica,https://www.edistribucion.com/es/conocenos/instalaciones-distribucion-red/distribucion-electrica.html,official_distributor_public,2026-05-06,"e-distribución declara presencia en Andalucía, pero no se asume cobertura completa municipal sin revisión; hay distribuidoras locales."
andalucia,Villanueva del Rosario,"e-distribución Redes Digitales, S.L.U.",regional_default_candidate,needs_municipal_review,no,e-distribución — distribución eléctrica,https://www.edistribucion.com/es/conocenos/instalaciones-distribucion-red/distribucion-electrica.html,official_distributor_public,2026-05-06,"e-distribución declara presencia en Andalucía, pero no se asume cobertura completa municipal sin revisión; hay distribuidoras locales."
andalucia,Villanueva del Trabuco,"e-distribución Redes Digitales, S.L.U.",regional_default_candidate,needs_municipal_review,no,e-distribución — distribución eléctrica,https://www.edistribucion.com/es/conocenos/instalaciones-distribucion-red/distribucion-electrica.html,official_distributor_public,2026-05-06,"e-distribución declara presencia en Andalucía, pero no se asume cobertura completa municipal sin revisión; hay distribuidoras locales."
andalucia,Villanueva Mesía,"e-distribución Redes Digitales, S.L.U.",regional_default_candidate,needs_municipal_review,no,e-distribución — distribución eléctrica,https://www.edistribucion.com/es/conocenos/instalaciones-distribucion-red/distribucion-electrica.html,official_distributor_public,2026-05-06,"e-distribución declara presencia en Andalucía, pero no se asume cobertura completa municipal sin revisión; hay distribuidoras locales."
andalucia,Villaralto,"e-distribución Redes Digitales, S.L.U.",regional_default_candidate,needs_municipal_review,no,e-distribución — distribución eléctrica,https://www.edistribucion.com/es/conocenos/instalaciones-distribucion-red/distribucion-electrica.html,official_distributor_public,2026-05-06,"e-distribución declara presencia en Andalucía, pero no se asume cobertura completa municipal sin revisión; hay distribuidoras locales."
andalucia,Villardompardo,"e-distribución Redes Digitales, S.L.U.",regional_default_candidate,needs_municipal_review,no,e-distribución — distribución eléctrica,https://www.edistribucion.com/es/conocenos/instalaciones-distribucion-red/distribucion-electrica.html,official_distributor_public,2026-05-06,"e-distribución declara presencia en Andalucía, pero no se asume cobertura completa municipal sin revisión; hay distribuidoras locales."
andalucia,Villarrasa,"e-distribución Redes Digitales, S.L.U.",regional_default_candidate,needs_municipal_review,no,e-distribución — distribución eléctrica,https://www.edistribucion.com/es/conocenos/instalaciones-distribucion-red/distribucion-electrica.html,official_distributor_public,2026-05-06,"e-distribución declara presencia en Andalucía, pero no se asume cobertura completa municipal sin revisión; hay distribuidoras locales."
andalucia,Villarrodrigo,"e-distribución Redes Digitales, S.L.U.",regional_default_candidate,needs_municipal_review,no,e-distribución — distribución eléctrica,https://www.edistribucion.com/es/conocenos/instalaciones-distribucion-red/distribucion-electrica.html,official_distributor_public,2026-05-06,"e-distribución declara presencia en Andalucía, pero no se asume cobertura completa municipal sin revisión; hay distribuidoras locales."
andalucia,Villatorres,"e-distribución Redes Digitales, S.L.U.",regional_default_candidate,needs_municipal_review,no,e-distribución — distribución eléctrica,https://www.edistribucion.com/es/conocenos/instalaciones-distribucion-red/distribucion-electrica.html,official_distributor_public,2026-05-06,"e-distribución declara presencia en Andalucía, pero no se asume cobertura completa municipal sin revisión; hay distribuidoras locales."
andalucia,Villaverde del Río,"e-distribución Redes Digitales, S.L.U.",regional_default_candidate,needs_municipal_review,no,e-distribución — distribución eléctrica,https://www.edistribucion.com/es/conocenos/instalaciones-distribucion-red/distribucion-electrica.html,official_distributor_public,2026-05-06,"e-distribución declara presencia en Andalucía, pero no se asume cobertura completa municipal sin revisión; hay distribuidoras locales."
andalucia,Villaviciosa de Córdoba,"e-distribución Redes Digitales, S.L.U.",regional_default_candidate,needs_municipal_review,no,e-distribución — distribución eléctrica,https://www.edistribucion.com/es/conocenos/instalaciones-distribucion-red/distribucion-electrica.html,official_distributor_public,2026-05-06,"e-distribución declara presencia en Andalucía, pero no se asume cobertura completa municipal sin revisión; hay distribuidoras locales."
andalucia,Viñuela,"e-distribución Redes Digitales, S.L.U.",regional_default_candidate,needs_municipal_review,no,e-distribución — distribución eléctrica,https://www.edistribucion.com/es/conocenos/instalaciones-distribucion-red/distribucion-electrica.html,official_distributor_public,2026-05-06,"e-distribución declara presencia en Andalucía, pero no se asume cobertura completa municipal sin revisión; hay distribuidoras locales."
andalucia,Víznar,"e-distribución Redes Digitales, S.L.U.",regional_default_candidate,needs_municipal_review,no,e-distribución — distribución eléctrica,https://www.edistribucion.com/es/conocenos/instalaciones-distribucion-red/distribucion-electrica.html,official_distributor_public,2026-05-06,"e-distribución declara presencia en Andalucía, pero no se asume cobertura completa municipal sin revisión; hay distribuidoras locales."
andalucia,Yunquera,"e-distribución Redes Digitales, S.L.U.",regional_default_candidate,needs_municipal_review,no,e-distribución — distribución eléctrica,https://www.edistribucion.com/es/conocenos/instalaciones-distribucion-red/distribucion-electrica.html,official_distributor_public,2026-05-06,"e-distribución declara presencia en Andalucía, pero no se asume cobertura completa municipal sin revisión; hay distribuidoras locales."
andalucia,Zafarraya,"e-distribución Redes Digitales, S.L.U.",regional_default_candidate,needs_municipal_review,no,e-distribución — distribución eléctrica,https://www.edistribucion.com/es/conocenos/instalaciones-distribucion-red/distribucion-electrica.html,official_distributor_public,2026-05-06,"e-distribución declara presencia en Andalucía, pero no se asume cobertura completa municipal sin revisión; hay distribuidoras locales."
andalucia,Zagra,"e-distribución Redes Digitales, S.L.U.",regional_default_candidate,needs_municipal_review,no,e-distribución — distribución eléctrica,https://www.edistribucion.com/es/conocenos/instalaciones-distribucion-red/distribucion-electrica.html,official_distributor_public,2026-05-06,"e-distribución declara presencia en Andalucía, pero no se asume cobertura completa municipal sin revisión; hay distribuidoras locales."
andalucia,Zahara,"e-distribución Redes Digitales, S.L.U.",regional_default_candidate,needs_municipal_review,no,e-distribución — distribución eléctrica,https://www.edistribucion.com/es/conocenos/instalaciones-distribucion-red/distribucion-electrica.html,official_distributor_public,2026-05-06,"e-distribución declara presencia en Andalucía, pero no se asume cobertura completa municipal sin revisión; hay distribuidoras locales."
andalucia,Zalamea la Real,"e-distribución Redes Digitales, S.L.U.",regional_default_candidate,needs_municipal_review,no,e-distribución — distribución eléctrica,https://www.edistribucion.com/es/conocenos/instalaciones-distribucion-red/distribucion-electrica.html,official_distributor_public,2026-05-06,"e-distribución declara presencia en Andalucía, pero no se asume cobertura completa municipal sin revisión; hay distribuidoras locales."
andalucia,Zufre,"e-distribución Redes Digitales, S.L.U.",regional_default_candidate,needs_municipal_review,no,e-distribución — distribución eléctrica,https://www.edistribucion.com/es/conocenos/instalaciones-distribucion-red/distribucion-electrica.html,official_distributor_public,2026-05-06,"e-distribución declara presencia en Andalucía, pero no se asume cobertura completa municipal sin revisión; hay distribuidoras locales."
andalucia,Zuheros,"e-distribución Redes Digitales, S.L.U.",regional_default_candidate,needs_municipal_review,no,e-distribución — distribución eléctrica,https://www.edistribucion.com/es/conocenos/instalaciones-distribucion-red/distribucion-electrica.html,official_distributor_public,2026-05-06,"e-distribución declara presencia en Andalucía, pero no se asume cobertura completa municipal sin revisión; hay distribuidoras locales."
andalucia,Zújar,"e-distribución Redes Digitales, S.L.U.",regional_default_candidate,needs_municipal_review,no,e-distribución — distribución eléctrica,https://www.edistribucion.com/es/conocenos/instalaciones-distribucion-red/distribucion-electrica.html,official_distributor_public,2026-05-06,"e-distribución declara presencia en Andalucía, pero no se asume cobertura completa municipal sin revisión; hay distribuidoras locales."
andalucia,Zurgena,"e-distribución Redes Digitales, S.L.U.",regional_default_candidate,needs_municipal_review,no,e-distribución — distribución eléctrica,https://www.edistribucion.com/es/conocenos/instalaciones-distribucion-red/distribucion-electrica.html,official_distributor_public,2026-05-06,"e-distribución declara presencia en Andalucía, pero no se asume cobertura completa municipal sin revisión; hay distribuidoras locales."
