dataset_id,municipio,candidate_distributor,candidate_confidence,review_status,bulk_import_allowed,source_name,source_url,source_type,last_reviewed,notes
aragon,Ababuj,"e-distribución Redes Digitales, S.L.U.",regional_default_candidate,needs_municipal_review,no,e-distribución — distribución eléctrica,https://www.edistribucion.com/es/conocenos/instalaciones-distribucion-red/distribucion-electrica.html,official_distributor_public,2026-05-06,e-distribución declara presencia en Aragón; revisar municipios y posibles pequeñas antes de producción.
aragon,Abanto,"e-distribución Redes Digitales, S.L.U.",regional_default_candidate,needs_municipal_review,no,e-distribución — distribución eléctrica,https://www.edistribucion.com/es/conocenos/instalaciones-distribucion-red/distribucion-electrica.html,official_distributor_public,2026-05-06,e-distribución declara presencia en Aragón; revisar municipios y posibles pequeñas antes de producción.
aragon,Abejuela,"e-distribución Redes Digitales, S.L.U.",regional_default_candidate,needs_municipal_review,no,e-distribución — distribución eléctrica,https://www.edistribucion.com/es/conocenos/instalaciones-distribucion-red/distribucion-electrica.html,official_distributor_public,2026-05-06,e-distribución declara presencia en Aragón; revisar municipios y posibles pequeñas antes de producción.
aragon,Abiego,"e-distribución Redes Digitales, S.L.U.",regional_default_candidate,needs_municipal_review,no,e-distribución — distribución eléctrica,https://www.edistribucion.com/es/conocenos/instalaciones-distribucion-red/distribucion-electrica.html,official_distributor_public,2026-05-06,e-distribución declara presencia en Aragón; revisar municipios y posibles pequeñas antes de producción.
aragon,Abizanda,"e-distribución Redes Digitales, S.L.U.",regional_default_candidate,needs_municipal_review,no,e-distribución — distribución eléctrica,https://www.edistribucion.com/es/conocenos/instalaciones-distribucion-red/distribucion-electrica.html,official_distributor_public,2026-05-06,e-distribución declara presencia en Aragón; revisar municipios y posibles pequeñas antes de producción.
aragon,Acered,"e-distribución Redes Digitales, S.L.U.",regional_default_candidate,needs_municipal_review,no,e-distribución — distribución eléctrica,https://www.edistribucion.com/es/conocenos/instalaciones-distribucion-red/distribucion-electrica.html,official_distributor_public,2026-05-06,e-distribución declara presencia en Aragón; revisar municipios y posibles pequeñas antes de producción.
aragon,Adahuesca,"e-distribución Redes Digitales, S.L.U.",regional_default_candidate,needs_municipal_review,no,e-distribución — distribución eléctrica,https://www.edistribucion.com/es/conocenos/instalaciones-distribucion-red/distribucion-electrica.html,official_distributor_public,2026-05-06,e-distribución declara presencia en Aragón; revisar municipios y posibles pequeñas antes de producción.
aragon,Agón,"e-distribución Redes Digitales, S.L.U.",regional_default_candidate,needs_municipal_review,no,e-distribución — distribución eléctrica,https://www.edistribucion.com/es/conocenos/instalaciones-distribucion-red/distribucion-electrica.html,official_distributor_public,2026-05-06,e-distribución declara presencia en Aragón; revisar municipios y posibles pequeñas antes de producción.
aragon,Aguarón,"e-distribución Redes Digitales, S.L.U.",regional_default_candidate,needs_municipal_review,no,e-distribución — distribución eléctrica,https://www.edistribucion.com/es/conocenos/instalaciones-distribucion-red/distribucion-electrica.html,official_distributor_public,2026-05-06,e-distribución declara presencia en Aragón; revisar municipios y posibles pequeñas antes de producción.
aragon,Aguatón,"e-distribución Redes Digitales, S.L.U.",regional_default_candidate,needs_municipal_review,no,e-distribución — distribución eléctrica,https://www.edistribucion.com/es/conocenos/instalaciones-distribucion-red/distribucion-electrica.html,official_distributor_public,2026-05-06,e-distribución declara presencia en Aragón; revisar municipios y posibles pequeñas antes de producción.
aragon,Aguaviva,"e-distribución Redes Digitales, S.L.U.",regional_default_candidate,needs_municipal_review,no,e-distribución — distribución eléctrica,https://www.edistribucion.com/es/conocenos/instalaciones-distribucion-red/distribucion-electrica.html,official_distributor_public,2026-05-06,e-distribución declara presencia en Aragón; revisar municipios y posibles pequeñas antes de producción.
aragon,Agüero,"e-distribución Redes Digitales, S.L.U.",regional_default_candidate,needs_municipal_review,no,e-distribución — distribución eléctrica,https://www.edistribucion.com/es/conocenos/instalaciones-distribucion-red/distribucion-electrica.html,official_distributor_public,2026-05-06,e-distribución declara presencia en Aragón; revisar municipios y posibles pequeñas antes de producción.
aragon,Aguilar del Alfambra,"e-distribución Redes Digitales, S.L.U.",regional_default_candidate,needs_municipal_review,no,e-distribución — distribución eléctrica,https://www.edistribucion.com/es/conocenos/instalaciones-distribucion-red/distribucion-electrica.html,official_distributor_public,2026-05-06,e-distribución declara presencia en Aragón; revisar municipios y posibles pequeñas antes de producción.
aragon,Aguilón,"e-distribución Redes Digitales, S.L.U.",regional_default_candidate,needs_municipal_review,no,e-distribución — distribución eléctrica,https://www.edistribucion.com/es/conocenos/instalaciones-distribucion-red/distribucion-electrica.html,official_distributor_public,2026-05-06,e-distribución declara presencia en Aragón; revisar municipios y posibles pequeñas antes de producción.
aragon,Aínsa-Sobrarbe,"e-distribución Redes Digitales, S.L.U.",regional_default_candidate,needs_municipal_review,no,e-distribución — distribución eléctrica,https://www.edistribucion.com/es/conocenos/instalaciones-distribucion-red/distribucion-electrica.html,official_distributor_public,2026-05-06,e-distribución declara presencia en Aragón; revisar municipios y posibles pequeñas antes de producción.
aragon,Ainzón,"e-distribución Redes Digitales, S.L.U.",regional_default_candidate,needs_municipal_review,no,e-distribución — distribución eléctrica,https://www.edistribucion.com/es/conocenos/instalaciones-distribucion-red/distribucion-electrica.html,official_distributor_public,2026-05-06,e-distribución declara presencia en Aragón; revisar municipios y posibles pequeñas antes de producción.
aragon,Aisa,"e-distribución Redes Digitales, S.L.U.",regional_default_candidate,needs_municipal_review,no,e-distribución — distribución eléctrica,https://www.edistribucion.com/es/conocenos/instalaciones-distribucion-red/distribucion-electrica.html,official_distributor_public,2026-05-06,e-distribución declara presencia en Aragón; revisar municipios y posibles pequeñas antes de producción.
aragon,Alacón,"e-distribución Redes Digitales, S.L.U.",regional_default_candidate,needs_municipal_review,no,e-distribución — distribución eléctrica,https://www.edistribucion.com/es/conocenos/instalaciones-distribucion-red/distribucion-electrica.html,official_distributor_public,2026-05-06,e-distribución declara presencia en Aragón; revisar municipios y posibles pequeñas antes de producción.
aragon,Aladrén,"e-distribución Redes Digitales, S.L.U.",regional_default_candidate,needs_municipal_review,no,e-distribución — distribución eléctrica,https://www.edistribucion.com/es/conocenos/instalaciones-distribucion-red/distribucion-electrica.html,official_distributor_public,2026-05-06,e-distribución declara presencia en Aragón; revisar municipios y posibles pequeñas antes de producción.
aragon,Alagón,"e-distribución Redes Digitales, S.L.U.",regional_default_candidate,needs_municipal_review,no,e-distribución — distribución eléctrica,https://www.edistribucion.com/es/conocenos/instalaciones-distribucion-red/distribucion-electrica.html,official_distributor_public,2026-05-06,e-distribución declara presencia en Aragón; revisar municipios y posibles pequeñas antes de producción.
aragon,Alarba,"e-distribución Redes Digitales, S.L.U.",regional_default_candidate,needs_municipal_review,no,e-distribución — distribución eléctrica,https://www.edistribucion.com/es/conocenos/instalaciones-distribucion-red/distribucion-electrica.html,official_distributor_public,2026-05-06,e-distribución declara presencia en Aragón; revisar municipios y posibles pequeñas antes de producción.
aragon,Alba,"e-distribución Redes Digitales, S.L.U.",regional_default_candidate,needs_municipal_review,no,e-distribución — distribución eléctrica,https://www.edistribucion.com/es/conocenos/instalaciones-distribucion-red/distribucion-electrica.html,official_distributor_public,2026-05-06,e-distribución declara presencia en Aragón; revisar municipios y posibles pequeñas antes de producción.
aragon,Albalate de Cinca,"e-distribución Redes Digitales, S.L.U.",regional_default_candidate,needs_municipal_review,no,e-distribución — distribución eléctrica,https://www.edistribucion.com/es/conocenos/instalaciones-distribucion-red/distribucion-electrica.html,official_distributor_public,2026-05-06,e-distribución declara presencia en Aragón; revisar municipios y posibles pequeñas antes de producción.
aragon,Albalate del Arzobispo,"e-distribución Redes Digitales, S.L.U.",regional_default_candidate,needs_municipal_review,no,e-distribución — distribución eléctrica,https://www.edistribucion.com/es/conocenos/instalaciones-distribucion-red/distribucion-electrica.html,official_distributor_public,2026-05-06,e-distribución declara presencia en Aragón; revisar municipios y posibles pequeñas antes de producción.
aragon,Albalatillo,"e-distribución Redes Digitales, S.L.U.",regional_default_candidate,needs_municipal_review,no,e-distribución — distribución eléctrica,https://www.edistribucion.com/es/conocenos/instalaciones-distribucion-red/distribucion-electrica.html,official_distributor_public,2026-05-06,e-distribución declara presencia en Aragón; revisar municipios y posibles pequeñas antes de producción.
aragon,Albarracín,"e-distribución Redes Digitales, S.L.U.",regional_default_candidate,needs_municipal_review,no,e-distribución — distribución eléctrica,https://www.edistribucion.com/es/conocenos/instalaciones-distribucion-red/distribucion-electrica.html,official_distributor_public,2026-05-06,e-distribución declara presencia en Aragón; revisar municipios y posibles pequeñas antes de producción.
aragon,Albelda,"e-distribución Redes Digitales, S.L.U.",regional_default_candidate,needs_municipal_review,no,e-distribución — distribución eléctrica,https://www.edistribucion.com/es/conocenos/instalaciones-distribucion-red/distribucion-electrica.html,official_distributor_public,2026-05-06,e-distribución declara presencia en Aragón; revisar municipios y posibles pequeñas antes de producción.
aragon,Albentosa,"e-distribución Redes Digitales, S.L.U.",regional_default_candidate,needs_municipal_review,no,e-distribución — distribución eléctrica,https://www.edistribucion.com/es/conocenos/instalaciones-distribucion-red/distribucion-electrica.html,official_distributor_public,2026-05-06,e-distribución declara presencia en Aragón; revisar municipios y posibles pequeñas antes de producción.
aragon,Alberite de San Juan,"e-distribución Redes Digitales, S.L.U.",regional_default_candidate,needs_municipal_review,no,e-distribución — distribución eléctrica,https://www.edistribucion.com/es/conocenos/instalaciones-distribucion-red/distribucion-electrica.html,official_distributor_public,2026-05-06,e-distribución declara presencia en Aragón; revisar municipios y posibles pequeñas antes de producción.
aragon,Albero Alto,"e-distribución Redes Digitales, S.L.U.",regional_default_candidate,needs_municipal_review,no,e-distribución — distribución eléctrica,https://www.edistribucion.com/es/conocenos/instalaciones-distribucion-red/distribucion-electrica.html,official_distributor_public,2026-05-06,e-distribución declara presencia en Aragón; revisar municipios y posibles pequeñas antes de producción.
aragon,Albero Bajo,"e-distribución Redes Digitales, S.L.U.",regional_default_candidate,needs_municipal_review,no,e-distribución — distribución eléctrica,https://www.edistribucion.com/es/conocenos/instalaciones-distribucion-red/distribucion-electrica.html,official_distributor_public,2026-05-06,e-distribución declara presencia en Aragón; revisar municipios y posibles pequeñas antes de producción.
aragon,Alberuela de Tubo,"e-distribución Redes Digitales, S.L.U.",regional_default_candidate,needs_municipal_review,no,e-distribución — distribución eléctrica,https://www.edistribucion.com/es/conocenos/instalaciones-distribucion-red/distribucion-electrica.html,official_distributor_public,2026-05-06,e-distribución declara presencia en Aragón; revisar municipios y posibles pequeñas antes de producción.
aragon,Albeta,"e-distribución Redes Digitales, S.L.U.",regional_default_candidate,needs_municipal_review,no,e-distribución — distribución eléctrica,https://www.edistribucion.com/es/conocenos/instalaciones-distribucion-red/distribucion-electrica.html,official_distributor_public,2026-05-06,e-distribución declara presencia en Aragón; revisar municipios y posibles pequeñas antes de producción.
aragon,Alborge,"e-distribución Redes Digitales, S.L.U.",regional_default_candidate,needs_municipal_review,no,e-distribución — distribución eléctrica,https://www.edistribucion.com/es/conocenos/instalaciones-distribucion-red/distribucion-electrica.html,official_distributor_public,2026-05-06,e-distribución declara presencia en Aragón; revisar municipios y posibles pequeñas antes de producción.
aragon,Alcaine,"e-distribución Redes Digitales, S.L.U.",regional_default_candidate,needs_municipal_review,no,e-distribución — distribución eléctrica,https://www.edistribucion.com/es/conocenos/instalaciones-distribucion-red/distribucion-electrica.html,official_distributor_public,2026-05-06,e-distribución declara presencia en Aragón; revisar municipios y posibles pequeñas antes de producción.
aragon,Alcalá de Ebro,"e-distribución Redes Digitales, S.L.U.",regional_default_candidate,needs_municipal_review,no,e-distribución — distribución eléctrica,https://www.edistribucion.com/es/conocenos/instalaciones-distribucion-red/distribucion-electrica.html,official_distributor_public,2026-05-06,e-distribución declara presencia en Aragón; revisar municipios y posibles pequeñas antes de producción.
aragon,Alcalá de Gurrea,"e-distribución Redes Digitales, S.L.U.",regional_default_candidate,needs_municipal_review,no,e-distribución — distribución eléctrica,https://www.edistribucion.com/es/conocenos/instalaciones-distribucion-red/distribucion-electrica.html,official_distributor_public,2026-05-06,e-distribución declara presencia en Aragón; revisar municipios y posibles pequeñas antes de producción.
aragon,Alcalá de la Selva,"e-distribución Redes Digitales, S.L.U.",regional_default_candidate,needs_municipal_review,no,e-distribución — distribución eléctrica,https://www.edistribucion.com/es/conocenos/instalaciones-distribucion-red/distribucion-electrica.html,official_distributor_public,2026-05-06,e-distribución declara presencia en Aragón; revisar municipios y posibles pequeñas antes de producción.
aragon,Alcalá de Moncayo,"e-distribución Redes Digitales, S.L.U.",regional_default_candidate,needs_municipal_review,no,e-distribución — distribución eléctrica,https://www.edistribucion.com/es/conocenos/instalaciones-distribucion-red/distribucion-electrica.html,official_distributor_public,2026-05-06,e-distribución declara presencia en Aragón; revisar municipios y posibles pequeñas antes de producción.
aragon,Alcalá del Obispo,"e-distribución Redes Digitales, S.L.U.",regional_default_candidate,needs_municipal_review,no,e-distribución — distribución eléctrica,https://www.edistribucion.com/es/conocenos/instalaciones-distribucion-red/distribucion-electrica.html,official_distributor_public,2026-05-06,e-distribución declara presencia en Aragón; revisar municipios y posibles pequeñas antes de producción.
aragon,Alcampell,"e-distribución Redes Digitales, S.L.U.",regional_default_candidate,needs_municipal_review,no,e-distribución — distribución eléctrica,https://www.edistribucion.com/es/conocenos/instalaciones-distribucion-red/distribucion-electrica.html,official_distributor_public,2026-05-06,e-distribución declara presencia en Aragón; revisar municipios y posibles pequeñas antes de producción.
aragon,Alcañiz,"e-distribución Redes Digitales, S.L.U.",regional_default_candidate,needs_municipal_review,no,e-distribución — distribución eléctrica,https://www.edistribucion.com/es/conocenos/instalaciones-distribucion-red/distribucion-electrica.html,official_distributor_public,2026-05-06,e-distribución declara presencia en Aragón; revisar municipios y posibles pequeñas antes de producción.
aragon,Alcolea de Cinca,"e-distribución Redes Digitales, S.L.U.",regional_default_candidate,needs_municipal_review,no,e-distribución — distribución eléctrica,https://www.edistribucion.com/es/conocenos/instalaciones-distribucion-red/distribucion-electrica.html,official_distributor_public,2026-05-06,e-distribución declara presencia en Aragón; revisar municipios y posibles pequeñas antes de producción.
aragon,Alconchel de Ariza,"e-distribución Redes Digitales, S.L.U.",regional_default_candidate,needs_municipal_review,no,e-distribución — distribución eléctrica,https://www.edistribucion.com/es/conocenos/instalaciones-distribucion-red/distribucion-electrica.html,official_distributor_public,2026-05-06,e-distribución declara presencia en Aragón; revisar municipios y posibles pequeñas antes de producción.
aragon,Alcorisa,"e-distribución Redes Digitales, S.L.U.",regional_default_candidate,needs_municipal_review,no,e-distribución — distribución eléctrica,https://www.edistribucion.com/es/conocenos/instalaciones-distribucion-red/distribucion-electrica.html,official_distributor_public,2026-05-06,e-distribución declara presencia en Aragón; revisar municipios y posibles pequeñas antes de producción.
aragon,Alcubierre,"e-distribución Redes Digitales, S.L.U.",regional_default_candidate,needs_municipal_review,no,e-distribución — distribución eléctrica,https://www.edistribucion.com/es/conocenos/instalaciones-distribucion-red/distribucion-electrica.html,official_distributor_public,2026-05-06,e-distribución declara presencia en Aragón; revisar municipios y posibles pequeñas antes de producción.
aragon,Aldehuela de Liestos,"e-distribución Redes Digitales, S.L.U.",regional_default_candidate,needs_municipal_review,no,e-distribución — distribución eléctrica,https://www.edistribucion.com/es/conocenos/instalaciones-distribucion-red/distribucion-electrica.html,official_distributor_public,2026-05-06,e-distribución declara presencia en Aragón; revisar municipios y posibles pequeñas antes de producción.
aragon,Alerre,"e-distribución Redes Digitales, S.L.U.",regional_default_candidate,needs_municipal_review,no,e-distribución — distribución eléctrica,https://www.edistribucion.com/es/conocenos/instalaciones-distribucion-red/distribucion-electrica.html,official_distributor_public,2026-05-06,e-distribución declara presencia en Aragón; revisar municipios y posibles pequeñas antes de producción.
aragon,Alfajarín,"e-distribución Redes Digitales, S.L.U.",regional_default_candidate,needs_municipal_review,no,e-distribución — distribución eléctrica,https://www.edistribucion.com/es/conocenos/instalaciones-distribucion-red/distribucion-electrica.html,official_distributor_public,2026-05-06,e-distribución declara presencia en Aragón; revisar municipios y posibles pequeñas antes de producción.
aragon,Alfambra,"e-distribución Redes Digitales, S.L.U.",regional_default_candidate,needs_municipal_review,no,e-distribución — distribución eléctrica,https://www.edistribucion.com/es/conocenos/instalaciones-distribucion-red/distribucion-electrica.html,official_distributor_public,2026-05-06,e-distribución declara presencia en Aragón; revisar municipios y posibles pequeñas antes de producción.
aragon,Alfamén,"e-distribución Redes Digitales, S.L.U.",regional_default_candidate,needs_municipal_review,no,e-distribución — distribución eléctrica,https://www.edistribucion.com/es/conocenos/instalaciones-distribucion-red/distribucion-electrica.html,official_distributor_public,2026-05-06,e-distribución declara presencia en Aragón; revisar municipios y posibles pequeñas antes de producción.
aragon,Alfántega,"e-distribución Redes Digitales, S.L.U.",regional_default_candidate,needs_municipal_review,no,e-distribución — distribución eléctrica,https://www.edistribucion.com/es/conocenos/instalaciones-distribucion-red/distribucion-electrica.html,official_distributor_public,2026-05-06,e-distribución declara presencia en Aragón; revisar municipios y posibles pequeñas antes de producción.
aragon,Alforque,"e-distribución Redes Digitales, S.L.U.",regional_default_candidate,needs_municipal_review,no,e-distribución — distribución eléctrica,https://www.edistribucion.com/es/conocenos/instalaciones-distribucion-red/distribucion-electrica.html,official_distributor_public,2026-05-06,e-distribución declara presencia en Aragón; revisar municipios y posibles pequeñas antes de producción.
aragon,Alhama de Aragón,"e-distribución Redes Digitales, S.L.U.",regional_default_candidate,needs_municipal_review,no,e-distribución — distribución eléctrica,https://www.edistribucion.com/es/conocenos/instalaciones-distribucion-red/distribucion-electrica.html,official_distributor_public,2026-05-06,e-distribución declara presencia en Aragón; revisar municipios y posibles pequeñas antes de producción.
aragon,Aliaga,"e-distribución Redes Digitales, S.L.U.",regional_default_candidate,needs_municipal_review,no,e-distribución — distribución eléctrica,https://www.edistribucion.com/es/conocenos/instalaciones-distribucion-red/distribucion-electrica.html,official_distributor_public,2026-05-06,e-distribución declara presencia en Aragón; revisar municipios y posibles pequeñas antes de producción.
aragon,Allepuz,"e-distribución Redes Digitales, S.L.U.",regional_default_candidate,needs_municipal_review,no,e-distribución — distribución eléctrica,https://www.edistribucion.com/es/conocenos/instalaciones-distribucion-red/distribucion-electrica.html,official_distributor_public,2026-05-06,e-distribución declara presencia en Aragón; revisar municipios y posibles pequeñas antes de producción.
aragon,Alloza,"e-distribución Redes Digitales, S.L.U.",regional_default_candidate,needs_municipal_review,no,e-distribución — distribución eléctrica,https://www.edistribucion.com/es/conocenos/instalaciones-distribucion-red/distribucion-electrica.html,official_distributor_public,2026-05-06,e-distribución declara presencia en Aragón; revisar municipios y posibles pequeñas antes de producción.
aragon,Allueva,"e-distribución Redes Digitales, S.L.U.",regional_default_candidate,needs_municipal_review,no,e-distribución — distribución eléctrica,https://www.edistribucion.com/es/conocenos/instalaciones-distribucion-red/distribucion-electrica.html,official_distributor_public,2026-05-06,e-distribución declara presencia en Aragón; revisar municipios y posibles pequeñas antes de producción.
aragon,Almochuel,"e-distribución Redes Digitales, S.L.U.",regional_default_candidate,needs_municipal_review,no,e-distribución — distribución eléctrica,https://www.edistribucion.com/es/conocenos/instalaciones-distribucion-red/distribucion-electrica.html,official_distributor_public,2026-05-06,e-distribución declara presencia en Aragón; revisar municipios y posibles pequeñas antes de producción.
aragon,Almohaja,"e-distribución Redes Digitales, S.L.U.",regional_default_candidate,needs_municipal_review,no,e-distribución — distribución eléctrica,https://www.edistribucion.com/es/conocenos/instalaciones-distribucion-red/distribucion-electrica.html,official_distributor_public,2026-05-06,e-distribución declara presencia en Aragón; revisar municipios y posibles pequeñas antes de producción.
aragon,Almonacid de la Cuba,"e-distribución Redes Digitales, S.L.U.",regional_default_candidate,needs_municipal_review,no,e-distribución — distribución eléctrica,https://www.edistribucion.com/es/conocenos/instalaciones-distribucion-red/distribucion-electrica.html,official_distributor_public,2026-05-06,e-distribución declara presencia en Aragón; revisar municipios y posibles pequeñas antes de producción.
aragon,Almonacid de la Sierra,"e-distribución Redes Digitales, S.L.U.",regional_default_candidate,needs_municipal_review,no,e-distribución — distribución eléctrica,https://www.edistribucion.com/es/conocenos/instalaciones-distribucion-red/distribucion-electrica.html,official_distributor_public,2026-05-06,e-distribución declara presencia en Aragón; revisar municipios y posibles pequeñas antes de producción.
aragon,Almudévar,"e-distribución Redes Digitales, S.L.U.",regional_default_candidate,needs_municipal_review,no,e-distribución — distribución eléctrica,https://www.edistribucion.com/es/conocenos/instalaciones-distribucion-red/distribucion-electrica.html,official_distributor_public,2026-05-06,e-distribución declara presencia en Aragón; revisar municipios y posibles pequeñas antes de producción.
aragon,Almunia de San Juan,"e-distribución Redes Digitales, S.L.U.",regional_default_candidate,needs_municipal_review,no,e-distribución — distribución eléctrica,https://www.edistribucion.com/es/conocenos/instalaciones-distribucion-red/distribucion-electrica.html,official_distributor_public,2026-05-06,e-distribución declara presencia en Aragón; revisar municipios y posibles pequeñas antes de producción.
aragon,Almuniente,"e-distribución Redes Digitales, S.L.U.",regional_default_candidate,needs_municipal_review,no,e-distribución — distribución eléctrica,https://www.edistribucion.com/es/conocenos/instalaciones-distribucion-red/distribucion-electrica.html,official_distributor_public,2026-05-06,e-distribución declara presencia en Aragón; revisar municipios y posibles pequeñas antes de producción.
aragon,Alobras,"e-distribución Redes Digitales, S.L.U.",regional_default_candidate,needs_municipal_review,no,e-distribución — distribución eléctrica,https://www.edistribucion.com/es/conocenos/instalaciones-distribucion-red/distribucion-electrica.html,official_distributor_public,2026-05-06,e-distribución declara presencia en Aragón; revisar municipios y posibles pequeñas antes de producción.
aragon,Alpartir,"e-distribución Redes Digitales, S.L.U.",regional_default_candidate,needs_municipal_review,no,e-distribución — distribución eléctrica,https://www.edistribucion.com/es/conocenos/instalaciones-distribucion-red/distribucion-electrica.html,official_distributor_public,2026-05-06,e-distribución declara presencia en Aragón; revisar municipios y posibles pequeñas antes de producción.
aragon,Alpeñés,"e-distribución Redes Digitales, S.L.U.",regional_default_candidate,needs_municipal_review,no,e-distribución — distribución eléctrica,https://www.edistribucion.com/es/conocenos/instalaciones-distribucion-red/distribucion-electrica.html,official_distributor_public,2026-05-06,e-distribución declara presencia en Aragón; revisar municipios y posibles pequeñas antes de producción.
aragon,Alquézar,"e-distribución Redes Digitales, S.L.U.",regional_default_candidate,needs_municipal_review,no,e-distribución — distribución eléctrica,https://www.edistribucion.com/es/conocenos/instalaciones-distribucion-red/distribucion-electrica.html,official_distributor_public,2026-05-06,e-distribución declara presencia en Aragón; revisar municipios y posibles pequeñas antes de producción.
aragon,Altorricón,"e-distribución Redes Digitales, S.L.U.",regional_default_candidate,needs_municipal_review,no,e-distribución — distribución eléctrica,https://www.edistribucion.com/es/conocenos/instalaciones-distribucion-red/distribucion-electrica.html,official_distributor_public,2026-05-06,e-distribución declara presencia en Aragón; revisar municipios y posibles pequeñas antes de producción.
aragon,Ambel,"e-distribución Redes Digitales, S.L.U.",regional_default_candidate,needs_municipal_review,no,e-distribución — distribución eléctrica,https://www.edistribucion.com/es/conocenos/instalaciones-distribucion-red/distribucion-electrica.html,official_distributor_public,2026-05-06,e-distribución declara presencia en Aragón; revisar municipios y posibles pequeñas antes de producción.
aragon,Anadón,"e-distribución Redes Digitales, S.L.U.",regional_default_candidate,needs_municipal_review,no,e-distribución — distribución eléctrica,https://www.edistribucion.com/es/conocenos/instalaciones-distribucion-red/distribucion-electrica.html,official_distributor_public,2026-05-06,e-distribución declara presencia en Aragón; revisar municipios y posibles pequeñas antes de producción.
aragon,Andorra,"e-distribución Redes Digitales, S.L.U.",regional_default_candidate,needs_municipal_review,no,e-distribución — distribución eléctrica,https://www.edistribucion.com/es/conocenos/instalaciones-distribucion-red/distribucion-electrica.html,official_distributor_public,2026-05-06,e-distribución declara presencia en Aragón; revisar municipios y posibles pequeñas antes de producción.
aragon,Anento,"e-distribución Redes Digitales, S.L.U.",regional_default_candidate,needs_municipal_review,no,e-distribución — distribución eléctrica,https://www.edistribucion.com/es/conocenos/instalaciones-distribucion-red/distribucion-electrica.html,official_distributor_public,2026-05-06,e-distribución declara presencia en Aragón; revisar municipios y posibles pequeñas antes de producción.
aragon,Angüés,"e-distribución Redes Digitales, S.L.U.",regional_default_candidate,needs_municipal_review,no,e-distribución — distribución eléctrica,https://www.edistribucion.com/es/conocenos/instalaciones-distribucion-red/distribucion-electrica.html,official_distributor_public,2026-05-06,e-distribución declara presencia en Aragón; revisar municipios y posibles pequeñas antes de producción.
aragon,Aniñón,"e-distribución Redes Digitales, S.L.U.",regional_default_candidate,needs_municipal_review,no,e-distribución — distribución eléctrica,https://www.edistribucion.com/es/conocenos/instalaciones-distribucion-red/distribucion-electrica.html,official_distributor_public,2026-05-06,e-distribución declara presencia en Aragón; revisar municipios y posibles pequeñas antes de producción.
aragon,Añón de Moncayo,"e-distribución Redes Digitales, S.L.U.",regional_default_candidate,needs_municipal_review,no,e-distribución — distribución eléctrica,https://www.edistribucion.com/es/conocenos/instalaciones-distribucion-red/distribucion-electrica.html,official_distributor_public,2026-05-06,e-distribución declara presencia en Aragón; revisar municipios y posibles pequeñas antes de producción.
aragon,Ansó,"e-distribución Redes Digitales, S.L.U.",regional_default_candidate,needs_municipal_review,no,e-distribución — distribución eléctrica,https://www.edistribucion.com/es/conocenos/instalaciones-distribucion-red/distribucion-electrica.html,official_distributor_public,2026-05-06,e-distribución declara presencia en Aragón; revisar municipios y posibles pequeñas antes de producción.
aragon,Antillón,"e-distribución Redes Digitales, S.L.U.",regional_default_candidate,needs_municipal_review,no,e-distribución — distribución eléctrica,https://www.edistribucion.com/es/conocenos/instalaciones-distribucion-red/distribucion-electrica.html,official_distributor_public,2026-05-06,e-distribución declara presencia en Aragón; revisar municipios y posibles pequeñas antes de producción.
aragon,Aragüés del Puerto,"e-distribución Redes Digitales, S.L.U.",regional_default_candidate,needs_municipal_review,no,e-distribución — distribución eléctrica,https://www.edistribucion.com/es/conocenos/instalaciones-distribucion-red/distribucion-electrica.html,official_distributor_public,2026-05-06,e-distribución declara presencia en Aragón; revisar municipios y posibles pequeñas antes de producción.
aragon,Aranda de Moncayo,"e-distribución Redes Digitales, S.L.U.",regional_default_candidate,needs_municipal_review,no,e-distribución — distribución eléctrica,https://www.edistribucion.com/es/conocenos/instalaciones-distribucion-red/distribucion-electrica.html,official_distributor_public,2026-05-06,e-distribución declara presencia en Aragón; revisar municipios y posibles pequeñas antes de producción.
aragon,Arándiga,"e-distribución Redes Digitales, S.L.U.",regional_default_candidate,needs_municipal_review,no,e-distribución — distribución eléctrica,https://www.edistribucion.com/es/conocenos/instalaciones-distribucion-red/distribucion-electrica.html,official_distributor_public,2026-05-06,e-distribución declara presencia en Aragón; revisar municipios y posibles pequeñas antes de producción.
aragon,Arcos de las Salinas,"e-distribución Redes Digitales, S.L.U.",regional_default_candidate,needs_municipal_review,no,e-distribución — distribución eléctrica,https://www.edistribucion.com/es/conocenos/instalaciones-distribucion-red/distribucion-electrica.html,official_distributor_public,2026-05-06,e-distribución declara presencia en Aragón; revisar municipios y posibles pequeñas antes de producción.
aragon,Ardisa,"e-distribución Redes Digitales, S.L.U.",regional_default_candidate,needs_municipal_review,no,e-distribución — distribución eléctrica,https://www.edistribucion.com/es/conocenos/instalaciones-distribucion-red/distribucion-electrica.html,official_distributor_public,2026-05-06,e-distribución declara presencia en Aragón; revisar municipios y posibles pequeñas antes de producción.
aragon,Arén,"e-distribución Redes Digitales, S.L.U.",regional_default_candidate,needs_municipal_review,no,e-distribución — distribución eléctrica,https://www.edistribucion.com/es/conocenos/instalaciones-distribucion-red/distribucion-electrica.html,official_distributor_public,2026-05-06,e-distribución declara presencia en Aragón; revisar municipios y posibles pequeñas antes de producción.
aragon,Arens de Lledó,"e-distribución Redes Digitales, S.L.U.",regional_default_candidate,needs_municipal_review,no,e-distribución — distribución eléctrica,https://www.edistribucion.com/es/conocenos/instalaciones-distribucion-red/distribucion-electrica.html,official_distributor_public,2026-05-06,e-distribución declara presencia en Aragón; revisar municipios y posibles pequeñas antes de producción.
aragon,Argavieso,"e-distribución Redes Digitales, S.L.U.",regional_default_candidate,needs_municipal_review,no,e-distribución — distribución eléctrica,https://www.edistribucion.com/es/conocenos/instalaciones-distribucion-red/distribucion-electrica.html,official_distributor_public,2026-05-06,e-distribución declara presencia en Aragón; revisar municipios y posibles pequeñas antes de producción.
aragon,Argente,"e-distribución Redes Digitales, S.L.U.",regional_default_candidate,needs_municipal_review,no,e-distribución — distribución eléctrica,https://www.edistribucion.com/es/conocenos/instalaciones-distribucion-red/distribucion-electrica.html,official_distributor_public,2026-05-06,e-distribución declara presencia en Aragón; revisar municipios y posibles pequeñas antes de producción.
aragon,Arguis,"e-distribución Redes Digitales, S.L.U.",regional_default_candidate,needs_municipal_review,no,e-distribución — distribución eléctrica,https://www.edistribucion.com/es/conocenos/instalaciones-distribucion-red/distribucion-electrica.html,official_distributor_public,2026-05-06,e-distribución declara presencia en Aragón; revisar municipios y posibles pequeñas antes de producción.
aragon,Ariño,"e-distribución Redes Digitales, S.L.U.",regional_default_candidate,needs_municipal_review,no,e-distribución — distribución eléctrica,https://www.edistribucion.com/es/conocenos/instalaciones-distribucion-red/distribucion-electrica.html,official_distributor_public,2026-05-06,e-distribución declara presencia en Aragón; revisar municipios y posibles pequeñas antes de producción.
aragon,Ariza,"e-distribución Redes Digitales, S.L.U.",regional_default_candidate,needs_municipal_review,no,e-distribución — distribución eléctrica,https://www.edistribucion.com/es/conocenos/instalaciones-distribucion-red/distribucion-electrica.html,official_distributor_public,2026-05-06,e-distribución declara presencia en Aragón; revisar municipios y posibles pequeñas antes de producción.
aragon,Artieda,"e-distribución Redes Digitales, S.L.U.",regional_default_candidate,needs_municipal_review,no,e-distribución — distribución eléctrica,https://www.edistribucion.com/es/conocenos/instalaciones-distribucion-red/distribucion-electrica.html,official_distributor_public,2026-05-06,e-distribución declara presencia en Aragón; revisar municipios y posibles pequeñas antes de producción.
aragon,Asín,"e-distribución Redes Digitales, S.L.U.",regional_default_candidate,needs_municipal_review,no,e-distribución — distribución eléctrica,https://www.edistribucion.com/es/conocenos/instalaciones-distribucion-red/distribucion-electrica.html,official_distributor_public,2026-05-06,e-distribución declara presencia en Aragón; revisar municipios y posibles pequeñas antes de producción.
aragon,Atea,"e-distribución Redes Digitales, S.L.U.",regional_default_candidate,needs_municipal_review,no,e-distribución — distribución eléctrica,https://www.edistribucion.com/es/conocenos/instalaciones-distribucion-red/distribucion-electrica.html,official_distributor_public,2026-05-06,e-distribución declara presencia en Aragón; revisar municipios y posibles pequeñas antes de producción.
aragon,Ateca,"e-distribución Redes Digitales, S.L.U.",regional_default_candidate,needs_municipal_review,no,e-distribución — distribución eléctrica,https://www.edistribucion.com/es/conocenos/instalaciones-distribucion-red/distribucion-electrica.html,official_distributor_public,2026-05-06,e-distribución declara presencia en Aragón; revisar municipios y posibles pequeñas antes de producción.
aragon,Ayerbe,"e-distribución Redes Digitales, S.L.U.",regional_default_candidate,needs_municipal_review,no,e-distribución — distribución eléctrica,https://www.edistribucion.com/es/conocenos/instalaciones-distribucion-red/distribucion-electrica.html,official_distributor_public,2026-05-06,e-distribución declara presencia en Aragón; revisar municipios y posibles pequeñas antes de producción.
aragon,Azaila,"e-distribución Redes Digitales, S.L.U.",regional_default_candidate,needs_municipal_review,no,e-distribución — distribución eléctrica,https://www.edistribucion.com/es/conocenos/instalaciones-distribucion-red/distribucion-electrica.html,official_distributor_public,2026-05-06,e-distribución declara presencia en Aragón; revisar municipios y posibles pequeñas antes de producción.
aragon,Azanuy-Alins,"e-distribución Redes Digitales, S.L.U.",regional_default_candidate,needs_municipal_review,no,e-distribución — distribución eléctrica,https://www.edistribucion.com/es/conocenos/instalaciones-distribucion-red/distribucion-electrica.html,official_distributor_public,2026-05-06,e-distribución declara presencia en Aragón; revisar municipios y posibles pequeñas antes de producción.
aragon,Azara,"e-distribución Redes Digitales, S.L.U.",regional_default_candidate,needs_municipal_review,no,e-distribución — distribución eléctrica,https://www.edistribucion.com/es/conocenos/instalaciones-distribucion-red/distribucion-electrica.html,official_distributor_public,2026-05-06,e-distribución declara presencia en Aragón; revisar municipios y posibles pequeñas antes de producción.
aragon,Azlor,"e-distribución Redes Digitales, S.L.U.",regional_default_candidate,needs_municipal_review,no,e-distribución — distribución eléctrica,https://www.edistribucion.com/es/conocenos/instalaciones-distribucion-red/distribucion-electrica.html,official_distributor_public,2026-05-06,e-distribución declara presencia en Aragón; revisar municipios y posibles pequeñas antes de producción.
aragon,Azuara,"e-distribución Redes Digitales, S.L.U.",regional_default_candidate,needs_municipal_review,no,e-distribución — distribución eléctrica,https://www.edistribucion.com/es/conocenos/instalaciones-distribucion-red/distribucion-electrica.html,official_distributor_public,2026-05-06,e-distribución declara presencia en Aragón; revisar municipios y posibles pequeñas antes de producción.
aragon,Bádenas,"e-distribución Redes Digitales, S.L.U.",regional_default_candidate,needs_municipal_review,no,e-distribución — distribución eléctrica,https://www.edistribucion.com/es/conocenos/instalaciones-distribucion-red/distribucion-electrica.html,official_distributor_public,2026-05-06,e-distribución declara presencia en Aragón; revisar municipios y posibles pequeñas antes de producción.
aragon,Badules,"e-distribución Redes Digitales, S.L.U.",regional_default_candidate,needs_municipal_review,no,e-distribución — distribución eléctrica,https://www.edistribucion.com/es/conocenos/instalaciones-distribucion-red/distribucion-electrica.html,official_distributor_public,2026-05-06,e-distribución declara presencia en Aragón; revisar municipios y posibles pequeñas antes de producción.
aragon,Baélls,"e-distribución Redes Digitales, S.L.U.",regional_default_candidate,needs_municipal_review,no,e-distribución — distribución eléctrica,https://www.edistribucion.com/es/conocenos/instalaciones-distribucion-red/distribucion-electrica.html,official_distributor_public,2026-05-06,e-distribución declara presencia en Aragón; revisar municipios y posibles pequeñas antes de producción.
aragon,Báguena,"e-distribución Redes Digitales, S.L.U.",regional_default_candidate,needs_municipal_review,no,e-distribución — distribución eléctrica,https://www.edistribucion.com/es/conocenos/instalaciones-distribucion-red/distribucion-electrica.html,official_distributor_public,2026-05-06,e-distribución declara presencia en Aragón; revisar municipios y posibles pequeñas antes de producción.
aragon,Bagüés,"e-distribución Redes Digitales, S.L.U.",regional_default_candidate,needs_municipal_review,no,e-distribución — distribución eléctrica,https://www.edistribucion.com/es/conocenos/instalaciones-distribucion-red/distribucion-electrica.html,official_distributor_public,2026-05-06,e-distribución declara presencia en Aragón; revisar municipios y posibles pequeñas antes de producción.
aragon,Bailo,"e-distribución Redes Digitales, S.L.U.",regional_default_candidate,needs_municipal_review,no,e-distribución — distribución eléctrica,https://www.edistribucion.com/es/conocenos/instalaciones-distribucion-red/distribucion-electrica.html,official_distributor_public,2026-05-06,e-distribución declara presencia en Aragón; revisar municipios y posibles pequeñas antes de producción.
aragon,Balconchán,"e-distribución Redes Digitales, S.L.U.",regional_default_candidate,needs_municipal_review,no,e-distribución — distribución eléctrica,https://www.edistribucion.com/es/conocenos/instalaciones-distribucion-red/distribucion-electrica.html,official_distributor_public,2026-05-06,e-distribución declara presencia en Aragón; revisar municipios y posibles pequeñas antes de producción.
aragon,Baldellou,"e-distribución Redes Digitales, S.L.U.",regional_default_candidate,needs_municipal_review,no,e-distribución — distribución eléctrica,https://www.edistribucion.com/es/conocenos/instalaciones-distribucion-red/distribucion-electrica.html,official_distributor_public,2026-05-06,e-distribución declara presencia en Aragón; revisar municipios y posibles pequeñas antes de producción.
aragon,Ballobar,"e-distribución Redes Digitales, S.L.U.",regional_default_candidate,needs_municipal_review,no,e-distribución — distribución eléctrica,https://www.edistribucion.com/es/conocenos/instalaciones-distribucion-red/distribucion-electrica.html,official_distributor_public,2026-05-06,e-distribución declara presencia en Aragón; revisar municipios y posibles pequeñas antes de producción.
aragon,Banastás,"e-distribución Redes Digitales, S.L.U.",regional_default_candidate,needs_municipal_review,no,e-distribución — distribución eléctrica,https://www.edistribucion.com/es/conocenos/instalaciones-distribucion-red/distribucion-electrica.html,official_distributor_public,2026-05-06,e-distribución declara presencia en Aragón; revisar municipios y posibles pequeñas antes de producción.
aragon,Bañón,"e-distribución Redes Digitales, S.L.U.",regional_default_candidate,needs_municipal_review,no,e-distribución — distribución eléctrica,https://www.edistribucion.com/es/conocenos/instalaciones-distribucion-red/distribucion-electrica.html,official_distributor_public,2026-05-06,e-distribución declara presencia en Aragón; revisar municipios y posibles pequeñas antes de producción.
aragon,Barbastro,"e-distribución Redes Digitales, S.L.U.",regional_default_candidate,needs_municipal_review,no,e-distribución — distribución eléctrica,https://www.edistribucion.com/es/conocenos/instalaciones-distribucion-red/distribucion-electrica.html,official_distributor_public,2026-05-06,e-distribución declara presencia en Aragón; revisar municipios y posibles pequeñas antes de producción.
aragon,Bárboles,"e-distribución Redes Digitales, S.L.U.",regional_default_candidate,needs_municipal_review,no,e-distribución — distribución eléctrica,https://www.edistribucion.com/es/conocenos/instalaciones-distribucion-red/distribucion-electrica.html,official_distributor_public,2026-05-06,e-distribución declara presencia en Aragón; revisar municipios y posibles pequeñas antes de producción.
aragon,Barbués,"e-distribución Redes Digitales, S.L.U.",regional_default_candidate,needs_municipal_review,no,e-distribución — distribución eléctrica,https://www.edistribucion.com/es/conocenos/instalaciones-distribucion-red/distribucion-electrica.html,official_distributor_public,2026-05-06,e-distribución declara presencia en Aragón; revisar municipios y posibles pequeñas antes de producción.
aragon,Barbuñales,"e-distribución Redes Digitales, S.L.U.",regional_default_candidate,needs_municipal_review,no,e-distribución — distribución eléctrica,https://www.edistribucion.com/es/conocenos/instalaciones-distribucion-red/distribucion-electrica.html,official_distributor_public,2026-05-06,e-distribución declara presencia en Aragón; revisar municipios y posibles pequeñas antes de producción.
aragon,Bárcabo,"e-distribución Redes Digitales, S.L.U.",regional_default_candidate,needs_municipal_review,no,e-distribución — distribución eléctrica,https://www.edistribucion.com/es/conocenos/instalaciones-distribucion-red/distribucion-electrica.html,official_distributor_public,2026-05-06,e-distribución declara presencia en Aragón; revisar municipios y posibles pequeñas antes de producción.
aragon,Bardallur,"e-distribución Redes Digitales, S.L.U.",regional_default_candidate,needs_municipal_review,no,e-distribución — distribución eléctrica,https://www.edistribucion.com/es/conocenos/instalaciones-distribucion-red/distribucion-electrica.html,official_distributor_public,2026-05-06,e-distribución declara presencia en Aragón; revisar municipios y posibles pequeñas antes de producción.
aragon,Barrachina,"e-distribución Redes Digitales, S.L.U.",regional_default_candidate,needs_municipal_review,no,e-distribución — distribución eléctrica,https://www.edistribucion.com/es/conocenos/instalaciones-distribucion-red/distribucion-electrica.html,official_distributor_public,2026-05-06,e-distribución declara presencia en Aragón; revisar municipios y posibles pequeñas antes de producción.
aragon,Bea,"e-distribución Redes Digitales, S.L.U.",regional_default_candidate,needs_municipal_review,no,e-distribución — distribución eléctrica,https://www.edistribucion.com/es/conocenos/instalaciones-distribucion-red/distribucion-electrica.html,official_distributor_public,2026-05-06,e-distribución declara presencia en Aragón; revisar municipios y posibles pequeñas antes de producción.
aragon,Beceite,"e-distribución Redes Digitales, S.L.U.",regional_default_candidate,needs_municipal_review,no,e-distribución — distribución eléctrica,https://www.edistribucion.com/es/conocenos/instalaciones-distribucion-red/distribucion-electrica.html,official_distributor_public,2026-05-06,e-distribución declara presencia en Aragón; revisar municipios y posibles pequeñas antes de producción.
aragon,Belchite,"e-distribución Redes Digitales, S.L.U.",regional_default_candidate,needs_municipal_review,no,e-distribución — distribución eléctrica,https://www.edistribucion.com/es/conocenos/instalaciones-distribucion-red/distribucion-electrica.html,official_distributor_public,2026-05-06,e-distribución declara presencia en Aragón; revisar municipios y posibles pequeñas antes de producción.
aragon,Bello,"e-distribución Redes Digitales, S.L.U.",regional_default_candidate,needs_municipal_review,no,e-distribución — distribución eléctrica,https://www.edistribucion.com/es/conocenos/instalaciones-distribucion-red/distribucion-electrica.html,official_distributor_public,2026-05-06,e-distribución declara presencia en Aragón; revisar municipios y posibles pequeñas antes de producción.
aragon,Belmonte de Gracián,"e-distribución Redes Digitales, S.L.U.",regional_default_candidate,needs_municipal_review,no,e-distribución — distribución eléctrica,https://www.edistribucion.com/es/conocenos/instalaciones-distribucion-red/distribucion-electrica.html,official_distributor_public,2026-05-06,e-distribución declara presencia en Aragón; revisar municipios y posibles pequeñas antes de producción.
aragon,Belmonte de San José,"e-distribución Redes Digitales, S.L.U.",regional_default_candidate,needs_municipal_review,no,e-distribución — distribución eléctrica,https://www.edistribucion.com/es/conocenos/instalaciones-distribucion-red/distribucion-electrica.html,official_distributor_public,2026-05-06,e-distribución declara presencia en Aragón; revisar municipios y posibles pequeñas antes de producción.
aragon,Belver de Cinca,"e-distribución Redes Digitales, S.L.U.",regional_default_candidate,needs_municipal_review,no,e-distribución — distribución eléctrica,https://www.edistribucion.com/es/conocenos/instalaciones-distribucion-red/distribucion-electrica.html,official_distributor_public,2026-05-06,e-distribución declara presencia en Aragón; revisar municipios y posibles pequeñas antes de producción.
aragon,Benabarre,"e-distribución Redes Digitales, S.L.U.",regional_default_candidate,needs_municipal_review,no,e-distribución — distribución eléctrica,https://www.edistribucion.com/es/conocenos/instalaciones-distribucion-red/distribucion-electrica.html,official_distributor_public,2026-05-06,e-distribución declara presencia en Aragón; revisar municipios y posibles pequeñas antes de producción.
aragon,Benasque,"e-distribución Redes Digitales, S.L.U.",regional_default_candidate,needs_municipal_review,no,e-distribución — distribución eléctrica,https://www.edistribucion.com/es/conocenos/instalaciones-distribucion-red/distribucion-electrica.html,official_distributor_public,2026-05-06,e-distribución declara presencia en Aragón; revisar municipios y posibles pequeñas antes de producción.
aragon,Beranuy,"e-distribución Redes Digitales, S.L.U.",regional_default_candidate,needs_municipal_review,no,e-distribución — distribución eléctrica,https://www.edistribucion.com/es/conocenos/instalaciones-distribucion-red/distribucion-electrica.html,official_distributor_public,2026-05-06,e-distribución declara presencia en Aragón; revisar municipios y posibles pequeñas antes de producción.
aragon,Berbegal,"e-distribución Redes Digitales, S.L.U.",regional_default_candidate,needs_municipal_review,no,e-distribución — distribución eléctrica,https://www.edistribucion.com/es/conocenos/instalaciones-distribucion-red/distribucion-electrica.html,official_distributor_public,2026-05-06,e-distribución declara presencia en Aragón; revisar municipios y posibles pequeñas antes de producción.
aragon,Berdejo,"e-distribución Redes Digitales, S.L.U.",regional_default_candidate,needs_municipal_review,no,e-distribución — distribución eléctrica,https://www.edistribucion.com/es/conocenos/instalaciones-distribucion-red/distribucion-electrica.html,official_distributor_public,2026-05-06,e-distribución declara presencia en Aragón; revisar municipios y posibles pequeñas antes de producción.
aragon,Berge,"e-distribución Redes Digitales, S.L.U.",regional_default_candidate,needs_municipal_review,no,e-distribución — distribución eléctrica,https://www.edistribucion.com/es/conocenos/instalaciones-distribucion-red/distribucion-electrica.html,official_distributor_public,2026-05-06,e-distribución declara presencia en Aragón; revisar municipios y posibles pequeñas antes de producción.
aragon,Berrocalejo de Aragona,"e-distribución Redes Digitales, S.L.U.",regional_default_candidate,needs_municipal_review,no,e-distribución — distribución eléctrica,https://www.edistribucion.com/es/conocenos/instalaciones-distribucion-red/distribucion-electrica.html,official_distributor_public,2026-05-06,e-distribución declara presencia en Aragón; revisar municipios y posibles pequeñas antes de producción.
aragon,Berrueco,"e-distribución Redes Digitales, S.L.U.",regional_default_candidate,needs_municipal_review,no,e-distribución — distribución eléctrica,https://www.edistribucion.com/es/conocenos/instalaciones-distribucion-red/distribucion-electrica.html,official_distributor_public,2026-05-06,e-distribución declara presencia en Aragón; revisar municipios y posibles pequeñas antes de producción.
aragon,Bezas,"e-distribución Redes Digitales, S.L.U.",regional_default_candidate,needs_municipal_review,no,e-distribución — distribución eléctrica,https://www.edistribucion.com/es/conocenos/instalaciones-distribucion-red/distribucion-electrica.html,official_distributor_public,2026-05-06,e-distribución declara presencia en Aragón; revisar municipios y posibles pequeñas antes de producción.
aragon,Biel,"e-distribución Redes Digitales, S.L.U.",regional_default_candidate,needs_municipal_review,no,e-distribución — distribución eléctrica,https://www.edistribucion.com/es/conocenos/instalaciones-distribucion-red/distribucion-electrica.html,official_distributor_public,2026-05-06,e-distribución declara presencia en Aragón; revisar municipios y posibles pequeñas antes de producción.
aragon,Bielsa,"e-distribución Redes Digitales, S.L.U.",regional_default_candidate,needs_municipal_review,no,e-distribución — distribución eléctrica,https://www.edistribucion.com/es/conocenos/instalaciones-distribucion-red/distribucion-electrica.html,official_distributor_public,2026-05-06,e-distribución declara presencia en Aragón; revisar municipios y posibles pequeñas antes de producción.
aragon,Bierge,"e-distribución Redes Digitales, S.L.U.",regional_default_candidate,needs_municipal_review,no,e-distribución — distribución eléctrica,https://www.edistribucion.com/es/conocenos/instalaciones-distribucion-red/distribucion-electrica.html,official_distributor_public,2026-05-06,e-distribución declara presencia en Aragón; revisar municipios y posibles pequeñas antes de producción.
aragon,Biescas,"e-distribución Redes Digitales, S.L.U.",regional_default_candidate,needs_municipal_review,no,e-distribución — distribución eléctrica,https://www.edistribucion.com/es/conocenos/instalaciones-distribucion-red/distribucion-electrica.html,official_distributor_public,2026-05-06,e-distribución declara presencia en Aragón; revisar municipios y posibles pequeñas antes de producción.
aragon,Bijuesca,"e-distribución Redes Digitales, S.L.U.",regional_default_candidate,needs_municipal_review,no,e-distribución — distribución eléctrica,https://www.edistribucion.com/es/conocenos/instalaciones-distribucion-red/distribucion-electrica.html,official_distributor_public,2026-05-06,e-distribución declara presencia en Aragón; revisar municipios y posibles pequeñas antes de producción.
aragon,Binaced,"e-distribución Redes Digitales, S.L.U.",regional_default_candidate,needs_municipal_review,no,e-distribución — distribución eléctrica,https://www.edistribucion.com/es/conocenos/instalaciones-distribucion-red/distribucion-electrica.html,official_distributor_public,2026-05-06,e-distribución declara presencia en Aragón; revisar municipios y posibles pequeñas antes de producción.
aragon,Binéfar,"e-distribución Redes Digitales, S.L.U.",regional_default_candidate,needs_municipal_review,no,e-distribución — distribución eléctrica,https://www.edistribucion.com/es/conocenos/instalaciones-distribucion-red/distribucion-electrica.html,official_distributor_public,2026-05-06,e-distribución declara presencia en Aragón; revisar municipios y posibles pequeñas antes de producción.
aragon,Biota,"e-distribución Redes Digitales, S.L.U.",regional_default_candidate,needs_municipal_review,no,e-distribución — distribución eléctrica,https://www.edistribucion.com/es/conocenos/instalaciones-distribucion-red/distribucion-electrica.html,official_distributor_public,2026-05-06,e-distribución declara presencia en Aragón; revisar municipios y posibles pequeñas antes de producción.
aragon,Bisaurri,"e-distribución Redes Digitales, S.L.U.",regional_default_candidate,needs_municipal_review,no,e-distribución — distribución eléctrica,https://www.edistribucion.com/es/conocenos/instalaciones-distribucion-red/distribucion-electrica.html,official_distributor_public,2026-05-06,e-distribución declara presencia en Aragón; revisar municipios y posibles pequeñas antes de producción.
aragon,Biscarrués,"e-distribución Redes Digitales, S.L.U.",regional_default_candidate,needs_municipal_review,no,e-distribución — distribución eléctrica,https://www.edistribucion.com/es/conocenos/instalaciones-distribucion-red/distribucion-electrica.html,official_distributor_public,2026-05-06,e-distribución declara presencia en Aragón; revisar municipios y posibles pequeñas antes de producción.
aragon,Bisimbre,"e-distribución Redes Digitales, S.L.U.",regional_default_candidate,needs_municipal_review,no,e-distribución — distribución eléctrica,https://www.edistribucion.com/es/conocenos/instalaciones-distribucion-red/distribucion-electrica.html,official_distributor_public,2026-05-06,e-distribución declara presencia en Aragón; revisar municipios y posibles pequeñas antes de producción.
aragon,Blancas,"e-distribución Redes Digitales, S.L.U.",regional_default_candidate,needs_municipal_review,no,e-distribución — distribución eléctrica,https://www.edistribucion.com/es/conocenos/instalaciones-distribucion-red/distribucion-electrica.html,official_distributor_public,2026-05-06,e-distribución declara presencia en Aragón; revisar municipios y posibles pequeñas antes de producción.
aragon,Blecua y Torres,"e-distribución Redes Digitales, S.L.U.",regional_default_candidate,needs_municipal_review,no,e-distribución — distribución eléctrica,https://www.edistribucion.com/es/conocenos/instalaciones-distribucion-red/distribucion-electrica.html,official_distributor_public,2026-05-06,e-distribución declara presencia en Aragón; revisar municipios y posibles pequeñas antes de producción.
aragon,Blesa,"e-distribución Redes Digitales, S.L.U.",regional_default_candidate,needs_municipal_review,no,e-distribución — distribución eléctrica,https://www.edistribucion.com/es/conocenos/instalaciones-distribucion-red/distribucion-electrica.html,official_distributor_public,2026-05-06,e-distribución declara presencia en Aragón; revisar municipios y posibles pequeñas antes de producción.
aragon,Boltaña,"e-distribución Redes Digitales, S.L.U.",regional_default_candidate,needs_municipal_review,no,e-distribución — distribución eléctrica,https://www.edistribucion.com/es/conocenos/instalaciones-distribucion-red/distribucion-electrica.html,official_distributor_public,2026-05-06,e-distribución declara presencia en Aragón; revisar municipios y posibles pequeñas antes de producción.
aragon,Bonansa,"e-distribución Redes Digitales, S.L.U.",regional_default_candidate,needs_municipal_review,no,e-distribución — distribución eléctrica,https://www.edistribucion.com/es/conocenos/instalaciones-distribucion-red/distribucion-electrica.html,official_distributor_public,2026-05-06,e-distribución declara presencia en Aragón; revisar municipios y posibles pequeñas antes de producción.
aragon,Boquiñeni,"e-distribución Redes Digitales, S.L.U.",regional_default_candidate,needs_municipal_review,no,e-distribución — distribución eléctrica,https://www.edistribucion.com/es/conocenos/instalaciones-distribucion-red/distribucion-electrica.html,official_distributor_public,2026-05-06,e-distribución declara presencia en Aragón; revisar municipios y posibles pequeñas antes de producción.
aragon,Borau,"e-distribución Redes Digitales, S.L.U.",regional_default_candidate,needs_municipal_review,no,e-distribución — distribución eléctrica,https://www.edistribucion.com/es/conocenos/instalaciones-distribucion-red/distribucion-electrica.html,official_distributor_public,2026-05-06,e-distribución declara presencia en Aragón; revisar municipios y posibles pequeñas antes de producción.
aragon,Bordalba,"e-distribución Redes Digitales, S.L.U.",regional_default_candidate,needs_municipal_review,no,e-distribución — distribución eléctrica,https://www.edistribucion.com/es/conocenos/instalaciones-distribucion-red/distribucion-electrica.html,official_distributor_public,2026-05-06,e-distribución declara presencia en Aragón; revisar municipios y posibles pequeñas antes de producción.
aragon,Bordón,"e-distribución Redes Digitales, S.L.U.",regional_default_candidate,needs_municipal_review,no,e-distribución — distribución eléctrica,https://www.edistribucion.com/es/conocenos/instalaciones-distribucion-red/distribucion-electrica.html,official_distributor_public,2026-05-06,e-distribución declara presencia en Aragón; revisar municipios y posibles pequeñas antes de producción.
aragon,Borja,"e-distribución Redes Digitales, S.L.U.",regional_default_candidate,needs_municipal_review,no,e-distribución — distribución eléctrica,https://www.edistribucion.com/es/conocenos/instalaciones-distribucion-red/distribucion-electrica.html,official_distributor_public,2026-05-06,e-distribución declara presencia en Aragón; revisar municipios y posibles pequeñas antes de producción.
aragon,Botorrita,"e-distribución Redes Digitales, S.L.U.",regional_default_candidate,needs_municipal_review,no,e-distribución — distribución eléctrica,https://www.edistribucion.com/es/conocenos/instalaciones-distribucion-red/distribucion-electrica.html,official_distributor_public,2026-05-06,e-distribución declara presencia en Aragón; revisar municipios y posibles pequeñas antes de producción.
aragon,Brea de Aragón,"e-distribución Redes Digitales, S.L.U.",regional_default_candidate,needs_municipal_review,no,e-distribución — distribución eléctrica,https://www.edistribucion.com/es/conocenos/instalaciones-distribucion-red/distribucion-electrica.html,official_distributor_public,2026-05-06,e-distribución declara presencia en Aragón; revisar municipios y posibles pequeñas antes de producción.
aragon,Bronchales,"e-distribución Redes Digitales, S.L.U.",regional_default_candidate,needs_municipal_review,no,e-distribución — distribución eléctrica,https://www.edistribucion.com/es/conocenos/instalaciones-distribucion-red/distribucion-electrica.html,official_distributor_public,2026-05-06,e-distribución declara presencia en Aragón; revisar municipios y posibles pequeñas antes de producción.
aragon,Broto,"e-distribución Redes Digitales, S.L.U.",regional_default_candidate,needs_municipal_review,no,e-distribución — distribución eléctrica,https://www.edistribucion.com/es/conocenos/instalaciones-distribucion-red/distribucion-electrica.html,official_distributor_public,2026-05-06,e-distribución declara presencia en Aragón; revisar municipios y posibles pequeñas antes de producción.
aragon,Bubierca,"e-distribución Redes Digitales, S.L.U.",regional_default_candidate,needs_municipal_review,no,e-distribución — distribución eléctrica,https://www.edistribucion.com/es/conocenos/instalaciones-distribucion-red/distribucion-electrica.html,official_distributor_public,2026-05-06,e-distribución declara presencia en Aragón; revisar municipios y posibles pequeñas antes de producción.
aragon,Bueña,"e-distribución Redes Digitales, S.L.U.",regional_default_candidate,needs_municipal_review,no,e-distribución — distribución eléctrica,https://www.edistribucion.com/es/conocenos/instalaciones-distribucion-red/distribucion-electrica.html,official_distributor_public,2026-05-06,e-distribución declara presencia en Aragón; revisar municipios y posibles pequeñas antes de producción.
aragon,Bujaraloz,"e-distribución Redes Digitales, S.L.U.",regional_default_candidate,needs_municipal_review,no,e-distribución — distribución eléctrica,https://www.edistribucion.com/es/conocenos/instalaciones-distribucion-red/distribucion-electrica.html,official_distributor_public,2026-05-06,e-distribución declara presencia en Aragón; revisar municipios y posibles pequeñas antes de producción.
aragon,Bulbuente,"e-distribución Redes Digitales, S.L.U.",regional_default_candidate,needs_municipal_review,no,e-distribución — distribución eléctrica,https://www.edistribucion.com/es/conocenos/instalaciones-distribucion-red/distribucion-electrica.html,official_distributor_public,2026-05-06,e-distribución declara presencia en Aragón; revisar municipios y posibles pequeñas antes de producción.
aragon,Burbáguena,"e-distribución Redes Digitales, S.L.U.",regional_default_candidate,needs_municipal_review,no,e-distribución — distribución eléctrica,https://www.edistribucion.com/es/conocenos/instalaciones-distribucion-red/distribucion-electrica.html,official_distributor_public,2026-05-06,e-distribución declara presencia en Aragón; revisar municipios y posibles pequeñas antes de producción.
aragon,Bureta,"e-distribución Redes Digitales, S.L.U.",regional_default_candidate,needs_municipal_review,no,e-distribución — distribución eléctrica,https://www.edistribucion.com/es/conocenos/instalaciones-distribucion-red/distribucion-electrica.html,official_distributor_public,2026-05-06,e-distribución declara presencia en Aragón; revisar municipios y posibles pequeñas antes de producción.
aragon,Cabañas de Ebro,"e-distribución Redes Digitales, S.L.U.",regional_default_candidate,needs_municipal_review,no,e-distribución — distribución eléctrica,https://www.edistribucion.com/es/conocenos/instalaciones-distribucion-red/distribucion-electrica.html,official_distributor_public,2026-05-06,e-distribución declara presencia en Aragón; revisar municipios y posibles pequeñas antes de producción.
aragon,Cabolafuente,"e-distribución Redes Digitales, S.L.U.",regional_default_candidate,needs_municipal_review,no,e-distribución — distribución eléctrica,https://www.edistribucion.com/es/conocenos/instalaciones-distribucion-red/distribucion-electrica.html,official_distributor_public,2026-05-06,e-distribución declara presencia en Aragón; revisar municipios y posibles pequeñas antes de producción.
aragon,Cabra de Mora,"e-distribución Redes Digitales, S.L.U.",regional_default_candidate,needs_municipal_review,no,e-distribución — distribución eléctrica,https://www.edistribucion.com/es/conocenos/instalaciones-distribucion-red/distribucion-electrica.html,official_distributor_public,2026-05-06,e-distribución declara presencia en Aragón; revisar municipios y posibles pequeñas antes de producción.
aragon,Cadrete,"e-distribución Redes Digitales, S.L.U.",regional_default_candidate,needs_municipal_review,no,e-distribución — distribución eléctrica,https://www.edistribucion.com/es/conocenos/instalaciones-distribucion-red/distribucion-electrica.html,official_distributor_public,2026-05-06,e-distribución declara presencia en Aragón; revisar municipios y posibles pequeñas antes de producción.
aragon,Calaceite,"e-distribución Redes Digitales, S.L.U.",regional_default_candidate,needs_municipal_review,no,e-distribución — distribución eléctrica,https://www.edistribucion.com/es/conocenos/instalaciones-distribucion-red/distribucion-electrica.html,official_distributor_public,2026-05-06,e-distribución declara presencia en Aragón; revisar municipios y posibles pequeñas antes de producción.
aragon,Calamocha,"e-distribución Redes Digitales, S.L.U.",regional_default_candidate,needs_municipal_review,no,e-distribución — distribución eléctrica,https://www.edistribucion.com/es/conocenos/instalaciones-distribucion-red/distribucion-electrica.html,official_distributor_public,2026-05-06,e-distribución declara presencia en Aragón; revisar municipios y posibles pequeñas antes de producción.
aragon,Calanda,"e-distribución Redes Digitales, S.L.U.",regional_default_candidate,needs_municipal_review,no,e-distribución — distribución eléctrica,https://www.edistribucion.com/es/conocenos/instalaciones-distribucion-red/distribucion-electrica.html,official_distributor_public,2026-05-06,e-distribución declara presencia en Aragón; revisar municipios y posibles pequeñas antes de producción.
aragon,Calatayud,"e-distribución Redes Digitales, S.L.U.",regional_default_candidate,needs_municipal_review,no,e-distribución — distribución eléctrica,https://www.edistribucion.com/es/conocenos/instalaciones-distribucion-red/distribucion-electrica.html,official_distributor_public,2026-05-06,e-distribución declara presencia en Aragón; revisar municipios y posibles pequeñas antes de producción.
aragon,Calatorao,"e-distribución Redes Digitales, S.L.U.",regional_default_candidate,needs_municipal_review,no,e-distribución — distribución eléctrica,https://www.edistribucion.com/es/conocenos/instalaciones-distribucion-red/distribucion-electrica.html,official_distributor_public,2026-05-06,e-distribución declara presencia en Aragón; revisar municipios y posibles pequeñas antes de producción.
aragon,Calcena,"e-distribución Redes Digitales, S.L.U.",regional_default_candidate,needs_municipal_review,no,e-distribución — distribución eléctrica,https://www.edistribucion.com/es/conocenos/instalaciones-distribucion-red/distribucion-electrica.html,official_distributor_public,2026-05-06,e-distribución declara presencia en Aragón; revisar municipios y posibles pequeñas antes de producción.
aragon,Caldearenas,"e-distribución Redes Digitales, S.L.U.",regional_default_candidate,needs_municipal_review,no,e-distribución — distribución eléctrica,https://www.edistribucion.com/es/conocenos/instalaciones-distribucion-red/distribucion-electrica.html,official_distributor_public,2026-05-06,e-distribución declara presencia en Aragón; revisar municipios y posibles pequeñas antes de producción.
aragon,Calmarza,"e-distribución Redes Digitales, S.L.U.",regional_default_candidate,needs_municipal_review,no,e-distribución — distribución eléctrica,https://www.edistribucion.com/es/conocenos/instalaciones-distribucion-red/distribucion-electrica.html,official_distributor_public,2026-05-06,e-distribución declara presencia en Aragón; revisar municipios y posibles pequeñas antes de producción.
aragon,Calomarde,"e-distribución Redes Digitales, S.L.U.",regional_default_candidate,needs_municipal_review,no,e-distribución — distribución eléctrica,https://www.edistribucion.com/es/conocenos/instalaciones-distribucion-red/distribucion-electrica.html,official_distributor_public,2026-05-06,e-distribución declara presencia en Aragón; revisar municipios y posibles pequeñas antes de producción.
aragon,Camañas,"e-distribución Redes Digitales, S.L.U.",regional_default_candidate,needs_municipal_review,no,e-distribución — distribución eléctrica,https://www.edistribucion.com/es/conocenos/instalaciones-distribucion-red/distribucion-electrica.html,official_distributor_public,2026-05-06,e-distribución declara presencia en Aragón; revisar municipios y posibles pequeñas antes de producción.
aragon,Camarena de la Sierra,"e-distribución Redes Digitales, S.L.U.",regional_default_candidate,needs_municipal_review,no,e-distribución — distribución eléctrica,https://www.edistribucion.com/es/conocenos/instalaciones-distribucion-red/distribucion-electrica.html,official_distributor_public,2026-05-06,e-distribución declara presencia en Aragón; revisar municipios y posibles pequeñas antes de producción.
aragon,Camarillas,"e-distribución Redes Digitales, S.L.U.",regional_default_candidate,needs_municipal_review,no,e-distribución — distribución eléctrica,https://www.edistribucion.com/es/conocenos/instalaciones-distribucion-red/distribucion-electrica.html,official_distributor_public,2026-05-06,e-distribución declara presencia en Aragón; revisar municipios y posibles pequeñas antes de producción.
aragon,Caminreal,"e-distribución Redes Digitales, S.L.U.",regional_default_candidate,needs_municipal_review,no,e-distribución — distribución eléctrica,https://www.edistribucion.com/es/conocenos/instalaciones-distribucion-red/distribucion-electrica.html,official_distributor_public,2026-05-06,e-distribución declara presencia en Aragón; revisar municipios y posibles pequeñas antes de producción.
aragon,Campillo de Aragón,"e-distribución Redes Digitales, S.L.U.",regional_default_candidate,needs_municipal_review,no,e-distribución — distribución eléctrica,https://www.edistribucion.com/es/conocenos/instalaciones-distribucion-red/distribucion-electrica.html,official_distributor_public,2026-05-06,e-distribución declara presencia en Aragón; revisar municipios y posibles pequeñas antes de producción.
aragon,Campo,"e-distribución Redes Digitales, S.L.U.",regional_default_candidate,needs_municipal_review,no,e-distribución — distribución eléctrica,https://www.edistribucion.com/es/conocenos/instalaciones-distribucion-red/distribucion-electrica.html,official_distributor_public,2026-05-06,e-distribución declara presencia en Aragón; revisar municipios y posibles pequeñas antes de producción.
aragon,Camporrélls,"e-distribución Redes Digitales, S.L.U.",regional_default_candidate,needs_municipal_review,no,e-distribución — distribución eléctrica,https://www.edistribucion.com/es/conocenos/instalaciones-distribucion-red/distribucion-electrica.html,official_distributor_public,2026-05-06,e-distribución declara presencia en Aragón; revisar municipios y posibles pequeñas antes de producción.
aragon,Cañada de Benatanduz,"e-distribución Redes Digitales, S.L.U.",regional_default_candidate,needs_municipal_review,no,e-distribución — distribución eléctrica,https://www.edistribucion.com/es/conocenos/instalaciones-distribucion-red/distribucion-electrica.html,official_distributor_public,2026-05-06,e-distribución declara presencia en Aragón; revisar municipios y posibles pequeñas antes de producción.
aragon,Cañada Vellida,"e-distribución Redes Digitales, S.L.U.",regional_default_candidate,needs_municipal_review,no,e-distribución — distribución eléctrica,https://www.edistribucion.com/es/conocenos/instalaciones-distribucion-red/distribucion-electrica.html,official_distributor_public,2026-05-06,e-distribución declara presencia en Aragón; revisar municipios y posibles pequeñas antes de producción.
aragon,Canal de Berdún,"e-distribución Redes Digitales, S.L.U.",regional_default_candidate,needs_municipal_review,no,e-distribución — distribución eléctrica,https://www.edistribucion.com/es/conocenos/instalaciones-distribucion-red/distribucion-electrica.html,official_distributor_public,2026-05-06,e-distribución declara presencia en Aragón; revisar municipios y posibles pequeñas antes de producción.
aragon,Candasnos,"e-distribución Redes Digitales, S.L.U.",regional_default_candidate,needs_municipal_review,no,e-distribución — distribución eléctrica,https://www.edistribucion.com/es/conocenos/instalaciones-distribucion-red/distribucion-electrica.html,official_distributor_public,2026-05-06,e-distribución declara presencia en Aragón; revisar municipios y posibles pequeñas antes de producción.
aragon,Canfranc,"e-distribución Redes Digitales, S.L.U.",regional_default_candidate,needs_municipal_review,no,e-distribución — distribución eléctrica,https://www.edistribucion.com/es/conocenos/instalaciones-distribucion-red/distribucion-electrica.html,official_distributor_public,2026-05-06,e-distribución declara presencia en Aragón; revisar municipios y posibles pequeñas antes de producción.
aragon,Cañizar del Olivar,"e-distribución Redes Digitales, S.L.U.",regional_default_candidate,needs_municipal_review,no,e-distribución — distribución eléctrica,https://www.edistribucion.com/es/conocenos/instalaciones-distribucion-red/distribucion-electrica.html,official_distributor_public,2026-05-06,e-distribución declara presencia en Aragón; revisar municipios y posibles pequeñas antes de producción.
aragon,Cantavieja,"e-distribución Redes Digitales, S.L.U.",regional_default_candidate,needs_municipal_review,no,e-distribución — distribución eléctrica,https://www.edistribucion.com/es/conocenos/instalaciones-distribucion-red/distribucion-electrica.html,official_distributor_public,2026-05-06,e-distribución declara presencia en Aragón; revisar municipios y posibles pequeñas antes de producción.
aragon,Capdesaso,"e-distribución Redes Digitales, S.L.U.",regional_default_candidate,needs_municipal_review,no,e-distribución — distribución eléctrica,https://www.edistribucion.com/es/conocenos/instalaciones-distribucion-red/distribucion-electrica.html,official_distributor_public,2026-05-06,e-distribución declara presencia en Aragón; revisar municipios y posibles pequeñas antes de producción.
aragon,Capella,"e-distribución Redes Digitales, S.L.U.",regional_default_candidate,needs_municipal_review,no,e-distribución — distribución eléctrica,https://www.edistribucion.com/es/conocenos/instalaciones-distribucion-red/distribucion-electrica.html,official_distributor_public,2026-05-06,e-distribución declara presencia en Aragón; revisar municipios y posibles pequeñas antes de producción.
aragon,Carenas,"e-distribución Redes Digitales, S.L.U.",regional_default_candidate,needs_municipal_review,no,e-distribución — distribución eléctrica,https://www.edistribucion.com/es/conocenos/instalaciones-distribucion-red/distribucion-electrica.html,official_distributor_public,2026-05-06,e-distribución declara presencia en Aragón; revisar municipios y posibles pequeñas antes de producción.
aragon,Cariñena,"e-distribución Redes Digitales, S.L.U.",regional_default_candidate,needs_municipal_review,no,e-distribución — distribución eléctrica,https://www.edistribucion.com/es/conocenos/instalaciones-distribucion-red/distribucion-electrica.html,official_distributor_public,2026-05-06,e-distribución declara presencia en Aragón; revisar municipios y posibles pequeñas antes de producción.
aragon,Casbas de Huesca,"e-distribución Redes Digitales, S.L.U.",regional_default_candidate,needs_municipal_review,no,e-distribución — distribución eléctrica,https://www.edistribucion.com/es/conocenos/instalaciones-distribucion-red/distribucion-electrica.html,official_distributor_public,2026-05-06,e-distribución declara presencia en Aragón; revisar municipios y posibles pequeñas antes de producción.
aragon,Cascante del Río,"e-distribución Redes Digitales, S.L.U.",regional_default_candidate,needs_municipal_review,no,e-distribución — distribución eléctrica,https://www.edistribucion.com/es/conocenos/instalaciones-distribucion-red/distribucion-electrica.html,official_distributor_public,2026-05-06,e-distribución declara presencia en Aragón; revisar municipios y posibles pequeñas antes de producción.
aragon,Caspe,"e-distribución Redes Digitales, S.L.U.",regional_default_candidate,needs_municipal_review,no,e-distribución — distribución eléctrica,https://www.edistribucion.com/es/conocenos/instalaciones-distribucion-red/distribucion-electrica.html,official_distributor_public,2026-05-06,e-distribución declara presencia en Aragón; revisar municipios y posibles pequeñas antes de producción.
aragon,Castejón de Alarba,"e-distribución Redes Digitales, S.L.U.",regional_default_candidate,needs_municipal_review,no,e-distribución — distribución eléctrica,https://www.edistribucion.com/es/conocenos/instalaciones-distribucion-red/distribucion-electrica.html,official_distributor_public,2026-05-06,e-distribución declara presencia en Aragón; revisar municipios y posibles pequeñas antes de producción.
aragon,Castejón de las Armas,"e-distribución Redes Digitales, S.L.U.",regional_default_candidate,needs_municipal_review,no,e-distribución — distribución eléctrica,https://www.edistribucion.com/es/conocenos/instalaciones-distribucion-red/distribucion-electrica.html,official_distributor_public,2026-05-06,e-distribución declara presencia en Aragón; revisar municipios y posibles pequeñas antes de producción.
aragon,Castejón de Monegros,"e-distribución Redes Digitales, S.L.U.",regional_default_candidate,needs_municipal_review,no,e-distribución — distribución eléctrica,https://www.edistribucion.com/es/conocenos/instalaciones-distribucion-red/distribucion-electrica.html,official_distributor_public,2026-05-06,e-distribución declara presencia en Aragón; revisar municipios y posibles pequeñas antes de producción.
aragon,Castejón de Sos,"e-distribución Redes Digitales, S.L.U.",regional_default_candidate,needs_municipal_review,no,e-distribución — distribución eléctrica,https://www.edistribucion.com/es/conocenos/instalaciones-distribucion-red/distribucion-electrica.html,official_distributor_public,2026-05-06,e-distribución declara presencia en Aragón; revisar municipios y posibles pequeñas antes de producción.
aragon,Castejón de Tornos,"e-distribución Redes Digitales, S.L.U.",regional_default_candidate,needs_municipal_review,no,e-distribución — distribución eléctrica,https://www.edistribucion.com/es/conocenos/instalaciones-distribucion-red/distribucion-electrica.html,official_distributor_public,2026-05-06,e-distribución declara presencia en Aragón; revisar municipios y posibles pequeñas antes de producción.
aragon,Castejón de Valdejasa,"e-distribución Redes Digitales, S.L.U.",regional_default_candidate,needs_municipal_review,no,e-distribución — distribución eléctrica,https://www.edistribucion.com/es/conocenos/instalaciones-distribucion-red/distribucion-electrica.html,official_distributor_public,2026-05-06,e-distribución declara presencia en Aragón; revisar municipios y posibles pequeñas antes de producción.
aragon,Castejón del Puente,"e-distribución Redes Digitales, S.L.U.",regional_default_candidate,needs_municipal_review,no,e-distribución — distribución eléctrica,https://www.edistribucion.com/es/conocenos/instalaciones-distribucion-red/distribucion-electrica.html,official_distributor_public,2026-05-06,e-distribución declara presencia en Aragón; revisar municipios y posibles pequeñas antes de producción.
aragon,Castel de Cabra,"e-distribución Redes Digitales, S.L.U.",regional_default_candidate,needs_municipal_review,no,e-distribución — distribución eléctrica,https://www.edistribucion.com/es/conocenos/instalaciones-distribucion-red/distribucion-electrica.html,official_distributor_public,2026-05-06,e-distribución declara presencia en Aragón; revisar municipios y posibles pequeñas antes de producción.
aragon,Castelflorite,"e-distribución Redes Digitales, S.L.U.",regional_default_candidate,needs_municipal_review,no,e-distribución — distribución eléctrica,https://www.edistribucion.com/es/conocenos/instalaciones-distribucion-red/distribucion-electrica.html,official_distributor_public,2026-05-06,e-distribución declara presencia en Aragón; revisar municipios y posibles pequeñas antes de producción.
aragon,Castellote,"e-distribución Redes Digitales, S.L.U.",regional_default_candidate,needs_municipal_review,no,e-distribución — distribución eléctrica,https://www.edistribucion.com/es/conocenos/instalaciones-distribucion-red/distribucion-electrica.html,official_distributor_public,2026-05-06,e-distribución declara presencia en Aragón; revisar municipios y posibles pequeñas antes de producción.
aragon,Castelnou,"e-distribución Redes Digitales, S.L.U.",regional_default_candidate,needs_municipal_review,no,e-distribución — distribución eléctrica,https://www.edistribucion.com/es/conocenos/instalaciones-distribucion-red/distribucion-electrica.html,official_distributor_public,2026-05-06,e-distribución declara presencia en Aragón; revisar municipios y posibles pequeñas antes de producción.
aragon,Castelserás,"e-distribución Redes Digitales, S.L.U.",regional_default_candidate,needs_municipal_review,no,e-distribución — distribución eléctrica,https://www.edistribucion.com/es/conocenos/instalaciones-distribucion-red/distribucion-electrica.html,official_distributor_public,2026-05-06,e-distribución declara presencia en Aragón; revisar municipios y posibles pequeñas antes de producción.
aragon,Castiello de Jaca,"e-distribución Redes Digitales, S.L.U.",regional_default_candidate,needs_municipal_review,no,e-distribución — distribución eléctrica,https://www.edistribucion.com/es/conocenos/instalaciones-distribucion-red/distribucion-electrica.html,official_distributor_public,2026-05-06,e-distribución declara presencia en Aragón; revisar municipios y posibles pequeñas antes de producción.
aragon,Castigaleu,"e-distribución Redes Digitales, S.L.U.",regional_default_candidate,needs_municipal_review,no,e-distribución — distribución eléctrica,https://www.edistribucion.com/es/conocenos/instalaciones-distribucion-red/distribucion-electrica.html,official_distributor_public,2026-05-06,e-distribución declara presencia en Aragón; revisar municipios y posibles pequeñas antes de producción.
aragon,Castiliscar,"e-distribución Redes Digitales, S.L.U.",regional_default_candidate,needs_municipal_review,no,e-distribución — distribución eléctrica,https://www.edistribucion.com/es/conocenos/instalaciones-distribucion-red/distribucion-electrica.html,official_distributor_public,2026-05-06,e-distribución declara presencia en Aragón; revisar municipios y posibles pequeñas antes de producción.
aragon,Castillazuelo,"e-distribución Redes Digitales, S.L.U.",regional_default_candidate,needs_municipal_review,no,e-distribución — distribución eléctrica,https://www.edistribucion.com/es/conocenos/instalaciones-distribucion-red/distribucion-electrica.html,official_distributor_public,2026-05-06,e-distribución declara presencia en Aragón; revisar municipios y posibles pequeñas antes de producción.
aragon,Castillonroy,"e-distribución Redes Digitales, S.L.U.",regional_default_candidate,needs_municipal_review,no,e-distribución — distribución eléctrica,https://www.edistribucion.com/es/conocenos/instalaciones-distribucion-red/distribucion-electrica.html,official_distributor_public,2026-05-06,e-distribución declara presencia en Aragón; revisar municipios y posibles pequeñas antes de producción.
aragon,Cedrillas,"e-distribución Redes Digitales, S.L.U.",regional_default_candidate,needs_municipal_review,no,e-distribución — distribución eléctrica,https://www.edistribucion.com/es/conocenos/instalaciones-distribucion-red/distribucion-electrica.html,official_distributor_public,2026-05-06,e-distribución declara presencia en Aragón; revisar municipios y posibles pequeñas antes de producción.
aragon,Celadas,"e-distribución Redes Digitales, S.L.U.",regional_default_candidate,needs_municipal_review,no,e-distribución — distribución eléctrica,https://www.edistribucion.com/es/conocenos/instalaciones-distribucion-red/distribucion-electrica.html,official_distributor_public,2026-05-06,e-distribución declara presencia en Aragón; revisar municipios y posibles pequeñas antes de producción.
aragon,Cella,"e-distribución Redes Digitales, S.L.U.",regional_default_candidate,needs_municipal_review,no,e-distribución — distribución eléctrica,https://www.edistribucion.com/es/conocenos/instalaciones-distribucion-red/distribucion-electrica.html,official_distributor_public,2026-05-06,e-distribución declara presencia en Aragón; revisar municipios y posibles pequeñas antes de producción.
aragon,Cervera de la Cañada,"e-distribución Redes Digitales, S.L.U.",regional_default_candidate,needs_municipal_review,no,e-distribución — distribución eléctrica,https://www.edistribucion.com/es/conocenos/instalaciones-distribucion-red/distribucion-electrica.html,official_distributor_public,2026-05-06,e-distribución declara presencia en Aragón; revisar municipios y posibles pequeñas antes de producción.
aragon,Cerveruela,"e-distribución Redes Digitales, S.L.U.",regional_default_candidate,needs_municipal_review,no,e-distribución — distribución eléctrica,https://www.edistribucion.com/es/conocenos/instalaciones-distribucion-red/distribucion-electrica.html,official_distributor_public,2026-05-06,e-distribución declara presencia en Aragón; revisar municipios y posibles pequeñas antes de producción.
aragon,Cetina,"e-distribución Redes Digitales, S.L.U.",regional_default_candidate,needs_municipal_review,no,e-distribución — distribución eléctrica,https://www.edistribucion.com/es/conocenos/instalaciones-distribucion-red/distribucion-electrica.html,official_distributor_public,2026-05-06,e-distribución declara presencia en Aragón; revisar municipios y posibles pequeñas antes de producción.
aragon,Chalamera,"e-distribución Redes Digitales, S.L.U.",regional_default_candidate,needs_municipal_review,no,e-distribución — distribución eléctrica,https://www.edistribucion.com/es/conocenos/instalaciones-distribucion-red/distribucion-electrica.html,official_distributor_public,2026-05-06,e-distribución declara presencia en Aragón; revisar municipios y posibles pequeñas antes de producción.
aragon,Chía,"e-distribución Redes Digitales, S.L.U.",regional_default_candidate,needs_municipal_review,no,e-distribución — distribución eléctrica,https://www.edistribucion.com/es/conocenos/instalaciones-distribucion-red/distribucion-electrica.html,official_distributor_public,2026-05-06,e-distribución declara presencia en Aragón; revisar municipios y posibles pequeñas antes de producción.
aragon,Chimillas,"e-distribución Redes Digitales, S.L.U.",regional_default_candidate,needs_municipal_review,no,e-distribución — distribución eléctrica,https://www.edistribucion.com/es/conocenos/instalaciones-distribucion-red/distribucion-electrica.html,official_distributor_public,2026-05-06,e-distribución declara presencia en Aragón; revisar municipios y posibles pequeñas antes de producción.
aragon,Chinchilla de Monte-Aragón,"e-distribución Redes Digitales, S.L.U.",regional_default_candidate,needs_municipal_review,no,e-distribución — distribución eléctrica,https://www.edistribucion.com/es/conocenos/instalaciones-distribucion-red/distribucion-electrica.html,official_distributor_public,2026-05-06,e-distribución declara presencia en Aragón; revisar municipios y posibles pequeñas antes de producción.
aragon,Chiprana,"e-distribución Redes Digitales, S.L.U.",regional_default_candidate,needs_municipal_review,no,e-distribución — distribución eléctrica,https://www.edistribucion.com/es/conocenos/instalaciones-distribucion-red/distribucion-electrica.html,official_distributor_public,2026-05-06,e-distribución declara presencia en Aragón; revisar municipios y posibles pequeñas antes de producción.
aragon,Chodes,"e-distribución Redes Digitales, S.L.U.",regional_default_candidate,needs_municipal_review,no,e-distribución — distribución eléctrica,https://www.edistribucion.com/es/conocenos/instalaciones-distribucion-red/distribucion-electrica.html,official_distributor_public,2026-05-06,e-distribución declara presencia en Aragón; revisar municipios y posibles pequeñas antes de producción.
aragon,Cimballa,"e-distribución Redes Digitales, S.L.U.",regional_default_candidate,needs_municipal_review,no,e-distribución — distribución eléctrica,https://www.edistribucion.com/es/conocenos/instalaciones-distribucion-red/distribucion-electrica.html,official_distributor_public,2026-05-06,e-distribución declara presencia en Aragón; revisar municipios y posibles pequeñas antes de producción.
aragon,Cinco Olivas,"e-distribución Redes Digitales, S.L.U.",regional_default_candidate,needs_municipal_review,no,e-distribución — distribución eléctrica,https://www.edistribucion.com/es/conocenos/instalaciones-distribucion-red/distribucion-electrica.html,official_distributor_public,2026-05-06,e-distribución declara presencia en Aragón; revisar municipios y posibles pequeñas antes de producción.
aragon,Clarés de Ribota,"e-distribución Redes Digitales, S.L.U.",regional_default_candidate,needs_municipal_review,no,e-distribución — distribución eléctrica,https://www.edistribucion.com/es/conocenos/instalaciones-distribucion-red/distribucion-electrica.html,official_distributor_public,2026-05-06,e-distribución declara presencia en Aragón; revisar municipios y posibles pequeñas antes de producción.
aragon,Codo,"e-distribución Redes Digitales, S.L.U.",regional_default_candidate,needs_municipal_review,no,e-distribución — distribución eléctrica,https://www.edistribucion.com/es/conocenos/instalaciones-distribucion-red/distribucion-electrica.html,official_distributor_public,2026-05-06,e-distribución declara presencia en Aragón; revisar municipios y posibles pequeñas antes de producción.
aragon,Codos,"e-distribución Redes Digitales, S.L.U.",regional_default_candidate,needs_municipal_review,no,e-distribución — distribución eléctrica,https://www.edistribucion.com/es/conocenos/instalaciones-distribucion-red/distribucion-electrica.html,official_distributor_public,2026-05-06,e-distribución declara presencia en Aragón; revisar municipios y posibles pequeñas antes de producción.
aragon,Colungo,"e-distribución Redes Digitales, S.L.U.",regional_default_candidate,needs_municipal_review,no,e-distribución — distribución eléctrica,https://www.edistribucion.com/es/conocenos/instalaciones-distribucion-red/distribucion-electrica.html,official_distributor_public,2026-05-06,e-distribución declara presencia en Aragón; revisar municipios y posibles pequeñas antes de producción.
aragon,Comunero de Ansó y Hecho,"e-distribución Redes Digitales, S.L.U.",regional_default_candidate,needs_municipal_review,no,e-distribución — distribución eléctrica,https://www.edistribucion.com/es/conocenos/instalaciones-distribucion-red/distribucion-electrica.html,official_distributor_public,2026-05-06,e-distribución declara presencia en Aragón; revisar municipios y posibles pequeñas antes de producción.
aragon,Comunidad de la Pardina del Mercadal,"e-distribución Redes Digitales, S.L.U.",regional_default_candidate,needs_municipal_review,no,e-distribución — distribución eléctrica,https://www.edistribucion.com/es/conocenos/instalaciones-distribucion-red/distribucion-electrica.html,official_distributor_public,2026-05-06,e-distribución declara presencia en Aragón; revisar municipios y posibles pequeñas antes de producción.
aragon,Contamina,"e-distribución Redes Digitales, S.L.U.",regional_default_candidate,needs_municipal_review,no,e-distribución — distribución eléctrica,https://www.edistribucion.com/es/conocenos/instalaciones-distribucion-red/distribucion-electrica.html,official_distributor_public,2026-05-06,e-distribución declara presencia en Aragón; revisar municipios y posibles pequeñas antes de producción.
aragon,Corbalán,"e-distribución Redes Digitales, S.L.U.",regional_default_candidate,needs_municipal_review,no,e-distribución — distribución eléctrica,https://www.edistribucion.com/es/conocenos/instalaciones-distribucion-red/distribucion-electrica.html,official_distributor_public,2026-05-06,e-distribución declara presencia en Aragón; revisar municipios y posibles pequeñas antes de producción.
aragon,Cortes de Aragón,"e-distribución Redes Digitales, S.L.U.",regional_default_candidate,needs_municipal_review,no,e-distribución — distribución eléctrica,https://www.edistribucion.com/es/conocenos/instalaciones-distribucion-red/distribucion-electrica.html,official_distributor_public,2026-05-06,e-distribución declara presencia en Aragón; revisar municipios y posibles pequeñas antes de producción.
aragon,Cosa,"e-distribución Redes Digitales, S.L.U.",regional_default_candidate,needs_municipal_review,no,e-distribución — distribución eléctrica,https://www.edistribucion.com/es/conocenos/instalaciones-distribucion-red/distribucion-electrica.html,official_distributor_public,2026-05-06,e-distribución declara presencia en Aragón; revisar municipios y posibles pequeñas antes de producción.
aragon,Cosuenda,"e-distribución Redes Digitales, S.L.U.",regional_default_candidate,needs_municipal_review,no,e-distribución — distribución eléctrica,https://www.edistribucion.com/es/conocenos/instalaciones-distribucion-red/distribucion-electrica.html,official_distributor_public,2026-05-06,e-distribución declara presencia en Aragón; revisar municipios y posibles pequeñas antes de producción.
aragon,Cretas,"e-distribución Redes Digitales, S.L.U.",regional_default_candidate,needs_municipal_review,no,e-distribución — distribución eléctrica,https://www.edistribucion.com/es/conocenos/instalaciones-distribucion-red/distribucion-electrica.html,official_distributor_public,2026-05-06,e-distribución declara presencia en Aragón; revisar municipios y posibles pequeñas antes de producción.
aragon,Crivillén,"e-distribución Redes Digitales, S.L.U.",regional_default_candidate,needs_municipal_review,no,e-distribución — distribución eléctrica,https://www.edistribucion.com/es/conocenos/instalaciones-distribucion-red/distribucion-electrica.html,official_distributor_public,2026-05-06,e-distribución declara presencia en Aragón; revisar municipios y posibles pequeñas antes de producción.
aragon,Cuarte de Huerva,"e-distribución Redes Digitales, S.L.U.",regional_default_candidate,needs_municipal_review,no,e-distribución — distribución eléctrica,https://www.edistribucion.com/es/conocenos/instalaciones-distribucion-red/distribucion-electrica.html,official_distributor_public,2026-05-06,e-distribución declara presencia en Aragón; revisar municipios y posibles pequeñas antes de producción.
aragon,Cubel,"e-distribución Redes Digitales, S.L.U.",regional_default_candidate,needs_municipal_review,no,e-distribución — distribución eléctrica,https://www.edistribucion.com/es/conocenos/instalaciones-distribucion-red/distribucion-electrica.html,official_distributor_public,2026-05-06,e-distribución declara presencia en Aragón; revisar municipios y posibles pequeñas antes de producción.
aragon,Cubla,"e-distribución Redes Digitales, S.L.U.",regional_default_candidate,needs_municipal_review,no,e-distribución — distribución eléctrica,https://www.edistribucion.com/es/conocenos/instalaciones-distribucion-red/distribucion-electrica.html,official_distributor_public,2026-05-06,e-distribución declara presencia en Aragón; revisar municipios y posibles pequeñas antes de producción.
aragon,Cucalón,"e-distribución Redes Digitales, S.L.U.",regional_default_candidate,needs_municipal_review,no,e-distribución — distribución eléctrica,https://www.edistribucion.com/es/conocenos/instalaciones-distribucion-red/distribucion-electrica.html,official_distributor_public,2026-05-06,e-distribución declara presencia en Aragón; revisar municipios y posibles pequeñas antes de producción.
aragon,Cuevas de Almudén,"e-distribución Redes Digitales, S.L.U.",regional_default_candidate,needs_municipal_review,no,e-distribución — distribución eléctrica,https://www.edistribucion.com/es/conocenos/instalaciones-distribucion-red/distribucion-electrica.html,official_distributor_public,2026-05-06,e-distribución declara presencia en Aragón; revisar municipios y posibles pequeñas antes de producción.
aragon,Cuevas Labradas,"e-distribución Redes Digitales, S.L.U.",regional_default_candidate,needs_municipal_review,no,e-distribución — distribución eléctrica,https://www.edistribucion.com/es/conocenos/instalaciones-distribucion-red/distribucion-electrica.html,official_distributor_public,2026-05-06,e-distribución declara presencia en Aragón; revisar municipios y posibles pequeñas antes de producción.
aragon,Daroca,"e-distribución Redes Digitales, S.L.U.",regional_default_candidate,needs_municipal_review,no,e-distribución — distribución eléctrica,https://www.edistribucion.com/es/conocenos/instalaciones-distribucion-red/distribucion-electrica.html,official_distributor_public,2026-05-06,e-distribución declara presencia en Aragón; revisar municipios y posibles pequeñas antes de producción.
aragon,Ejea de los Caballeros,"e-distribución Redes Digitales, S.L.U.",regional_default_candidate,needs_municipal_review,no,e-distribución — distribución eléctrica,https://www.edistribucion.com/es/conocenos/instalaciones-distribucion-red/distribucion-electrica.html,official_distributor_public,2026-05-06,e-distribución declara presencia en Aragón; revisar municipios y posibles pequeñas antes de producción.
aragon,Ejulve,"e-distribución Redes Digitales, S.L.U.",regional_default_candidate,needs_municipal_review,no,e-distribución — distribución eléctrica,https://www.edistribucion.com/es/conocenos/instalaciones-distribucion-red/distribucion-electrica.html,official_distributor_public,2026-05-06,e-distribución declara presencia en Aragón; revisar municipios y posibles pequeñas antes de producción.
aragon,El Burgo de Ebro,"e-distribución Redes Digitales, S.L.U.",regional_default_candidate,needs_municipal_review,no,e-distribución — distribución eléctrica,https://www.edistribucion.com/es/conocenos/instalaciones-distribucion-red/distribucion-electrica.html,official_distributor_public,2026-05-06,e-distribución declara presencia en Aragón; revisar municipios y posibles pequeñas antes de producción.
aragon,El Buste,"e-distribución Redes Digitales, S.L.U.",regional_default_candidate,needs_municipal_review,no,e-distribución — distribución eléctrica,https://www.edistribucion.com/es/conocenos/instalaciones-distribucion-red/distribucion-electrica.html,official_distributor_public,2026-05-06,e-distribución declara presencia en Aragón; revisar municipios y posibles pequeñas antes de producción.
aragon,El Castellar,"e-distribución Redes Digitales, S.L.U.",regional_default_candidate,needs_municipal_review,no,e-distribución — distribución eléctrica,https://www.edistribucion.com/es/conocenos/instalaciones-distribucion-red/distribucion-electrica.html,official_distributor_public,2026-05-06,e-distribución declara presencia en Aragón; revisar municipios y posibles pequeñas antes de producción.
aragon,El Cuervo,"e-distribución Redes Digitales, S.L.U.",regional_default_candidate,needs_municipal_review,no,e-distribución — distribución eléctrica,https://www.edistribucion.com/es/conocenos/instalaciones-distribucion-red/distribucion-electrica.html,official_distributor_public,2026-05-06,e-distribución declara presencia en Aragón; revisar municipios y posibles pequeñas antes de producción.
aragon,El Frago,"e-distribución Redes Digitales, S.L.U.",regional_default_candidate,needs_municipal_review,no,e-distribución — distribución eléctrica,https://www.edistribucion.com/es/conocenos/instalaciones-distribucion-red/distribucion-electrica.html,official_distributor_public,2026-05-06,e-distribución declara presencia en Aragón; revisar municipios y posibles pequeñas antes de producción.
aragon,El Franco,"e-distribución Redes Digitales, S.L.U.",regional_default_candidate,needs_municipal_review,no,e-distribución — distribución eléctrica,https://www.edistribucion.com/es/conocenos/instalaciones-distribucion-red/distribucion-electrica.html,official_distributor_public,2026-05-06,e-distribución declara presencia en Aragón; revisar municipios y posibles pequeñas antes de producción.
aragon,El Frasno,"e-distribución Redes Digitales, S.L.U.",regional_default_candidate,needs_municipal_review,no,e-distribución — distribución eléctrica,https://www.edistribucion.com/es/conocenos/instalaciones-distribucion-red/distribucion-electrica.html,official_distributor_public,2026-05-06,e-distribución declara presencia en Aragón; revisar municipios y posibles pequeñas antes de producción.
aragon,El Grado,"e-distribución Redes Digitales, S.L.U.",regional_default_candidate,needs_municipal_review,no,e-distribución — distribución eléctrica,https://www.edistribucion.com/es/conocenos/instalaciones-distribucion-red/distribucion-electrica.html,official_distributor_public,2026-05-06,e-distribución declara presencia en Aragón; revisar municipios y posibles pequeñas antes de producción.
aragon,El Pobo,"e-distribución Redes Digitales, S.L.U.",regional_default_candidate,needs_municipal_review,no,e-distribución — distribución eléctrica,https://www.edistribucion.com/es/conocenos/instalaciones-distribucion-red/distribucion-electrica.html,official_distributor_public,2026-05-06,e-distribución declara presencia en Aragón; revisar municipios y posibles pequeñas antes de producción.
aragon,El Pueyo de Araguás,"e-distribución Redes Digitales, S.L.U.",regional_default_candidate,needs_municipal_review,no,e-distribución — distribución eléctrica,https://www.edistribucion.com/es/conocenos/instalaciones-distribucion-red/distribucion-electrica.html,official_distributor_public,2026-05-06,e-distribución declara presencia en Aragón; revisar municipios y posibles pequeñas antes de producción.
aragon,El Vallecillo,"e-distribución Redes Digitales, S.L.U.",regional_default_candidate,needs_municipal_review,no,e-distribución — distribución eléctrica,https://www.edistribucion.com/es/conocenos/instalaciones-distribucion-red/distribucion-electrica.html,official_distributor_public,2026-05-06,e-distribución declara presencia en Aragón; revisar municipios y posibles pequeñas antes de producción.
aragon,Embid de Ariza,"e-distribución Redes Digitales, S.L.U.",regional_default_candidate,needs_municipal_review,no,e-distribución — distribución eléctrica,https://www.edistribucion.com/es/conocenos/instalaciones-distribucion-red/distribucion-electrica.html,official_distributor_public,2026-05-06,e-distribución declara presencia en Aragón; revisar municipios y posibles pequeñas antes de producción.
aragon,Encinacorba,"e-distribución Redes Digitales, S.L.U.",regional_default_candidate,needs_municipal_review,no,e-distribución — distribución eléctrica,https://www.edistribucion.com/es/conocenos/instalaciones-distribucion-red/distribucion-electrica.html,official_distributor_public,2026-05-06,e-distribución declara presencia en Aragón; revisar municipios y posibles pequeñas antes de producción.
aragon,Épila,"e-distribución Redes Digitales, S.L.U.",regional_default_candidate,needs_municipal_review,no,e-distribución — distribución eléctrica,https://www.edistribucion.com/es/conocenos/instalaciones-distribucion-red/distribucion-electrica.html,official_distributor_public,2026-05-06,e-distribución declara presencia en Aragón; revisar municipios y posibles pequeñas antes de producción.
aragon,Erla,"e-distribución Redes Digitales, S.L.U.",regional_default_candidate,needs_municipal_review,no,e-distribución — distribución eléctrica,https://www.edistribucion.com/es/conocenos/instalaciones-distribucion-red/distribucion-electrica.html,official_distributor_public,2026-05-06,e-distribución declara presencia en Aragón; revisar municipios y posibles pequeñas antes de producción.
aragon,Escatrón,"e-distribución Redes Digitales, S.L.U.",regional_default_candidate,needs_municipal_review,no,e-distribución — distribución eléctrica,https://www.edistribucion.com/es/conocenos/instalaciones-distribucion-red/distribucion-electrica.html,official_distributor_public,2026-05-06,e-distribución declara presencia en Aragón; revisar municipios y posibles pequeñas antes de producción.
aragon,Escorihuela,"e-distribución Redes Digitales, S.L.U.",regional_default_candidate,needs_municipal_review,no,e-distribución — distribución eléctrica,https://www.edistribucion.com/es/conocenos/instalaciones-distribucion-red/distribucion-electrica.html,official_distributor_public,2026-05-06,e-distribución declara presencia en Aragón; revisar municipios y posibles pequeñas antes de producción.
aragon,Escucha,"e-distribución Redes Digitales, S.L.U.",regional_default_candidate,needs_municipal_review,no,e-distribución — distribución eléctrica,https://www.edistribucion.com/es/conocenos/instalaciones-distribucion-red/distribucion-electrica.html,official_distributor_public,2026-05-06,e-distribución declara presencia en Aragón; revisar municipios y posibles pequeñas antes de producción.
aragon,Esplús,"e-distribución Redes Digitales, S.L.U.",regional_default_candidate,needs_municipal_review,no,e-distribución — distribución eléctrica,https://www.edistribucion.com/es/conocenos/instalaciones-distribucion-red/distribucion-electrica.html,official_distributor_public,2026-05-06,e-distribución declara presencia en Aragón; revisar municipios y posibles pequeñas antes de producción.
aragon,Estada,"e-distribución Redes Digitales, S.L.U.",regional_default_candidate,needs_municipal_review,no,e-distribución — distribución eléctrica,https://www.edistribucion.com/es/conocenos/instalaciones-distribucion-red/distribucion-electrica.html,official_distributor_public,2026-05-06,e-distribución declara presencia en Aragón; revisar municipios y posibles pequeñas antes de producción.
aragon,Estadilla,"e-distribución Redes Digitales, S.L.U.",regional_default_candidate,needs_municipal_review,no,e-distribución — distribución eléctrica,https://www.edistribucion.com/es/conocenos/instalaciones-distribucion-red/distribucion-electrica.html,official_distributor_public,2026-05-06,e-distribución declara presencia en Aragón; revisar municipios y posibles pequeñas antes de producción.
aragon,Estercuel,"e-distribución Redes Digitales, S.L.U.",regional_default_candidate,needs_municipal_review,no,e-distribución — distribución eléctrica,https://www.edistribucion.com/es/conocenos/instalaciones-distribucion-red/distribucion-electrica.html,official_distributor_public,2026-05-06,e-distribución declara presencia en Aragón; revisar municipios y posibles pequeñas antes de producción.
aragon,Estopiñán del Castillo,"e-distribución Redes Digitales, S.L.U.",regional_default_candidate,needs_municipal_review,no,e-distribución — distribución eléctrica,https://www.edistribucion.com/es/conocenos/instalaciones-distribucion-red/distribucion-electrica.html,official_distributor_public,2026-05-06,e-distribución declara presencia en Aragón; revisar municipios y posibles pequeñas antes de producción.
aragon,Fabara,"e-distribución Redes Digitales, S.L.U.",regional_default_candidate,needs_municipal_review,no,e-distribución — distribución eléctrica,https://www.edistribucion.com/es/conocenos/instalaciones-distribucion-red/distribucion-electrica.html,official_distributor_public,2026-05-06,e-distribución declara presencia en Aragón; revisar municipios y posibles pequeñas antes de producción.
aragon,Fago,"e-distribución Redes Digitales, S.L.U.",regional_default_candidate,needs_municipal_review,no,e-distribución — distribución eléctrica,https://www.edistribucion.com/es/conocenos/instalaciones-distribucion-red/distribucion-electrica.html,official_distributor_public,2026-05-06,e-distribución declara presencia en Aragón; revisar municipios y posibles pequeñas antes de producción.
aragon,Fanlo,"e-distribución Redes Digitales, S.L.U.",regional_default_candidate,needs_municipal_review,no,e-distribución — distribución eléctrica,https://www.edistribucion.com/es/conocenos/instalaciones-distribucion-red/distribucion-electrica.html,official_distributor_public,2026-05-06,e-distribución declara presencia en Aragón; revisar municipios y posibles pequeñas antes de producción.
aragon,Farlete,"e-distribución Redes Digitales, S.L.U.",regional_default_candidate,needs_municipal_review,no,e-distribución — distribución eléctrica,https://www.edistribucion.com/es/conocenos/instalaciones-distribucion-red/distribucion-electrica.html,official_distributor_public,2026-05-06,e-distribución declara presencia en Aragón; revisar municipios y posibles pequeñas antes de producción.
aragon,Fayón,"e-distribución Redes Digitales, S.L.U.",regional_default_candidate,needs_municipal_review,no,e-distribución — distribución eléctrica,https://www.edistribucion.com/es/conocenos/instalaciones-distribucion-red/distribucion-electrica.html,official_distributor_public,2026-05-06,e-distribución declara presencia en Aragón; revisar municipios y posibles pequeñas antes de producción.
aragon,Ferreruela de Huerva,"e-distribución Redes Digitales, S.L.U.",regional_default_candidate,needs_municipal_review,no,e-distribución — distribución eléctrica,https://www.edistribucion.com/es/conocenos/instalaciones-distribucion-red/distribucion-electrica.html,official_distributor_public,2026-05-06,e-distribución declara presencia en Aragón; revisar municipios y posibles pequeñas antes de producción.
aragon,Figueruelas,"e-distribución Redes Digitales, S.L.U.",regional_default_candidate,needs_municipal_review,no,e-distribución — distribución eléctrica,https://www.edistribucion.com/es/conocenos/instalaciones-distribucion-red/distribucion-electrica.html,official_distributor_public,2026-05-06,e-distribución declara presencia en Aragón; revisar municipios y posibles pequeñas antes de producción.
aragon,Fiscal,"e-distribución Redes Digitales, S.L.U.",regional_default_candidate,needs_municipal_review,no,e-distribución — distribución eléctrica,https://www.edistribucion.com/es/conocenos/instalaciones-distribucion-red/distribucion-electrica.html,official_distributor_public,2026-05-06,e-distribución declara presencia en Aragón; revisar municipios y posibles pequeñas antes de producción.
aragon,Fombuena,"e-distribución Redes Digitales, S.L.U.",regional_default_candidate,needs_municipal_review,no,e-distribución — distribución eléctrica,https://www.edistribucion.com/es/conocenos/instalaciones-distribucion-red/distribucion-electrica.html,official_distributor_public,2026-05-06,e-distribución declara presencia en Aragón; revisar municipios y posibles pequeñas antes de producción.
aragon,Fonfría,"e-distribución Redes Digitales, S.L.U.",regional_default_candidate,needs_municipal_review,no,e-distribución — distribución eléctrica,https://www.edistribucion.com/es/conocenos/instalaciones-distribucion-red/distribucion-electrica.html,official_distributor_public,2026-05-06,e-distribución declara presencia en Aragón; revisar municipios y posibles pequeñas antes de producción.
aragon,Fonz,"e-distribución Redes Digitales, S.L.U.",regional_default_candidate,needs_municipal_review,no,e-distribución — distribución eléctrica,https://www.edistribucion.com/es/conocenos/instalaciones-distribucion-red/distribucion-electrica.html,official_distributor_public,2026-05-06,e-distribución declara presencia en Aragón; revisar municipios y posibles pequeñas antes de producción.
aragon,Foradada del Toscar,"e-distribución Redes Digitales, S.L.U.",regional_default_candidate,needs_municipal_review,no,e-distribución — distribución eléctrica,https://www.edistribucion.com/es/conocenos/instalaciones-distribucion-red/distribucion-electrica.html,official_distributor_public,2026-05-06,e-distribución declara presencia en Aragón; revisar municipios y posibles pequeñas antes de producción.
aragon,Formiche Alto,"e-distribución Redes Digitales, S.L.U.",regional_default_candidate,needs_municipal_review,no,e-distribución — distribución eléctrica,https://www.edistribucion.com/es/conocenos/instalaciones-distribucion-red/distribucion-electrica.html,official_distributor_public,2026-05-06,e-distribución declara presencia en Aragón; revisar municipios y posibles pequeñas antes de producción.
aragon,Fórnoles,"e-distribución Redes Digitales, S.L.U.",regional_default_candidate,needs_municipal_review,no,e-distribución — distribución eléctrica,https://www.edistribucion.com/es/conocenos/instalaciones-distribucion-red/distribucion-electrica.html,official_distributor_public,2026-05-06,e-distribución declara presencia en Aragón; revisar municipios y posibles pequeñas antes de producción.
aragon,Fortanete,"e-distribución Redes Digitales, S.L.U.",regional_default_candidate,needs_municipal_review,no,e-distribución — distribución eléctrica,https://www.edistribucion.com/es/conocenos/instalaciones-distribucion-red/distribucion-electrica.html,official_distributor_public,2026-05-06,e-distribución declara presencia en Aragón; revisar municipios y posibles pequeñas antes de producción.
aragon,Foz-Calanda,"e-distribución Redes Digitales, S.L.U.",regional_default_candidate,needs_municipal_review,no,e-distribución — distribución eléctrica,https://www.edistribucion.com/es/conocenos/instalaciones-distribucion-red/distribucion-electrica.html,official_distributor_public,2026-05-06,e-distribución declara presencia en Aragón; revisar municipios y posibles pequeñas antes de producción.
aragon,Fraga,"e-distribución Redes Digitales, S.L.U.",regional_default_candidate,needs_municipal_review,no,e-distribución — distribución eléctrica,https://www.edistribucion.com/es/conocenos/instalaciones-distribucion-red/distribucion-electrica.html,official_distributor_public,2026-05-06,e-distribución declara presencia en Aragón; revisar municipios y posibles pequeñas antes de producción.
aragon,Fréscano,"e-distribución Redes Digitales, S.L.U.",regional_default_candidate,needs_municipal_review,no,e-distribución — distribución eléctrica,https://www.edistribucion.com/es/conocenos/instalaciones-distribucion-red/distribucion-electrica.html,official_distributor_public,2026-05-06,e-distribución declara presencia en Aragón; revisar municipios y posibles pequeñas antes de producción.
aragon,Frías de Albarracín,"e-distribución Redes Digitales, S.L.U.",regional_default_candidate,needs_municipal_review,no,e-distribución — distribución eléctrica,https://www.edistribucion.com/es/conocenos/instalaciones-distribucion-red/distribucion-electrica.html,official_distributor_public,2026-05-06,e-distribución declara presencia en Aragón; revisar municipios y posibles pequeñas antes de producción.
aragon,Fuendejalón,"e-distribución Redes Digitales, S.L.U.",regional_default_candidate,needs_municipal_review,no,e-distribución — distribución eléctrica,https://www.edistribucion.com/es/conocenos/instalaciones-distribucion-red/distribucion-electrica.html,official_distributor_public,2026-05-06,e-distribución declara presencia en Aragón; revisar municipios y posibles pequeñas antes de producción.
aragon,Fuendetodos,"e-distribución Redes Digitales, S.L.U.",regional_default_candidate,needs_municipal_review,no,e-distribución — distribución eléctrica,https://www.edistribucion.com/es/conocenos/instalaciones-distribucion-red/distribucion-electrica.html,official_distributor_public,2026-05-06,e-distribución declara presencia en Aragón; revisar municipios y posibles pequeñas antes de producción.
aragon,Fuenferrada,"e-distribución Redes Digitales, S.L.U.",regional_default_candidate,needs_municipal_review,no,e-distribución — distribución eléctrica,https://www.edistribucion.com/es/conocenos/instalaciones-distribucion-red/distribucion-electrica.html,official_distributor_public,2026-05-06,e-distribución declara presencia en Aragón; revisar municipios y posibles pequeñas antes de producción.
aragon,Fuentes Calientes,"e-distribución Redes Digitales, S.L.U.",regional_default_candidate,needs_municipal_review,no,e-distribución — distribución eléctrica,https://www.edistribucion.com/es/conocenos/instalaciones-distribucion-red/distribucion-electrica.html,official_distributor_public,2026-05-06,e-distribución declara presencia en Aragón; revisar municipios y posibles pequeñas antes de producción.
aragon,Fuentes Claras,"e-distribución Redes Digitales, S.L.U.",regional_default_candidate,needs_municipal_review,no,e-distribución — distribución eléctrica,https://www.edistribucion.com/es/conocenos/instalaciones-distribucion-red/distribucion-electrica.html,official_distributor_public,2026-05-06,e-distribución declara presencia en Aragón; revisar municipios y posibles pequeñas antes de producción.
aragon,Fuentes de Ebro,"e-distribución Redes Digitales, S.L.U.",regional_default_candidate,needs_municipal_review,no,e-distribución — distribución eléctrica,https://www.edistribucion.com/es/conocenos/instalaciones-distribucion-red/distribucion-electrica.html,official_distributor_public,2026-05-06,e-distribución declara presencia en Aragón; revisar municipios y posibles pequeñas antes de producción.
aragon,Fuentes de Jiloca,"e-distribución Redes Digitales, S.L.U.",regional_default_candidate,needs_municipal_review,no,e-distribución — distribución eléctrica,https://www.edistribucion.com/es/conocenos/instalaciones-distribucion-red/distribucion-electrica.html,official_distributor_public,2026-05-06,e-distribución declara presencia en Aragón; revisar municipios y posibles pequeñas antes de producción.
aragon,Fuentes de Rubielos,"e-distribución Redes Digitales, S.L.U.",regional_default_candidate,needs_municipal_review,no,e-distribución — distribución eléctrica,https://www.edistribucion.com/es/conocenos/instalaciones-distribucion-red/distribucion-electrica.html,official_distributor_public,2026-05-06,e-distribución declara presencia en Aragón; revisar municipios y posibles pequeñas antes de producción.
aragon,Fuentespalda,"e-distribución Redes Digitales, S.L.U.",regional_default_candidate,needs_municipal_review,no,e-distribución — distribución eléctrica,https://www.edistribucion.com/es/conocenos/instalaciones-distribucion-red/distribucion-electrica.html,official_distributor_public,2026-05-06,e-distribución declara presencia en Aragón; revisar municipios y posibles pequeñas antes de producción.
aragon,Gallocanta,"e-distribución Redes Digitales, S.L.U.",regional_default_candidate,needs_municipal_review,no,e-distribución — distribución eléctrica,https://www.edistribucion.com/es/conocenos/instalaciones-distribucion-red/distribucion-electrica.html,official_distributor_public,2026-05-06,e-distribución declara presencia en Aragón; revisar municipios y posibles pequeñas antes de producción.
aragon,Gallur,"e-distribución Redes Digitales, S.L.U.",regional_default_candidate,needs_municipal_review,no,e-distribución — distribución eléctrica,https://www.edistribucion.com/es/conocenos/instalaciones-distribucion-red/distribucion-electrica.html,official_distributor_public,2026-05-06,e-distribución declara presencia en Aragón; revisar municipios y posibles pequeñas antes de producción.
aragon,Galve,"e-distribución Redes Digitales, S.L.U.",regional_default_candidate,needs_municipal_review,no,e-distribución — distribución eléctrica,https://www.edistribucion.com/es/conocenos/instalaciones-distribucion-red/distribucion-electrica.html,official_distributor_public,2026-05-06,e-distribución declara presencia en Aragón; revisar municipios y posibles pequeñas antes de producción.
aragon,Gargallo,"e-distribución Redes Digitales, S.L.U.",regional_default_candidate,needs_municipal_review,no,e-distribución — distribución eléctrica,https://www.edistribucion.com/es/conocenos/instalaciones-distribucion-red/distribucion-electrica.html,official_distributor_public,2026-05-06,e-distribución declara presencia en Aragón; revisar municipios y posibles pequeñas antes de producción.
aragon,Gea de Albarracín,"e-distribución Redes Digitales, S.L.U.",regional_default_candidate,needs_municipal_review,no,e-distribución — distribución eléctrica,https://www.edistribucion.com/es/conocenos/instalaciones-distribucion-red/distribucion-electrica.html,official_distributor_public,2026-05-06,e-distribución declara presencia en Aragón; revisar municipios y posibles pequeñas antes de producción.
aragon,Gelsa,"e-distribución Redes Digitales, S.L.U.",regional_default_candidate,needs_municipal_review,no,e-distribución — distribución eléctrica,https://www.edistribucion.com/es/conocenos/instalaciones-distribucion-red/distribucion-electrica.html,official_distributor_public,2026-05-06,e-distribución declara presencia en Aragón; revisar municipios y posibles pequeñas antes de producción.
aragon,Gistaín,"e-distribución Redes Digitales, S.L.U.",regional_default_candidate,needs_municipal_review,no,e-distribución — distribución eléctrica,https://www.edistribucion.com/es/conocenos/instalaciones-distribucion-red/distribucion-electrica.html,official_distributor_public,2026-05-06,e-distribución declara presencia en Aragón; revisar municipios y posibles pequeñas antes de producción.
aragon,Godojos,"e-distribución Redes Digitales, S.L.U.",regional_default_candidate,needs_municipal_review,no,e-distribución — distribución eléctrica,https://www.edistribucion.com/es/conocenos/instalaciones-distribucion-red/distribucion-electrica.html,official_distributor_public,2026-05-06,e-distribución declara presencia en Aragón; revisar municipios y posibles pequeñas antes de producción.
aragon,Gotor,"e-distribución Redes Digitales, S.L.U.",regional_default_candidate,needs_municipal_review,no,e-distribución — distribución eléctrica,https://www.edistribucion.com/es/conocenos/instalaciones-distribucion-red/distribucion-electrica.html,official_distributor_public,2026-05-06,e-distribución declara presencia en Aragón; revisar municipios y posibles pequeñas antes de producción.
aragon,Grañén,"e-distribución Redes Digitales, S.L.U.",regional_default_candidate,needs_municipal_review,no,e-distribución — distribución eléctrica,https://www.edistribucion.com/es/conocenos/instalaciones-distribucion-red/distribucion-electrica.html,official_distributor_public,2026-05-06,e-distribución declara presencia en Aragón; revisar municipios y posibles pequeñas antes de producción.
aragon,Graus,"e-distribución Redes Digitales, S.L.U.",regional_default_candidate,needs_municipal_review,no,e-distribución — distribución eléctrica,https://www.edistribucion.com/es/conocenos/instalaciones-distribucion-red/distribucion-electrica.html,official_distributor_public,2026-05-06,e-distribución declara presencia en Aragón; revisar municipios y posibles pequeñas antes de producción.
aragon,Griegos,"e-distribución Redes Digitales, S.L.U.",regional_default_candidate,needs_municipal_review,no,e-distribución — distribución eléctrica,https://www.edistribucion.com/es/conocenos/instalaciones-distribucion-red/distribucion-electrica.html,official_distributor_public,2026-05-06,e-distribución declara presencia en Aragón; revisar municipios y posibles pequeñas antes de producción.
aragon,Grisel,"e-distribución Redes Digitales, S.L.U.",regional_default_candidate,needs_municipal_review,no,e-distribución — distribución eléctrica,https://www.edistribucion.com/es/conocenos/instalaciones-distribucion-red/distribucion-electrica.html,official_distributor_public,2026-05-06,e-distribución declara presencia en Aragón; revisar municipios y posibles pequeñas antes de producción.
aragon,Grisén,"e-distribución Redes Digitales, S.L.U.",regional_default_candidate,needs_municipal_review,no,e-distribución — distribución eléctrica,https://www.edistribucion.com/es/conocenos/instalaciones-distribucion-red/distribucion-electrica.html,official_distributor_public,2026-05-06,e-distribución declara presencia en Aragón; revisar municipios y posibles pequeñas antes de producción.
aragon,Guadalaviar,"e-distribución Redes Digitales, S.L.U.",regional_default_candidate,needs_municipal_review,no,e-distribución — distribución eléctrica,https://www.edistribucion.com/es/conocenos/instalaciones-distribucion-red/distribucion-electrica.html,official_distributor_public,2026-05-06,e-distribución declara presencia en Aragón; revisar municipios y posibles pequeñas antes de producción.
aragon,Gúdar,"e-distribución Redes Digitales, S.L.U.",regional_default_candidate,needs_municipal_review,no,e-distribución — distribución eléctrica,https://www.edistribucion.com/es/conocenos/instalaciones-distribucion-red/distribucion-electrica.html,official_distributor_public,2026-05-06,e-distribución declara presencia en Aragón; revisar municipios y posibles pequeñas antes de producción.
aragon,Gurrea de Gállego,"e-distribución Redes Digitales, S.L.U.",regional_default_candidate,needs_municipal_review,no,e-distribución — distribución eléctrica,https://www.edistribucion.com/es/conocenos/instalaciones-distribucion-red/distribucion-electrica.html,official_distributor_public,2026-05-06,e-distribución declara presencia en Aragón; revisar municipios y posibles pequeñas antes de producción.
aragon,Herrera de los Navarros,"e-distribución Redes Digitales, S.L.U.",regional_default_candidate,needs_municipal_review,no,e-distribución — distribución eléctrica,https://www.edistribucion.com/es/conocenos/instalaciones-distribucion-red/distribucion-electrica.html,official_distributor_public,2026-05-06,e-distribución declara presencia en Aragón; revisar municipios y posibles pequeñas antes de producción.
aragon,Híjar,"e-distribución Redes Digitales, S.L.U.",regional_default_candidate,needs_municipal_review,no,e-distribución — distribución eléctrica,https://www.edistribucion.com/es/conocenos/instalaciones-distribucion-red/distribucion-electrica.html,official_distributor_public,2026-05-06,e-distribución declara presencia en Aragón; revisar municipios y posibles pequeñas antes de producción.
aragon,Hinojosa de Jarque,"e-distribución Redes Digitales, S.L.U.",regional_default_candidate,needs_municipal_review,no,e-distribución — distribución eléctrica,https://www.edistribucion.com/es/conocenos/instalaciones-distribucion-red/distribucion-electrica.html,official_distributor_public,2026-05-06,e-distribución declara presencia en Aragón; revisar municipios y posibles pequeñas antes de producción.
aragon,Hoz de Jaca,"e-distribución Redes Digitales, S.L.U.",regional_default_candidate,needs_municipal_review,no,e-distribución — distribución eléctrica,https://www.edistribucion.com/es/conocenos/instalaciones-distribucion-red/distribucion-electrica.html,official_distributor_public,2026-05-06,e-distribución declara presencia en Aragón; revisar municipios y posibles pequeñas antes de producción.
aragon,Hoz y Costean,"e-distribución Redes Digitales, S.L.U.",regional_default_candidate,needs_municipal_review,no,e-distribución — distribución eléctrica,https://www.edistribucion.com/es/conocenos/instalaciones-distribucion-red/distribucion-electrica.html,official_distributor_public,2026-05-06,e-distribución declara presencia en Aragón; revisar municipios y posibles pequeñas antes de producción.
aragon,Huerto,"e-distribución Redes Digitales, S.L.U.",regional_default_candidate,needs_municipal_review,no,e-distribución — distribución eléctrica,https://www.edistribucion.com/es/conocenos/instalaciones-distribucion-red/distribucion-electrica.html,official_distributor_public,2026-05-06,e-distribución declara presencia en Aragón; revisar municipios y posibles pequeñas antes de producción.
aragon,Huesa del Común,"e-distribución Redes Digitales, S.L.U.",regional_default_candidate,needs_municipal_review,no,e-distribución — distribución eléctrica,https://www.edistribucion.com/es/conocenos/instalaciones-distribucion-red/distribucion-electrica.html,official_distributor_public,2026-05-06,e-distribución declara presencia en Aragón; revisar municipios y posibles pequeñas antes de producción.
aragon,Huesca,"e-distribución Redes Digitales, S.L.U.",regional_default_candidate,needs_municipal_review,no,e-distribución — distribución eléctrica,https://www.edistribucion.com/es/conocenos/instalaciones-distribucion-red/distribucion-electrica.html,official_distributor_public,2026-05-06,e-distribución declara presencia en Aragón; revisar municipios y posibles pequeñas antes de producción.
aragon,Ibdes,"e-distribución Redes Digitales, S.L.U.",regional_default_candidate,needs_municipal_review,no,e-distribución — distribución eléctrica,https://www.edistribucion.com/es/conocenos/instalaciones-distribucion-red/distribucion-electrica.html,official_distributor_public,2026-05-06,e-distribución declara presencia en Aragón; revisar municipios y posibles pequeñas antes de producción.
aragon,Ibieca,"e-distribución Redes Digitales, S.L.U.",regional_default_candidate,needs_municipal_review,no,e-distribución — distribución eléctrica,https://www.edistribucion.com/es/conocenos/instalaciones-distribucion-red/distribucion-electrica.html,official_distributor_public,2026-05-06,e-distribución declara presencia en Aragón; revisar municipios y posibles pequeñas antes de producción.
aragon,Igriés,"e-distribución Redes Digitales, S.L.U.",regional_default_candidate,needs_municipal_review,no,e-distribución — distribución eléctrica,https://www.edistribucion.com/es/conocenos/instalaciones-distribucion-red/distribucion-electrica.html,official_distributor_public,2026-05-06,e-distribución declara presencia en Aragón; revisar municipios y posibles pequeñas antes de producción.
aragon,Ilche,"e-distribución Redes Digitales, S.L.U.",regional_default_candidate,needs_municipal_review,no,e-distribución — distribución eléctrica,https://www.edistribucion.com/es/conocenos/instalaciones-distribucion-red/distribucion-electrica.html,official_distributor_public,2026-05-06,e-distribución declara presencia en Aragón; revisar municipios y posibles pequeñas antes de producción.
aragon,Illueca,"e-distribución Redes Digitales, S.L.U.",regional_default_candidate,needs_municipal_review,no,e-distribución — distribución eléctrica,https://www.edistribucion.com/es/conocenos/instalaciones-distribucion-red/distribucion-electrica.html,official_distributor_public,2026-05-06,e-distribución declara presencia en Aragón; revisar municipios y posibles pequeñas antes de producción.
aragon,Isábena,"e-distribución Redes Digitales, S.L.U.",regional_default_candidate,needs_municipal_review,no,e-distribución — distribución eléctrica,https://www.edistribucion.com/es/conocenos/instalaciones-distribucion-red/distribucion-electrica.html,official_distributor_public,2026-05-06,e-distribución declara presencia en Aragón; revisar municipios y posibles pequeñas antes de producción.
aragon,Isuerre,"e-distribución Redes Digitales, S.L.U.",regional_default_candidate,needs_municipal_review,no,e-distribución — distribución eléctrica,https://www.edistribucion.com/es/conocenos/instalaciones-distribucion-red/distribucion-electrica.html,official_distributor_public,2026-05-06,e-distribución declara presencia en Aragón; revisar municipios y posibles pequeñas antes de producción.
aragon,Jabaloyas,"e-distribución Redes Digitales, S.L.U.",regional_default_candidate,needs_municipal_review,no,e-distribución — distribución eléctrica,https://www.edistribucion.com/es/conocenos/instalaciones-distribucion-red/distribucion-electrica.html,official_distributor_public,2026-05-06,e-distribución declara presencia en Aragón; revisar municipios y posibles pequeñas antes de producción.
aragon,Jaca,"e-distribución Redes Digitales, S.L.U.",regional_default_candidate,needs_municipal_review,no,e-distribución — distribución eléctrica,https://www.edistribucion.com/es/conocenos/instalaciones-distribucion-red/distribucion-electrica.html,official_distributor_public,2026-05-06,e-distribución declara presencia en Aragón; revisar municipios y posibles pequeñas antes de producción.
aragon,Jaraba,"e-distribución Redes Digitales, S.L.U.",regional_default_candidate,needs_municipal_review,no,e-distribución — distribución eléctrica,https://www.edistribucion.com/es/conocenos/instalaciones-distribucion-red/distribucion-electrica.html,official_distributor_public,2026-05-06,e-distribución declara presencia en Aragón; revisar municipios y posibles pequeñas antes de producción.
aragon,Jarque de la Val,"e-distribución Redes Digitales, S.L.U.",regional_default_candidate,needs_municipal_review,no,e-distribución — distribución eléctrica,https://www.edistribucion.com/es/conocenos/instalaciones-distribucion-red/distribucion-electrica.html,official_distributor_public,2026-05-06,e-distribución declara presencia en Aragón; revisar municipios y posibles pequeñas antes de producción.
aragon,Jarque de Moncayo,"e-distribución Redes Digitales, S.L.U.",regional_default_candidate,needs_municipal_review,no,e-distribución — distribución eléctrica,https://www.edistribucion.com/es/conocenos/instalaciones-distribucion-red/distribucion-electrica.html,official_distributor_public,2026-05-06,e-distribución declara presencia en Aragón; revisar municipios y posibles pequeñas antes de producción.
aragon,Jasa,"e-distribución Redes Digitales, S.L.U.",regional_default_candidate,needs_municipal_review,no,e-distribución — distribución eléctrica,https://www.edistribucion.com/es/conocenos/instalaciones-distribucion-red/distribucion-electrica.html,official_distributor_public,2026-05-06,e-distribución declara presencia en Aragón; revisar municipios y posibles pequeñas antes de producción.
aragon,Jatiel,"e-distribución Redes Digitales, S.L.U.",regional_default_candidate,needs_municipal_review,no,e-distribución — distribución eléctrica,https://www.edistribucion.com/es/conocenos/instalaciones-distribucion-red/distribucion-electrica.html,official_distributor_public,2026-05-06,e-distribución declara presencia en Aragón; revisar municipios y posibles pequeñas antes de producción.
aragon,Jaulín,"e-distribución Redes Digitales, S.L.U.",regional_default_candidate,needs_municipal_review,no,e-distribución — distribución eléctrica,https://www.edistribucion.com/es/conocenos/instalaciones-distribucion-red/distribucion-electrica.html,official_distributor_public,2026-05-06,e-distribución declara presencia en Aragón; revisar municipios y posibles pequeñas antes de producción.
aragon,Jorcas,"e-distribución Redes Digitales, S.L.U.",regional_default_candidate,needs_municipal_review,no,e-distribución — distribución eléctrica,https://www.edistribucion.com/es/conocenos/instalaciones-distribucion-red/distribucion-electrica.html,official_distributor_public,2026-05-06,e-distribución declara presencia en Aragón; revisar municipios y posibles pequeñas antes de producción.
aragon,Josa,"e-distribución Redes Digitales, S.L.U.",regional_default_candidate,needs_municipal_review,no,e-distribución — distribución eléctrica,https://www.edistribucion.com/es/conocenos/instalaciones-distribucion-red/distribucion-electrica.html,official_distributor_public,2026-05-06,e-distribución declara presencia en Aragón; revisar municipios y posibles pequeñas antes de producción.
aragon,La Almolda,"e-distribución Redes Digitales, S.L.U.",regional_default_candidate,needs_municipal_review,no,e-distribución — distribución eléctrica,https://www.edistribucion.com/es/conocenos/instalaciones-distribucion-red/distribucion-electrica.html,official_distributor_public,2026-05-06,e-distribución declara presencia en Aragón; revisar municipios y posibles pequeñas antes de producción.
aragon,La Almunia de Doña Godina,"e-distribución Redes Digitales, S.L.U.",regional_default_candidate,needs_municipal_review,no,e-distribución — distribución eléctrica,https://www.edistribucion.com/es/conocenos/instalaciones-distribucion-red/distribucion-electrica.html,official_distributor_public,2026-05-06,e-distribución declara presencia en Aragón; revisar municipios y posibles pequeñas antes de producción.
aragon,La Cañada de Verich,"e-distribución Redes Digitales, S.L.U.",regional_default_candidate,needs_municipal_review,no,e-distribución — distribución eléctrica,https://www.edistribucion.com/es/conocenos/instalaciones-distribucion-red/distribucion-electrica.html,official_distributor_public,2026-05-06,e-distribución declara presencia en Aragón; revisar municipios y posibles pequeñas antes de producción.
aragon,La Cerollera,"e-distribución Redes Digitales, S.L.U.",regional_default_candidate,needs_municipal_review,no,e-distribución — distribución eléctrica,https://www.edistribucion.com/es/conocenos/instalaciones-distribucion-red/distribucion-electrica.html,official_distributor_public,2026-05-06,e-distribución declara presencia en Aragón; revisar municipios y posibles pequeñas antes de producción.
aragon,La Codoñera,"e-distribución Redes Digitales, S.L.U.",regional_default_candidate,needs_municipal_review,no,e-distribución — distribución eléctrica,https://www.edistribucion.com/es/conocenos/instalaciones-distribucion-red/distribucion-electrica.html,official_distributor_public,2026-05-06,e-distribución declara presencia en Aragón; revisar municipios y posibles pequeñas antes de producción.
aragon,La Cuba,"e-distribución Redes Digitales, S.L.U.",regional_default_candidate,needs_municipal_review,no,e-distribución — distribución eléctrica,https://www.edistribucion.com/es/conocenos/instalaciones-distribucion-red/distribucion-electrica.html,official_distributor_public,2026-05-06,e-distribución declara presencia en Aragón; revisar municipios y posibles pequeñas antes de producción.
aragon,La Fresneda,"e-distribución Redes Digitales, S.L.U.",regional_default_candidate,needs_municipal_review,no,e-distribución — distribución eléctrica,https://www.edistribucion.com/es/conocenos/instalaciones-distribucion-red/distribucion-electrica.html,official_distributor_public,2026-05-06,e-distribución declara presencia en Aragón; revisar municipios y posibles pequeñas antes de producción.
aragon,La Fueva,"e-distribución Redes Digitales, S.L.U.",regional_default_candidate,needs_municipal_review,no,e-distribución — distribución eléctrica,https://www.edistribucion.com/es/conocenos/instalaciones-distribucion-red/distribucion-electrica.html,official_distributor_public,2026-05-06,e-distribución declara presencia en Aragón; revisar municipios y posibles pequeñas antes de producción.
aragon,La Ginebrosa,"e-distribución Redes Digitales, S.L.U.",regional_default_candidate,needs_municipal_review,no,e-distribución — distribución eléctrica,https://www.edistribucion.com/es/conocenos/instalaciones-distribucion-red/distribucion-electrica.html,official_distributor_public,2026-05-06,e-distribución declara presencia en Aragón; revisar municipios y posibles pequeñas antes de producción.
aragon,La Hoz de la Vieja,"e-distribución Redes Digitales, S.L.U.",regional_default_candidate,needs_municipal_review,no,e-distribución — distribución eléctrica,https://www.edistribucion.com/es/conocenos/instalaciones-distribucion-red/distribucion-electrica.html,official_distributor_public,2026-05-06,e-distribución declara presencia en Aragón; revisar municipios y posibles pequeñas antes de producción.
aragon,La Iglesuela del Cid,"e-distribución Redes Digitales, S.L.U.",regional_default_candidate,needs_municipal_review,no,e-distribución — distribución eléctrica,https://www.edistribucion.com/es/conocenos/instalaciones-distribucion-red/distribucion-electrica.html,official_distributor_public,2026-05-06,e-distribución declara presencia en Aragón; revisar municipios y posibles pequeñas antes de producción.
aragon,La Joyosa,"e-distribución Redes Digitales, S.L.U.",regional_default_candidate,needs_municipal_review,no,e-distribución — distribución eléctrica,https://www.edistribucion.com/es/conocenos/instalaciones-distribucion-red/distribucion-electrica.html,official_distributor_public,2026-05-06,e-distribución declara presencia en Aragón; revisar municipios y posibles pequeñas antes de producción.
aragon,La Mata de los Olmos,"e-distribución Redes Digitales, S.L.U.",regional_default_candidate,needs_municipal_review,no,e-distribución — distribución eléctrica,https://www.edistribucion.com/es/conocenos/instalaciones-distribucion-red/distribucion-electrica.html,official_distributor_public,2026-05-06,e-distribución declara presencia en Aragón; revisar municipios y posibles pequeñas antes de producción.
aragon,La Muela,"e-distribución Redes Digitales, S.L.U.",regional_default_candidate,needs_municipal_review,no,e-distribución — distribución eléctrica,https://www.edistribucion.com/es/conocenos/instalaciones-distribucion-red/distribucion-electrica.html,official_distributor_public,2026-05-06,e-distribución declara presencia en Aragón; revisar municipios y posibles pequeñas antes de producción.
aragon,La Portellada,"e-distribución Redes Digitales, S.L.U.",regional_default_candidate,needs_municipal_review,no,e-distribución — distribución eléctrica,https://www.edistribucion.com/es/conocenos/instalaciones-distribucion-red/distribucion-electrica.html,official_distributor_public,2026-05-06,e-distribución declara presencia en Aragón; revisar municipios y posibles pequeñas antes de producción.
aragon,La Puebla de Alfindén,"e-distribución Redes Digitales, S.L.U.",regional_default_candidate,needs_municipal_review,no,e-distribución — distribución eléctrica,https://www.edistribucion.com/es/conocenos/instalaciones-distribucion-red/distribucion-electrica.html,official_distributor_public,2026-05-06,e-distribución declara presencia en Aragón; revisar municipios y posibles pequeñas antes de producción.
aragon,La Puebla de Castro,"e-distribución Redes Digitales, S.L.U.",regional_default_candidate,needs_municipal_review,no,e-distribución — distribución eléctrica,https://www.edistribucion.com/es/conocenos/instalaciones-distribucion-red/distribucion-electrica.html,official_distributor_public,2026-05-06,e-distribución declara presencia en Aragón; revisar municipios y posibles pequeñas antes de producción.
aragon,La Puebla de Híjar,"e-distribución Redes Digitales, S.L.U.",regional_default_candidate,needs_municipal_review,no,e-distribución — distribución eléctrica,https://www.edistribucion.com/es/conocenos/instalaciones-distribucion-red/distribucion-electrica.html,official_distributor_public,2026-05-06,e-distribución declara presencia en Aragón; revisar municipios y posibles pequeñas antes de producción.
aragon,La Puebla de Valverde,"e-distribución Redes Digitales, S.L.U.",regional_default_candidate,needs_municipal_review,no,e-distribución — distribución eléctrica,https://www.edistribucion.com/es/conocenos/instalaciones-distribucion-red/distribucion-electrica.html,official_distributor_public,2026-05-06,e-distribución declara presencia en Aragón; revisar municipios y posibles pequeñas antes de producción.
aragon,La Sotonera,"e-distribución Redes Digitales, S.L.U.",regional_default_candidate,needs_municipal_review,no,e-distribución — distribución eléctrica,https://www.edistribucion.com/es/conocenos/instalaciones-distribucion-red/distribucion-electrica.html,official_distributor_public,2026-05-06,e-distribución declara presencia en Aragón; revisar municipios y posibles pequeñas antes de producción.
aragon,La Vilueña,"e-distribución Redes Digitales, S.L.U.",regional_default_candidate,needs_municipal_review,no,e-distribución — distribución eléctrica,https://www.edistribucion.com/es/conocenos/instalaciones-distribucion-red/distribucion-electrica.html,official_distributor_public,2026-05-06,e-distribución declara presencia en Aragón; revisar municipios y posibles pequeñas antes de producción.
aragon,La Zaida,"e-distribución Redes Digitales, S.L.U.",regional_default_candidate,needs_municipal_review,no,e-distribución — distribución eléctrica,https://www.edistribucion.com/es/conocenos/instalaciones-distribucion-red/distribucion-electrica.html,official_distributor_public,2026-05-06,e-distribución declara presencia en Aragón; revisar municipios y posibles pequeñas antes de producción.
aragon,La Zoma,"e-distribución Redes Digitales, S.L.U.",regional_default_candidate,needs_municipal_review,no,e-distribución — distribución eléctrica,https://www.edistribucion.com/es/conocenos/instalaciones-distribucion-red/distribucion-electrica.html,official_distributor_public,2026-05-06,e-distribución declara presencia en Aragón; revisar municipios y posibles pequeñas antes de producción.
aragon,Labuerda,"e-distribución Redes Digitales, S.L.U.",regional_default_candidate,needs_municipal_review,no,e-distribución — distribución eléctrica,https://www.edistribucion.com/es/conocenos/instalaciones-distribucion-red/distribucion-electrica.html,official_distributor_public,2026-05-06,e-distribución declara presencia en Aragón; revisar municipios y posibles pequeñas antes de producción.
aragon,Lagata,"e-distribución Redes Digitales, S.L.U.",regional_default_candidate,needs_municipal_review,no,e-distribución — distribución eléctrica,https://www.edistribucion.com/es/conocenos/instalaciones-distribucion-red/distribucion-electrica.html,official_distributor_public,2026-05-06,e-distribución declara presencia en Aragón; revisar municipios y posibles pequeñas antes de producción.
aragon,Lagueruela,"e-distribución Redes Digitales, S.L.U.",regional_default_candidate,needs_municipal_review,no,e-distribución — distribución eléctrica,https://www.edistribucion.com/es/conocenos/instalaciones-distribucion-red/distribucion-electrica.html,official_distributor_public,2026-05-06,e-distribución declara presencia en Aragón; revisar municipios y posibles pequeñas antes de producción.
aragon,Laluenga,"e-distribución Redes Digitales, S.L.U.",regional_default_candidate,needs_municipal_review,no,e-distribución — distribución eléctrica,https://www.edistribucion.com/es/conocenos/instalaciones-distribucion-red/distribucion-electrica.html,official_distributor_public,2026-05-06,e-distribución declara presencia en Aragón; revisar municipios y posibles pequeñas antes de producción.
aragon,Lalueza,"e-distribución Redes Digitales, S.L.U.",regional_default_candidate,needs_municipal_review,no,e-distribución — distribución eléctrica,https://www.edistribucion.com/es/conocenos/instalaciones-distribucion-red/distribucion-electrica.html,official_distributor_public,2026-05-06,e-distribución declara presencia en Aragón; revisar municipios y posibles pequeñas antes de producción.
aragon,Lanaja,"e-distribución Redes Digitales, S.L.U.",regional_default_candidate,needs_municipal_review,no,e-distribución — distribución eléctrica,https://www.edistribucion.com/es/conocenos/instalaciones-distribucion-red/distribucion-electrica.html,official_distributor_public,2026-05-06,e-distribución declara presencia en Aragón; revisar municipios y posibles pequeñas antes de producción.
aragon,Langa del Castillo,"e-distribución Redes Digitales, S.L.U.",regional_default_candidate,needs_municipal_review,no,e-distribución — distribución eléctrica,https://www.edistribucion.com/es/conocenos/instalaciones-distribucion-red/distribucion-electrica.html,official_distributor_public,2026-05-06,e-distribución declara presencia en Aragón; revisar municipios y posibles pequeñas antes de producción.
aragon,Lanzuela,"e-distribución Redes Digitales, S.L.U.",regional_default_candidate,needs_municipal_review,no,e-distribución — distribución eléctrica,https://www.edistribucion.com/es/conocenos/instalaciones-distribucion-red/distribucion-electrica.html,official_distributor_public,2026-05-06,e-distribución declara presencia en Aragón; revisar municipios y posibles pequeñas antes de producción.
aragon,Laperdiguera,"e-distribución Redes Digitales, S.L.U.",regional_default_candidate,needs_municipal_review,no,e-distribución — distribución eléctrica,https://www.edistribucion.com/es/conocenos/instalaciones-distribucion-red/distribucion-electrica.html,official_distributor_public,2026-05-06,e-distribución declara presencia en Aragón; revisar municipios y posibles pequeñas antes de producción.
aragon,Las Cuerlas,"e-distribución Redes Digitales, S.L.U.",regional_default_candidate,needs_municipal_review,no,e-distribución — distribución eléctrica,https://www.edistribucion.com/es/conocenos/instalaciones-distribucion-red/distribucion-electrica.html,official_distributor_public,2026-05-06,e-distribución declara presencia en Aragón; revisar municipios y posibles pequeñas antes de producción.
aragon,Las Parras de Castellote,"e-distribución Redes Digitales, S.L.U.",regional_default_candidate,needs_municipal_review,no,e-distribución — distribución eléctrica,https://www.edistribucion.com/es/conocenos/instalaciones-distribucion-red/distribucion-electrica.html,official_distributor_public,2026-05-06,e-distribución declara presencia en Aragón; revisar municipios y posibles pequeñas antes de producción.
aragon,Las Pedrosas,"e-distribución Redes Digitales, S.L.U.",regional_default_candidate,needs_municipal_review,no,e-distribución — distribución eléctrica,https://www.edistribucion.com/es/conocenos/instalaciones-distribucion-red/distribucion-electrica.html,official_distributor_public,2026-05-06,e-distribución declara presencia en Aragón; revisar municipios y posibles pequeñas antes de producción.
aragon,Las Peñas de Riglos,"e-distribución Redes Digitales, S.L.U.",regional_default_candidate,needs_municipal_review,no,e-distribución — distribución eléctrica,https://www.edistribucion.com/es/conocenos/instalaciones-distribucion-red/distribucion-electrica.html,official_distributor_public,2026-05-06,e-distribución declara presencia en Aragón; revisar municipios y posibles pequeñas antes de producción.
aragon,Lascellas-Ponzano,"e-distribución Redes Digitales, S.L.U.",regional_default_candidate,needs_municipal_review,no,e-distribución — distribución eléctrica,https://www.edistribucion.com/es/conocenos/instalaciones-distribucion-red/distribucion-electrica.html,official_distributor_public,2026-05-06,e-distribución declara presencia en Aragón; revisar municipios y posibles pequeñas antes de producción.
aragon,Lascuarre,"e-distribución Redes Digitales, S.L.U.",regional_default_candidate,needs_municipal_review,no,e-distribución — distribución eléctrica,https://www.edistribucion.com/es/conocenos/instalaciones-distribucion-red/distribucion-electrica.html,official_distributor_public,2026-05-06,e-distribución declara presencia en Aragón; revisar municipios y posibles pequeñas antes de producción.
aragon,Laspaúles,"e-distribución Redes Digitales, S.L.U.",regional_default_candidate,needs_municipal_review,no,e-distribución — distribución eléctrica,https://www.edistribucion.com/es/conocenos/instalaciones-distribucion-red/distribucion-electrica.html,official_distributor_public,2026-05-06,e-distribución declara presencia en Aragón; revisar municipios y posibles pequeñas antes de producción.
aragon,Laspuña,"e-distribución Redes Digitales, S.L.U.",regional_default_candidate,needs_municipal_review,no,e-distribución — distribución eléctrica,https://www.edistribucion.com/es/conocenos/instalaciones-distribucion-red/distribucion-electrica.html,official_distributor_public,2026-05-06,e-distribución declara presencia en Aragón; revisar municipios y posibles pequeñas antes de producción.
aragon,Layana,"e-distribución Redes Digitales, S.L.U.",regional_default_candidate,needs_municipal_review,no,e-distribución — distribución eléctrica,https://www.edistribucion.com/es/conocenos/instalaciones-distribucion-red/distribucion-electrica.html,official_distributor_public,2026-05-06,e-distribución declara presencia en Aragón; revisar municipios y posibles pequeñas antes de producción.
aragon,Lécera,"e-distribución Redes Digitales, S.L.U.",regional_default_candidate,needs_municipal_review,no,e-distribución — distribución eléctrica,https://www.edistribucion.com/es/conocenos/instalaciones-distribucion-red/distribucion-electrica.html,official_distributor_public,2026-05-06,e-distribución declara presencia en Aragón; revisar municipios y posibles pequeñas antes de producción.
aragon,Lechón,"e-distribución Redes Digitales, S.L.U.",regional_default_candidate,needs_municipal_review,no,e-distribución — distribución eléctrica,https://www.edistribucion.com/es/conocenos/instalaciones-distribucion-red/distribucion-electrica.html,official_distributor_public,2026-05-06,e-distribución declara presencia en Aragón; revisar municipios y posibles pequeñas antes de producción.
aragon,Leciñena,"e-distribución Redes Digitales, S.L.U.",regional_default_candidate,needs_municipal_review,no,e-distribución — distribución eléctrica,https://www.edistribucion.com/es/conocenos/instalaciones-distribucion-red/distribucion-electrica.html,official_distributor_public,2026-05-06,e-distribución declara presencia en Aragón; revisar municipios y posibles pequeñas antes de producción.
aragon,Letux,"e-distribución Redes Digitales, S.L.U.",regional_default_candidate,needs_municipal_review,no,e-distribución — distribución eléctrica,https://www.edistribucion.com/es/conocenos/instalaciones-distribucion-red/distribucion-electrica.html,official_distributor_public,2026-05-06,e-distribución declara presencia en Aragón; revisar municipios y posibles pequeñas antes de producción.
aragon,Libros,"e-distribución Redes Digitales, S.L.U.",regional_default_candidate,needs_municipal_review,no,e-distribución — distribución eléctrica,https://www.edistribucion.com/es/conocenos/instalaciones-distribucion-red/distribucion-electrica.html,official_distributor_public,2026-05-06,e-distribución declara presencia en Aragón; revisar municipios y posibles pequeñas antes de producción.
aragon,Lidón,"e-distribución Redes Digitales, S.L.U.",regional_default_candidate,needs_municipal_review,no,e-distribución — distribución eléctrica,https://www.edistribucion.com/es/conocenos/instalaciones-distribucion-red/distribucion-electrica.html,official_distributor_public,2026-05-06,e-distribución declara presencia en Aragón; revisar municipios y posibles pequeñas antes de producción.
aragon,Linares de Mora,"e-distribución Redes Digitales, S.L.U.",regional_default_candidate,needs_municipal_review,no,e-distribución — distribución eléctrica,https://www.edistribucion.com/es/conocenos/instalaciones-distribucion-red/distribucion-electrica.html,official_distributor_public,2026-05-06,e-distribución declara presencia en Aragón; revisar municipios y posibles pequeñas antes de producción.
aragon,Litago,"e-distribución Redes Digitales, S.L.U.",regional_default_candidate,needs_municipal_review,no,e-distribución — distribución eléctrica,https://www.edistribucion.com/es/conocenos/instalaciones-distribucion-red/distribucion-electrica.html,official_distributor_public,2026-05-06,e-distribución declara presencia en Aragón; revisar municipios y posibles pequeñas antes de producción.
aragon,Lituénigo,"e-distribución Redes Digitales, S.L.U.",regional_default_candidate,needs_municipal_review,no,e-distribución — distribución eléctrica,https://www.edistribucion.com/es/conocenos/instalaciones-distribucion-red/distribucion-electrica.html,official_distributor_public,2026-05-06,e-distribución declara presencia en Aragón; revisar municipios y posibles pequeñas antes de producción.
aragon,Lledó,"e-distribución Redes Digitales, S.L.U.",regional_default_candidate,needs_municipal_review,no,e-distribución — distribución eléctrica,https://www.edistribucion.com/es/conocenos/instalaciones-distribucion-red/distribucion-electrica.html,official_distributor_public,2026-05-06,e-distribución declara presencia en Aragón; revisar municipios y posibles pequeñas antes de producción.
aragon,Loarre,"e-distribución Redes Digitales, S.L.U.",regional_default_candidate,needs_municipal_review,no,e-distribución — distribución eléctrica,https://www.edistribucion.com/es/conocenos/instalaciones-distribucion-red/distribucion-electrica.html,official_distributor_public,2026-05-06,e-distribución declara presencia en Aragón; revisar municipios y posibles pequeñas antes de producción.
aragon,Lobera de Onsella,"e-distribución Redes Digitales, S.L.U.",regional_default_candidate,needs_municipal_review,no,e-distribución — distribución eléctrica,https://www.edistribucion.com/es/conocenos/instalaciones-distribucion-red/distribucion-electrica.html,official_distributor_public,2026-05-06,e-distribución declara presencia en Aragón; revisar municipios y posibles pequeñas antes de producción.
aragon,Longares,"e-distribución Redes Digitales, S.L.U.",regional_default_candidate,needs_municipal_review,no,e-distribución — distribución eléctrica,https://www.edistribucion.com/es/conocenos/instalaciones-distribucion-red/distribucion-electrica.html,official_distributor_public,2026-05-06,e-distribución declara presencia en Aragón; revisar municipios y posibles pequeñas antes de producción.
aragon,Longás,"e-distribución Redes Digitales, S.L.U.",regional_default_candidate,needs_municipal_review,no,e-distribución — distribución eléctrica,https://www.edistribucion.com/es/conocenos/instalaciones-distribucion-red/distribucion-electrica.html,official_distributor_public,2026-05-06,e-distribución declara presencia en Aragón; revisar municipios y posibles pequeñas antes de producción.
aragon,Loporzano,"e-distribución Redes Digitales, S.L.U.",regional_default_candidate,needs_municipal_review,no,e-distribución — distribución eléctrica,https://www.edistribucion.com/es/conocenos/instalaciones-distribucion-red/distribucion-electrica.html,official_distributor_public,2026-05-06,e-distribución declara presencia en Aragón; revisar municipios y posibles pequeñas antes de producción.
aragon,Los Fayos,"e-distribución Redes Digitales, S.L.U.",regional_default_candidate,needs_municipal_review,no,e-distribución — distribución eléctrica,https://www.edistribucion.com/es/conocenos/instalaciones-distribucion-red/distribucion-electrica.html,official_distributor_public,2026-05-06,e-distribución declara presencia en Aragón; revisar municipios y posibles pequeñas antes de producción.
aragon,Los Olmos,"e-distribución Redes Digitales, S.L.U.",regional_default_candidate,needs_municipal_review,no,e-distribución — distribución eléctrica,https://www.edistribucion.com/es/conocenos/instalaciones-distribucion-red/distribucion-electrica.html,official_distributor_public,2026-05-06,e-distribución declara presencia en Aragón; revisar municipios y posibles pequeñas antes de producción.
aragon,Los Pintanos,"e-distribución Redes Digitales, S.L.U.",regional_default_candidate,needs_municipal_review,no,e-distribución — distribución eléctrica,https://www.edistribucion.com/es/conocenos/instalaciones-distribucion-red/distribucion-electrica.html,official_distributor_public,2026-05-06,e-distribución declara presencia en Aragón; revisar municipios y posibles pequeñas antes de producción.
aragon,Loscorrales,"e-distribución Redes Digitales, S.L.U.",regional_default_candidate,needs_municipal_review,no,e-distribución — distribución eléctrica,https://www.edistribucion.com/es/conocenos/instalaciones-distribucion-red/distribucion-electrica.html,official_distributor_public,2026-05-06,e-distribución declara presencia en Aragón; revisar municipios y posibles pequeñas antes de producción.
aragon,Loscos,"e-distribución Redes Digitales, S.L.U.",regional_default_candidate,needs_municipal_review,no,e-distribución — distribución eléctrica,https://www.edistribucion.com/es/conocenos/instalaciones-distribucion-red/distribucion-electrica.html,official_distributor_public,2026-05-06,e-distribución declara presencia en Aragón; revisar municipios y posibles pequeñas antes de producción.
aragon,Lucena de Jalón,"e-distribución Redes Digitales, S.L.U.",regional_default_candidate,needs_municipal_review,no,e-distribución — distribución eléctrica,https://www.edistribucion.com/es/conocenos/instalaciones-distribucion-red/distribucion-electrica.html,official_distributor_public,2026-05-06,e-distribución declara presencia en Aragón; revisar municipios y posibles pequeñas antes de producción.
aragon,Luceni,"e-distribución Redes Digitales, S.L.U.",regional_default_candidate,needs_municipal_review,no,e-distribución — distribución eléctrica,https://www.edistribucion.com/es/conocenos/instalaciones-distribucion-red/distribucion-electrica.html,official_distributor_public,2026-05-06,e-distribución declara presencia en Aragón; revisar municipios y posibles pequeñas antes de producción.
aragon,Luesia,"e-distribución Redes Digitales, S.L.U.",regional_default_candidate,needs_municipal_review,no,e-distribución — distribución eléctrica,https://www.edistribucion.com/es/conocenos/instalaciones-distribucion-red/distribucion-electrica.html,official_distributor_public,2026-05-06,e-distribución declara presencia en Aragón; revisar municipios y posibles pequeñas antes de producción.
aragon,Luesma,"e-distribución Redes Digitales, S.L.U.",regional_default_candidate,needs_municipal_review,no,e-distribución — distribución eléctrica,https://www.edistribucion.com/es/conocenos/instalaciones-distribucion-red/distribucion-electrica.html,official_distributor_public,2026-05-06,e-distribución declara presencia en Aragón; revisar municipios y posibles pequeñas antes de producción.
aragon,Lumpiaque,"e-distribución Redes Digitales, S.L.U.",regional_default_candidate,needs_municipal_review,no,e-distribución — distribución eléctrica,https://www.edistribucion.com/es/conocenos/instalaciones-distribucion-red/distribucion-electrica.html,official_distributor_public,2026-05-06,e-distribución declara presencia en Aragón; revisar municipios y posibles pequeñas antes de producción.
aragon,Luna,"e-distribución Redes Digitales, S.L.U.",regional_default_candidate,needs_municipal_review,no,e-distribución — distribución eléctrica,https://www.edistribucion.com/es/conocenos/instalaciones-distribucion-red/distribucion-electrica.html,official_distributor_public,2026-05-06,e-distribución declara presencia en Aragón; revisar municipios y posibles pequeñas antes de producción.
aragon,Lupiñén-Ortilla,"e-distribución Redes Digitales, S.L.U.",regional_default_candidate,needs_municipal_review,no,e-distribución — distribución eléctrica,https://www.edistribucion.com/es/conocenos/instalaciones-distribucion-red/distribucion-electrica.html,official_distributor_public,2026-05-06,e-distribución declara presencia en Aragón; revisar municipios y posibles pequeñas antes de producción.
aragon,Maella,"e-distribución Redes Digitales, S.L.U.",regional_default_candidate,needs_municipal_review,no,e-distribución — distribución eléctrica,https://www.edistribucion.com/es/conocenos/instalaciones-distribucion-red/distribucion-electrica.html,official_distributor_public,2026-05-06,e-distribución declara presencia en Aragón; revisar municipios y posibles pequeñas antes de producción.
aragon,Magallón,"e-distribución Redes Digitales, S.L.U.",regional_default_candidate,needs_municipal_review,no,e-distribución — distribución eléctrica,https://www.edistribucion.com/es/conocenos/instalaciones-distribucion-red/distribucion-electrica.html,official_distributor_public,2026-05-06,e-distribución declara presencia en Aragón; revisar municipios y posibles pequeñas antes de producción.
aragon,Maicas,"e-distribución Redes Digitales, S.L.U.",regional_default_candidate,needs_municipal_review,no,e-distribución — distribución eléctrica,https://www.edistribucion.com/es/conocenos/instalaciones-distribucion-red/distribucion-electrica.html,official_distributor_public,2026-05-06,e-distribución declara presencia en Aragón; revisar municipios y posibles pequeñas antes de producción.
aragon,Mainar,"e-distribución Redes Digitales, S.L.U.",regional_default_candidate,needs_municipal_review,no,e-distribución — distribución eléctrica,https://www.edistribucion.com/es/conocenos/instalaciones-distribucion-red/distribucion-electrica.html,official_distributor_public,2026-05-06,e-distribución declara presencia en Aragón; revisar municipios y posibles pequeñas antes de producción.
aragon,Malanquilla,"e-distribución Redes Digitales, S.L.U.",regional_default_candidate,needs_municipal_review,no,e-distribución — distribución eléctrica,https://www.edistribucion.com/es/conocenos/instalaciones-distribucion-red/distribucion-electrica.html,official_distributor_public,2026-05-06,e-distribución declara presencia en Aragón; revisar municipios y posibles pequeñas antes de producción.
aragon,Maleján,"e-distribución Redes Digitales, S.L.U.",regional_default_candidate,needs_municipal_review,no,e-distribución — distribución eléctrica,https://www.edistribucion.com/es/conocenos/instalaciones-distribucion-red/distribucion-electrica.html,official_distributor_public,2026-05-06,e-distribución declara presencia en Aragón; revisar municipios y posibles pequeñas antes de producción.
aragon,Mallén,"e-distribución Redes Digitales, S.L.U.",regional_default_candidate,needs_municipal_review,no,e-distribución — distribución eléctrica,https://www.edistribucion.com/es/conocenos/instalaciones-distribucion-red/distribucion-electrica.html,official_distributor_public,2026-05-06,e-distribución declara presencia en Aragón; revisar municipios y posibles pequeñas antes de producción.
aragon,Malón,"e-distribución Redes Digitales, S.L.U.",regional_default_candidate,needs_municipal_review,no,e-distribución — distribución eléctrica,https://www.edistribucion.com/es/conocenos/instalaciones-distribucion-red/distribucion-electrica.html,official_distributor_public,2026-05-06,e-distribución declara presencia en Aragón; revisar municipios y posibles pequeñas antes de producción.
aragon,Maluenda,"e-distribución Redes Digitales, S.L.U.",regional_default_candidate,needs_municipal_review,no,e-distribución — distribución eléctrica,https://www.edistribucion.com/es/conocenos/instalaciones-distribucion-red/distribucion-electrica.html,official_distributor_public,2026-05-06,e-distribución declara presencia en Aragón; revisar municipios y posibles pequeñas antes de producción.
aragon,Manchones,"e-distribución Redes Digitales, S.L.U.",regional_default_candidate,needs_municipal_review,no,e-distribución — distribución eléctrica,https://www.edistribucion.com/es/conocenos/instalaciones-distribucion-red/distribucion-electrica.html,official_distributor_public,2026-05-06,e-distribución declara presencia en Aragón; revisar municipios y posibles pequeñas antes de producción.
aragon,Manzanera,"e-distribución Redes Digitales, S.L.U.",regional_default_candidate,needs_municipal_review,no,e-distribución — distribución eléctrica,https://www.edistribucion.com/es/conocenos/instalaciones-distribucion-red/distribucion-electrica.html,official_distributor_public,2026-05-06,e-distribución declara presencia en Aragón; revisar municipios y posibles pequeñas antes de producción.
aragon,Mara,"e-distribución Redes Digitales, S.L.U.",regional_default_candidate,needs_municipal_review,no,e-distribución — distribución eléctrica,https://www.edistribucion.com/es/conocenos/instalaciones-distribucion-red/distribucion-electrica.html,official_distributor_public,2026-05-06,e-distribución declara presencia en Aragón; revisar municipios y posibles pequeñas antes de producción.
aragon,María de Huerva,"e-distribución Redes Digitales, S.L.U.",regional_default_candidate,needs_municipal_review,no,e-distribución — distribución eléctrica,https://www.edistribucion.com/es/conocenos/instalaciones-distribucion-red/distribucion-electrica.html,official_distributor_public,2026-05-06,e-distribución declara presencia en Aragón; revisar municipios y posibles pequeñas antes de producción.
aragon,Marracos,"e-distribución Redes Digitales, S.L.U.",regional_default_candidate,needs_municipal_review,no,e-distribución — distribución eléctrica,https://www.edistribucion.com/es/conocenos/instalaciones-distribucion-red/distribucion-electrica.html,official_distributor_public,2026-05-06,e-distribución declara presencia en Aragón; revisar municipios y posibles pequeñas antes de producción.
aragon,Martín del Río,"e-distribución Redes Digitales, S.L.U.",regional_default_candidate,needs_municipal_review,no,e-distribución — distribución eléctrica,https://www.edistribucion.com/es/conocenos/instalaciones-distribucion-red/distribucion-electrica.html,official_distributor_public,2026-05-06,e-distribución declara presencia en Aragón; revisar municipios y posibles pequeñas antes de producción.
aragon,Mas de las Matas,"e-distribución Redes Digitales, S.L.U.",regional_default_candidate,needs_municipal_review,no,e-distribución — distribución eléctrica,https://www.edistribucion.com/es/conocenos/instalaciones-distribucion-red/distribucion-electrica.html,official_distributor_public,2026-05-06,e-distribución declara presencia en Aragón; revisar municipios y posibles pequeñas antes de producción.
aragon,Mazaleón,"e-distribución Redes Digitales, S.L.U.",regional_default_candidate,needs_municipal_review,no,e-distribución — distribución eléctrica,https://www.edistribucion.com/es/conocenos/instalaciones-distribucion-red/distribucion-electrica.html,official_distributor_public,2026-05-06,e-distribución declara presencia en Aragón; revisar municipios y posibles pequeñas antes de producción.
aragon,Mediana de Aragón,"e-distribución Redes Digitales, S.L.U.",regional_default_candidate,needs_municipal_review,no,e-distribución — distribución eléctrica,https://www.edistribucion.com/es/conocenos/instalaciones-distribucion-red/distribucion-electrica.html,official_distributor_public,2026-05-06,e-distribución declara presencia en Aragón; revisar municipios y posibles pequeñas antes de producción.
aragon,Mequinenza,"e-distribución Redes Digitales, S.L.U.",regional_default_candidate,needs_municipal_review,no,e-distribución — distribución eléctrica,https://www.edistribucion.com/es/conocenos/instalaciones-distribucion-red/distribucion-electrica.html,official_distributor_public,2026-05-06,e-distribución declara presencia en Aragón; revisar municipios y posibles pequeñas antes de producción.
aragon,Mesones de Isuela,"e-distribución Redes Digitales, S.L.U.",regional_default_candidate,needs_municipal_review,no,e-distribución — distribución eléctrica,https://www.edistribucion.com/es/conocenos/instalaciones-distribucion-red/distribucion-electrica.html,official_distributor_public,2026-05-06,e-distribución declara presencia en Aragón; revisar municipios y posibles pequeñas antes de producción.
aragon,Mezalocha,"e-distribución Redes Digitales, S.L.U.",regional_default_candidate,needs_municipal_review,no,e-distribución — distribución eléctrica,https://www.edistribucion.com/es/conocenos/instalaciones-distribucion-red/distribucion-electrica.html,official_distributor_public,2026-05-06,e-distribución declara presencia en Aragón; revisar municipios y posibles pequeñas antes de producción.
aragon,Mezquita de Jarque,"e-distribución Redes Digitales, S.L.U.",regional_default_candidate,needs_municipal_review,no,e-distribución — distribución eléctrica,https://www.edistribucion.com/es/conocenos/instalaciones-distribucion-red/distribucion-electrica.html,official_distributor_public,2026-05-06,e-distribución declara presencia en Aragón; revisar municipios y posibles pequeñas antes de producción.
aragon,Mianos,"e-distribución Redes Digitales, S.L.U.",regional_default_candidate,needs_municipal_review,no,e-distribución — distribución eléctrica,https://www.edistribucion.com/es/conocenos/instalaciones-distribucion-red/distribucion-electrica.html,official_distributor_public,2026-05-06,e-distribución declara presencia en Aragón; revisar municipios y posibles pequeñas antes de producción.
aragon,Miedes de Aragón,"e-distribución Redes Digitales, S.L.U.",regional_default_candidate,needs_municipal_review,no,e-distribución — distribución eléctrica,https://www.edistribucion.com/es/conocenos/instalaciones-distribucion-red/distribucion-electrica.html,official_distributor_public,2026-05-06,e-distribución declara presencia en Aragón; revisar municipios y posibles pequeñas antes de producción.
aragon,Mirambel,"e-distribución Redes Digitales, S.L.U.",regional_default_candidate,needs_municipal_review,no,e-distribución — distribución eléctrica,https://www.edistribucion.com/es/conocenos/instalaciones-distribucion-red/distribucion-electrica.html,official_distributor_public,2026-05-06,e-distribución declara presencia en Aragón; revisar municipios y posibles pequeñas antes de producción.
aragon,Miravete de la Sierra,"e-distribución Redes Digitales, S.L.U.",regional_default_candidate,needs_municipal_review,no,e-distribución — distribución eléctrica,https://www.edistribucion.com/es/conocenos/instalaciones-distribucion-red/distribucion-electrica.html,official_distributor_public,2026-05-06,e-distribución declara presencia en Aragón; revisar municipios y posibles pequeñas antes de producción.
aragon,Molina de Aragón,"e-distribución Redes Digitales, S.L.U.",regional_default_candidate,needs_municipal_review,no,e-distribución — distribución eléctrica,https://www.edistribucion.com/es/conocenos/instalaciones-distribucion-red/distribucion-electrica.html,official_distributor_public,2026-05-06,e-distribución declara presencia en Aragón; revisar municipios y posibles pequeñas antes de producción.
aragon,Molinos,"e-distribución Redes Digitales, S.L.U.",regional_default_candidate,needs_municipal_review,no,e-distribución — distribución eléctrica,https://www.edistribucion.com/es/conocenos/instalaciones-distribucion-red/distribucion-electrica.html,official_distributor_public,2026-05-06,e-distribución declara presencia en Aragón; revisar municipios y posibles pequeñas antes de producción.
aragon,Monegrillo,"e-distribución Redes Digitales, S.L.U.",regional_default_candidate,needs_municipal_review,no,e-distribución — distribución eléctrica,https://www.edistribucion.com/es/conocenos/instalaciones-distribucion-red/distribucion-electrica.html,official_distributor_public,2026-05-06,e-distribución declara presencia en Aragón; revisar municipios y posibles pequeñas antes de producción.
aragon,Monesma y Cajigar,"e-distribución Redes Digitales, S.L.U.",regional_default_candidate,needs_municipal_review,no,e-distribución — distribución eléctrica,https://www.edistribucion.com/es/conocenos/instalaciones-distribucion-red/distribucion-electrica.html,official_distributor_public,2026-05-06,e-distribución declara presencia en Aragón; revisar municipios y posibles pequeñas antes de producción.
aragon,Moneva,"e-distribución Redes Digitales, S.L.U.",regional_default_candidate,needs_municipal_review,no,e-distribución — distribución eléctrica,https://www.edistribucion.com/es/conocenos/instalaciones-distribucion-red/distribucion-electrica.html,official_distributor_public,2026-05-06,e-distribución declara presencia en Aragón; revisar municipios y posibles pequeñas antes de producción.
aragon,Monflorite-Lascasas,"e-distribución Redes Digitales, S.L.U.",regional_default_candidate,needs_municipal_review,no,e-distribución — distribución eléctrica,https://www.edistribucion.com/es/conocenos/instalaciones-distribucion-red/distribucion-electrica.html,official_distributor_public,2026-05-06,e-distribución declara presencia en Aragón; revisar municipios y posibles pequeñas antes de producción.
aragon,Monforte de Moyuela,"e-distribución Redes Digitales, S.L.U.",regional_default_candidate,needs_municipal_review,no,e-distribución — distribución eléctrica,https://www.edistribucion.com/es/conocenos/instalaciones-distribucion-red/distribucion-electrica.html,official_distributor_public,2026-05-06,e-distribución declara presencia en Aragón; revisar municipios y posibles pequeñas antes de producción.
aragon,Monreal de Ariza,"e-distribución Redes Digitales, S.L.U.",regional_default_candidate,needs_municipal_review,no,e-distribución — distribución eléctrica,https://www.edistribucion.com/es/conocenos/instalaciones-distribucion-red/distribucion-electrica.html,official_distributor_public,2026-05-06,e-distribución declara presencia en Aragón; revisar municipios y posibles pequeñas antes de producción.
aragon,Monreal del Campo,"e-distribución Redes Digitales, S.L.U.",regional_default_candidate,needs_municipal_review,no,e-distribución — distribución eléctrica,https://www.edistribucion.com/es/conocenos/instalaciones-distribucion-red/distribucion-electrica.html,official_distributor_public,2026-05-06,e-distribución declara presencia en Aragón; revisar municipios y posibles pequeñas antes de producción.
aragon,Monroyo,"e-distribución Redes Digitales, S.L.U.",regional_default_candidate,needs_municipal_review,no,e-distribución — distribución eléctrica,https://www.edistribucion.com/es/conocenos/instalaciones-distribucion-red/distribucion-electrica.html,official_distributor_public,2026-05-06,e-distribución declara presencia en Aragón; revisar municipios y posibles pequeñas antes de producción.
aragon,Montalbán,"e-distribución Redes Digitales, S.L.U.",regional_default_candidate,needs_municipal_review,no,e-distribución — distribución eléctrica,https://www.edistribucion.com/es/conocenos/instalaciones-distribucion-red/distribucion-electrica.html,official_distributor_public,2026-05-06,e-distribución declara presencia en Aragón; revisar municipios y posibles pequeñas antes de producción.
aragon,Montanuy,"e-distribución Redes Digitales, S.L.U.",regional_default_candidate,needs_municipal_review,no,e-distribución — distribución eléctrica,https://www.edistribucion.com/es/conocenos/instalaciones-distribucion-red/distribucion-electrica.html,official_distributor_public,2026-05-06,e-distribución declara presencia en Aragón; revisar municipios y posibles pequeñas antes de producción.
aragon,Monteagudo del Castillo,"e-distribución Redes Digitales, S.L.U.",regional_default_candidate,needs_municipal_review,no,e-distribución — distribución eléctrica,https://www.edistribucion.com/es/conocenos/instalaciones-distribucion-red/distribucion-electrica.html,official_distributor_public,2026-05-06,e-distribución declara presencia en Aragón; revisar municipios y posibles pequeñas antes de producción.
aragon,Montearagón,"e-distribución Redes Digitales, S.L.U.",regional_default_candidate,needs_municipal_review,no,e-distribución — distribución eléctrica,https://www.edistribucion.com/es/conocenos/instalaciones-distribucion-red/distribucion-electrica.html,official_distributor_public,2026-05-06,e-distribución declara presencia en Aragón; revisar municipios y posibles pequeñas antes de producción.
aragon,Monterde,"e-distribución Redes Digitales, S.L.U.",regional_default_candidate,needs_municipal_review,no,e-distribución — distribución eléctrica,https://www.edistribucion.com/es/conocenos/instalaciones-distribucion-red/distribucion-electrica.html,official_distributor_public,2026-05-06,e-distribución declara presencia en Aragón; revisar municipios y posibles pequeñas antes de producción.
aragon,Monterde de Albarracín,"e-distribución Redes Digitales, S.L.U.",regional_default_candidate,needs_municipal_review,no,e-distribución — distribución eléctrica,https://www.edistribucion.com/es/conocenos/instalaciones-distribucion-red/distribucion-electrica.html,official_distributor_public,2026-05-06,e-distribución declara presencia en Aragón; revisar municipios y posibles pequeñas antes de producción.
aragon,Montón,"e-distribución Redes Digitales, S.L.U.",regional_default_candidate,needs_municipal_review,no,e-distribución — distribución eléctrica,https://www.edistribucion.com/es/conocenos/instalaciones-distribucion-red/distribucion-electrica.html,official_distributor_public,2026-05-06,e-distribución declara presencia en Aragón; revisar municipios y posibles pequeñas antes de producción.
aragon,Monzón,"e-distribución Redes Digitales, S.L.U.",regional_default_candidate,needs_municipal_review,no,e-distribución — distribución eléctrica,https://www.edistribucion.com/es/conocenos/instalaciones-distribucion-red/distribucion-electrica.html,official_distributor_public,2026-05-06,e-distribución declara presencia en Aragón; revisar municipios y posibles pequeñas antes de producción.
aragon,Mora de Rubielos,"e-distribución Redes Digitales, S.L.U.",regional_default_candidate,needs_municipal_review,no,e-distribución — distribución eléctrica,https://www.edistribucion.com/es/conocenos/instalaciones-distribucion-red/distribucion-electrica.html,official_distributor_public,2026-05-06,e-distribución declara presencia en Aragón; revisar municipios y posibles pequeñas antes de producción.
aragon,Morata de Jalón,"e-distribución Redes Digitales, S.L.U.",regional_default_candidate,needs_municipal_review,no,e-distribución — distribución eléctrica,https://www.edistribucion.com/es/conocenos/instalaciones-distribucion-red/distribucion-electrica.html,official_distributor_public,2026-05-06,e-distribución declara presencia en Aragón; revisar municipios y posibles pequeñas antes de producción.
aragon,Morata de Jiloca,"e-distribución Redes Digitales, S.L.U.",regional_default_candidate,needs_municipal_review,no,e-distribución — distribución eléctrica,https://www.edistribucion.com/es/conocenos/instalaciones-distribucion-red/distribucion-electrica.html,official_distributor_public,2026-05-06,e-distribución declara presencia en Aragón; revisar municipios y posibles pequeñas antes de producción.
aragon,Morés,"e-distribución Redes Digitales, S.L.U.",regional_default_candidate,needs_municipal_review,no,e-distribución — distribución eléctrica,https://www.edistribucion.com/es/conocenos/instalaciones-distribucion-red/distribucion-electrica.html,official_distributor_public,2026-05-06,e-distribución declara presencia en Aragón; revisar municipios y posibles pequeñas antes de producción.
aragon,Moros,"e-distribución Redes Digitales, S.L.U.",regional_default_candidate,needs_municipal_review,no,e-distribución — distribución eléctrica,https://www.edistribucion.com/es/conocenos/instalaciones-distribucion-red/distribucion-electrica.html,official_distributor_public,2026-05-06,e-distribución declara presencia en Aragón; revisar municipios y posibles pequeñas antes de producción.
aragon,Moscardón,"e-distribución Redes Digitales, S.L.U.",regional_default_candidate,needs_municipal_review,no,e-distribución — distribución eléctrica,https://www.edistribucion.com/es/conocenos/instalaciones-distribucion-red/distribucion-electrica.html,official_distributor_public,2026-05-06,e-distribución declara presencia en Aragón; revisar municipios y posibles pequeñas antes de producción.
aragon,Mosqueruela,"e-distribución Redes Digitales, S.L.U.",regional_default_candidate,needs_municipal_review,no,e-distribución — distribución eléctrica,https://www.edistribucion.com/es/conocenos/instalaciones-distribucion-red/distribucion-electrica.html,official_distributor_public,2026-05-06,e-distribución declara presencia en Aragón; revisar municipios y posibles pequeñas antes de producción.
aragon,Moyuela,"e-distribución Redes Digitales, S.L.U.",regional_default_candidate,needs_municipal_review,no,e-distribución — distribución eléctrica,https://www.edistribucion.com/es/conocenos/instalaciones-distribucion-red/distribucion-electrica.html,official_distributor_public,2026-05-06,e-distribución declara presencia en Aragón; revisar municipios y posibles pequeñas antes de producción.
aragon,Mozota,"e-distribución Redes Digitales, S.L.U.",regional_default_candidate,needs_municipal_review,no,e-distribución — distribución eléctrica,https://www.edistribucion.com/es/conocenos/instalaciones-distribucion-red/distribucion-electrica.html,official_distributor_public,2026-05-06,e-distribución declara presencia en Aragón; revisar municipios y posibles pequeñas antes de producción.
aragon,Muel,"e-distribución Redes Digitales, S.L.U.",regional_default_candidate,needs_municipal_review,no,e-distribución — distribución eléctrica,https://www.edistribucion.com/es/conocenos/instalaciones-distribucion-red/distribucion-electrica.html,official_distributor_public,2026-05-06,e-distribución declara presencia en Aragón; revisar municipios y posibles pequeñas antes de producción.
aragon,Munébrega,"e-distribución Redes Digitales, S.L.U.",regional_default_candidate,needs_municipal_review,no,e-distribución — distribución eléctrica,https://www.edistribucion.com/es/conocenos/instalaciones-distribucion-red/distribucion-electrica.html,official_distributor_public,2026-05-06,e-distribución declara presencia en Aragón; revisar municipios y posibles pequeñas antes de producción.
aragon,Muniesa,"e-distribución Redes Digitales, S.L.U.",regional_default_candidate,needs_municipal_review,no,e-distribución — distribución eléctrica,https://www.edistribucion.com/es/conocenos/instalaciones-distribucion-red/distribucion-electrica.html,official_distributor_public,2026-05-06,e-distribución declara presencia en Aragón; revisar municipios y posibles pequeñas antes de producción.
aragon,Murero,"e-distribución Redes Digitales, S.L.U.",regional_default_candidate,needs_municipal_review,no,e-distribución — distribución eléctrica,https://www.edistribucion.com/es/conocenos/instalaciones-distribucion-red/distribucion-electrica.html,official_distributor_public,2026-05-06,e-distribución declara presencia en Aragón; revisar municipios y posibles pequeñas antes de producción.
aragon,Murillo de Gállego,"e-distribución Redes Digitales, S.L.U.",regional_default_candidate,needs_municipal_review,no,e-distribución — distribución eléctrica,https://www.edistribucion.com/es/conocenos/instalaciones-distribucion-red/distribucion-electrica.html,official_distributor_public,2026-05-06,e-distribución declara presencia en Aragón; revisar municipios y posibles pequeñas antes de producción.
aragon,Naval,"e-distribución Redes Digitales, S.L.U.",regional_default_candidate,needs_municipal_review,no,e-distribución — distribución eléctrica,https://www.edistribucion.com/es/conocenos/instalaciones-distribucion-red/distribucion-electrica.html,official_distributor_public,2026-05-06,e-distribución declara presencia en Aragón; revisar municipios y posibles pequeñas antes de producción.
aragon,Navardún,"e-distribución Redes Digitales, S.L.U.",regional_default_candidate,needs_municipal_review,no,e-distribución — distribución eléctrica,https://www.edistribucion.com/es/conocenos/instalaciones-distribucion-red/distribucion-electrica.html,official_distributor_public,2026-05-06,e-distribución declara presencia en Aragón; revisar municipios y posibles pequeñas antes de producción.
aragon,Nigüella,"e-distribución Redes Digitales, S.L.U.",regional_default_candidate,needs_municipal_review,no,e-distribución — distribución eléctrica,https://www.edistribucion.com/es/conocenos/instalaciones-distribucion-red/distribucion-electrica.html,official_distributor_public,2026-05-06,e-distribución declara presencia en Aragón; revisar municipios y posibles pequeñas antes de producción.
aragon,Noguera de Albarracín,"e-distribución Redes Digitales, S.L.U.",regional_default_candidate,needs_municipal_review,no,e-distribución — distribución eléctrica,https://www.edistribucion.com/es/conocenos/instalaciones-distribucion-red/distribucion-electrica.html,official_distributor_public,2026-05-06,e-distribución declara presencia en Aragón; revisar municipios y posibles pequeñas antes de producción.
aragon,Nogueras,"e-distribución Redes Digitales, S.L.U.",regional_default_candidate,needs_municipal_review,no,e-distribución — distribución eléctrica,https://www.edistribucion.com/es/conocenos/instalaciones-distribucion-red/distribucion-electrica.html,official_distributor_public,2026-05-06,e-distribución declara presencia en Aragón; revisar municipios y posibles pequeñas antes de producción.
aragon,Nogueruelas,"e-distribución Redes Digitales, S.L.U.",regional_default_candidate,needs_municipal_review,no,e-distribución — distribución eléctrica,https://www.edistribucion.com/es/conocenos/instalaciones-distribucion-red/distribucion-electrica.html,official_distributor_public,2026-05-06,e-distribución declara presencia en Aragón; revisar municipios y posibles pequeñas antes de producción.
aragon,Nombrevilla,"e-distribución Redes Digitales, S.L.U.",regional_default_candidate,needs_municipal_review,no,e-distribución — distribución eléctrica,https://www.edistribucion.com/es/conocenos/instalaciones-distribucion-red/distribucion-electrica.html,official_distributor_public,2026-05-06,e-distribución declara presencia en Aragón; revisar municipios y posibles pequeñas antes de producción.
aragon,Nonaspe,"e-distribución Redes Digitales, S.L.U.",regional_default_candidate,needs_municipal_review,no,e-distribución — distribución eléctrica,https://www.edistribucion.com/es/conocenos/instalaciones-distribucion-red/distribucion-electrica.html,official_distributor_public,2026-05-06,e-distribución declara presencia en Aragón; revisar municipios y posibles pequeñas antes de producción.
aragon,Novales,"e-distribución Redes Digitales, S.L.U.",regional_default_candidate,needs_municipal_review,no,e-distribución — distribución eléctrica,https://www.edistribucion.com/es/conocenos/instalaciones-distribucion-red/distribucion-electrica.html,official_distributor_public,2026-05-06,e-distribución declara presencia en Aragón; revisar municipios y posibles pequeñas antes de producción.
aragon,Novallas,"e-distribución Redes Digitales, S.L.U.",regional_default_candidate,needs_municipal_review,no,e-distribución — distribución eléctrica,https://www.edistribucion.com/es/conocenos/instalaciones-distribucion-red/distribucion-electrica.html,official_distributor_public,2026-05-06,e-distribución declara presencia en Aragón; revisar municipios y posibles pequeñas antes de producción.
aragon,Novillas,"e-distribución Redes Digitales, S.L.U.",regional_default_candidate,needs_municipal_review,no,e-distribución — distribución eléctrica,https://www.edistribucion.com/es/conocenos/instalaciones-distribucion-red/distribucion-electrica.html,official_distributor_public,2026-05-06,e-distribución declara presencia en Aragón; revisar municipios y posibles pequeñas antes de producción.
aragon,Nueno,"e-distribución Redes Digitales, S.L.U.",regional_default_candidate,needs_municipal_review,no,e-distribución — distribución eléctrica,https://www.edistribucion.com/es/conocenos/instalaciones-distribucion-red/distribucion-electrica.html,official_distributor_public,2026-05-06,e-distribución declara presencia en Aragón; revisar municipios y posibles pequeñas antes de producción.
aragon,Nuévalos,"e-distribución Redes Digitales, S.L.U.",regional_default_candidate,needs_municipal_review,no,e-distribución — distribución eléctrica,https://www.edistribucion.com/es/conocenos/instalaciones-distribucion-red/distribucion-electrica.html,official_distributor_public,2026-05-06,e-distribución declara presencia en Aragón; revisar municipios y posibles pequeñas antes de producción.
aragon,Nuez de Ebro,"e-distribución Redes Digitales, S.L.U.",regional_default_candidate,needs_municipal_review,no,e-distribución — distribución eléctrica,https://www.edistribucion.com/es/conocenos/instalaciones-distribucion-red/distribucion-electrica.html,official_distributor_public,2026-05-06,e-distribución declara presencia en Aragón; revisar municipios y posibles pequeñas antes de producción.
aragon,Obón,"e-distribución Redes Digitales, S.L.U.",regional_default_candidate,needs_municipal_review,no,e-distribución — distribución eléctrica,https://www.edistribucion.com/es/conocenos/instalaciones-distribucion-red/distribucion-electrica.html,official_distributor_public,2026-05-06,e-distribución declara presencia en Aragón; revisar municipios y posibles pequeñas antes de producción.
aragon,Odón,"e-distribución Redes Digitales, S.L.U.",regional_default_candidate,needs_municipal_review,no,e-distribución — distribución eléctrica,https://www.edistribucion.com/es/conocenos/instalaciones-distribucion-red/distribucion-electrica.html,official_distributor_public,2026-05-06,e-distribución declara presencia en Aragón; revisar municipios y posibles pequeñas antes de producción.
aragon,Ojos Negros,"e-distribución Redes Digitales, S.L.U.",regional_default_candidate,needs_municipal_review,no,e-distribución — distribución eléctrica,https://www.edistribucion.com/es/conocenos/instalaciones-distribucion-red/distribucion-electrica.html,official_distributor_public,2026-05-06,e-distribución declara presencia en Aragón; revisar municipios y posibles pequeñas antes de producción.
aragon,Olba,"e-distribución Redes Digitales, S.L.U.",regional_default_candidate,needs_municipal_review,no,e-distribución — distribución eléctrica,https://www.edistribucion.com/es/conocenos/instalaciones-distribucion-red/distribucion-electrica.html,official_distributor_public,2026-05-06,e-distribución declara presencia en Aragón; revisar municipios y posibles pequeñas antes de producción.
aragon,Oliete,"e-distribución Redes Digitales, S.L.U.",regional_default_candidate,needs_municipal_review,no,e-distribución — distribución eléctrica,https://www.edistribucion.com/es/conocenos/instalaciones-distribucion-red/distribucion-electrica.html,official_distributor_public,2026-05-06,e-distribución declara presencia en Aragón; revisar municipios y posibles pequeñas antes de producción.
aragon,Olvena,"e-distribución Redes Digitales, S.L.U.",regional_default_candidate,needs_municipal_review,no,e-distribución — distribución eléctrica,https://www.edistribucion.com/es/conocenos/instalaciones-distribucion-red/distribucion-electrica.html,official_distributor_public,2026-05-06,e-distribución declara presencia en Aragón; revisar municipios y posibles pequeñas antes de producción.
aragon,Olvés,"e-distribución Redes Digitales, S.L.U.",regional_default_candidate,needs_municipal_review,no,e-distribución — distribución eléctrica,https://www.edistribucion.com/es/conocenos/instalaciones-distribucion-red/distribucion-electrica.html,official_distributor_public,2026-05-06,e-distribución declara presencia en Aragón; revisar municipios y posibles pequeñas antes de producción.
aragon,Ontiñena,"e-distribución Redes Digitales, S.L.U.",regional_default_candidate,needs_municipal_review,no,e-distribución — distribución eléctrica,https://www.edistribucion.com/es/conocenos/instalaciones-distribucion-red/distribucion-electrica.html,official_distributor_public,2026-05-06,e-distribución declara presencia en Aragón; revisar municipios y posibles pequeñas antes de producción.
aragon,Orcajo,"e-distribución Redes Digitales, S.L.U.",regional_default_candidate,needs_municipal_review,no,e-distribución — distribución eléctrica,https://www.edistribucion.com/es/conocenos/instalaciones-distribucion-red/distribucion-electrica.html,official_distributor_public,2026-05-06,e-distribución declara presencia en Aragón; revisar municipios y posibles pequeñas antes de producción.
aragon,Orera,"e-distribución Redes Digitales, S.L.U.",regional_default_candidate,needs_municipal_review,no,e-distribución — distribución eléctrica,https://www.edistribucion.com/es/conocenos/instalaciones-distribucion-red/distribucion-electrica.html,official_distributor_public,2026-05-06,e-distribución declara presencia en Aragón; revisar municipios y posibles pequeñas antes de producción.
aragon,Orés,"e-distribución Redes Digitales, S.L.U.",regional_default_candidate,needs_municipal_review,no,e-distribución — distribución eléctrica,https://www.edistribucion.com/es/conocenos/instalaciones-distribucion-red/distribucion-electrica.html,official_distributor_public,2026-05-06,e-distribución declara presencia en Aragón; revisar municipios y posibles pequeñas antes de producción.
aragon,Orihuela del Tremedal,"e-distribución Redes Digitales, S.L.U.",regional_default_candidate,needs_municipal_review,no,e-distribución — distribución eléctrica,https://www.edistribucion.com/es/conocenos/instalaciones-distribucion-red/distribucion-electrica.html,official_distributor_public,2026-05-06,e-distribución declara presencia en Aragón; revisar municipios y posibles pequeñas antes de producción.
aragon,Orrios,"e-distribución Redes Digitales, S.L.U.",regional_default_candidate,needs_municipal_review,no,e-distribución — distribución eléctrica,https://www.edistribucion.com/es/conocenos/instalaciones-distribucion-red/distribucion-electrica.html,official_distributor_public,2026-05-06,e-distribución declara presencia en Aragón; revisar municipios y posibles pequeñas antes de producción.
aragon,Oseja,"e-distribución Redes Digitales, S.L.U.",regional_default_candidate,needs_municipal_review,no,e-distribución — distribución eléctrica,https://www.edistribucion.com/es/conocenos/instalaciones-distribucion-red/distribucion-electrica.html,official_distributor_public,2026-05-06,e-distribución declara presencia en Aragón; revisar municipios y posibles pequeñas antes de producción.
aragon,Osera de Ebro,"e-distribución Redes Digitales, S.L.U.",regional_default_candidate,needs_municipal_review,no,e-distribución — distribución eléctrica,https://www.edistribucion.com/es/conocenos/instalaciones-distribucion-red/distribucion-electrica.html,official_distributor_public,2026-05-06,e-distribución declara presencia en Aragón; revisar municipios y posibles pequeñas antes de producción.
aragon,Osso de Cinca,"e-distribución Redes Digitales, S.L.U.",regional_default_candidate,needs_municipal_review,no,e-distribución — distribución eléctrica,https://www.edistribucion.com/es/conocenos/instalaciones-distribucion-red/distribucion-electrica.html,official_distributor_public,2026-05-06,e-distribución declara presencia en Aragón; revisar municipios y posibles pequeñas antes de producción.
aragon,Palo,"e-distribución Redes Digitales, S.L.U.",regional_default_candidate,needs_municipal_review,no,e-distribución — distribución eléctrica,https://www.edistribucion.com/es/conocenos/instalaciones-distribucion-red/distribucion-electrica.html,official_distributor_public,2026-05-06,e-distribución declara presencia en Aragón; revisar municipios y posibles pequeñas antes de producción.
aragon,Palomar de Arroyos,"e-distribución Redes Digitales, S.L.U.",regional_default_candidate,needs_municipal_review,no,e-distribución — distribución eléctrica,https://www.edistribucion.com/es/conocenos/instalaciones-distribucion-red/distribucion-electrica.html,official_distributor_public,2026-05-06,e-distribución declara presencia en Aragón; revisar municipios y posibles pequeñas antes de producción.
aragon,Pancrudo,"e-distribución Redes Digitales, S.L.U.",regional_default_candidate,needs_municipal_review,no,e-distribución — distribución eléctrica,https://www.edistribucion.com/es/conocenos/instalaciones-distribucion-red/distribucion-electrica.html,official_distributor_public,2026-05-06,e-distribución declara presencia en Aragón; revisar municipios y posibles pequeñas antes de producción.
aragon,Paniza,"e-distribución Redes Digitales, S.L.U.",regional_default_candidate,needs_municipal_review,no,e-distribución — distribución eléctrica,https://www.edistribucion.com/es/conocenos/instalaciones-distribucion-red/distribucion-electrica.html,official_distributor_public,2026-05-06,e-distribución declara presencia en Aragón; revisar municipios y posibles pequeñas antes de producción.
aragon,Panticosa,"e-distribución Redes Digitales, S.L.U.",regional_default_candidate,needs_municipal_review,no,e-distribución — distribución eléctrica,https://www.edistribucion.com/es/conocenos/instalaciones-distribucion-red/distribucion-electrica.html,official_distributor_public,2026-05-06,e-distribución declara presencia en Aragón; revisar municipios y posibles pequeñas antes de producción.
aragon,Paracuellos de Jiloca,"e-distribución Redes Digitales, S.L.U.",regional_default_candidate,needs_municipal_review,no,e-distribución — distribución eléctrica,https://www.edistribucion.com/es/conocenos/instalaciones-distribucion-red/distribucion-electrica.html,official_distributor_public,2026-05-06,e-distribución declara presencia en Aragón; revisar municipios y posibles pequeñas antes de producción.
aragon,Paracuellos de la Ribera,"e-distribución Redes Digitales, S.L.U.",regional_default_candidate,needs_municipal_review,no,e-distribución — distribución eléctrica,https://www.edistribucion.com/es/conocenos/instalaciones-distribucion-red/distribucion-electrica.html,official_distributor_public,2026-05-06,e-distribución declara presencia en Aragón; revisar municipios y posibles pequeñas antes de producción.
aragon,Pastriz,"e-distribución Redes Digitales, S.L.U.",regional_default_candidate,needs_municipal_review,no,e-distribución — distribución eléctrica,https://www.edistribucion.com/es/conocenos/instalaciones-distribucion-red/distribucion-electrica.html,official_distributor_public,2026-05-06,e-distribución declara presencia en Aragón; revisar municipios y posibles pequeñas antes de producción.
aragon,Pedrola,"e-distribución Redes Digitales, S.L.U.",regional_default_candidate,needs_municipal_review,no,e-distribución — distribución eléctrica,https://www.edistribucion.com/es/conocenos/instalaciones-distribucion-red/distribucion-electrica.html,official_distributor_public,2026-05-06,e-distribución declara presencia en Aragón; revisar municipios y posibles pequeñas antes de producción.
aragon,Peñalba,"e-distribución Redes Digitales, S.L.U.",regional_default_candidate,needs_municipal_review,no,e-distribución — distribución eléctrica,https://www.edistribucion.com/es/conocenos/instalaciones-distribucion-red/distribucion-electrica.html,official_distributor_public,2026-05-06,e-distribución declara presencia en Aragón; revisar municipios y posibles pequeñas antes de producción.
aragon,Peñarroya de Tastavins,"e-distribución Redes Digitales, S.L.U.",regional_default_candidate,needs_municipal_review,no,e-distribución — distribución eléctrica,https://www.edistribucion.com/es/conocenos/instalaciones-distribucion-red/distribucion-electrica.html,official_distributor_public,2026-05-06,e-distribución declara presencia en Aragón; revisar municipios y posibles pequeñas antes de producción.
aragon,Peracense,"e-distribución Redes Digitales, S.L.U.",regional_default_candidate,needs_municipal_review,no,e-distribución — distribución eléctrica,https://www.edistribucion.com/es/conocenos/instalaciones-distribucion-red/distribucion-electrica.html,official_distributor_public,2026-05-06,e-distribución declara presencia en Aragón; revisar municipios y posibles pequeñas antes de producción.
aragon,Peralejos,"e-distribución Redes Digitales, S.L.U.",regional_default_candidate,needs_municipal_review,no,e-distribución — distribución eléctrica,https://www.edistribucion.com/es/conocenos/instalaciones-distribucion-red/distribucion-electrica.html,official_distributor_public,2026-05-06,e-distribución declara presencia en Aragón; revisar municipios y posibles pequeñas antes de producción.
aragon,Perales del Alfambra,"e-distribución Redes Digitales, S.L.U.",regional_default_candidate,needs_municipal_review,no,e-distribución — distribución eléctrica,https://www.edistribucion.com/es/conocenos/instalaciones-distribucion-red/distribucion-electrica.html,official_distributor_public,2026-05-06,e-distribución declara presencia en Aragón; revisar municipios y posibles pequeñas antes de producción.
aragon,Peralta de Alcofea,"e-distribución Redes Digitales, S.L.U.",regional_default_candidate,needs_municipal_review,no,e-distribución — distribución eléctrica,https://www.edistribucion.com/es/conocenos/instalaciones-distribucion-red/distribucion-electrica.html,official_distributor_public,2026-05-06,e-distribución declara presencia en Aragón; revisar municipios y posibles pequeñas antes de producción.
aragon,Peralta de Calasanz,"e-distribución Redes Digitales, S.L.U.",regional_default_candidate,needs_municipal_review,no,e-distribución — distribución eléctrica,https://www.edistribucion.com/es/conocenos/instalaciones-distribucion-red/distribucion-electrica.html,official_distributor_public,2026-05-06,e-distribución declara presencia en Aragón; revisar municipios y posibles pequeñas antes de producción.
aragon,Peraltilla,"e-distribución Redes Digitales, S.L.U.",regional_default_candidate,needs_municipal_review,no,e-distribución — distribución eléctrica,https://www.edistribucion.com/es/conocenos/instalaciones-distribucion-red/distribucion-electrica.html,official_distributor_public,2026-05-06,e-distribución declara presencia en Aragón; revisar municipios y posibles pequeñas antes de producción.
aragon,Perarrúa,"e-distribución Redes Digitales, S.L.U.",regional_default_candidate,needs_municipal_review,no,e-distribución — distribución eléctrica,https://www.edistribucion.com/es/conocenos/instalaciones-distribucion-red/distribucion-electrica.html,official_distributor_public,2026-05-06,e-distribución declara presencia en Aragón; revisar municipios y posibles pequeñas antes de producción.
aragon,Perdiguera,"e-distribución Redes Digitales, S.L.U.",regional_default_candidate,needs_municipal_review,no,e-distribución — distribución eléctrica,https://www.edistribucion.com/es/conocenos/instalaciones-distribucion-red/distribucion-electrica.html,official_distributor_public,2026-05-06,e-distribución declara presencia en Aragón; revisar municipios y posibles pequeñas antes de producción.
aragon,Pertusa,"e-distribución Redes Digitales, S.L.U.",regional_default_candidate,needs_municipal_review,no,e-distribución — distribución eléctrica,https://www.edistribucion.com/es/conocenos/instalaciones-distribucion-red/distribucion-electrica.html,official_distributor_public,2026-05-06,e-distribución declara presencia en Aragón; revisar municipios y posibles pequeñas antes de producción.
aragon,Petilla de Aragón,"e-distribución Redes Digitales, S.L.U.",regional_default_candidate,needs_municipal_review,no,e-distribución — distribución eléctrica,https://www.edistribucion.com/es/conocenos/instalaciones-distribucion-red/distribucion-electrica.html,official_distributor_public,2026-05-06,e-distribución declara presencia en Aragón; revisar municipios y posibles pequeñas antes de producción.
aragon,Piedratajada,"e-distribución Redes Digitales, S.L.U.",regional_default_candidate,needs_municipal_review,no,e-distribución — distribución eléctrica,https://www.edistribucion.com/es/conocenos/instalaciones-distribucion-red/distribucion-electrica.html,official_distributor_public,2026-05-06,e-distribución declara presencia en Aragón; revisar municipios y posibles pequeñas antes de producción.
aragon,Pina de Ebro,"e-distribución Redes Digitales, S.L.U.",regional_default_candidate,needs_municipal_review,no,e-distribución — distribución eléctrica,https://www.edistribucion.com/es/conocenos/instalaciones-distribucion-red/distribucion-electrica.html,official_distributor_public,2026-05-06,e-distribución declara presencia en Aragón; revisar municipios y posibles pequeñas antes de producción.
aragon,Pinseque,"e-distribución Redes Digitales, S.L.U.",regional_default_candidate,needs_municipal_review,no,e-distribución — distribución eléctrica,https://www.edistribucion.com/es/conocenos/instalaciones-distribucion-red/distribucion-electrica.html,official_distributor_public,2026-05-06,e-distribución declara presencia en Aragón; revisar municipios y posibles pequeñas antes de producción.
aragon,Piracés,"e-distribución Redes Digitales, S.L.U.",regional_default_candidate,needs_municipal_review,no,e-distribución — distribución eléctrica,https://www.edistribucion.com/es/conocenos/instalaciones-distribucion-red/distribucion-electrica.html,official_distributor_public,2026-05-06,e-distribución declara presencia en Aragón; revisar municipios y posibles pequeñas antes de producción.
aragon,Pitarque,"e-distribución Redes Digitales, S.L.U.",regional_default_candidate,needs_municipal_review,no,e-distribución — distribución eléctrica,https://www.edistribucion.com/es/conocenos/instalaciones-distribucion-red/distribucion-electrica.html,official_distributor_public,2026-05-06,e-distribución declara presencia en Aragón; revisar municipios y posibles pequeñas antes de producción.
aragon,Plan,"e-distribución Redes Digitales, S.L.U.",regional_default_candidate,needs_municipal_review,no,e-distribución — distribución eléctrica,https://www.edistribucion.com/es/conocenos/instalaciones-distribucion-red/distribucion-electrica.html,official_distributor_public,2026-05-06,e-distribución declara presencia en Aragón; revisar municipios y posibles pequeñas antes de producción.
aragon,Plasencia de Jalón,"e-distribución Redes Digitales, S.L.U.",regional_default_candidate,needs_municipal_review,no,e-distribución — distribución eléctrica,https://www.edistribucion.com/es/conocenos/instalaciones-distribucion-red/distribucion-electrica.html,official_distributor_public,2026-05-06,e-distribución declara presencia en Aragón; revisar municipios y posibles pequeñas antes de producción.
aragon,Pleitas,"e-distribución Redes Digitales, S.L.U.",regional_default_candidate,needs_municipal_review,no,e-distribución — distribución eléctrica,https://www.edistribucion.com/es/conocenos/instalaciones-distribucion-red/distribucion-electrica.html,official_distributor_public,2026-05-06,e-distribución declara presencia en Aragón; revisar municipios y posibles pequeñas antes de producción.
aragon,Plenas,"e-distribución Redes Digitales, S.L.U.",regional_default_candidate,needs_municipal_review,no,e-distribución — distribución eléctrica,https://www.edistribucion.com/es/conocenos/instalaciones-distribucion-red/distribucion-electrica.html,official_distributor_public,2026-05-06,e-distribución declara presencia en Aragón; revisar municipios y posibles pequeñas antes de producción.
aragon,Plou,"e-distribución Redes Digitales, S.L.U.",regional_default_candidate,needs_municipal_review,no,e-distribución — distribución eléctrica,https://www.edistribucion.com/es/conocenos/instalaciones-distribucion-red/distribucion-electrica.html,official_distributor_public,2026-05-06,e-distribución declara presencia en Aragón; revisar municipios y posibles pequeñas antes de producción.
aragon,Poleñino,"e-distribución Redes Digitales, S.L.U.",regional_default_candidate,needs_municipal_review,no,e-distribución — distribución eléctrica,https://www.edistribucion.com/es/conocenos/instalaciones-distribucion-red/distribucion-electrica.html,official_distributor_public,2026-05-06,e-distribución declara presencia en Aragón; revisar municipios y posibles pequeñas antes de producción.
aragon,Pomer,"e-distribución Redes Digitales, S.L.U.",regional_default_candidate,needs_municipal_review,no,e-distribución — distribución eléctrica,https://www.edistribucion.com/es/conocenos/instalaciones-distribucion-red/distribucion-electrica.html,official_distributor_public,2026-05-06,e-distribución declara presencia en Aragón; revisar municipios y posibles pequeñas antes de producción.
aragon,Pozán de Vero,"e-distribución Redes Digitales, S.L.U.",regional_default_candidate,needs_municipal_review,no,e-distribución — distribución eléctrica,https://www.edistribucion.com/es/conocenos/instalaciones-distribucion-red/distribucion-electrica.html,official_distributor_public,2026-05-06,e-distribución declara presencia en Aragón; revisar municipios y posibles pequeñas antes de producción.
aragon,Pozondón,"e-distribución Redes Digitales, S.L.U.",regional_default_candidate,needs_municipal_review,no,e-distribución — distribución eléctrica,https://www.edistribucion.com/es/conocenos/instalaciones-distribucion-red/distribucion-electrica.html,official_distributor_public,2026-05-06,e-distribución declara presencia en Aragón; revisar municipios y posibles pequeñas antes de producción.
aragon,Pozuel de Ariza,"e-distribución Redes Digitales, S.L.U.",regional_default_candidate,needs_municipal_review,no,e-distribución — distribución eléctrica,https://www.edistribucion.com/es/conocenos/instalaciones-distribucion-red/distribucion-electrica.html,official_distributor_public,2026-05-06,e-distribución declara presencia en Aragón; revisar municipios y posibles pequeñas antes de producción.
aragon,Pozuel del Campo,"e-distribución Redes Digitales, S.L.U.",regional_default_candidate,needs_municipal_review,no,e-distribución — distribución eléctrica,https://www.edistribucion.com/es/conocenos/instalaciones-distribucion-red/distribucion-electrica.html,official_distributor_public,2026-05-06,e-distribución declara presencia en Aragón; revisar municipios y posibles pequeñas antes de producción.
aragon,Pozuelo de Aragón,"e-distribución Redes Digitales, S.L.U.",regional_default_candidate,needs_municipal_review,no,e-distribución — distribución eléctrica,https://www.edistribucion.com/es/conocenos/instalaciones-distribucion-red/distribucion-electrica.html,official_distributor_public,2026-05-06,e-distribución declara presencia en Aragón; revisar municipios y posibles pequeñas antes de producción.
aragon,Pradilla de Ebro,"e-distribución Redes Digitales, S.L.U.",regional_default_candidate,needs_municipal_review,no,e-distribución — distribución eléctrica,https://www.edistribucion.com/es/conocenos/instalaciones-distribucion-red/distribucion-electrica.html,official_distributor_public,2026-05-06,e-distribución declara presencia en Aragón; revisar municipios y posibles pequeñas antes de producción.
aragon,Puebla de Albortón,"e-distribución Redes Digitales, S.L.U.",regional_default_candidate,needs_municipal_review,no,e-distribución — distribución eléctrica,https://www.edistribucion.com/es/conocenos/instalaciones-distribucion-red/distribucion-electrica.html,official_distributor_public,2026-05-06,e-distribución declara presencia en Aragón; revisar municipios y posibles pequeñas antes de producción.
aragon,Puendeluna,"e-distribución Redes Digitales, S.L.U.",regional_default_candidate,needs_municipal_review,no,e-distribución — distribución eléctrica,https://www.edistribucion.com/es/conocenos/instalaciones-distribucion-red/distribucion-electrica.html,official_distributor_public,2026-05-06,e-distribución declara presencia en Aragón; revisar municipios y posibles pequeñas antes de producción.
aragon,Puente de Montañana,"e-distribución Redes Digitales, S.L.U.",regional_default_candidate,needs_municipal_review,no,e-distribución — distribución eléctrica,https://www.edistribucion.com/es/conocenos/instalaciones-distribucion-red/distribucion-electrica.html,official_distributor_public,2026-05-06,e-distribución declara presencia en Aragón; revisar municipios y posibles pequeñas antes de producción.
aragon,Puente la Reina de Jaca,"e-distribución Redes Digitales, S.L.U.",regional_default_candidate,needs_municipal_review,no,e-distribución — distribución eléctrica,https://www.edistribucion.com/es/conocenos/instalaciones-distribucion-red/distribucion-electrica.html,official_distributor_public,2026-05-06,e-distribución declara presencia en Aragón; revisar municipios y posibles pequeñas antes de producción.
aragon,Puértolas,"e-distribución Redes Digitales, S.L.U.",regional_default_candidate,needs_municipal_review,no,e-distribución — distribución eléctrica,https://www.edistribucion.com/es/conocenos/instalaciones-distribucion-red/distribucion-electrica.html,official_distributor_public,2026-05-06,e-distribución declara presencia en Aragón; revisar municipios y posibles pequeñas antes de producción.
aragon,Puertomingalvo,"e-distribución Redes Digitales, S.L.U.",regional_default_candidate,needs_municipal_review,no,e-distribución — distribución eléctrica,https://www.edistribucion.com/es/conocenos/instalaciones-distribucion-red/distribucion-electrica.html,official_distributor_public,2026-05-06,e-distribución declara presencia en Aragón; revisar municipios y posibles pequeñas antes de producción.
aragon,Pueyo de Santa Cruz,"e-distribución Redes Digitales, S.L.U.",regional_default_candidate,needs_municipal_review,no,e-distribución — distribución eléctrica,https://www.edistribucion.com/es/conocenos/instalaciones-distribucion-red/distribucion-electrica.html,official_distributor_public,2026-05-06,e-distribución declara presencia en Aragón; revisar municipios y posibles pequeñas antes de producción.
aragon,Purujosa,"e-distribución Redes Digitales, S.L.U.",regional_default_candidate,needs_municipal_review,no,e-distribución — distribución eléctrica,https://www.edistribucion.com/es/conocenos/instalaciones-distribucion-red/distribucion-electrica.html,official_distributor_public,2026-05-06,e-distribución declara presencia en Aragón; revisar municipios y posibles pequeñas antes de producción.
aragon,Quicena,"e-distribución Redes Digitales, S.L.U.",regional_default_candidate,needs_municipal_review,no,e-distribución — distribución eléctrica,https://www.edistribucion.com/es/conocenos/instalaciones-distribucion-red/distribucion-electrica.html,official_distributor_public,2026-05-06,e-distribución declara presencia en Aragón; revisar municipios y posibles pequeñas antes de producción.
aragon,Quinto,"e-distribución Redes Digitales, S.L.U.",regional_default_candidate,needs_municipal_review,no,e-distribución — distribución eléctrica,https://www.edistribucion.com/es/conocenos/instalaciones-distribucion-red/distribucion-electrica.html,official_distributor_public,2026-05-06,e-distribución declara presencia en Aragón; revisar municipios y posibles pequeñas antes de producción.
aragon,Ráfales,"e-distribución Redes Digitales, S.L.U.",regional_default_candidate,needs_municipal_review,no,e-distribución — distribución eléctrica,https://www.edistribucion.com/es/conocenos/instalaciones-distribucion-red/distribucion-electrica.html,official_distributor_public,2026-05-06,e-distribución declara presencia en Aragón; revisar municipios y posibles pequeñas antes de producción.
aragon,Remolinos,"e-distribución Redes Digitales, S.L.U.",regional_default_candidate,needs_municipal_review,no,e-distribución — distribución eléctrica,https://www.edistribucion.com/es/conocenos/instalaciones-distribucion-red/distribucion-electrica.html,official_distributor_public,2026-05-06,e-distribución declara presencia en Aragón; revisar municipios y posibles pequeñas antes de producción.
aragon,Retascón,"e-distribución Redes Digitales, S.L.U.",regional_default_candidate,needs_municipal_review,no,e-distribución — distribución eléctrica,https://www.edistribucion.com/es/conocenos/instalaciones-distribucion-red/distribucion-electrica.html,official_distributor_public,2026-05-06,e-distribución declara presencia en Aragón; revisar municipios y posibles pequeñas antes de producción.
aragon,Ricla,"e-distribución Redes Digitales, S.L.U.",regional_default_candidate,needs_municipal_review,no,e-distribución — distribución eléctrica,https://www.edistribucion.com/es/conocenos/instalaciones-distribucion-red/distribucion-electrica.html,official_distributor_public,2026-05-06,e-distribución declara presencia en Aragón; revisar municipios y posibles pequeñas antes de producción.
aragon,Rillo,"e-distribución Redes Digitales, S.L.U.",regional_default_candidate,needs_municipal_review,no,e-distribución — distribución eléctrica,https://www.edistribucion.com/es/conocenos/instalaciones-distribucion-red/distribucion-electrica.html,official_distributor_public,2026-05-06,e-distribución declara presencia en Aragón; revisar municipios y posibles pequeñas antes de producción.
aragon,Riodeva,"e-distribución Redes Digitales, S.L.U.",regional_default_candidate,needs_municipal_review,no,e-distribución — distribución eléctrica,https://www.edistribucion.com/es/conocenos/instalaciones-distribucion-red/distribucion-electrica.html,official_distributor_public,2026-05-06,e-distribución declara presencia en Aragón; revisar municipios y posibles pequeñas antes de producción.
aragon,Robres,"e-distribución Redes Digitales, S.L.U.",regional_default_candidate,needs_municipal_review,no,e-distribución — distribución eléctrica,https://www.edistribucion.com/es/conocenos/instalaciones-distribucion-red/distribucion-electrica.html,official_distributor_public,2026-05-06,e-distribución declara presencia en Aragón; revisar municipios y posibles pequeñas antes de producción.
aragon,Ródenas,"e-distribución Redes Digitales, S.L.U.",regional_default_candidate,needs_municipal_review,no,e-distribución — distribución eléctrica,https://www.edistribucion.com/es/conocenos/instalaciones-distribucion-red/distribucion-electrica.html,official_distributor_public,2026-05-06,e-distribución declara presencia en Aragón; revisar municipios y posibles pequeñas antes de producción.
aragon,Romanos,"e-distribución Redes Digitales, S.L.U.",regional_default_candidate,needs_municipal_review,no,e-distribución — distribución eléctrica,https://www.edistribucion.com/es/conocenos/instalaciones-distribucion-red/distribucion-electrica.html,official_distributor_public,2026-05-06,e-distribución declara presencia en Aragón; revisar municipios y posibles pequeñas antes de producción.
aragon,Royuela,"e-distribución Redes Digitales, S.L.U.",regional_default_candidate,needs_municipal_review,no,e-distribución — distribución eléctrica,https://www.edistribucion.com/es/conocenos/instalaciones-distribucion-red/distribucion-electrica.html,official_distributor_public,2026-05-06,e-distribución declara presencia en Aragón; revisar municipios y posibles pequeñas antes de producción.
aragon,Rubiales,"e-distribución Redes Digitales, S.L.U.",regional_default_candidate,needs_municipal_review,no,e-distribución — distribución eléctrica,https://www.edistribucion.com/es/conocenos/instalaciones-distribucion-red/distribucion-electrica.html,official_distributor_public,2026-05-06,e-distribución declara presencia en Aragón; revisar municipios y posibles pequeñas antes de producción.
aragon,Rubielos de la Cérida,"e-distribución Redes Digitales, S.L.U.",regional_default_candidate,needs_municipal_review,no,e-distribución — distribución eléctrica,https://www.edistribucion.com/es/conocenos/instalaciones-distribucion-red/distribucion-electrica.html,official_distributor_public,2026-05-06,e-distribución declara presencia en Aragón; revisar municipios y posibles pequeñas antes de producción.
aragon,Rubielos de Mora,"e-distribución Redes Digitales, S.L.U.",regional_default_candidate,needs_municipal_review,no,e-distribución — distribución eléctrica,https://www.edistribucion.com/es/conocenos/instalaciones-distribucion-red/distribucion-electrica.html,official_distributor_public,2026-05-06,e-distribución declara presencia en Aragón; revisar municipios y posibles pequeñas antes de producción.
aragon,Rueda de Jalón,"e-distribución Redes Digitales, S.L.U.",regional_default_candidate,needs_municipal_review,no,e-distribución — distribución eléctrica,https://www.edistribucion.com/es/conocenos/instalaciones-distribucion-red/distribucion-electrica.html,official_distributor_public,2026-05-06,e-distribución declara presencia en Aragón; revisar municipios y posibles pequeñas antes de producción.
aragon,Ruesca,"e-distribución Redes Digitales, S.L.U.",regional_default_candidate,needs_municipal_review,no,e-distribución — distribución eléctrica,https://www.edistribucion.com/es/conocenos/instalaciones-distribucion-red/distribucion-electrica.html,official_distributor_public,2026-05-06,e-distribución declara presencia en Aragón; revisar municipios y posibles pequeñas antes de producción.
aragon,Sabiñán,"e-distribución Redes Digitales, S.L.U.",regional_default_candidate,needs_municipal_review,no,e-distribución — distribución eléctrica,https://www.edistribucion.com/es/conocenos/instalaciones-distribucion-red/distribucion-electrica.html,official_distributor_public,2026-05-06,e-distribución declara presencia en Aragón; revisar municipios y posibles pequeñas antes de producción.
aragon,Sabiñánigo,"e-distribución Redes Digitales, S.L.U.",regional_default_candidate,needs_municipal_review,no,e-distribución — distribución eléctrica,https://www.edistribucion.com/es/conocenos/instalaciones-distribucion-red/distribucion-electrica.html,official_distributor_public,2026-05-06,e-distribución declara presencia en Aragón; revisar municipios y posibles pequeñas antes de producción.
aragon,Sádaba,"e-distribución Redes Digitales, S.L.U.",regional_default_candidate,needs_municipal_review,no,e-distribución — distribución eléctrica,https://www.edistribucion.com/es/conocenos/instalaciones-distribucion-red/distribucion-electrica.html,official_distributor_public,2026-05-06,e-distribución declara presencia en Aragón; revisar municipios y posibles pequeñas antes de producción.
aragon,Sahún,"e-distribución Redes Digitales, S.L.U.",regional_default_candidate,needs_municipal_review,no,e-distribución — distribución eléctrica,https://www.edistribucion.com/es/conocenos/instalaciones-distribucion-red/distribucion-electrica.html,official_distributor_public,2026-05-06,e-distribución declara presencia en Aragón; revisar municipios y posibles pequeñas antes de producción.
aragon,Salas Altas,"e-distribución Redes Digitales, S.L.U.",regional_default_candidate,needs_municipal_review,no,e-distribución — distribución eléctrica,https://www.edistribucion.com/es/conocenos/instalaciones-distribucion-red/distribucion-electrica.html,official_distributor_public,2026-05-06,e-distribución declara presencia en Aragón; revisar municipios y posibles pequeñas antes de producción.
aragon,Salas Bajas,"e-distribución Redes Digitales, S.L.U.",regional_default_candidate,needs_municipal_review,no,e-distribución — distribución eléctrica,https://www.edistribucion.com/es/conocenos/instalaciones-distribucion-red/distribucion-electrica.html,official_distributor_public,2026-05-06,e-distribución declara presencia en Aragón; revisar municipios y posibles pequeñas antes de producción.
aragon,Salcedillo,"e-distribución Redes Digitales, S.L.U.",regional_default_candidate,needs_municipal_review,no,e-distribución — distribución eléctrica,https://www.edistribucion.com/es/conocenos/instalaciones-distribucion-red/distribucion-electrica.html,official_distributor_public,2026-05-06,e-distribución declara presencia en Aragón; revisar municipios y posibles pequeñas antes de producción.
aragon,Saldón,"e-distribución Redes Digitales, S.L.U.",regional_default_candidate,needs_municipal_review,no,e-distribución — distribución eléctrica,https://www.edistribucion.com/es/conocenos/instalaciones-distribucion-red/distribucion-electrica.html,official_distributor_public,2026-05-06,e-distribución declara presencia en Aragón; revisar municipios y posibles pequeñas antes de producción.
aragon,Salillas,"e-distribución Redes Digitales, S.L.U.",regional_default_candidate,needs_municipal_review,no,e-distribución — distribución eléctrica,https://www.edistribucion.com/es/conocenos/instalaciones-distribucion-red/distribucion-electrica.html,official_distributor_public,2026-05-06,e-distribución declara presencia en Aragón; revisar municipios y posibles pequeñas antes de producción.
aragon,Salillas de Jalón,"e-distribución Redes Digitales, S.L.U.",regional_default_candidate,needs_municipal_review,no,e-distribución — distribución eléctrica,https://www.edistribucion.com/es/conocenos/instalaciones-distribucion-red/distribucion-electrica.html,official_distributor_public,2026-05-06,e-distribución declara presencia en Aragón; revisar municipios y posibles pequeñas antes de producción.
aragon,Sallent de Gállego,"e-distribución Redes Digitales, S.L.U.",regional_default_candidate,needs_municipal_review,no,e-distribución — distribución eléctrica,https://www.edistribucion.com/es/conocenos/instalaciones-distribucion-red/distribucion-electrica.html,official_distributor_public,2026-05-06,e-distribución declara presencia en Aragón; revisar municipios y posibles pequeñas antes de producción.
aragon,Salvatierra de Esca,"e-distribución Redes Digitales, S.L.U.",regional_default_candidate,needs_municipal_review,no,e-distribución — distribución eléctrica,https://www.edistribucion.com/es/conocenos/instalaciones-distribucion-red/distribucion-electrica.html,official_distributor_public,2026-05-06,e-distribución declara presencia en Aragón; revisar municipios y posibles pequeñas antes de producción.
aragon,Samper de Calanda,"e-distribución Redes Digitales, S.L.U.",regional_default_candidate,needs_municipal_review,no,e-distribución — distribución eléctrica,https://www.edistribucion.com/es/conocenos/instalaciones-distribucion-red/distribucion-electrica.html,official_distributor_public,2026-05-06,e-distribución declara presencia en Aragón; revisar municipios y posibles pequeñas antes de producción.
aragon,Samper del Salz,"e-distribución Redes Digitales, S.L.U.",regional_default_candidate,needs_municipal_review,no,e-distribución — distribución eléctrica,https://www.edistribucion.com/es/conocenos/instalaciones-distribucion-red/distribucion-electrica.html,official_distributor_public,2026-05-06,e-distribución declara presencia en Aragón; revisar municipios y posibles pequeñas antes de producción.
aragon,San Agustín,"e-distribución Redes Digitales, S.L.U.",regional_default_candidate,needs_municipal_review,no,e-distribución — distribución eléctrica,https://www.edistribucion.com/es/conocenos/instalaciones-distribucion-red/distribucion-electrica.html,official_distributor_public,2026-05-06,e-distribución declara presencia en Aragón; revisar municipios y posibles pequeñas antes de producción.
aragon,San Esteban de Litera,"e-distribución Redes Digitales, S.L.U.",regional_default_candidate,needs_municipal_review,no,e-distribución — distribución eléctrica,https://www.edistribucion.com/es/conocenos/instalaciones-distribucion-red/distribucion-electrica.html,official_distributor_public,2026-05-06,e-distribución declara presencia en Aragón; revisar municipios y posibles pequeñas antes de producción.
aragon,San Juan de Plan,"e-distribución Redes Digitales, S.L.U.",regional_default_candidate,needs_municipal_review,no,e-distribución — distribución eléctrica,https://www.edistribucion.com/es/conocenos/instalaciones-distribucion-red/distribucion-electrica.html,official_distributor_public,2026-05-06,e-distribución declara presencia en Aragón; revisar municipios y posibles pequeñas antes de producción.
aragon,San Martín de la Virgen de Moncayo,"e-distribución Redes Digitales, S.L.U.",regional_default_candidate,needs_municipal_review,no,e-distribución — distribución eléctrica,https://www.edistribucion.com/es/conocenos/instalaciones-distribucion-red/distribucion-electrica.html,official_distributor_public,2026-05-06,e-distribución declara presencia en Aragón; revisar municipios y posibles pequeñas antes de producción.
aragon,San Martín del Río,"e-distribución Redes Digitales, S.L.U.",regional_default_candidate,needs_municipal_review,no,e-distribución — distribución eléctrica,https://www.edistribucion.com/es/conocenos/instalaciones-distribucion-red/distribucion-electrica.html,official_distributor_public,2026-05-06,e-distribución declara presencia en Aragón; revisar municipios y posibles pequeñas antes de producción.
aragon,San Mateo de Gállego,"e-distribución Redes Digitales, S.L.U.",regional_default_candidate,needs_municipal_review,no,e-distribución — distribución eléctrica,https://www.edistribucion.com/es/conocenos/instalaciones-distribucion-red/distribucion-electrica.html,official_distributor_public,2026-05-06,e-distribución declara presencia en Aragón; revisar municipios y posibles pequeñas antes de producción.
aragon,San Miguel del Cinca,"e-distribución Redes Digitales, S.L.U.",regional_default_candidate,needs_municipal_review,no,e-distribución — distribución eléctrica,https://www.edistribucion.com/es/conocenos/instalaciones-distribucion-red/distribucion-electrica.html,official_distributor_public,2026-05-06,e-distribución declara presencia en Aragón; revisar municipios y posibles pequeñas antes de producción.
aragon,Sangarrén,"e-distribución Redes Digitales, S.L.U.",regional_default_candidate,needs_municipal_review,no,e-distribución — distribución eléctrica,https://www.edistribucion.com/es/conocenos/instalaciones-distribucion-red/distribucion-electrica.html,official_distributor_public,2026-05-06,e-distribución declara presencia en Aragón; revisar municipios y posibles pequeñas antes de producción.
aragon,Santa Cilia,"e-distribución Redes Digitales, S.L.U.",regional_default_candidate,needs_municipal_review,no,e-distribución — distribución eléctrica,https://www.edistribucion.com/es/conocenos/instalaciones-distribucion-red/distribucion-electrica.html,official_distributor_public,2026-05-06,e-distribución declara presencia en Aragón; revisar municipios y posibles pequeñas antes de producción.
aragon,Santa Cruz de Grío,"e-distribución Redes Digitales, S.L.U.",regional_default_candidate,needs_municipal_review,no,e-distribución — distribución eléctrica,https://www.edistribucion.com/es/conocenos/instalaciones-distribucion-red/distribucion-electrica.html,official_distributor_public,2026-05-06,e-distribución declara presencia en Aragón; revisar municipios y posibles pequeñas antes de producción.
aragon,Santa Cruz de la Serós,"e-distribución Redes Digitales, S.L.U.",regional_default_candidate,needs_municipal_review,no,e-distribución — distribución eléctrica,https://www.edistribucion.com/es/conocenos/instalaciones-distribucion-red/distribucion-electrica.html,official_distributor_public,2026-05-06,e-distribución declara presencia en Aragón; revisar municipios y posibles pequeñas antes de producción.
aragon,Santa Cruz de Moncayo,"e-distribución Redes Digitales, S.L.U.",regional_default_candidate,needs_municipal_review,no,e-distribución — distribución eléctrica,https://www.edistribucion.com/es/conocenos/instalaciones-distribucion-red/distribucion-electrica.html,official_distributor_public,2026-05-06,e-distribución declara presencia en Aragón; revisar municipios y posibles pequeñas antes de producción.
aragon,Santa Cruz de Nogueras,"e-distribución Redes Digitales, S.L.U.",regional_default_candidate,needs_municipal_review,no,e-distribución — distribución eléctrica,https://www.edistribucion.com/es/conocenos/instalaciones-distribucion-red/distribucion-electrica.html,official_distributor_public,2026-05-06,e-distribución declara presencia en Aragón; revisar municipios y posibles pequeñas antes de producción.
aragon,Santa Eulalia,"e-distribución Redes Digitales, S.L.U.",regional_default_candidate,needs_municipal_review,no,e-distribución — distribución eléctrica,https://www.edistribucion.com/es/conocenos/instalaciones-distribucion-red/distribucion-electrica.html,official_distributor_public,2026-05-06,e-distribución declara presencia en Aragón; revisar municipios y posibles pequeñas antes de producción.
aragon,Santa Eulalia de Gállego,"e-distribución Redes Digitales, S.L.U.",regional_default_candidate,needs_municipal_review,no,e-distribución — distribución eléctrica,https://www.edistribucion.com/es/conocenos/instalaciones-distribucion-red/distribucion-electrica.html,official_distributor_public,2026-05-06,e-distribución declara presencia en Aragón; revisar municipios y posibles pequeñas antes de producción.
aragon,Santa María de Dulcis,"e-distribución Redes Digitales, S.L.U.",regional_default_candidate,needs_municipal_review,no,e-distribución — distribución eléctrica,https://www.edistribucion.com/es/conocenos/instalaciones-distribucion-red/distribucion-electrica.html,official_distributor_public,2026-05-06,e-distribución declara presencia en Aragón; revisar municipios y posibles pequeñas antes de producción.
aragon,Santaliestra y San Quílez,"e-distribución Redes Digitales, S.L.U.",regional_default_candidate,needs_municipal_review,no,e-distribución — distribución eléctrica,https://www.edistribucion.com/es/conocenos/instalaciones-distribucion-red/distribucion-electrica.html,official_distributor_public,2026-05-06,e-distribución declara presencia en Aragón; revisar municipios y posibles pequeñas antes de producción.
aragon,Santed,"e-distribución Redes Digitales, S.L.U.",regional_default_candidate,needs_municipal_review,no,e-distribución — distribución eléctrica,https://www.edistribucion.com/es/conocenos/instalaciones-distribucion-red/distribucion-electrica.html,official_distributor_public,2026-05-06,e-distribución declara presencia en Aragón; revisar municipios y posibles pequeñas antes de producción.
aragon,Sariñena,"e-distribución Redes Digitales, S.L.U.",regional_default_candidate,needs_municipal_review,no,e-distribución — distribución eléctrica,https://www.edistribucion.com/es/conocenos/instalaciones-distribucion-red/distribucion-electrica.html,official_distributor_public,2026-05-06,e-distribución declara presencia en Aragón; revisar municipios y posibles pequeñas antes de producción.
aragon,Sarrión,"e-distribución Redes Digitales, S.L.U.",regional_default_candidate,needs_municipal_review,no,e-distribución — distribución eléctrica,https://www.edistribucion.com/es/conocenos/instalaciones-distribucion-red/distribucion-electrica.html,official_distributor_public,2026-05-06,e-distribución declara presencia en Aragón; revisar municipios y posibles pequeñas antes de producción.
aragon,Sástago,"e-distribución Redes Digitales, S.L.U.",regional_default_candidate,needs_municipal_review,no,e-distribución — distribución eléctrica,https://www.edistribucion.com/es/conocenos/instalaciones-distribucion-red/distribucion-electrica.html,official_distributor_public,2026-05-06,e-distribución declara presencia en Aragón; revisar municipios y posibles pequeñas antes de producción.
aragon,Secastilla,"e-distribución Redes Digitales, S.L.U.",regional_default_candidate,needs_municipal_review,no,e-distribución — distribución eléctrica,https://www.edistribucion.com/es/conocenos/instalaciones-distribucion-red/distribucion-electrica.html,official_distributor_public,2026-05-06,e-distribución declara presencia en Aragón; revisar municipios y posibles pequeñas antes de producción.
aragon,Sediles,"e-distribución Redes Digitales, S.L.U.",regional_default_candidate,needs_municipal_review,no,e-distribución — distribución eléctrica,https://www.edistribucion.com/es/conocenos/instalaciones-distribucion-red/distribucion-electrica.html,official_distributor_public,2026-05-06,e-distribución declara presencia en Aragón; revisar municipios y posibles pequeñas antes de producción.
aragon,Segura de los Baños,"e-distribución Redes Digitales, S.L.U.",regional_default_candidate,needs_municipal_review,no,e-distribución — distribución eléctrica,https://www.edistribucion.com/es/conocenos/instalaciones-distribucion-red/distribucion-electrica.html,official_distributor_public,2026-05-06,e-distribución declara presencia en Aragón; revisar municipios y posibles pequeñas antes de producción.
aragon,Seira,"e-distribución Redes Digitales, S.L.U.",regional_default_candidate,needs_municipal_review,no,e-distribución — distribución eléctrica,https://www.edistribucion.com/es/conocenos/instalaciones-distribucion-red/distribucion-electrica.html,official_distributor_public,2026-05-06,e-distribución declara presencia en Aragón; revisar municipios y posibles pequeñas antes de producción.
aragon,Sena,"e-distribución Redes Digitales, S.L.U.",regional_default_candidate,needs_municipal_review,no,e-distribución — distribución eléctrica,https://www.edistribucion.com/es/conocenos/instalaciones-distribucion-red/distribucion-electrica.html,official_distributor_public,2026-05-06,e-distribución declara presencia en Aragón; revisar municipios y posibles pequeñas antes de producción.
aragon,Senés de Alcubierre,"e-distribución Redes Digitales, S.L.U.",regional_default_candidate,needs_municipal_review,no,e-distribución — distribución eléctrica,https://www.edistribucion.com/es/conocenos/instalaciones-distribucion-red/distribucion-electrica.html,official_distributor_public,2026-05-06,e-distribución declara presencia en Aragón; revisar municipios y posibles pequeñas antes de producción.
aragon,Seno,"e-distribución Redes Digitales, S.L.U.",regional_default_candidate,needs_municipal_review,no,e-distribución — distribución eléctrica,https://www.edistribucion.com/es/conocenos/instalaciones-distribucion-red/distribucion-electrica.html,official_distributor_public,2026-05-06,e-distribución declara presencia en Aragón; revisar municipios y posibles pequeñas antes de producción.
aragon,Sesa,"e-distribución Redes Digitales, S.L.U.",regional_default_candidate,needs_municipal_review,no,e-distribución — distribución eléctrica,https://www.edistribucion.com/es/conocenos/instalaciones-distribucion-red/distribucion-electrica.html,official_distributor_public,2026-05-06,e-distribución declara presencia en Aragón; revisar municipios y posibles pequeñas antes de producción.
aragon,Sestrica,"e-distribución Redes Digitales, S.L.U.",regional_default_candidate,needs_municipal_review,no,e-distribución — distribución eléctrica,https://www.edistribucion.com/es/conocenos/instalaciones-distribucion-red/distribucion-electrica.html,official_distributor_public,2026-05-06,e-distribución declara presencia en Aragón; revisar municipios y posibles pequeñas antes de producción.
aragon,Sesué,"e-distribución Redes Digitales, S.L.U.",regional_default_candidate,needs_municipal_review,no,e-distribución — distribución eléctrica,https://www.edistribucion.com/es/conocenos/instalaciones-distribucion-red/distribucion-electrica.html,official_distributor_public,2026-05-06,e-distribución declara presencia en Aragón; revisar municipios y posibles pequeñas antes de producción.
aragon,Sierra de Luna,"e-distribución Redes Digitales, S.L.U.",regional_default_candidate,needs_municipal_review,no,e-distribución — distribución eléctrica,https://www.edistribucion.com/es/conocenos/instalaciones-distribucion-red/distribucion-electrica.html,official_distributor_public,2026-05-06,e-distribución declara presencia en Aragón; revisar municipios y posibles pequeñas antes de producción.
aragon,Siétamo,"e-distribución Redes Digitales, S.L.U.",regional_default_candidate,needs_municipal_review,no,e-distribución — distribución eléctrica,https://www.edistribucion.com/es/conocenos/instalaciones-distribucion-red/distribucion-electrica.html,official_distributor_public,2026-05-06,e-distribución declara presencia en Aragón; revisar municipios y posibles pequeñas antes de producción.
aragon,Sigüés,"e-distribución Redes Digitales, S.L.U.",regional_default_candidate,needs_municipal_review,no,e-distribución — distribución eléctrica,https://www.edistribucion.com/es/conocenos/instalaciones-distribucion-red/distribucion-electrica.html,official_distributor_public,2026-05-06,e-distribución declara presencia en Aragón; revisar municipios y posibles pequeñas antes de producción.
aragon,Singra,"e-distribución Redes Digitales, S.L.U.",regional_default_candidate,needs_municipal_review,no,e-distribución — distribución eléctrica,https://www.edistribucion.com/es/conocenos/instalaciones-distribucion-red/distribucion-electrica.html,official_distributor_public,2026-05-06,e-distribución declara presencia en Aragón; revisar municipios y posibles pequeñas antes de producción.
aragon,Sisamón,"e-distribución Redes Digitales, S.L.U.",regional_default_candidate,needs_municipal_review,no,e-distribución — distribución eléctrica,https://www.edistribucion.com/es/conocenos/instalaciones-distribucion-red/distribucion-electrica.html,official_distributor_public,2026-05-06,e-distribución declara presencia en Aragón; revisar municipios y posibles pequeñas antes de producción.
aragon,Sobradiel,"e-distribución Redes Digitales, S.L.U.",regional_default_candidate,needs_municipal_review,no,e-distribución — distribución eléctrica,https://www.edistribucion.com/es/conocenos/instalaciones-distribucion-red/distribucion-electrica.html,official_distributor_public,2026-05-06,e-distribución declara presencia en Aragón; revisar municipios y posibles pequeñas antes de producción.
aragon,Sopeira,"e-distribución Redes Digitales, S.L.U.",regional_default_candidate,needs_municipal_review,no,e-distribución — distribución eléctrica,https://www.edistribucion.com/es/conocenos/instalaciones-distribucion-red/distribucion-electrica.html,official_distributor_public,2026-05-06,e-distribución declara presencia en Aragón; revisar municipios y posibles pequeñas antes de producción.
aragon,Sos del Rey Católico,"e-distribución Redes Digitales, S.L.U.",regional_default_candidate,needs_municipal_review,no,e-distribución — distribución eléctrica,https://www.edistribucion.com/es/conocenos/instalaciones-distribucion-red/distribucion-electrica.html,official_distributor_public,2026-05-06,e-distribución declara presencia en Aragón; revisar municipios y posibles pequeñas antes de producción.
aragon,Tabuenca,"e-distribución Redes Digitales, S.L.U.",regional_default_candidate,needs_municipal_review,no,e-distribución — distribución eléctrica,https://www.edistribucion.com/es/conocenos/instalaciones-distribucion-red/distribucion-electrica.html,official_distributor_public,2026-05-06,e-distribución declara presencia en Aragón; revisar municipios y posibles pequeñas antes de producción.
aragon,Talamantes,"e-distribución Redes Digitales, S.L.U.",regional_default_candidate,needs_municipal_review,no,e-distribución — distribución eléctrica,https://www.edistribucion.com/es/conocenos/instalaciones-distribucion-red/distribucion-electrica.html,official_distributor_public,2026-05-06,e-distribución declara presencia en Aragón; revisar municipios y posibles pequeñas antes de producción.
aragon,Tamarite de Litera,"e-distribución Redes Digitales, S.L.U.",regional_default_candidate,needs_municipal_review,no,e-distribución — distribución eléctrica,https://www.edistribucion.com/es/conocenos/instalaciones-distribucion-red/distribucion-electrica.html,official_distributor_public,2026-05-06,e-distribución declara presencia en Aragón; revisar municipios y posibles pequeñas antes de producción.
aragon,Tarazona,"e-distribución Redes Digitales, S.L.U.",regional_default_candidate,needs_municipal_review,no,e-distribución — distribución eléctrica,https://www.edistribucion.com/es/conocenos/instalaciones-distribucion-red/distribucion-electrica.html,official_distributor_public,2026-05-06,e-distribución declara presencia en Aragón; revisar municipios y posibles pequeñas antes de producción.
aragon,Tardienta,"e-distribución Redes Digitales, S.L.U.",regional_default_candidate,needs_municipal_review,no,e-distribución — distribución eléctrica,https://www.edistribucion.com/es/conocenos/instalaciones-distribucion-red/distribucion-electrica.html,official_distributor_public,2026-05-06,e-distribución declara presencia en Aragón; revisar municipios y posibles pequeñas antes de producción.
aragon,Tauste,"e-distribución Redes Digitales, S.L.U.",regional_default_candidate,needs_municipal_review,no,e-distribución — distribución eléctrica,https://www.edistribucion.com/es/conocenos/instalaciones-distribucion-red/distribucion-electrica.html,official_distributor_public,2026-05-06,e-distribución declara presencia en Aragón; revisar municipios y posibles pequeñas antes de producción.
aragon,Tella-Sin,"e-distribución Redes Digitales, S.L.U.",regional_default_candidate,needs_municipal_review,no,e-distribución — distribución eléctrica,https://www.edistribucion.com/es/conocenos/instalaciones-distribucion-red/distribucion-electrica.html,official_distributor_public,2026-05-06,e-distribución declara presencia en Aragón; revisar municipios y posibles pequeñas antes de producción.
aragon,Terrer,"e-distribución Redes Digitales, S.L.U.",regional_default_candidate,needs_municipal_review,no,e-distribución — distribución eléctrica,https://www.edistribucion.com/es/conocenos/instalaciones-distribucion-red/distribucion-electrica.html,official_distributor_public,2026-05-06,e-distribución declara presencia en Aragón; revisar municipios y posibles pequeñas antes de producción.
aragon,Terriente,"e-distribución Redes Digitales, S.L.U.",regional_default_candidate,needs_municipal_review,no,e-distribución — distribución eléctrica,https://www.edistribucion.com/es/conocenos/instalaciones-distribucion-red/distribucion-electrica.html,official_distributor_public,2026-05-06,e-distribución declara presencia en Aragón; revisar municipios y posibles pequeñas antes de producción.
aragon,Teruel,"e-distribución Redes Digitales, S.L.U.",regional_default_candidate,needs_municipal_review,no,e-distribución — distribución eléctrica,https://www.edistribucion.com/es/conocenos/instalaciones-distribucion-red/distribucion-electrica.html,official_distributor_public,2026-05-06,e-distribución declara presencia en Aragón; revisar municipios y posibles pequeñas antes de producción.
aragon,Tierga,"e-distribución Redes Digitales, S.L.U.",regional_default_candidate,needs_municipal_review,no,e-distribución — distribución eléctrica,https://www.edistribucion.com/es/conocenos/instalaciones-distribucion-red/distribucion-electrica.html,official_distributor_public,2026-05-06,e-distribución declara presencia en Aragón; revisar municipios y posibles pequeñas antes de producción.
aragon,Tierz,"e-distribución Redes Digitales, S.L.U.",regional_default_candidate,needs_municipal_review,no,e-distribución — distribución eléctrica,https://www.edistribucion.com/es/conocenos/instalaciones-distribucion-red/distribucion-electrica.html,official_distributor_public,2026-05-06,e-distribución declara presencia en Aragón; revisar municipios y posibles pequeñas antes de producción.
aragon,Tobed,"e-distribución Redes Digitales, S.L.U.",regional_default_candidate,needs_municipal_review,no,e-distribución — distribución eléctrica,https://www.edistribucion.com/es/conocenos/instalaciones-distribucion-red/distribucion-electrica.html,official_distributor_public,2026-05-06,e-distribución declara presencia en Aragón; revisar municipios y posibles pequeñas antes de producción.
aragon,Tolva,"e-distribución Redes Digitales, S.L.U.",regional_default_candidate,needs_municipal_review,no,e-distribución — distribución eléctrica,https://www.edistribucion.com/es/conocenos/instalaciones-distribucion-red/distribucion-electrica.html,official_distributor_public,2026-05-06,e-distribución declara presencia en Aragón; revisar municipios y posibles pequeñas antes de producción.
aragon,Toril y Masegoso,"e-distribución Redes Digitales, S.L.U.",regional_default_candidate,needs_municipal_review,no,e-distribución — distribución eléctrica,https://www.edistribucion.com/es/conocenos/instalaciones-distribucion-red/distribucion-electrica.html,official_distributor_public,2026-05-06,e-distribución declara presencia en Aragón; revisar municipios y posibles pequeñas antes de producción.
aragon,Torla-Ordesa,"e-distribución Redes Digitales, S.L.U.",regional_default_candidate,needs_municipal_review,no,e-distribución — distribución eléctrica,https://www.edistribucion.com/es/conocenos/instalaciones-distribucion-red/distribucion-electrica.html,official_distributor_public,2026-05-06,e-distribución declara presencia en Aragón; revisar municipios y posibles pequeñas antes de producción.
aragon,Tormón,"e-distribución Redes Digitales, S.L.U.",regional_default_candidate,needs_municipal_review,no,e-distribución — distribución eléctrica,https://www.edistribucion.com/es/conocenos/instalaciones-distribucion-red/distribucion-electrica.html,official_distributor_public,2026-05-06,e-distribución declara presencia en Aragón; revisar municipios y posibles pequeñas antes de producción.
aragon,Tornos,"e-distribución Redes Digitales, S.L.U.",regional_default_candidate,needs_municipal_review,no,e-distribución — distribución eléctrica,https://www.edistribucion.com/es/conocenos/instalaciones-distribucion-red/distribucion-electrica.html,official_distributor_public,2026-05-06,e-distribución declara presencia en Aragón; revisar municipios y posibles pequeñas antes de producción.
aragon,Torralba de Aragón,"e-distribución Redes Digitales, S.L.U.",regional_default_candidate,needs_municipal_review,no,e-distribución — distribución eléctrica,https://www.edistribucion.com/es/conocenos/instalaciones-distribucion-red/distribucion-electrica.html,official_distributor_public,2026-05-06,e-distribución declara presencia en Aragón; revisar municipios y posibles pequeñas antes de producción.
aragon,Torralba de los Frailes,"e-distribución Redes Digitales, S.L.U.",regional_default_candidate,needs_municipal_review,no,e-distribución — distribución eléctrica,https://www.edistribucion.com/es/conocenos/instalaciones-distribucion-red/distribucion-electrica.html,official_distributor_public,2026-05-06,e-distribución declara presencia en Aragón; revisar municipios y posibles pequeñas antes de producción.
aragon,Torralba de los Sisones,"e-distribución Redes Digitales, S.L.U.",regional_default_candidate,needs_municipal_review,no,e-distribución — distribución eléctrica,https://www.edistribucion.com/es/conocenos/instalaciones-distribucion-red/distribucion-electrica.html,official_distributor_public,2026-05-06,e-distribución declara presencia en Aragón; revisar municipios y posibles pequeñas antes de producción.
aragon,Torralba de Ribota,"e-distribución Redes Digitales, S.L.U.",regional_default_candidate,needs_municipal_review,no,e-distribución — distribución eléctrica,https://www.edistribucion.com/es/conocenos/instalaciones-distribucion-red/distribucion-electrica.html,official_distributor_public,2026-05-06,e-distribución declara presencia en Aragón; revisar municipios y posibles pequeñas antes de producción.
aragon,Torralbilla,"e-distribución Redes Digitales, S.L.U.",regional_default_candidate,needs_municipal_review,no,e-distribución — distribución eléctrica,https://www.edistribucion.com/es/conocenos/instalaciones-distribucion-red/distribucion-electrica.html,official_distributor_public,2026-05-06,e-distribución declara presencia en Aragón; revisar municipios y posibles pequeñas antes de producción.
aragon,Torre de Arcas,"e-distribución Redes Digitales, S.L.U.",regional_default_candidate,needs_municipal_review,no,e-distribución — distribución eléctrica,https://www.edistribucion.com/es/conocenos/instalaciones-distribucion-red/distribucion-electrica.html,official_distributor_public,2026-05-06,e-distribución declara presencia en Aragón; revisar municipios y posibles pequeñas antes de producción.
aragon,Torre de las Arcas,"e-distribución Redes Digitales, S.L.U.",regional_default_candidate,needs_municipal_review,no,e-distribución — distribución eléctrica,https://www.edistribucion.com/es/conocenos/instalaciones-distribucion-red/distribucion-electrica.html,official_distributor_public,2026-05-06,e-distribución declara presencia en Aragón; revisar municipios y posibles pequeñas antes de producción.
aragon,Torre del Compte,"e-distribución Redes Digitales, S.L.U.",regional_default_candidate,needs_municipal_review,no,e-distribución — distribución eléctrica,https://www.edistribucion.com/es/conocenos/instalaciones-distribucion-red/distribucion-electrica.html,official_distributor_public,2026-05-06,e-distribución declara presencia en Aragón; revisar municipios y posibles pequeñas antes de producción.
aragon,Torre la Ribera,"e-distribución Redes Digitales, S.L.U.",regional_default_candidate,needs_municipal_review,no,e-distribución — distribución eléctrica,https://www.edistribucion.com/es/conocenos/instalaciones-distribucion-red/distribucion-electrica.html,official_distributor_public,2026-05-06,e-distribución declara presencia en Aragón; revisar municipios y posibles pequeñas antes de producción.
aragon,Torre los Negros,"e-distribución Redes Digitales, S.L.U.",regional_default_candidate,needs_municipal_review,no,e-distribución — distribución eléctrica,https://www.edistribucion.com/es/conocenos/instalaciones-distribucion-red/distribucion-electrica.html,official_distributor_public,2026-05-06,e-distribución declara presencia en Aragón; revisar municipios y posibles pequeñas antes de producción.
aragon,Torrecilla de Alcañiz,"e-distribución Redes Digitales, S.L.U.",regional_default_candidate,needs_municipal_review,no,e-distribución — distribución eléctrica,https://www.edistribucion.com/es/conocenos/instalaciones-distribucion-red/distribucion-electrica.html,official_distributor_public,2026-05-06,e-distribución declara presencia en Aragón; revisar municipios y posibles pequeñas antes de producción.
aragon,Torrecilla del Rebollar,"e-distribución Redes Digitales, S.L.U.",regional_default_candidate,needs_municipal_review,no,e-distribución — distribución eléctrica,https://www.edistribucion.com/es/conocenos/instalaciones-distribucion-red/distribucion-electrica.html,official_distributor_public,2026-05-06,e-distribución declara presencia en Aragón; revisar municipios y posibles pequeñas antes de producción.
aragon,Torrehermosa,"e-distribución Redes Digitales, S.L.U.",regional_default_candidate,needs_municipal_review,no,e-distribución — distribución eléctrica,https://www.edistribucion.com/es/conocenos/instalaciones-distribucion-red/distribucion-electrica.html,official_distributor_public,2026-05-06,e-distribución declara presencia en Aragón; revisar municipios y posibles pequeñas antes de producción.
aragon,Torrelacárcel,"e-distribución Redes Digitales, S.L.U.",regional_default_candidate,needs_municipal_review,no,e-distribución — distribución eléctrica,https://www.edistribucion.com/es/conocenos/instalaciones-distribucion-red/distribucion-electrica.html,official_distributor_public,2026-05-06,e-distribución declara presencia en Aragón; revisar municipios y posibles pequeñas antes de producción.
aragon,Torrelapaja,"e-distribución Redes Digitales, S.L.U.",regional_default_candidate,needs_municipal_review,no,e-distribución — distribución eléctrica,https://www.edistribucion.com/es/conocenos/instalaciones-distribucion-red/distribucion-electrica.html,official_distributor_public,2026-05-06,e-distribución declara presencia en Aragón; revisar municipios y posibles pequeñas antes de producción.
aragon,Torrellas,"e-distribución Redes Digitales, S.L.U.",regional_default_candidate,needs_municipal_review,no,e-distribución — distribución eléctrica,https://www.edistribucion.com/es/conocenos/instalaciones-distribucion-red/distribucion-electrica.html,official_distributor_public,2026-05-06,e-distribución declara presencia en Aragón; revisar municipios y posibles pequeñas antes de producción.
aragon,Torremocha de Jiloca,"e-distribución Redes Digitales, S.L.U.",regional_default_candidate,needs_municipal_review,no,e-distribución — distribución eléctrica,https://www.edistribucion.com/es/conocenos/instalaciones-distribucion-red/distribucion-electrica.html,official_distributor_public,2026-05-06,e-distribución declara presencia en Aragón; revisar municipios y posibles pequeñas antes de producción.
aragon,Torrente de Cinca,"e-distribución Redes Digitales, S.L.U.",regional_default_candidate,needs_municipal_review,no,e-distribución — distribución eléctrica,https://www.edistribucion.com/es/conocenos/instalaciones-distribucion-red/distribucion-electrica.html,official_distributor_public,2026-05-06,e-distribución declara presencia en Aragón; revisar municipios y posibles pequeñas antes de producción.
aragon,Torres de Albarracín,"e-distribución Redes Digitales, S.L.U.",regional_default_candidate,needs_municipal_review,no,e-distribución — distribución eléctrica,https://www.edistribucion.com/es/conocenos/instalaciones-distribucion-red/distribucion-electrica.html,official_distributor_public,2026-05-06,e-distribución declara presencia en Aragón; revisar municipios y posibles pequeñas antes de producción.
aragon,Torres de Alcanadre,"e-distribución Redes Digitales, S.L.U.",regional_default_candidate,needs_municipal_review,no,e-distribución — distribución eléctrica,https://www.edistribucion.com/es/conocenos/instalaciones-distribucion-red/distribucion-electrica.html,official_distributor_public,2026-05-06,e-distribución declara presencia en Aragón; revisar municipios y posibles pequeñas antes de producción.
aragon,Torres de Barbués,"e-distribución Redes Digitales, S.L.U.",regional_default_candidate,needs_municipal_review,no,e-distribución — distribución eléctrica,https://www.edistribucion.com/es/conocenos/instalaciones-distribucion-red/distribucion-electrica.html,official_distributor_public,2026-05-06,e-distribución declara presencia en Aragón; revisar municipios y posibles pequeñas antes de producción.
aragon,Torres de Berrellén,"e-distribución Redes Digitales, S.L.U.",regional_default_candidate,needs_municipal_review,no,e-distribución — distribución eléctrica,https://www.edistribucion.com/es/conocenos/instalaciones-distribucion-red/distribucion-electrica.html,official_distributor_public,2026-05-06,e-distribución declara presencia en Aragón; revisar municipios y posibles pequeñas antes de producción.
aragon,Torrevelilla,"e-distribución Redes Digitales, S.L.U.",regional_default_candidate,needs_municipal_review,no,e-distribución — distribución eléctrica,https://www.edistribucion.com/es/conocenos/instalaciones-distribucion-red/distribucion-electrica.html,official_distributor_public,2026-05-06,e-distribución declara presencia en Aragón; revisar municipios y posibles pequeñas antes de producción.
aragon,Torrijas,"e-distribución Redes Digitales, S.L.U.",regional_default_candidate,needs_municipal_review,no,e-distribución — distribución eléctrica,https://www.edistribucion.com/es/conocenos/instalaciones-distribucion-red/distribucion-electrica.html,official_distributor_public,2026-05-06,e-distribución declara presencia en Aragón; revisar municipios y posibles pequeñas antes de producción.
aragon,Torrijo de la Cañada,"e-distribución Redes Digitales, S.L.U.",regional_default_candidate,needs_municipal_review,no,e-distribución — distribución eléctrica,https://www.edistribucion.com/es/conocenos/instalaciones-distribucion-red/distribucion-electrica.html,official_distributor_public,2026-05-06,e-distribución declara presencia en Aragón; revisar municipios y posibles pequeñas antes de producción.
aragon,Torrijo del Campo,"e-distribución Redes Digitales, S.L.U.",regional_default_candidate,needs_municipal_review,no,e-distribución — distribución eléctrica,https://www.edistribucion.com/es/conocenos/instalaciones-distribucion-red/distribucion-electrica.html,official_distributor_public,2026-05-06,e-distribución declara presencia en Aragón; revisar municipios y posibles pequeñas antes de producción.
aragon,Tosos,"e-distribución Redes Digitales, S.L.U.",regional_default_candidate,needs_municipal_review,no,e-distribución — distribución eléctrica,https://www.edistribucion.com/es/conocenos/instalaciones-distribucion-red/distribucion-electrica.html,official_distributor_public,2026-05-06,e-distribución declara presencia en Aragón; revisar municipios y posibles pequeñas antes de producción.
aragon,Tramacastiel,"e-distribución Redes Digitales, S.L.U.",regional_default_candidate,needs_municipal_review,no,e-distribución — distribución eléctrica,https://www.edistribucion.com/es/conocenos/instalaciones-distribucion-red/distribucion-electrica.html,official_distributor_public,2026-05-06,e-distribución declara presencia en Aragón; revisar municipios y posibles pequeñas antes de producción.
aragon,Tramacastilla,"e-distribución Redes Digitales, S.L.U.",regional_default_candidate,needs_municipal_review,no,e-distribución — distribución eléctrica,https://www.edistribucion.com/es/conocenos/instalaciones-distribucion-red/distribucion-electrica.html,official_distributor_public,2026-05-06,e-distribución declara presencia en Aragón; revisar municipios y posibles pequeñas antes de producción.
aragon,Tramaced,"e-distribución Redes Digitales, S.L.U.",regional_default_candidate,needs_municipal_review,no,e-distribución — distribución eléctrica,https://www.edistribucion.com/es/conocenos/instalaciones-distribucion-red/distribucion-electrica.html,official_distributor_public,2026-05-06,e-distribución declara presencia en Aragón; revisar municipios y posibles pequeñas antes de producción.
aragon,Trasmoz,"e-distribución Redes Digitales, S.L.U.",regional_default_candidate,needs_municipal_review,no,e-distribución — distribución eléctrica,https://www.edistribucion.com/es/conocenos/instalaciones-distribucion-red/distribucion-electrica.html,official_distributor_public,2026-05-06,e-distribución declara presencia en Aragón; revisar municipios y posibles pequeñas antes de producción.
aragon,Trasobares,"e-distribución Redes Digitales, S.L.U.",regional_default_candidate,needs_municipal_review,no,e-distribución — distribución eléctrica,https://www.edistribucion.com/es/conocenos/instalaciones-distribucion-red/distribucion-electrica.html,official_distributor_public,2026-05-06,e-distribución declara presencia en Aragón; revisar municipios y posibles pequeñas antes de producción.
aragon,Tronchón,"e-distribución Redes Digitales, S.L.U.",regional_default_candidate,needs_municipal_review,no,e-distribución — distribución eléctrica,https://www.edistribucion.com/es/conocenos/instalaciones-distribucion-red/distribucion-electrica.html,official_distributor_public,2026-05-06,e-distribución declara presencia en Aragón; revisar municipios y posibles pequeñas antes de producción.
aragon,Uncastillo,"e-distribución Redes Digitales, S.L.U.",regional_default_candidate,needs_municipal_review,no,e-distribución — distribución eléctrica,https://www.edistribucion.com/es/conocenos/instalaciones-distribucion-red/distribucion-electrica.html,official_distributor_public,2026-05-06,e-distribución declara presencia en Aragón; revisar municipios y posibles pequeñas antes de producción.
aragon,Undués de Lerda,"e-distribución Redes Digitales, S.L.U.",regional_default_candidate,needs_municipal_review,no,e-distribución — distribución eléctrica,https://www.edistribucion.com/es/conocenos/instalaciones-distribucion-red/distribucion-electrica.html,official_distributor_public,2026-05-06,e-distribución declara presencia en Aragón; revisar municipios y posibles pequeñas antes de producción.
aragon,Urrea de Gaén,"e-distribución Redes Digitales, S.L.U.",regional_default_candidate,needs_municipal_review,no,e-distribución — distribución eléctrica,https://www.edistribucion.com/es/conocenos/instalaciones-distribucion-red/distribucion-electrica.html,official_distributor_public,2026-05-06,e-distribución declara presencia en Aragón; revisar municipios y posibles pequeñas antes de producción.
aragon,Urrea de Jalón,"e-distribución Redes Digitales, S.L.U.",regional_default_candidate,needs_municipal_review,no,e-distribución — distribución eléctrica,https://www.edistribucion.com/es/conocenos/instalaciones-distribucion-red/distribucion-electrica.html,official_distributor_public,2026-05-06,e-distribución declara presencia en Aragón; revisar municipios y posibles pequeñas antes de producción.
aragon,Urriés,"e-distribución Redes Digitales, S.L.U.",regional_default_candidate,needs_municipal_review,no,e-distribución — distribución eléctrica,https://www.edistribucion.com/es/conocenos/instalaciones-distribucion-red/distribucion-electrica.html,official_distributor_public,2026-05-06,e-distribución declara presencia en Aragón; revisar municipios y posibles pequeñas antes de producción.
aragon,Used,"e-distribución Redes Digitales, S.L.U.",regional_default_candidate,needs_municipal_review,no,e-distribución — distribución eléctrica,https://www.edistribucion.com/es/conocenos/instalaciones-distribucion-red/distribucion-electrica.html,official_distributor_public,2026-05-06,e-distribución declara presencia en Aragón; revisar municipios y posibles pequeñas antes de producción.
aragon,Utebo,"e-distribución Redes Digitales, S.L.U.",regional_default_candidate,needs_municipal_review,no,e-distribución — distribución eléctrica,https://www.edistribucion.com/es/conocenos/instalaciones-distribucion-red/distribucion-electrica.html,official_distributor_public,2026-05-06,e-distribución declara presencia en Aragón; revisar municipios y posibles pequeñas antes de producción.
aragon,Utrillas,"e-distribución Redes Digitales, S.L.U.",regional_default_candidate,needs_municipal_review,no,e-distribución — distribución eléctrica,https://www.edistribucion.com/es/conocenos/instalaciones-distribucion-red/distribucion-electrica.html,official_distributor_public,2026-05-06,e-distribución declara presencia en Aragón; revisar municipios y posibles pequeñas antes de producción.
aragon,Val de San Martín,"e-distribución Redes Digitales, S.L.U.",regional_default_candidate,needs_municipal_review,no,e-distribución — distribución eléctrica,https://www.edistribucion.com/es/conocenos/instalaciones-distribucion-red/distribucion-electrica.html,official_distributor_public,2026-05-06,e-distribución declara presencia en Aragón; revisar municipios y posibles pequeñas antes de producción.
aragon,Valacloche,"e-distribución Redes Digitales, S.L.U.",regional_default_candidate,needs_municipal_review,no,e-distribución — distribución eléctrica,https://www.edistribucion.com/es/conocenos/instalaciones-distribucion-red/distribucion-electrica.html,official_distributor_public,2026-05-06,e-distribución declara presencia en Aragón; revisar municipios y posibles pequeñas antes de producción.
aragon,Valbona,"e-distribución Redes Digitales, S.L.U.",regional_default_candidate,needs_municipal_review,no,e-distribución — distribución eléctrica,https://www.edistribucion.com/es/conocenos/instalaciones-distribucion-red/distribucion-electrica.html,official_distributor_public,2026-05-06,e-distribución declara presencia en Aragón; revisar municipios y posibles pequeñas antes de producción.
aragon,Valdealgorfa,"e-distribución Redes Digitales, S.L.U.",regional_default_candidate,needs_municipal_review,no,e-distribución — distribución eléctrica,https://www.edistribucion.com/es/conocenos/instalaciones-distribucion-red/distribucion-electrica.html,official_distributor_public,2026-05-06,e-distribución declara presencia en Aragón; revisar municipios y posibles pequeñas antes de producción.
aragon,Valdecuenca,"e-distribución Redes Digitales, S.L.U.",regional_default_candidate,needs_municipal_review,no,e-distribución — distribución eléctrica,https://www.edistribucion.com/es/conocenos/instalaciones-distribucion-red/distribucion-electrica.html,official_distributor_public,2026-05-06,e-distribución declara presencia en Aragón; revisar municipios y posibles pequeñas antes de producción.
aragon,Valdehorna,"e-distribución Redes Digitales, S.L.U.",regional_default_candidate,needs_municipal_review,no,e-distribución — distribución eléctrica,https://www.edistribucion.com/es/conocenos/instalaciones-distribucion-red/distribucion-electrica.html,official_distributor_public,2026-05-06,e-distribución declara presencia en Aragón; revisar municipios y posibles pequeñas antes de producción.
aragon,Valdelinares,"e-distribución Redes Digitales, S.L.U.",regional_default_candidate,needs_municipal_review,no,e-distribución — distribución eléctrica,https://www.edistribucion.com/es/conocenos/instalaciones-distribucion-red/distribucion-electrica.html,official_distributor_public,2026-05-06,e-distribución declara presencia en Aragón; revisar municipios y posibles pequeñas antes de producción.
aragon,Valdeltormo,"e-distribución Redes Digitales, S.L.U.",regional_default_candidate,needs_municipal_review,no,e-distribución — distribución eléctrica,https://www.edistribucion.com/es/conocenos/instalaciones-distribucion-red/distribucion-electrica.html,official_distributor_public,2026-05-06,e-distribución declara presencia en Aragón; revisar municipios y posibles pequeñas antes de producción.
aragon,Valderrobres,"e-distribución Redes Digitales, S.L.U.",regional_default_candidate,needs_municipal_review,no,e-distribución — distribución eléctrica,https://www.edistribucion.com/es/conocenos/instalaciones-distribucion-red/distribucion-electrica.html,official_distributor_public,2026-05-06,e-distribución declara presencia en Aragón; revisar municipios y posibles pequeñas antes de producción.
aragon,Valfarta,"e-distribución Redes Digitales, S.L.U.",regional_default_candidate,needs_municipal_review,no,e-distribución — distribución eléctrica,https://www.edistribucion.com/es/conocenos/instalaciones-distribucion-red/distribucion-electrica.html,official_distributor_public,2026-05-06,e-distribución declara presencia en Aragón; revisar municipios y posibles pequeñas antes de producción.
aragon,Valjunquera,"e-distribución Redes Digitales, S.L.U.",regional_default_candidate,needs_municipal_review,no,e-distribución — distribución eléctrica,https://www.edistribucion.com/es/conocenos/instalaciones-distribucion-red/distribucion-electrica.html,official_distributor_public,2026-05-06,e-distribución declara presencia en Aragón; revisar municipios y posibles pequeñas antes de producción.
aragon,Valle de Bardají,"e-distribución Redes Digitales, S.L.U.",regional_default_candidate,needs_municipal_review,no,e-distribución — distribución eléctrica,https://www.edistribucion.com/es/conocenos/instalaciones-distribucion-red/distribucion-electrica.html,official_distributor_public,2026-05-06,e-distribución declara presencia en Aragón; revisar municipios y posibles pequeñas antes de producción.
aragon,Valle de Hecho,"e-distribución Redes Digitales, S.L.U.",regional_default_candidate,needs_municipal_review,no,e-distribución — distribución eléctrica,https://www.edistribucion.com/es/conocenos/instalaciones-distribucion-red/distribucion-electrica.html,official_distributor_public,2026-05-06,e-distribución declara presencia en Aragón; revisar municipios y posibles pequeñas antes de producción.
aragon,Valle de Lierp,"e-distribución Redes Digitales, S.L.U.",regional_default_candidate,needs_municipal_review,no,e-distribución — distribución eléctrica,https://www.edistribucion.com/es/conocenos/instalaciones-distribucion-red/distribucion-electrica.html,official_distributor_public,2026-05-06,e-distribución declara presencia en Aragón; revisar municipios y posibles pequeñas antes de producción.
aragon,Valmadrid,"e-distribución Redes Digitales, S.L.U.",regional_default_candidate,needs_municipal_review,no,e-distribución — distribución eléctrica,https://www.edistribucion.com/es/conocenos/instalaciones-distribucion-red/distribucion-electrica.html,official_distributor_public,2026-05-06,e-distribución declara presencia en Aragón; revisar municipios y posibles pequeñas antes de producción.
aragon,Valpalmas,"e-distribución Redes Digitales, S.L.U.",regional_default_candidate,needs_municipal_review,no,e-distribución — distribución eléctrica,https://www.edistribucion.com/es/conocenos/instalaciones-distribucion-red/distribucion-electrica.html,official_distributor_public,2026-05-06,e-distribución declara presencia en Aragón; revisar municipios y posibles pequeñas antes de producción.
aragon,Valtorres,"e-distribución Redes Digitales, S.L.U.",regional_default_candidate,needs_municipal_review,no,e-distribución — distribución eléctrica,https://www.edistribucion.com/es/conocenos/instalaciones-distribucion-red/distribucion-electrica.html,official_distributor_public,2026-05-06,e-distribución declara presencia en Aragón; revisar municipios y posibles pequeñas antes de producción.
aragon,Veguillas de la Sierra,"e-distribución Redes Digitales, S.L.U.",regional_default_candidate,needs_municipal_review,no,e-distribución — distribución eléctrica,https://www.edistribucion.com/es/conocenos/instalaciones-distribucion-red/distribucion-electrica.html,official_distributor_public,2026-05-06,e-distribución declara presencia en Aragón; revisar municipios y posibles pequeñas antes de producción.
aragon,Velilla de Cinca,"e-distribución Redes Digitales, S.L.U.",regional_default_candidate,needs_municipal_review,no,e-distribución — distribución eléctrica,https://www.edistribucion.com/es/conocenos/instalaciones-distribucion-red/distribucion-electrica.html,official_distributor_public,2026-05-06,e-distribución declara presencia en Aragón; revisar municipios y posibles pequeñas antes de producción.
aragon,Velilla de Ebro,"e-distribución Redes Digitales, S.L.U.",regional_default_candidate,needs_municipal_review,no,e-distribución — distribución eléctrica,https://www.edistribucion.com/es/conocenos/instalaciones-distribucion-red/distribucion-electrica.html,official_distributor_public,2026-05-06,e-distribución declara presencia en Aragón; revisar municipios y posibles pequeñas antes de producción.
aragon,Velilla de Jiloca,"e-distribución Redes Digitales, S.L.U.",regional_default_candidate,needs_municipal_review,no,e-distribución — distribución eléctrica,https://www.edistribucion.com/es/conocenos/instalaciones-distribucion-red/distribucion-electrica.html,official_distributor_public,2026-05-06,e-distribución declara presencia en Aragón; revisar municipios y posibles pequeñas antes de producción.
aragon,Vencillón,"e-distribución Redes Digitales, S.L.U.",regional_default_candidate,needs_municipal_review,no,e-distribución — distribución eléctrica,https://www.edistribucion.com/es/conocenos/instalaciones-distribucion-red/distribucion-electrica.html,official_distributor_public,2026-05-06,e-distribución declara presencia en Aragón; revisar municipios y posibles pequeñas antes de producción.
aragon,Vera de Moncayo,"e-distribución Redes Digitales, S.L.U.",regional_default_candidate,needs_municipal_review,no,e-distribución — distribución eléctrica,https://www.edistribucion.com/es/conocenos/instalaciones-distribucion-red/distribucion-electrica.html,official_distributor_public,2026-05-06,e-distribución declara presencia en Aragón; revisar municipios y posibles pequeñas antes de producción.
aragon,Viacamp y Litera,"e-distribución Redes Digitales, S.L.U.",regional_default_candidate,needs_municipal_review,no,e-distribución — distribución eléctrica,https://www.edistribucion.com/es/conocenos/instalaciones-distribucion-red/distribucion-electrica.html,official_distributor_public,2026-05-06,e-distribución declara presencia en Aragón; revisar municipios y posibles pequeñas antes de producción.
aragon,Vicién,"e-distribución Redes Digitales, S.L.U.",regional_default_candidate,needs_municipal_review,no,e-distribución — distribución eléctrica,https://www.edistribucion.com/es/conocenos/instalaciones-distribucion-red/distribucion-electrica.html,official_distributor_public,2026-05-06,e-distribución declara presencia en Aragón; revisar municipios y posibles pequeñas antes de producción.
aragon,Vierlas,"e-distribución Redes Digitales, S.L.U.",regional_default_candidate,needs_municipal_review,no,e-distribución — distribución eléctrica,https://www.edistribucion.com/es/conocenos/instalaciones-distribucion-red/distribucion-electrica.html,official_distributor_public,2026-05-06,e-distribución declara presencia en Aragón; revisar municipios y posibles pequeñas antes de producción.
aragon,Villadoz,"e-distribución Redes Digitales, S.L.U.",regional_default_candidate,needs_municipal_review,no,e-distribución — distribución eléctrica,https://www.edistribucion.com/es/conocenos/instalaciones-distribucion-red/distribucion-electrica.html,official_distributor_public,2026-05-06,e-distribución declara presencia en Aragón; revisar municipios y posibles pequeñas antes de producción.
aragon,Villafeliche,"e-distribución Redes Digitales, S.L.U.",regional_default_candidate,needs_municipal_review,no,e-distribución — distribución eléctrica,https://www.edistribucion.com/es/conocenos/instalaciones-distribucion-red/distribucion-electrica.html,official_distributor_public,2026-05-06,e-distribución declara presencia en Aragón; revisar municipios y posibles pequeñas antes de producción.
aragon,Villafranca de Ebro,"e-distribución Redes Digitales, S.L.U.",regional_default_candidate,needs_municipal_review,no,e-distribución — distribución eléctrica,https://www.edistribucion.com/es/conocenos/instalaciones-distribucion-red/distribucion-electrica.html,official_distributor_public,2026-05-06,e-distribución declara presencia en Aragón; revisar municipios y posibles pequeñas antes de producción.
aragon,Villafranca del Campo,"e-distribución Redes Digitales, S.L.U.",regional_default_candidate,needs_municipal_review,no,e-distribución — distribución eléctrica,https://www.edistribucion.com/es/conocenos/instalaciones-distribucion-red/distribucion-electrica.html,official_distributor_public,2026-05-06,e-distribución declara presencia en Aragón; revisar municipios y posibles pequeñas antes de producción.
aragon,Villahermosa del Campo,"e-distribución Redes Digitales, S.L.U.",regional_default_candidate,needs_municipal_review,no,e-distribución — distribución eléctrica,https://www.edistribucion.com/es/conocenos/instalaciones-distribucion-red/distribucion-electrica.html,official_distributor_public,2026-05-06,e-distribución declara presencia en Aragón; revisar municipios y posibles pequeñas antes de producción.
aragon,Villalba de Perejil,"e-distribución Redes Digitales, S.L.U.",regional_default_candidate,needs_municipal_review,no,e-distribución — distribución eléctrica,https://www.edistribucion.com/es/conocenos/instalaciones-distribucion-red/distribucion-electrica.html,official_distributor_public,2026-05-06,e-distribución declara presencia en Aragón; revisar municipios y posibles pequeñas antes de producción.
aragon,Villalengua,"e-distribución Redes Digitales, S.L.U.",regional_default_candidate,needs_municipal_review,no,e-distribución — distribución eléctrica,https://www.edistribucion.com/es/conocenos/instalaciones-distribucion-red/distribucion-electrica.html,official_distributor_public,2026-05-06,e-distribución declara presencia en Aragón; revisar municipios y posibles pequeñas antes de producción.
aragon,Villamayor de Gállego,"e-distribución Redes Digitales, S.L.U.",regional_default_candidate,needs_municipal_review,no,e-distribución — distribución eléctrica,https://www.edistribucion.com/es/conocenos/instalaciones-distribucion-red/distribucion-electrica.html,official_distributor_public,2026-05-06,e-distribución declara presencia en Aragón; revisar municipios y posibles pequeñas antes de producción.
aragon,Villanova,"e-distribución Redes Digitales, S.L.U.",regional_default_candidate,needs_municipal_review,no,e-distribución — distribución eléctrica,https://www.edistribucion.com/es/conocenos/instalaciones-distribucion-red/distribucion-electrica.html,official_distributor_public,2026-05-06,e-distribución declara presencia en Aragón; revisar municipios y posibles pequeñas antes de producción.
aragon,Villanúa,"e-distribución Redes Digitales, S.L.U.",regional_default_candidate,needs_municipal_review,no,e-distribución — distribución eléctrica,https://www.edistribucion.com/es/conocenos/instalaciones-distribucion-red/distribucion-electrica.html,official_distributor_public,2026-05-06,e-distribución declara presencia en Aragón; revisar municipios y posibles pequeñas antes de producción.
aragon,Villanueva de Gállego,"e-distribución Redes Digitales, S.L.U.",regional_default_candidate,needs_municipal_review,no,e-distribución — distribución eléctrica,https://www.edistribucion.com/es/conocenos/instalaciones-distribucion-red/distribucion-electrica.html,official_distributor_public,2026-05-06,e-distribución declara presencia en Aragón; revisar municipios y posibles pequeñas antes de producción.
aragon,Villanueva de Huerva,"e-distribución Redes Digitales, S.L.U.",regional_default_candidate,needs_municipal_review,no,e-distribución — distribución eléctrica,https://www.edistribucion.com/es/conocenos/instalaciones-distribucion-red/distribucion-electrica.html,official_distributor_public,2026-05-06,e-distribución declara presencia en Aragón; revisar municipios y posibles pequeñas antes de producción.
aragon,Villanueva de Jiloca,"e-distribución Redes Digitales, S.L.U.",regional_default_candidate,needs_municipal_review,no,e-distribución — distribución eléctrica,https://www.edistribucion.com/es/conocenos/instalaciones-distribucion-red/distribucion-electrica.html,official_distributor_public,2026-05-06,e-distribución declara presencia en Aragón; revisar municipios y posibles pequeñas antes de producción.
aragon,Villanueva de Sigena,"e-distribución Redes Digitales, S.L.U.",regional_default_candidate,needs_municipal_review,no,e-distribución — distribución eléctrica,https://www.edistribucion.com/es/conocenos/instalaciones-distribucion-red/distribucion-electrica.html,official_distributor_public,2026-05-06,e-distribución declara presencia en Aragón; revisar municipios y posibles pequeñas antes de producción.
aragon,Villanueva del Rebollar de la Sierra,"e-distribución Redes Digitales, S.L.U.",regional_default_candidate,needs_municipal_review,no,e-distribución — distribución eléctrica,https://www.edistribucion.com/es/conocenos/instalaciones-distribucion-red/distribucion-electrica.html,official_distributor_public,2026-05-06,e-distribución declara presencia en Aragón; revisar municipios y posibles pequeñas antes de producción.
aragon,Villar de los Navarros,"e-distribución Redes Digitales, S.L.U.",regional_default_candidate,needs_municipal_review,no,e-distribución — distribución eléctrica,https://www.edistribucion.com/es/conocenos/instalaciones-distribucion-red/distribucion-electrica.html,official_distributor_public,2026-05-06,e-distribución declara presencia en Aragón; revisar municipios y posibles pequeñas antes de producción.
aragon,Villar del Cobo,"e-distribución Redes Digitales, S.L.U.",regional_default_candidate,needs_municipal_review,no,e-distribución — distribución eléctrica,https://www.edistribucion.com/es/conocenos/instalaciones-distribucion-red/distribucion-electrica.html,official_distributor_public,2026-05-06,e-distribución declara presencia en Aragón; revisar municipios y posibles pequeñas antes de producción.
aragon,Villar del Salz,"e-distribución Redes Digitales, S.L.U.",regional_default_candidate,needs_municipal_review,no,e-distribución — distribución eléctrica,https://www.edistribucion.com/es/conocenos/instalaciones-distribucion-red/distribucion-electrica.html,official_distributor_public,2026-05-06,e-distribución declara presencia en Aragón; revisar municipios y posibles pequeñas antes de producción.
aragon,Villarluengo,"e-distribución Redes Digitales, S.L.U.",regional_default_candidate,needs_municipal_review,no,e-distribución — distribución eléctrica,https://www.edistribucion.com/es/conocenos/instalaciones-distribucion-red/distribucion-electrica.html,official_distributor_public,2026-05-06,e-distribución declara presencia en Aragón; revisar municipios y posibles pequeñas antes de producción.
aragon,Villarquemado,"e-distribución Redes Digitales, S.L.U.",regional_default_candidate,needs_municipal_review,no,e-distribución — distribución eléctrica,https://www.edistribucion.com/es/conocenos/instalaciones-distribucion-red/distribucion-electrica.html,official_distributor_public,2026-05-06,e-distribución declara presencia en Aragón; revisar municipios y posibles pequeñas antes de producción.
aragon,Villarreal de Huerva,"e-distribución Redes Digitales, S.L.U.",regional_default_candidate,needs_municipal_review,no,e-distribución — distribución eléctrica,https://www.edistribucion.com/es/conocenos/instalaciones-distribucion-red/distribucion-electrica.html,official_distributor_public,2026-05-06,e-distribución declara presencia en Aragón; revisar municipios y posibles pequeñas antes de producción.
aragon,Villarroya de la Sierra,"e-distribución Redes Digitales, S.L.U.",regional_default_candidate,needs_municipal_review,no,e-distribución — distribución eléctrica,https://www.edistribucion.com/es/conocenos/instalaciones-distribucion-red/distribucion-electrica.html,official_distributor_public,2026-05-06,e-distribución declara presencia en Aragón; revisar municipios y posibles pequeñas antes de producción.
aragon,Villarroya de los Pinares,"e-distribución Redes Digitales, S.L.U.",regional_default_candidate,needs_municipal_review,no,e-distribución — distribución eléctrica,https://www.edistribucion.com/es/conocenos/instalaciones-distribucion-red/distribucion-electrica.html,official_distributor_public,2026-05-06,e-distribución declara presencia en Aragón; revisar municipios y posibles pequeñas antes de producción.
aragon,Villarroya del Campo,"e-distribución Redes Digitales, S.L.U.",regional_default_candidate,needs_municipal_review,no,e-distribución — distribución eléctrica,https://www.edistribucion.com/es/conocenos/instalaciones-distribucion-red/distribucion-electrica.html,official_distributor_public,2026-05-06,e-distribución declara presencia en Aragón; revisar municipios y posibles pequeñas antes de producción.
aragon,Villastar,"e-distribución Redes Digitales, S.L.U.",regional_default_candidate,needs_municipal_review,no,e-distribución — distribución eléctrica,https://www.edistribucion.com/es/conocenos/instalaciones-distribucion-red/distribucion-electrica.html,official_distributor_public,2026-05-06,e-distribución declara presencia en Aragón; revisar municipios y posibles pequeñas antes de producción.
aragon,Villel,"e-distribución Redes Digitales, S.L.U.",regional_default_candidate,needs_municipal_review,no,e-distribución — distribución eléctrica,https://www.edistribucion.com/es/conocenos/instalaciones-distribucion-red/distribucion-electrica.html,official_distributor_public,2026-05-06,e-distribución declara presencia en Aragón; revisar municipios y posibles pequeñas antes de producción.
aragon,Vinaceite,"e-distribución Redes Digitales, S.L.U.",regional_default_candidate,needs_municipal_review,no,e-distribución — distribución eléctrica,https://www.edistribucion.com/es/conocenos/instalaciones-distribucion-red/distribucion-electrica.html,official_distributor_public,2026-05-06,e-distribución declara presencia en Aragón; revisar municipios y posibles pequeñas antes de producción.
aragon,Visiedo,"e-distribución Redes Digitales, S.L.U.",regional_default_candidate,needs_municipal_review,no,e-distribución — distribución eléctrica,https://www.edistribucion.com/es/conocenos/instalaciones-distribucion-red/distribucion-electrica.html,official_distributor_public,2026-05-06,e-distribución declara presencia en Aragón; revisar municipios y posibles pequeñas antes de producción.
aragon,Vistabella,"e-distribución Redes Digitales, S.L.U.",regional_default_candidate,needs_municipal_review,no,e-distribución — distribución eléctrica,https://www.edistribucion.com/es/conocenos/instalaciones-distribucion-red/distribucion-electrica.html,official_distributor_public,2026-05-06,e-distribución declara presencia en Aragón; revisar municipios y posibles pequeñas antes de producción.
aragon,Vivel del Río Martín,"e-distribución Redes Digitales, S.L.U.",regional_default_candidate,needs_municipal_review,no,e-distribución — distribución eléctrica,https://www.edistribucion.com/es/conocenos/instalaciones-distribucion-red/distribucion-electrica.html,official_distributor_public,2026-05-06,e-distribución declara presencia en Aragón; revisar municipios y posibles pequeñas antes de producción.
aragon,Yebra de Basa,"e-distribución Redes Digitales, S.L.U.",regional_default_candidate,needs_municipal_review,no,e-distribución — distribución eléctrica,https://www.edistribucion.com/es/conocenos/instalaciones-distribucion-red/distribucion-electrica.html,official_distributor_public,2026-05-06,e-distribución declara presencia en Aragón; revisar municipios y posibles pequeñas antes de producción.
aragon,Yésero,"e-distribución Redes Digitales, S.L.U.",regional_default_candidate,needs_municipal_review,no,e-distribución — distribución eléctrica,https://www.edistribucion.com/es/conocenos/instalaciones-distribucion-red/distribucion-electrica.html,official_distributor_public,2026-05-06,e-distribución declara presencia en Aragón; revisar municipios y posibles pequeñas antes de producción.
aragon,Zaidín,"e-distribución Redes Digitales, S.L.U.",regional_default_candidate,needs_municipal_review,no,e-distribución — distribución eléctrica,https://www.edistribucion.com/es/conocenos/instalaciones-distribucion-red/distribucion-electrica.html,official_distributor_public,2026-05-06,e-distribución declara presencia en Aragón; revisar municipios y posibles pequeñas antes de producción.
aragon,Zaragoza,"e-distribución Redes Digitales, S.L.U.",regional_default_candidate,needs_municipal_review,no,e-distribución — distribución eléctrica,https://www.edistribucion.com/es/conocenos/instalaciones-distribucion-red/distribucion-electrica.html,official_distributor_public,2026-05-06,e-distribución declara presencia en Aragón; revisar municipios y posibles pequeñas antes de producción.
aragon,Zuera,"e-distribución Redes Digitales, S.L.U.",regional_default_candidate,needs_municipal_review,no,e-distribución — distribución eléctrica,https://www.edistribucion.com/es/conocenos/instalaciones-distribucion-red/distribucion-electrica.html,official_distributor_public,2026-05-06,e-distribución declara presencia en Aragón; revisar municipios y posibles pequeñas antes de producción.
