dataset_id,municipio,candidate_distributor,candidate_confidence,review_status,bulk_import_allowed,source_name,source_url,source_type,last_reviewed,notes
castilla_leon,Abades,"e-distribución Redes Digitales, S.L.U.",regional_default_candidate,exclude_from_bulk_import,no,e-distribución — distribución eléctrica,https://www.edistribucion.com/es/conocenos/instalaciones-distribucion-red/distribucion-electrica.html,official_distributor_public,2026-05-06,"No incluir en bloque e-distribución; revisar aparte por solapes grandes con i-DE, UFD y pequeñas."
castilla_leon,Abajas,"e-distribución Redes Digitales, S.L.U.",regional_default_candidate,exclude_from_bulk_import,no,e-distribución — distribución eléctrica,https://www.edistribucion.com/es/conocenos/instalaciones-distribucion-red/distribucion-electrica.html,official_distributor_public,2026-05-06,"No incluir en bloque e-distribución; revisar aparte por solapes grandes con i-DE, UFD y pequeñas."
castilla_leon,Abarca de Campos,"e-distribución Redes Digitales, S.L.U.",regional_default_candidate,exclude_from_bulk_import,no,e-distribución — distribución eléctrica,https://www.edistribucion.com/es/conocenos/instalaciones-distribucion-red/distribucion-electrica.html,official_distributor_public,2026-05-06,"No incluir en bloque e-distribución; revisar aparte por solapes grandes con i-DE, UFD y pequeñas."
castilla_leon,Abejar,"e-distribución Redes Digitales, S.L.U.",regional_default_candidate,exclude_from_bulk_import,no,e-distribución — distribución eléctrica,https://www.edistribucion.com/es/conocenos/instalaciones-distribucion-red/distribucion-electrica.html,official_distributor_public,2026-05-06,"No incluir en bloque e-distribución; revisar aparte por solapes grandes con i-DE, UFD y pequeñas."
castilla_leon,Abezames,"e-distribución Redes Digitales, S.L.U.",regional_default_candidate,exclude_from_bulk_import,no,e-distribución — distribución eléctrica,https://www.edistribucion.com/es/conocenos/instalaciones-distribucion-red/distribucion-electrica.html,official_distributor_public,2026-05-06,"No incluir en bloque e-distribución; revisar aparte por solapes grandes con i-DE, UFD y pequeñas."
castilla_leon,Abia de las Torres,"e-distribución Redes Digitales, S.L.U.",regional_default_candidate,exclude_from_bulk_import,no,e-distribución — distribución eléctrica,https://www.edistribucion.com/es/conocenos/instalaciones-distribucion-red/distribucion-electrica.html,official_distributor_public,2026-05-06,"No incluir en bloque e-distribución; revisar aparte por solapes grandes con i-DE, UFD y pequeñas."
castilla_leon,Abusejo,"e-distribución Redes Digitales, S.L.U.",regional_default_candidate,exclude_from_bulk_import,no,e-distribución — distribución eléctrica,https://www.edistribucion.com/es/conocenos/instalaciones-distribucion-red/distribucion-electrica.html,official_distributor_public,2026-05-06,"No incluir en bloque e-distribución; revisar aparte por solapes grandes con i-DE, UFD y pequeñas."
castilla_leon,Acebedo,"e-distribución Redes Digitales, S.L.U.",regional_default_candidate,exclude_from_bulk_import,no,e-distribución — distribución eléctrica,https://www.edistribucion.com/es/conocenos/instalaciones-distribucion-red/distribucion-electrica.html,official_distributor_public,2026-05-06,"No incluir en bloque e-distribución; revisar aparte por solapes grandes con i-DE, UFD y pequeñas."
castilla_leon,Adalia,"e-distribución Redes Digitales, S.L.U.",regional_default_candidate,exclude_from_bulk_import,no,e-distribución — distribución eléctrica,https://www.edistribucion.com/es/conocenos/instalaciones-distribucion-red/distribucion-electrica.html,official_distributor_public,2026-05-06,"No incluir en bloque e-distribución; revisar aparte por solapes grandes con i-DE, UFD y pequeñas."
castilla_leon,Adanero,"e-distribución Redes Digitales, S.L.U.",regional_default_candidate,exclude_from_bulk_import,no,e-distribución — distribución eléctrica,https://www.edistribucion.com/es/conocenos/instalaciones-distribucion-red/distribucion-electrica.html,official_distributor_public,2026-05-06,"No incluir en bloque e-distribución; revisar aparte por solapes grandes con i-DE, UFD y pequeñas."
castilla_leon,Adrada de Haza,"e-distribución Redes Digitales, S.L.U.",regional_default_candidate,exclude_from_bulk_import,no,e-distribución — distribución eléctrica,https://www.edistribucion.com/es/conocenos/instalaciones-distribucion-red/distribucion-electrica.html,official_distributor_public,2026-05-06,"No incluir en bloque e-distribución; revisar aparte por solapes grandes con i-DE, UFD y pequeñas."
castilla_leon,Adrada de Pirón,"e-distribución Redes Digitales, S.L.U.",regional_default_candidate,exclude_from_bulk_import,no,e-distribución — distribución eléctrica,https://www.edistribucion.com/es/conocenos/instalaciones-distribucion-red/distribucion-electrica.html,official_distributor_public,2026-05-06,"No incluir en bloque e-distribución; revisar aparte por solapes grandes con i-DE, UFD y pequeñas."
castilla_leon,Adradas,"e-distribución Redes Digitales, S.L.U.",regional_default_candidate,exclude_from_bulk_import,no,e-distribución — distribución eléctrica,https://www.edistribucion.com/es/conocenos/instalaciones-distribucion-red/distribucion-electrica.html,official_distributor_public,2026-05-06,"No incluir en bloque e-distribución; revisar aparte por solapes grandes con i-DE, UFD y pequeñas."
castilla_leon,Adrados,"e-distribución Redes Digitales, S.L.U.",regional_default_candidate,exclude_from_bulk_import,no,e-distribución — distribución eléctrica,https://www.edistribucion.com/es/conocenos/instalaciones-distribucion-red/distribucion-electrica.html,official_distributor_public,2026-05-06,"No incluir en bloque e-distribución; revisar aparte por solapes grandes con i-DE, UFD y pequeñas."
castilla_leon,Agallas,"e-distribución Redes Digitales, S.L.U.",regional_default_candidate,exclude_from_bulk_import,no,e-distribución — distribución eléctrica,https://www.edistribucion.com/es/conocenos/instalaciones-distribucion-red/distribucion-electrica.html,official_distributor_public,2026-05-06,"No incluir en bloque e-distribución; revisar aparte por solapes grandes con i-DE, UFD y pequeñas."
castilla_leon,Ágreda,"e-distribución Redes Digitales, S.L.U.",regional_default_candidate,exclude_from_bulk_import,no,e-distribución — distribución eléctrica,https://www.edistribucion.com/es/conocenos/instalaciones-distribucion-red/distribucion-electrica.html,official_distributor_public,2026-05-06,"No incluir en bloque e-distribución; revisar aparte por solapes grandes con i-DE, UFD y pequeñas."
castilla_leon,Aguas Cándidas,"e-distribución Redes Digitales, S.L.U.",regional_default_candidate,exclude_from_bulk_import,no,e-distribución — distribución eléctrica,https://www.edistribucion.com/es/conocenos/instalaciones-distribucion-red/distribucion-electrica.html,official_distributor_public,2026-05-06,"No incluir en bloque e-distribución; revisar aparte por solapes grandes con i-DE, UFD y pequeñas."
castilla_leon,Aguasal,"e-distribución Redes Digitales, S.L.U.",regional_default_candidate,exclude_from_bulk_import,no,e-distribución — distribución eléctrica,https://www.edistribucion.com/es/conocenos/instalaciones-distribucion-red/distribucion-electrica.html,official_distributor_public,2026-05-06,"No incluir en bloque e-distribución; revisar aparte por solapes grandes con i-DE, UFD y pequeñas."
castilla_leon,Aguilafuente,"e-distribución Redes Digitales, S.L.U.",regional_default_candidate,exclude_from_bulk_import,no,e-distribución — distribución eléctrica,https://www.edistribucion.com/es/conocenos/instalaciones-distribucion-red/distribucion-electrica.html,official_distributor_public,2026-05-06,"No incluir en bloque e-distribución; revisar aparte por solapes grandes con i-DE, UFD y pequeñas."
castilla_leon,Aguilar de Bureba,"e-distribución Redes Digitales, S.L.U.",regional_default_candidate,exclude_from_bulk_import,no,e-distribución — distribución eléctrica,https://www.edistribucion.com/es/conocenos/instalaciones-distribucion-red/distribucion-electrica.html,official_distributor_public,2026-05-06,"No incluir en bloque e-distribución; revisar aparte por solapes grandes con i-DE, UFD y pequeñas."
castilla_leon,Aguilar de Campoo,"e-distribución Redes Digitales, S.L.U.",regional_default_candidate,exclude_from_bulk_import,no,e-distribución — distribución eléctrica,https://www.edistribucion.com/es/conocenos/instalaciones-distribucion-red/distribucion-electrica.html,official_distributor_public,2026-05-06,"No incluir en bloque e-distribución; revisar aparte por solapes grandes con i-DE, UFD y pequeñas."
castilla_leon,Aguilar de Campos,"e-distribución Redes Digitales, S.L.U.",regional_default_candidate,exclude_from_bulk_import,no,e-distribución — distribución eléctrica,https://www.edistribucion.com/es/conocenos/instalaciones-distribucion-red/distribucion-electrica.html,official_distributor_public,2026-05-06,"No incluir en bloque e-distribución; revisar aparte por solapes grandes con i-DE, UFD y pequeñas."
castilla_leon,Ahigal de los Aceiteros,"e-distribución Redes Digitales, S.L.U.",regional_default_candidate,exclude_from_bulk_import,no,e-distribución — distribución eléctrica,https://www.edistribucion.com/es/conocenos/instalaciones-distribucion-red/distribucion-electrica.html,official_distributor_public,2026-05-06,"No incluir en bloque e-distribución; revisar aparte por solapes grandes con i-DE, UFD y pequeñas."
castilla_leon,Ahigal de Villarino,"e-distribución Redes Digitales, S.L.U.",regional_default_candidate,exclude_from_bulk_import,no,e-distribución — distribución eléctrica,https://www.edistribucion.com/es/conocenos/instalaciones-distribucion-red/distribucion-electrica.html,official_distributor_public,2026-05-06,"No incluir en bloque e-distribución; revisar aparte por solapes grandes con i-DE, UFD y pequeñas."
castilla_leon,Alaejos,"e-distribución Redes Digitales, S.L.U.",regional_default_candidate,exclude_from_bulk_import,no,e-distribución — distribución eléctrica,https://www.edistribucion.com/es/conocenos/instalaciones-distribucion-red/distribucion-electrica.html,official_distributor_public,2026-05-06,"No incluir en bloque e-distribución; revisar aparte por solapes grandes con i-DE, UFD y pequeñas."
castilla_leon,Alar del Rey,"e-distribución Redes Digitales, S.L.U.",regional_default_candidate,exclude_from_bulk_import,no,e-distribución — distribución eléctrica,https://www.edistribucion.com/es/conocenos/instalaciones-distribucion-red/distribucion-electrica.html,official_distributor_public,2026-05-06,"No incluir en bloque e-distribución; revisar aparte por solapes grandes con i-DE, UFD y pequeñas."
castilla_leon,Alaraz,"e-distribución Redes Digitales, S.L.U.",regional_default_candidate,exclude_from_bulk_import,no,e-distribución — distribución eléctrica,https://www.edistribucion.com/es/conocenos/instalaciones-distribucion-red/distribucion-electrica.html,official_distributor_public,2026-05-06,"No incluir en bloque e-distribución; revisar aparte por solapes grandes con i-DE, UFD y pequeñas."
castilla_leon,Alba de Cerrato,"e-distribución Redes Digitales, S.L.U.",regional_default_candidate,exclude_from_bulk_import,no,e-distribución — distribución eléctrica,https://www.edistribucion.com/es/conocenos/instalaciones-distribucion-red/distribucion-electrica.html,official_distributor_public,2026-05-06,"No incluir en bloque e-distribución; revisar aparte por solapes grandes con i-DE, UFD y pequeñas."
castilla_leon,Alba de Tormes,"e-distribución Redes Digitales, S.L.U.",regional_default_candidate,exclude_from_bulk_import,no,e-distribución — distribución eléctrica,https://www.edistribucion.com/es/conocenos/instalaciones-distribucion-red/distribucion-electrica.html,official_distributor_public,2026-05-06,"No incluir en bloque e-distribución; revisar aparte por solapes grandes con i-DE, UFD y pequeñas."
castilla_leon,Alba de Yeltes,"e-distribución Redes Digitales, S.L.U.",regional_default_candidate,exclude_from_bulk_import,no,e-distribución — distribución eléctrica,https://www.edistribucion.com/es/conocenos/instalaciones-distribucion-red/distribucion-electrica.html,official_distributor_public,2026-05-06,"No incluir en bloque e-distribución; revisar aparte por solapes grandes con i-DE, UFD y pequeñas."
castilla_leon,Albillos,"e-distribución Redes Digitales, S.L.U.",regional_default_candidate,exclude_from_bulk_import,no,e-distribución — distribución eléctrica,https://www.edistribucion.com/es/conocenos/instalaciones-distribucion-red/distribucion-electrica.html,official_distributor_public,2026-05-06,"No incluir en bloque e-distribución; revisar aparte por solapes grandes con i-DE, UFD y pequeñas."
castilla_leon,Albornos,"e-distribución Redes Digitales, S.L.U.",regional_default_candidate,exclude_from_bulk_import,no,e-distribución — distribución eléctrica,https://www.edistribucion.com/es/conocenos/instalaciones-distribucion-red/distribucion-electrica.html,official_distributor_public,2026-05-06,"No incluir en bloque e-distribución; revisar aparte por solapes grandes con i-DE, UFD y pequeñas."
castilla_leon,Alcañices,"e-distribución Redes Digitales, S.L.U.",regional_default_candidate,exclude_from_bulk_import,no,e-distribución — distribución eléctrica,https://www.edistribucion.com/es/conocenos/instalaciones-distribucion-red/distribucion-electrica.html,official_distributor_public,2026-05-06,"No incluir en bloque e-distribución; revisar aparte por solapes grandes con i-DE, UFD y pequeñas."
castilla_leon,Alcazarén,"e-distribución Redes Digitales, S.L.U.",regional_default_candidate,exclude_from_bulk_import,no,e-distribución — distribución eléctrica,https://www.edistribucion.com/es/conocenos/instalaciones-distribucion-red/distribucion-electrica.html,official_distributor_public,2026-05-06,"No incluir en bloque e-distribución; revisar aparte por solapes grandes con i-DE, UFD y pequeñas."
castilla_leon,Alcocero de Mola,"e-distribución Redes Digitales, S.L.U.",regional_default_candidate,exclude_from_bulk_import,no,e-distribución — distribución eléctrica,https://www.edistribucion.com/es/conocenos/instalaciones-distribucion-red/distribucion-electrica.html,official_distributor_public,2026-05-06,"No incluir en bloque e-distribución; revisar aparte por solapes grandes con i-DE, UFD y pequeñas."
castilla_leon,Alconaba,"e-distribución Redes Digitales, S.L.U.",regional_default_candidate,exclude_from_bulk_import,no,e-distribución — distribución eléctrica,https://www.edistribucion.com/es/conocenos/instalaciones-distribucion-red/distribucion-electrica.html,official_distributor_public,2026-05-06,"No incluir en bloque e-distribución; revisar aparte por solapes grandes con i-DE, UFD y pequeñas."
castilla_leon,Alconada,"e-distribución Redes Digitales, S.L.U.",regional_default_candidate,exclude_from_bulk_import,no,e-distribución — distribución eléctrica,https://www.edistribucion.com/es/conocenos/instalaciones-distribucion-red/distribucion-electrica.html,official_distributor_public,2026-05-06,"No incluir en bloque e-distribución; revisar aparte por solapes grandes con i-DE, UFD y pequeñas."
castilla_leon,Alconada de Maderuelo,"e-distribución Redes Digitales, S.L.U.",regional_default_candidate,exclude_from_bulk_import,no,e-distribución — distribución eléctrica,https://www.edistribucion.com/es/conocenos/instalaciones-distribucion-red/distribucion-electrica.html,official_distributor_public,2026-05-06,"No incluir en bloque e-distribución; revisar aparte por solapes grandes con i-DE, UFD y pequeñas."
castilla_leon,Alcubilla de Avellaneda,"e-distribución Redes Digitales, S.L.U.",regional_default_candidate,exclude_from_bulk_import,no,e-distribución — distribución eléctrica,https://www.edistribucion.com/es/conocenos/instalaciones-distribucion-red/distribucion-electrica.html,official_distributor_public,2026-05-06,"No incluir en bloque e-distribución; revisar aparte por solapes grandes con i-DE, UFD y pequeñas."
castilla_leon,Alcubilla de las Peñas,"e-distribución Redes Digitales, S.L.U.",regional_default_candidate,exclude_from_bulk_import,no,e-distribución — distribución eléctrica,https://www.edistribucion.com/es/conocenos/instalaciones-distribucion-red/distribucion-electrica.html,official_distributor_public,2026-05-06,"No incluir en bloque e-distribución; revisar aparte por solapes grandes con i-DE, UFD y pequeñas."
castilla_leon,Alcubilla de Nogales,"e-distribución Redes Digitales, S.L.U.",regional_default_candidate,exclude_from_bulk_import,no,e-distribución — distribución eléctrica,https://www.edistribucion.com/es/conocenos/instalaciones-distribucion-red/distribucion-electrica.html,official_distributor_public,2026-05-06,"No incluir en bloque e-distribución; revisar aparte por solapes grandes con i-DE, UFD y pequeñas."
castilla_leon,Aldea de San Miguel,"e-distribución Redes Digitales, S.L.U.",regional_default_candidate,exclude_from_bulk_import,no,e-distribución — distribución eléctrica,https://www.edistribucion.com/es/conocenos/instalaciones-distribucion-red/distribucion-electrica.html,official_distributor_public,2026-05-06,"No incluir en bloque e-distribución; revisar aparte por solapes grandes con i-DE, UFD y pequeñas."
castilla_leon,Aldea del Obispo,"e-distribución Redes Digitales, S.L.U.",regional_default_candidate,exclude_from_bulk_import,no,e-distribución — distribución eléctrica,https://www.edistribucion.com/es/conocenos/instalaciones-distribucion-red/distribucion-electrica.html,official_distributor_public,2026-05-06,"No incluir en bloque e-distribución; revisar aparte por solapes grandes con i-DE, UFD y pequeñas."
castilla_leon,Aldea Real,"e-distribución Redes Digitales, S.L.U.",regional_default_candidate,exclude_from_bulk_import,no,e-distribución — distribución eléctrica,https://www.edistribucion.com/es/conocenos/instalaciones-distribucion-red/distribucion-electrica.html,official_distributor_public,2026-05-06,"No incluir en bloque e-distribución; revisar aparte por solapes grandes con i-DE, UFD y pequeñas."
castilla_leon,Aldeacipreste,"e-distribución Redes Digitales, S.L.U.",regional_default_candidate,exclude_from_bulk_import,no,e-distribución — distribución eléctrica,https://www.edistribucion.com/es/conocenos/instalaciones-distribucion-red/distribucion-electrica.html,official_distributor_public,2026-05-06,"No incluir en bloque e-distribución; revisar aparte por solapes grandes con i-DE, UFD y pequeñas."
castilla_leon,Aldeadávila de la Ribera,"e-distribución Redes Digitales, S.L.U.",regional_default_candidate,exclude_from_bulk_import,no,e-distribución — distribución eléctrica,https://www.edistribucion.com/es/conocenos/instalaciones-distribucion-red/distribucion-electrica.html,official_distributor_public,2026-05-06,"No incluir en bloque e-distribución; revisar aparte por solapes grandes con i-DE, UFD y pequeñas."
castilla_leon,Aldealafuente,"e-distribución Redes Digitales, S.L.U.",regional_default_candidate,exclude_from_bulk_import,no,e-distribución — distribución eléctrica,https://www.edistribucion.com/es/conocenos/instalaciones-distribucion-red/distribucion-electrica.html,official_distributor_public,2026-05-06,"No incluir en bloque e-distribución; revisar aparte por solapes grandes con i-DE, UFD y pequeñas."
castilla_leon,Aldealcorvo,"e-distribución Redes Digitales, S.L.U.",regional_default_candidate,exclude_from_bulk_import,no,e-distribución — distribución eléctrica,https://www.edistribucion.com/es/conocenos/instalaciones-distribucion-red/distribucion-electrica.html,official_distributor_public,2026-05-06,"No incluir en bloque e-distribución; revisar aparte por solapes grandes con i-DE, UFD y pequeñas."
castilla_leon,Aldealengua,"e-distribución Redes Digitales, S.L.U.",regional_default_candidate,exclude_from_bulk_import,no,e-distribución — distribución eléctrica,https://www.edistribucion.com/es/conocenos/instalaciones-distribucion-red/distribucion-electrica.html,official_distributor_public,2026-05-06,"No incluir en bloque e-distribución; revisar aparte por solapes grandes con i-DE, UFD y pequeñas."
castilla_leon,Aldealengua de Pedraza,"e-distribución Redes Digitales, S.L.U.",regional_default_candidate,exclude_from_bulk_import,no,e-distribución — distribución eléctrica,https://www.edistribucion.com/es/conocenos/instalaciones-distribucion-red/distribucion-electrica.html,official_distributor_public,2026-05-06,"No incluir en bloque e-distribución; revisar aparte por solapes grandes con i-DE, UFD y pequeñas."
castilla_leon,Aldealengua de Santa María,"e-distribución Redes Digitales, S.L.U.",regional_default_candidate,exclude_from_bulk_import,no,e-distribución — distribución eléctrica,https://www.edistribucion.com/es/conocenos/instalaciones-distribucion-red/distribucion-electrica.html,official_distributor_public,2026-05-06,"No incluir en bloque e-distribución; revisar aparte por solapes grandes con i-DE, UFD y pequeñas."
castilla_leon,Aldealices,"e-distribución Redes Digitales, S.L.U.",regional_default_candidate,exclude_from_bulk_import,no,e-distribución — distribución eléctrica,https://www.edistribucion.com/es/conocenos/instalaciones-distribucion-red/distribucion-electrica.html,official_distributor_public,2026-05-06,"No incluir en bloque e-distribución; revisar aparte por solapes grandes con i-DE, UFD y pequeñas."
castilla_leon,Aldealpozo,"e-distribución Redes Digitales, S.L.U.",regional_default_candidate,exclude_from_bulk_import,no,e-distribución — distribución eléctrica,https://www.edistribucion.com/es/conocenos/instalaciones-distribucion-red/distribucion-electrica.html,official_distributor_public,2026-05-06,"No incluir en bloque e-distribución; revisar aparte por solapes grandes con i-DE, UFD y pequeñas."
castilla_leon,Aldealseñor,"e-distribución Redes Digitales, S.L.U.",regional_default_candidate,exclude_from_bulk_import,no,e-distribución — distribución eléctrica,https://www.edistribucion.com/es/conocenos/instalaciones-distribucion-red/distribucion-electrica.html,official_distributor_public,2026-05-06,"No incluir en bloque e-distribución; revisar aparte por solapes grandes con i-DE, UFD y pequeñas."
castilla_leon,Aldeamayor de San Martín,"e-distribución Redes Digitales, S.L.U.",regional_default_candidate,exclude_from_bulk_import,no,e-distribución — distribución eléctrica,https://www.edistribucion.com/es/conocenos/instalaciones-distribucion-red/distribucion-electrica.html,official_distributor_public,2026-05-06,"No incluir en bloque e-distribución; revisar aparte por solapes grandes con i-DE, UFD y pequeñas."
castilla_leon,Aldeanueva de Figueroa,"e-distribución Redes Digitales, S.L.U.",regional_default_candidate,exclude_from_bulk_import,no,e-distribución — distribución eléctrica,https://www.edistribucion.com/es/conocenos/instalaciones-distribucion-red/distribucion-electrica.html,official_distributor_public,2026-05-06,"No incluir en bloque e-distribución; revisar aparte por solapes grandes con i-DE, UFD y pequeñas."
castilla_leon,Aldeanueva de la Serrezuela,"e-distribución Redes Digitales, S.L.U.",regional_default_candidate,exclude_from_bulk_import,no,e-distribución — distribución eléctrica,https://www.edistribucion.com/es/conocenos/instalaciones-distribucion-red/distribucion-electrica.html,official_distributor_public,2026-05-06,"No incluir en bloque e-distribución; revisar aparte por solapes grandes con i-DE, UFD y pequeñas."
castilla_leon,Aldeanueva de la Sierra,"e-distribución Redes Digitales, S.L.U.",regional_default_candidate,exclude_from_bulk_import,no,e-distribución — distribución eléctrica,https://www.edistribucion.com/es/conocenos/instalaciones-distribucion-red/distribucion-electrica.html,official_distributor_public,2026-05-06,"No incluir en bloque e-distribución; revisar aparte por solapes grandes con i-DE, UFD y pequeñas."
castilla_leon,Aldeanueva de Santa Cruz,"e-distribución Redes Digitales, S.L.U.",regional_default_candidate,exclude_from_bulk_import,no,e-distribución — distribución eléctrica,https://www.edistribucion.com/es/conocenos/instalaciones-distribucion-red/distribucion-electrica.html,official_distributor_public,2026-05-06,"No incluir en bloque e-distribución; revisar aparte por solapes grandes con i-DE, UFD y pequeñas."
castilla_leon,Aldeanueva del Codonal,"e-distribución Redes Digitales, S.L.U.",regional_default_candidate,exclude_from_bulk_import,no,e-distribución — distribución eléctrica,https://www.edistribucion.com/es/conocenos/instalaciones-distribucion-red/distribucion-electrica.html,official_distributor_public,2026-05-06,"No incluir en bloque e-distribución; revisar aparte por solapes grandes con i-DE, UFD y pequeñas."
castilla_leon,Aldearrodrigo,"e-distribución Redes Digitales, S.L.U.",regional_default_candidate,exclude_from_bulk_import,no,e-distribución — distribución eléctrica,https://www.edistribucion.com/es/conocenos/instalaciones-distribucion-red/distribucion-electrica.html,official_distributor_public,2026-05-06,"No incluir en bloque e-distribución; revisar aparte por solapes grandes con i-DE, UFD y pequeñas."
castilla_leon,Aldearrubia,"e-distribución Redes Digitales, S.L.U.",regional_default_candidate,exclude_from_bulk_import,no,e-distribución — distribución eléctrica,https://www.edistribucion.com/es/conocenos/instalaciones-distribucion-red/distribucion-electrica.html,official_distributor_public,2026-05-06,"No incluir en bloque e-distribución; revisar aparte por solapes grandes con i-DE, UFD y pequeñas."
castilla_leon,Aldeaseca,"e-distribución Redes Digitales, S.L.U.",regional_default_candidate,exclude_from_bulk_import,no,e-distribución — distribución eléctrica,https://www.edistribucion.com/es/conocenos/instalaciones-distribucion-red/distribucion-electrica.html,official_distributor_public,2026-05-06,"No incluir en bloque e-distribución; revisar aparte por solapes grandes con i-DE, UFD y pequeñas."
castilla_leon,Aldeaseca de Alba,"e-distribución Redes Digitales, S.L.U.",regional_default_candidate,exclude_from_bulk_import,no,e-distribución — distribución eléctrica,https://www.edistribucion.com/es/conocenos/instalaciones-distribucion-red/distribucion-electrica.html,official_distributor_public,2026-05-06,"No incluir en bloque e-distribución; revisar aparte por solapes grandes con i-DE, UFD y pequeñas."
castilla_leon,Aldeaseca de la Frontera,"e-distribución Redes Digitales, S.L.U.",regional_default_candidate,exclude_from_bulk_import,no,e-distribución — distribución eléctrica,https://www.edistribucion.com/es/conocenos/instalaciones-distribucion-red/distribucion-electrica.html,official_distributor_public,2026-05-06,"No incluir en bloque e-distribución; revisar aparte por solapes grandes con i-DE, UFD y pequeñas."
castilla_leon,Aldeasoña,"e-distribución Redes Digitales, S.L.U.",regional_default_candidate,exclude_from_bulk_import,no,e-distribución — distribución eléctrica,https://www.edistribucion.com/es/conocenos/instalaciones-distribucion-red/distribucion-electrica.html,official_distributor_public,2026-05-06,"No incluir en bloque e-distribución; revisar aparte por solapes grandes con i-DE, UFD y pequeñas."
castilla_leon,Aldeatejada,"e-distribución Redes Digitales, S.L.U.",regional_default_candidate,exclude_from_bulk_import,no,e-distribución — distribución eléctrica,https://www.edistribucion.com/es/conocenos/instalaciones-distribucion-red/distribucion-electrica.html,official_distributor_public,2026-05-06,"No incluir en bloque e-distribución; revisar aparte por solapes grandes con i-DE, UFD y pequeñas."
castilla_leon,Aldeavieja de Tormes,"e-distribución Redes Digitales, S.L.U.",regional_default_candidate,exclude_from_bulk_import,no,e-distribución — distribución eléctrica,https://www.edistribucion.com/es/conocenos/instalaciones-distribucion-red/distribucion-electrica.html,official_distributor_public,2026-05-06,"No incluir en bloque e-distribución; revisar aparte por solapes grandes con i-DE, UFD y pequeñas."
castilla_leon,Aldehorno,"e-distribución Redes Digitales, S.L.U.",regional_default_candidate,exclude_from_bulk_import,no,e-distribución — distribución eléctrica,https://www.edistribucion.com/es/conocenos/instalaciones-distribucion-red/distribucion-electrica.html,official_distributor_public,2026-05-06,"No incluir en bloque e-distribución; revisar aparte por solapes grandes con i-DE, UFD y pequeñas."
castilla_leon,Aldehuela de la Bóveda,"e-distribución Redes Digitales, S.L.U.",regional_default_candidate,exclude_from_bulk_import,no,e-distribución — distribución eléctrica,https://www.edistribucion.com/es/conocenos/instalaciones-distribucion-red/distribucion-electrica.html,official_distributor_public,2026-05-06,"No incluir en bloque e-distribución; revisar aparte por solapes grandes con i-DE, UFD y pequeñas."
castilla_leon,Aldehuela de Periáñez,"e-distribución Redes Digitales, S.L.U.",regional_default_candidate,exclude_from_bulk_import,no,e-distribución — distribución eléctrica,https://www.edistribucion.com/es/conocenos/instalaciones-distribucion-red/distribucion-electrica.html,official_distributor_public,2026-05-06,"No incluir en bloque e-distribución; revisar aparte por solapes grandes con i-DE, UFD y pequeñas."
castilla_leon,Aldehuela de Yeltes,"e-distribución Redes Digitales, S.L.U.",regional_default_candidate,exclude_from_bulk_import,no,e-distribución — distribución eléctrica,https://www.edistribucion.com/es/conocenos/instalaciones-distribucion-red/distribucion-electrica.html,official_distributor_public,2026-05-06,"No incluir en bloque e-distribución; revisar aparte por solapes grandes con i-DE, UFD y pequeñas."
castilla_leon,Aldehuela del Codonal,"e-distribución Redes Digitales, S.L.U.",regional_default_candidate,exclude_from_bulk_import,no,e-distribución — distribución eléctrica,https://www.edistribucion.com/es/conocenos/instalaciones-distribucion-red/distribucion-electrica.html,official_distributor_public,2026-05-06,"No incluir en bloque e-distribución; revisar aparte por solapes grandes con i-DE, UFD y pequeñas."
castilla_leon,Aldeonte,"e-distribución Redes Digitales, S.L.U.",regional_default_candidate,exclude_from_bulk_import,no,e-distribución — distribución eléctrica,https://www.edistribucion.com/es/conocenos/instalaciones-distribucion-red/distribucion-electrica.html,official_distributor_public,2026-05-06,"No incluir en bloque e-distribución; revisar aparte por solapes grandes con i-DE, UFD y pequeñas."
castilla_leon,Alentisque,"e-distribución Redes Digitales, S.L.U.",regional_default_candidate,exclude_from_bulk_import,no,e-distribución — distribución eléctrica,https://www.edistribucion.com/es/conocenos/instalaciones-distribucion-red/distribucion-electrica.html,official_distributor_public,2026-05-06,"No incluir en bloque e-distribución; revisar aparte por solapes grandes con i-DE, UFD y pequeñas."
castilla_leon,Alfaraz de Sayago,"e-distribución Redes Digitales, S.L.U.",regional_default_candidate,exclude_from_bulk_import,no,e-distribución — distribución eléctrica,https://www.edistribucion.com/es/conocenos/instalaciones-distribucion-red/distribucion-electrica.html,official_distributor_public,2026-05-06,"No incluir en bloque e-distribución; revisar aparte por solapes grandes con i-DE, UFD y pequeñas."
castilla_leon,Alfoz de Bricia,"e-distribución Redes Digitales, S.L.U.",regional_default_candidate,exclude_from_bulk_import,no,e-distribución — distribución eléctrica,https://www.edistribucion.com/es/conocenos/instalaciones-distribucion-red/distribucion-electrica.html,official_distributor_public,2026-05-06,"No incluir en bloque e-distribución; revisar aparte por solapes grandes con i-DE, UFD y pequeñas."
castilla_leon,Alfoz de Quintanadueñas,"e-distribución Redes Digitales, S.L.U.",regional_default_candidate,exclude_from_bulk_import,no,e-distribución — distribución eléctrica,https://www.edistribucion.com/es/conocenos/instalaciones-distribucion-red/distribucion-electrica.html,official_distributor_public,2026-05-06,"No incluir en bloque e-distribución; revisar aparte por solapes grandes con i-DE, UFD y pequeñas."
castilla_leon,Alfoz de Santa Gadea,"e-distribución Redes Digitales, S.L.U.",regional_default_candidate,exclude_from_bulk_import,no,e-distribución — distribución eléctrica,https://www.edistribucion.com/es/conocenos/instalaciones-distribucion-red/distribucion-electrica.html,official_distributor_public,2026-05-06,"No incluir en bloque e-distribución; revisar aparte por solapes grandes con i-DE, UFD y pequeñas."
castilla_leon,Algadefe,"e-distribución Redes Digitales, S.L.U.",regional_default_candidate,exclude_from_bulk_import,no,e-distribución — distribución eléctrica,https://www.edistribucion.com/es/conocenos/instalaciones-distribucion-red/distribucion-electrica.html,official_distributor_public,2026-05-06,"No incluir en bloque e-distribución; revisar aparte por solapes grandes con i-DE, UFD y pequeñas."
castilla_leon,Algodre,"e-distribución Redes Digitales, S.L.U.",regional_default_candidate,exclude_from_bulk_import,no,e-distribución — distribución eléctrica,https://www.edistribucion.com/es/conocenos/instalaciones-distribucion-red/distribucion-electrica.html,official_distributor_public,2026-05-06,"No incluir en bloque e-distribución; revisar aparte por solapes grandes con i-DE, UFD y pequeñas."
castilla_leon,Alija del Infantado,"e-distribución Redes Digitales, S.L.U.",regional_default_candidate,exclude_from_bulk_import,no,e-distribución — distribución eléctrica,https://www.edistribucion.com/es/conocenos/instalaciones-distribucion-red/distribucion-electrica.html,official_distributor_public,2026-05-06,"No incluir en bloque e-distribución; revisar aparte por solapes grandes con i-DE, UFD y pequeñas."
castilla_leon,Aliud,"e-distribución Redes Digitales, S.L.U.",regional_default_candidate,exclude_from_bulk_import,no,e-distribución — distribución eléctrica,https://www.edistribucion.com/es/conocenos/instalaciones-distribucion-red/distribucion-electrica.html,official_distributor_public,2026-05-06,"No incluir en bloque e-distribución; revisar aparte por solapes grandes con i-DE, UFD y pequeñas."
castilla_leon,Almajano,"e-distribución Redes Digitales, S.L.U.",regional_default_candidate,exclude_from_bulk_import,no,e-distribución — distribución eléctrica,https://www.edistribucion.com/es/conocenos/instalaciones-distribucion-red/distribucion-electrica.html,official_distributor_public,2026-05-06,"No incluir en bloque e-distribución; revisar aparte por solapes grandes con i-DE, UFD y pequeñas."
castilla_leon,Almaluez,"e-distribución Redes Digitales, S.L.U.",regional_default_candidate,exclude_from_bulk_import,no,e-distribución — distribución eléctrica,https://www.edistribucion.com/es/conocenos/instalaciones-distribucion-red/distribucion-electrica.html,official_distributor_public,2026-05-06,"No incluir en bloque e-distribución; revisar aparte por solapes grandes con i-DE, UFD y pequeñas."
castilla_leon,Almanza,"e-distribución Redes Digitales, S.L.U.",regional_default_candidate,exclude_from_bulk_import,no,e-distribución — distribución eléctrica,https://www.edistribucion.com/es/conocenos/instalaciones-distribucion-red/distribucion-electrica.html,official_distributor_public,2026-05-06,"No incluir en bloque e-distribución; revisar aparte por solapes grandes con i-DE, UFD y pequeñas."
castilla_leon,Almaraz de Duero,"e-distribución Redes Digitales, S.L.U.",regional_default_candidate,exclude_from_bulk_import,no,e-distribución — distribución eléctrica,https://www.edistribucion.com/es/conocenos/instalaciones-distribucion-red/distribucion-electrica.html,official_distributor_public,2026-05-06,"No incluir en bloque e-distribución; revisar aparte por solapes grandes con i-DE, UFD y pequeñas."
castilla_leon,Almarza,"e-distribución Redes Digitales, S.L.U.",regional_default_candidate,exclude_from_bulk_import,no,e-distribución — distribución eléctrica,https://www.edistribucion.com/es/conocenos/instalaciones-distribucion-red/distribucion-electrica.html,official_distributor_public,2026-05-06,"No incluir en bloque e-distribución; revisar aparte por solapes grandes con i-DE, UFD y pequeñas."
castilla_leon,Almazán,"e-distribución Redes Digitales, S.L.U.",regional_default_candidate,exclude_from_bulk_import,no,e-distribución — distribución eléctrica,https://www.edistribucion.com/es/conocenos/instalaciones-distribucion-red/distribucion-electrica.html,official_distributor_public,2026-05-06,"No incluir en bloque e-distribución; revisar aparte por solapes grandes con i-DE, UFD y pequeñas."
castilla_leon,Almazul,"e-distribución Redes Digitales, S.L.U.",regional_default_candidate,exclude_from_bulk_import,no,e-distribución — distribución eléctrica,https://www.edistribucion.com/es/conocenos/instalaciones-distribucion-red/distribucion-electrica.html,official_distributor_public,2026-05-06,"No incluir en bloque e-distribución; revisar aparte por solapes grandes con i-DE, UFD y pequeñas."
castilla_leon,Almeida de Sayago,"e-distribución Redes Digitales, S.L.U.",regional_default_candidate,exclude_from_bulk_import,no,e-distribución — distribución eléctrica,https://www.edistribucion.com/es/conocenos/instalaciones-distribucion-red/distribucion-electrica.html,official_distributor_public,2026-05-06,"No incluir en bloque e-distribución; revisar aparte por solapes grandes con i-DE, UFD y pequeñas."
castilla_leon,Almenar de Soria,"e-distribución Redes Digitales, S.L.U.",regional_default_candidate,exclude_from_bulk_import,no,e-distribución — distribución eléctrica,https://www.edistribucion.com/es/conocenos/instalaciones-distribucion-red/distribucion-electrica.html,official_distributor_public,2026-05-06,"No incluir en bloque e-distribución; revisar aparte por solapes grandes con i-DE, UFD y pequeñas."
castilla_leon,Almenara de Adaja,"e-distribución Redes Digitales, S.L.U.",regional_default_candidate,exclude_from_bulk_import,no,e-distribución — distribución eléctrica,https://www.edistribucion.com/es/conocenos/instalaciones-distribucion-red/distribucion-electrica.html,official_distributor_public,2026-05-06,"No incluir en bloque e-distribución; revisar aparte por solapes grandes con i-DE, UFD y pequeñas."
castilla_leon,Almenara de Tormes,"e-distribución Redes Digitales, S.L.U.",regional_default_candidate,exclude_from_bulk_import,no,e-distribución — distribución eléctrica,https://www.edistribucion.com/es/conocenos/instalaciones-distribucion-red/distribucion-electrica.html,official_distributor_public,2026-05-06,"No incluir en bloque e-distribución; revisar aparte por solapes grandes con i-DE, UFD y pequeñas."
castilla_leon,Almendra,"e-distribución Redes Digitales, S.L.U.",regional_default_candidate,exclude_from_bulk_import,no,e-distribución — distribución eléctrica,https://www.edistribucion.com/es/conocenos/instalaciones-distribucion-red/distribucion-electrica.html,official_distributor_public,2026-05-06,"No incluir en bloque e-distribución; revisar aparte por solapes grandes con i-DE, UFD y pequeñas."
castilla_leon,Alpanseque,"e-distribución Redes Digitales, S.L.U.",regional_default_candidate,exclude_from_bulk_import,no,e-distribución — distribución eléctrica,https://www.edistribucion.com/es/conocenos/instalaciones-distribucion-red/distribucion-electrica.html,official_distributor_public,2026-05-06,"No incluir en bloque e-distribución; revisar aparte por solapes grandes con i-DE, UFD y pequeñas."
castilla_leon,Altable,"e-distribución Redes Digitales, S.L.U.",regional_default_candidate,exclude_from_bulk_import,no,e-distribución — distribución eléctrica,https://www.edistribucion.com/es/conocenos/instalaciones-distribucion-red/distribucion-electrica.html,official_distributor_public,2026-05-06,"No incluir en bloque e-distribución; revisar aparte por solapes grandes con i-DE, UFD y pequeñas."
castilla_leon,Amavida,"e-distribución Redes Digitales, S.L.U.",regional_default_candidate,exclude_from_bulk_import,no,e-distribución — distribución eléctrica,https://www.edistribucion.com/es/conocenos/instalaciones-distribucion-red/distribucion-electrica.html,official_distributor_public,2026-05-06,"No incluir en bloque e-distribución; revisar aparte por solapes grandes con i-DE, UFD y pequeñas."
castilla_leon,Amayuelas de Arriba,"e-distribución Redes Digitales, S.L.U.",regional_default_candidate,exclude_from_bulk_import,no,e-distribución — distribución eléctrica,https://www.edistribucion.com/es/conocenos/instalaciones-distribucion-red/distribucion-electrica.html,official_distributor_public,2026-05-06,"No incluir en bloque e-distribución; revisar aparte por solapes grandes con i-DE, UFD y pequeñas."
castilla_leon,Ameyugo,"e-distribución Redes Digitales, S.L.U.",regional_default_candidate,exclude_from_bulk_import,no,e-distribución — distribución eléctrica,https://www.edistribucion.com/es/conocenos/instalaciones-distribucion-red/distribucion-electrica.html,official_distributor_public,2026-05-06,"No incluir en bloque e-distribución; revisar aparte por solapes grandes con i-DE, UFD y pequeñas."
castilla_leon,Ampudia,"e-distribución Redes Digitales, S.L.U.",regional_default_candidate,exclude_from_bulk_import,no,e-distribución — distribución eléctrica,https://www.edistribucion.com/es/conocenos/instalaciones-distribucion-red/distribucion-electrica.html,official_distributor_public,2026-05-06,"No incluir en bloque e-distribución; revisar aparte por solapes grandes con i-DE, UFD y pequeñas."
castilla_leon,Amusco,"e-distribución Redes Digitales, S.L.U.",regional_default_candidate,exclude_from_bulk_import,no,e-distribución — distribución eléctrica,https://www.edistribucion.com/es/conocenos/instalaciones-distribucion-red/distribucion-electrica.html,official_distributor_public,2026-05-06,"No incluir en bloque e-distribución; revisar aparte por solapes grandes con i-DE, UFD y pequeñas."
castilla_leon,Amusquillo,"e-distribución Redes Digitales, S.L.U.",regional_default_candidate,exclude_from_bulk_import,no,e-distribución — distribución eléctrica,https://www.edistribucion.com/es/conocenos/instalaciones-distribucion-red/distribucion-electrica.html,official_distributor_public,2026-05-06,"No incluir en bloque e-distribución; revisar aparte por solapes grandes con i-DE, UFD y pequeñas."
castilla_leon,Anaya,"e-distribución Redes Digitales, S.L.U.",regional_default_candidate,exclude_from_bulk_import,no,e-distribución — distribución eléctrica,https://www.edistribucion.com/es/conocenos/instalaciones-distribucion-red/distribucion-electrica.html,official_distributor_public,2026-05-06,"No incluir en bloque e-distribución; revisar aparte por solapes grandes con i-DE, UFD y pequeñas."
castilla_leon,Anaya de Alba,"e-distribución Redes Digitales, S.L.U.",regional_default_candidate,exclude_from_bulk_import,no,e-distribución — distribución eléctrica,https://www.edistribucion.com/es/conocenos/instalaciones-distribucion-red/distribucion-electrica.html,official_distributor_public,2026-05-06,"No incluir en bloque e-distribución; revisar aparte por solapes grandes con i-DE, UFD y pequeñas."
castilla_leon,Andavías,"e-distribución Redes Digitales, S.L.U.",regional_default_candidate,exclude_from_bulk_import,no,e-distribución — distribución eléctrica,https://www.edistribucion.com/es/conocenos/instalaciones-distribucion-red/distribucion-electrica.html,official_distributor_public,2026-05-06,"No incluir en bloque e-distribución; revisar aparte por solapes grandes con i-DE, UFD y pequeñas."
castilla_leon,Añe,"e-distribución Redes Digitales, S.L.U.",regional_default_candidate,exclude_from_bulk_import,no,e-distribución — distribución eléctrica,https://www.edistribucion.com/es/conocenos/instalaciones-distribucion-red/distribucion-electrica.html,official_distributor_public,2026-05-06,"No incluir en bloque e-distribución; revisar aparte por solapes grandes con i-DE, UFD y pequeñas."
castilla_leon,Anguix,"e-distribución Redes Digitales, S.L.U.",regional_default_candidate,exclude_from_bulk_import,no,e-distribución — distribución eléctrica,https://www.edistribucion.com/es/conocenos/instalaciones-distribucion-red/distribucion-electrica.html,official_distributor_public,2026-05-06,"No incluir en bloque e-distribución; revisar aparte por solapes grandes con i-DE, UFD y pequeñas."
castilla_leon,Añover de Tormes,"e-distribución Redes Digitales, S.L.U.",regional_default_candidate,exclude_from_bulk_import,no,e-distribución — distribución eléctrica,https://www.edistribucion.com/es/conocenos/instalaciones-distribucion-red/distribucion-electrica.html,official_distributor_public,2026-05-06,"No incluir en bloque e-distribución; revisar aparte por solapes grandes con i-DE, UFD y pequeñas."
castilla_leon,Antigüedad,"e-distribución Redes Digitales, S.L.U.",regional_default_candidate,exclude_from_bulk_import,no,e-distribución — distribución eléctrica,https://www.edistribucion.com/es/conocenos/instalaciones-distribucion-red/distribucion-electrica.html,official_distributor_public,2026-05-06,"No incluir en bloque e-distribución; revisar aparte por solapes grandes con i-DE, UFD y pequeñas."
castilla_leon,Arabayona de Mógica,"e-distribución Redes Digitales, S.L.U.",regional_default_candidate,exclude_from_bulk_import,no,e-distribución — distribución eléctrica,https://www.edistribucion.com/es/conocenos/instalaciones-distribucion-red/distribucion-electrica.html,official_distributor_public,2026-05-06,"No incluir en bloque e-distribución; revisar aparte por solapes grandes con i-DE, UFD y pequeñas."
castilla_leon,Arahuetes,"e-distribución Redes Digitales, S.L.U.",regional_default_candidate,exclude_from_bulk_import,no,e-distribución — distribución eléctrica,https://www.edistribucion.com/es/conocenos/instalaciones-distribucion-red/distribucion-electrica.html,official_distributor_public,2026-05-06,"No incluir en bloque e-distribución; revisar aparte por solapes grandes con i-DE, UFD y pequeñas."
castilla_leon,Arancón,"e-distribución Redes Digitales, S.L.U.",regional_default_candidate,exclude_from_bulk_import,no,e-distribución — distribución eléctrica,https://www.edistribucion.com/es/conocenos/instalaciones-distribucion-red/distribucion-electrica.html,official_distributor_public,2026-05-06,"No incluir en bloque e-distribución; revisar aparte por solapes grandes con i-DE, UFD y pequeñas."
castilla_leon,Aranda de Duero,"e-distribución Redes Digitales, S.L.U.",regional_default_candidate,exclude_from_bulk_import,no,e-distribución — distribución eléctrica,https://www.edistribucion.com/es/conocenos/instalaciones-distribucion-red/distribucion-electrica.html,official_distributor_public,2026-05-06,"No incluir en bloque e-distribución; revisar aparte por solapes grandes con i-DE, UFD y pequeñas."
castilla_leon,Arandilla,"e-distribución Redes Digitales, S.L.U.",regional_default_candidate,exclude_from_bulk_import,no,e-distribución — distribución eléctrica,https://www.edistribucion.com/es/conocenos/instalaciones-distribucion-red/distribucion-electrica.html,official_distributor_public,2026-05-06,"No incluir en bloque e-distribución; revisar aparte por solapes grandes con i-DE, UFD y pequeñas."
castilla_leon,Arapiles,"e-distribución Redes Digitales, S.L.U.",regional_default_candidate,exclude_from_bulk_import,no,e-distribución — distribución eléctrica,https://www.edistribucion.com/es/conocenos/instalaciones-distribucion-red/distribucion-electrica.html,official_distributor_public,2026-05-06,"No incluir en bloque e-distribución; revisar aparte por solapes grandes con i-DE, UFD y pequeñas."
castilla_leon,Arauzo de Miel,"e-distribución Redes Digitales, S.L.U.",regional_default_candidate,exclude_from_bulk_import,no,e-distribución — distribución eléctrica,https://www.edistribucion.com/es/conocenos/instalaciones-distribucion-red/distribucion-electrica.html,official_distributor_public,2026-05-06,"No incluir en bloque e-distribución; revisar aparte por solapes grandes con i-DE, UFD y pequeñas."
castilla_leon,Arauzo de Salce,"e-distribución Redes Digitales, S.L.U.",regional_default_candidate,exclude_from_bulk_import,no,e-distribución — distribución eléctrica,https://www.edistribucion.com/es/conocenos/instalaciones-distribucion-red/distribucion-electrica.html,official_distributor_public,2026-05-06,"No incluir en bloque e-distribución; revisar aparte por solapes grandes con i-DE, UFD y pequeñas."
castilla_leon,Arauzo de Torre,"e-distribución Redes Digitales, S.L.U.",regional_default_candidate,exclude_from_bulk_import,no,e-distribución — distribución eléctrica,https://www.edistribucion.com/es/conocenos/instalaciones-distribucion-red/distribucion-electrica.html,official_distributor_public,2026-05-06,"No incluir en bloque e-distribución; revisar aparte por solapes grandes con i-DE, UFD y pequeñas."
castilla_leon,Arcediano,"e-distribución Redes Digitales, S.L.U.",regional_default_candidate,exclude_from_bulk_import,no,e-distribución — distribución eléctrica,https://www.edistribucion.com/es/conocenos/instalaciones-distribucion-red/distribucion-electrica.html,official_distributor_public,2026-05-06,"No incluir en bloque e-distribución; revisar aparte por solapes grandes con i-DE, UFD y pequeñas."
castilla_leon,Arcenillas,"e-distribución Redes Digitales, S.L.U.",regional_default_candidate,exclude_from_bulk_import,no,e-distribución — distribución eléctrica,https://www.edistribucion.com/es/conocenos/instalaciones-distribucion-red/distribucion-electrica.html,official_distributor_public,2026-05-06,"No incluir en bloque e-distribución; revisar aparte por solapes grandes con i-DE, UFD y pequeñas."
castilla_leon,Arconada,"e-distribución Redes Digitales, S.L.U.",regional_default_candidate,exclude_from_bulk_import,no,e-distribución — distribución eléctrica,https://www.edistribucion.com/es/conocenos/instalaciones-distribucion-red/distribucion-electrica.html,official_distributor_public,2026-05-06,"No incluir en bloque e-distribución; revisar aparte por solapes grandes con i-DE, UFD y pequeñas."
castilla_leon,Arcones,"e-distribución Redes Digitales, S.L.U.",regional_default_candidate,exclude_from_bulk_import,no,e-distribución — distribución eléctrica,https://www.edistribucion.com/es/conocenos/instalaciones-distribucion-red/distribucion-electrica.html,official_distributor_public,2026-05-06,"No incluir en bloque e-distribución; revisar aparte por solapes grandes con i-DE, UFD y pequeñas."
castilla_leon,Arcos,"e-distribución Redes Digitales, S.L.U.",regional_default_candidate,exclude_from_bulk_import,no,e-distribución — distribución eléctrica,https://www.edistribucion.com/es/conocenos/instalaciones-distribucion-red/distribucion-electrica.html,official_distributor_public,2026-05-06,"No incluir en bloque e-distribución; revisar aparte por solapes grandes con i-DE, UFD y pequeñas."
castilla_leon,Arcos de Jalón,"e-distribución Redes Digitales, S.L.U.",regional_default_candidate,exclude_from_bulk_import,no,e-distribución — distribución eléctrica,https://www.edistribucion.com/es/conocenos/instalaciones-distribucion-red/distribucion-electrica.html,official_distributor_public,2026-05-06,"No incluir en bloque e-distribución; revisar aparte por solapes grandes con i-DE, UFD y pequeñas."
castilla_leon,Arcos de la Polvorosa,"e-distribución Redes Digitales, S.L.U.",regional_default_candidate,exclude_from_bulk_import,no,e-distribución — distribución eléctrica,https://www.edistribucion.com/es/conocenos/instalaciones-distribucion-red/distribucion-electrica.html,official_distributor_public,2026-05-06,"No incluir en bloque e-distribución; revisar aparte por solapes grandes con i-DE, UFD y pequeñas."
castilla_leon,Ardón,"e-distribución Redes Digitales, S.L.U.",regional_default_candidate,exclude_from_bulk_import,no,e-distribución — distribución eléctrica,https://www.edistribucion.com/es/conocenos/instalaciones-distribucion-red/distribucion-electrica.html,official_distributor_public,2026-05-06,"No incluir en bloque e-distribución; revisar aparte por solapes grandes con i-DE, UFD y pequeñas."
castilla_leon,Arenas de San Pedro,"e-distribución Redes Digitales, S.L.U.",regional_default_candidate,exclude_from_bulk_import,no,e-distribución — distribución eléctrica,https://www.edistribucion.com/es/conocenos/instalaciones-distribucion-red/distribucion-electrica.html,official_distributor_public,2026-05-06,"No incluir en bloque e-distribución; revisar aparte por solapes grandes con i-DE, UFD y pequeñas."
castilla_leon,Arenillas,"e-distribución Redes Digitales, S.L.U.",regional_default_candidate,exclude_from_bulk_import,no,e-distribución — distribución eléctrica,https://www.edistribucion.com/es/conocenos/instalaciones-distribucion-red/distribucion-electrica.html,official_distributor_public,2026-05-06,"No incluir en bloque e-distribución; revisar aparte por solapes grandes con i-DE, UFD y pequeñas."
castilla_leon,Arenillas de Riopisuerga,"e-distribución Redes Digitales, S.L.U.",regional_default_candidate,exclude_from_bulk_import,no,e-distribución — distribución eléctrica,https://www.edistribucion.com/es/conocenos/instalaciones-distribucion-red/distribucion-electrica.html,official_distributor_public,2026-05-06,"No incluir en bloque e-distribución; revisar aparte por solapes grandes con i-DE, UFD y pequeñas."
castilla_leon,Arevalillo,"e-distribución Redes Digitales, S.L.U.",regional_default_candidate,exclude_from_bulk_import,no,e-distribución — distribución eléctrica,https://www.edistribucion.com/es/conocenos/instalaciones-distribucion-red/distribucion-electrica.html,official_distributor_public,2026-05-06,"No incluir en bloque e-distribución; revisar aparte por solapes grandes con i-DE, UFD y pequeñas."
castilla_leon,Arevalillo de Cega,"e-distribución Redes Digitales, S.L.U.",regional_default_candidate,exclude_from_bulk_import,no,e-distribución — distribución eléctrica,https://www.edistribucion.com/es/conocenos/instalaciones-distribucion-red/distribucion-electrica.html,official_distributor_public,2026-05-06,"No incluir en bloque e-distribución; revisar aparte por solapes grandes con i-DE, UFD y pequeñas."
castilla_leon,Arévalo,"e-distribución Redes Digitales, S.L.U.",regional_default_candidate,exclude_from_bulk_import,no,e-distribución — distribución eléctrica,https://www.edistribucion.com/es/conocenos/instalaciones-distribucion-red/distribucion-electrica.html,official_distributor_public,2026-05-06,"No incluir en bloque e-distribución; revisar aparte por solapes grandes con i-DE, UFD y pequeñas."
castilla_leon,Arévalo de la Sierra,"e-distribución Redes Digitales, S.L.U.",regional_default_candidate,exclude_from_bulk_import,no,e-distribución — distribución eléctrica,https://www.edistribucion.com/es/conocenos/instalaciones-distribucion-red/distribucion-electrica.html,official_distributor_public,2026-05-06,"No incluir en bloque e-distribución; revisar aparte por solapes grandes con i-DE, UFD y pequeñas."
castilla_leon,Argañín,"e-distribución Redes Digitales, S.L.U.",regional_default_candidate,exclude_from_bulk_import,no,e-distribución — distribución eléctrica,https://www.edistribucion.com/es/conocenos/instalaciones-distribucion-red/distribucion-electrica.html,official_distributor_public,2026-05-06,"No incluir en bloque e-distribución; revisar aparte por solapes grandes con i-DE, UFD y pequeñas."
castilla_leon,Arganza,"e-distribución Redes Digitales, S.L.U.",regional_default_candidate,exclude_from_bulk_import,no,e-distribución — distribución eléctrica,https://www.edistribucion.com/es/conocenos/instalaciones-distribucion-red/distribucion-electrica.html,official_distributor_public,2026-05-06,"No incluir en bloque e-distribución; revisar aparte por solapes grandes con i-DE, UFD y pequeñas."
castilla_leon,Argujillo,"e-distribución Redes Digitales, S.L.U.",regional_default_candidate,exclude_from_bulk_import,no,e-distribución — distribución eléctrica,https://www.edistribucion.com/es/conocenos/instalaciones-distribucion-red/distribucion-electrica.html,official_distributor_public,2026-05-06,"No incluir en bloque e-distribución; revisar aparte por solapes grandes con i-DE, UFD y pequeñas."
castilla_leon,Arija,"e-distribución Redes Digitales, S.L.U.",regional_default_candidate,exclude_from_bulk_import,no,e-distribución — distribución eléctrica,https://www.edistribucion.com/es/conocenos/instalaciones-distribucion-red/distribucion-electrica.html,official_distributor_public,2026-05-06,"No incluir en bloque e-distribución; revisar aparte por solapes grandes con i-DE, UFD y pequeñas."
castilla_leon,Arlanzón,"e-distribución Redes Digitales, S.L.U.",regional_default_candidate,exclude_from_bulk_import,no,e-distribución — distribución eléctrica,https://www.edistribucion.com/es/conocenos/instalaciones-distribucion-red/distribucion-electrica.html,official_distributor_public,2026-05-06,"No incluir en bloque e-distribución; revisar aparte por solapes grandes con i-DE, UFD y pequeñas."
castilla_leon,Armenteros,"e-distribución Redes Digitales, S.L.U.",regional_default_candidate,exclude_from_bulk_import,no,e-distribución — distribución eléctrica,https://www.edistribucion.com/es/conocenos/instalaciones-distribucion-red/distribucion-electrica.html,official_distributor_public,2026-05-06,"No incluir en bloque e-distribución; revisar aparte por solapes grandes con i-DE, UFD y pequeñas."
castilla_leon,Armuña,"e-distribución Redes Digitales, S.L.U.",regional_default_candidate,exclude_from_bulk_import,no,e-distribución — distribución eléctrica,https://www.edistribucion.com/es/conocenos/instalaciones-distribucion-red/distribucion-electrica.html,official_distributor_public,2026-05-06,"No incluir en bloque e-distribución; revisar aparte por solapes grandes con i-DE, UFD y pequeñas."
castilla_leon,Arquillinos,"e-distribución Redes Digitales, S.L.U.",regional_default_candidate,exclude_from_bulk_import,no,e-distribución — distribución eléctrica,https://www.edistribucion.com/es/conocenos/instalaciones-distribucion-red/distribucion-electrica.html,official_distributor_public,2026-05-06,"No incluir en bloque e-distribución; revisar aparte por solapes grandes con i-DE, UFD y pequeñas."
castilla_leon,Arrabalde,"e-distribución Redes Digitales, S.L.U.",regional_default_candidate,exclude_from_bulk_import,no,e-distribución — distribución eléctrica,https://www.edistribucion.com/es/conocenos/instalaciones-distribucion-red/distribucion-electrica.html,official_distributor_public,2026-05-06,"No incluir en bloque e-distribución; revisar aparte por solapes grandes con i-DE, UFD y pequeñas."
castilla_leon,Arraya de Oca,"e-distribución Redes Digitales, S.L.U.",regional_default_candidate,exclude_from_bulk_import,no,e-distribución — distribución eléctrica,https://www.edistribucion.com/es/conocenos/instalaciones-distribucion-red/distribucion-electrica.html,official_distributor_public,2026-05-06,"No incluir en bloque e-distribución; revisar aparte por solapes grandes con i-DE, UFD y pequeñas."
castilla_leon,Arroyo de la Encomienda,"e-distribución Redes Digitales, S.L.U.",regional_default_candidate,exclude_from_bulk_import,no,e-distribución — distribución eléctrica,https://www.edistribucion.com/es/conocenos/instalaciones-distribucion-red/distribucion-electrica.html,official_distributor_public,2026-05-06,"No incluir en bloque e-distribución; revisar aparte por solapes grandes con i-DE, UFD y pequeñas."
castilla_leon,Aspariegos,"e-distribución Redes Digitales, S.L.U.",regional_default_candidate,exclude_from_bulk_import,no,e-distribución — distribución eléctrica,https://www.edistribucion.com/es/conocenos/instalaciones-distribucion-red/distribucion-electrica.html,official_distributor_public,2026-05-06,"No incluir en bloque e-distribución; revisar aparte por solapes grandes con i-DE, UFD y pequeñas."
castilla_leon,Astorga,"e-distribución Redes Digitales, S.L.U.",regional_default_candidate,exclude_from_bulk_import,no,e-distribución — distribución eléctrica,https://www.edistribucion.com/es/conocenos/instalaciones-distribucion-red/distribucion-electrica.html,official_distributor_public,2026-05-06,"No incluir en bloque e-distribución; revisar aparte por solapes grandes con i-DE, UFD y pequeñas."
castilla_leon,Astudillo,"e-distribución Redes Digitales, S.L.U.",regional_default_candidate,exclude_from_bulk_import,no,e-distribución — distribución eléctrica,https://www.edistribucion.com/es/conocenos/instalaciones-distribucion-red/distribucion-electrica.html,official_distributor_public,2026-05-06,"No incluir en bloque e-distribución; revisar aparte por solapes grandes con i-DE, UFD y pequeñas."
castilla_leon,Asturianos,"e-distribución Redes Digitales, S.L.U.",regional_default_candidate,exclude_from_bulk_import,no,e-distribución — distribución eléctrica,https://www.edistribucion.com/es/conocenos/instalaciones-distribucion-red/distribucion-electrica.html,official_distributor_public,2026-05-06,"No incluir en bloque e-distribución; revisar aparte por solapes grandes con i-DE, UFD y pequeñas."
castilla_leon,Atapuerca,"e-distribución Redes Digitales, S.L.U.",regional_default_candidate,exclude_from_bulk_import,no,e-distribución — distribución eléctrica,https://www.edistribucion.com/es/conocenos/instalaciones-distribucion-red/distribucion-electrica.html,official_distributor_public,2026-05-06,"No incluir en bloque e-distribución; revisar aparte por solapes grandes con i-DE, UFD y pequeñas."
castilla_leon,Ataquines,"e-distribución Redes Digitales, S.L.U.",regional_default_candidate,exclude_from_bulk_import,no,e-distribución — distribución eléctrica,https://www.edistribucion.com/es/conocenos/instalaciones-distribucion-red/distribucion-electrica.html,official_distributor_public,2026-05-06,"No incluir en bloque e-distribución; revisar aparte por solapes grandes con i-DE, UFD y pequeñas."
castilla_leon,Ausejo de la Sierra,"e-distribución Redes Digitales, S.L.U.",regional_default_candidate,exclude_from_bulk_import,no,e-distribución — distribución eléctrica,https://www.edistribucion.com/es/conocenos/instalaciones-distribucion-red/distribucion-electrica.html,official_distributor_public,2026-05-06,"No incluir en bloque e-distribución; revisar aparte por solapes grandes con i-DE, UFD y pequeñas."
castilla_leon,Autilla del Pino,"e-distribución Redes Digitales, S.L.U.",regional_default_candidate,exclude_from_bulk_import,no,e-distribución — distribución eléctrica,https://www.edistribucion.com/es/conocenos/instalaciones-distribucion-red/distribucion-electrica.html,official_distributor_public,2026-05-06,"No incluir en bloque e-distribución; revisar aparte por solapes grandes con i-DE, UFD y pequeñas."
castilla_leon,Autillo de Campos,"e-distribución Redes Digitales, S.L.U.",regional_default_candidate,exclude_from_bulk_import,no,e-distribución — distribución eléctrica,https://www.edistribucion.com/es/conocenos/instalaciones-distribucion-red/distribucion-electrica.html,official_distributor_public,2026-05-06,"No incluir en bloque e-distribución; revisar aparte por solapes grandes con i-DE, UFD y pequeñas."
castilla_leon,Aveinte,"e-distribución Redes Digitales, S.L.U.",regional_default_candidate,exclude_from_bulk_import,no,e-distribución — distribución eléctrica,https://www.edistribucion.com/es/conocenos/instalaciones-distribucion-red/distribucion-electrica.html,official_distributor_public,2026-05-06,"No incluir en bloque e-distribución; revisar aparte por solapes grandes con i-DE, UFD y pequeñas."
castilla_leon,Avellaneda,"e-distribución Redes Digitales, S.L.U.",regional_default_candidate,exclude_from_bulk_import,no,e-distribución — distribución eléctrica,https://www.edistribucion.com/es/conocenos/instalaciones-distribucion-red/distribucion-electrica.html,official_distributor_public,2026-05-06,"No incluir en bloque e-distribución; revisar aparte por solapes grandes con i-DE, UFD y pequeñas."
castilla_leon,Avellanosa de Muñó,"e-distribución Redes Digitales, S.L.U.",regional_default_candidate,exclude_from_bulk_import,no,e-distribución — distribución eléctrica,https://www.edistribucion.com/es/conocenos/instalaciones-distribucion-red/distribucion-electrica.html,official_distributor_public,2026-05-06,"No incluir en bloque e-distribución; revisar aparte por solapes grandes con i-DE, UFD y pequeñas."
castilla_leon,Ávila,"e-distribución Redes Digitales, S.L.U.",regional_default_candidate,exclude_from_bulk_import,no,e-distribución — distribución eléctrica,https://www.edistribucion.com/es/conocenos/instalaciones-distribucion-red/distribucion-electrica.html,official_distributor_public,2026-05-06,"No incluir en bloque e-distribución; revisar aparte por solapes grandes con i-DE, UFD y pequeñas."
castilla_leon,Ayllón,"e-distribución Redes Digitales, S.L.U.",regional_default_candidate,exclude_from_bulk_import,no,e-distribución — distribución eléctrica,https://www.edistribucion.com/es/conocenos/instalaciones-distribucion-red/distribucion-electrica.html,official_distributor_public,2026-05-06,"No incluir en bloque e-distribución; revisar aparte por solapes grandes con i-DE, UFD y pequeñas."
castilla_leon,Ayoó de Vidriales,"e-distribución Redes Digitales, S.L.U.",regional_default_candidate,exclude_from_bulk_import,no,e-distribución — distribución eléctrica,https://www.edistribucion.com/es/conocenos/instalaciones-distribucion-red/distribucion-electrica.html,official_distributor_public,2026-05-06,"No incluir en bloque e-distribución; revisar aparte por solapes grandes con i-DE, UFD y pequeñas."
castilla_leon,Ayuela,"e-distribución Redes Digitales, S.L.U.",regional_default_candidate,exclude_from_bulk_import,no,e-distribución — distribución eléctrica,https://www.edistribucion.com/es/conocenos/instalaciones-distribucion-red/distribucion-electrica.html,official_distributor_public,2026-05-06,"No incluir en bloque e-distribución; revisar aparte por solapes grandes con i-DE, UFD y pequeñas."
castilla_leon,Babilafuente,"e-distribución Redes Digitales, S.L.U.",regional_default_candidate,exclude_from_bulk_import,no,e-distribución — distribución eléctrica,https://www.edistribucion.com/es/conocenos/instalaciones-distribucion-red/distribucion-electrica.html,official_distributor_public,2026-05-06,"No incluir en bloque e-distribución; revisar aparte por solapes grandes con i-DE, UFD y pequeñas."
castilla_leon,Bahabón,"e-distribución Redes Digitales, S.L.U.",regional_default_candidate,exclude_from_bulk_import,no,e-distribución — distribución eléctrica,https://www.edistribucion.com/es/conocenos/instalaciones-distribucion-red/distribucion-electrica.html,official_distributor_public,2026-05-06,"No incluir en bloque e-distribución; revisar aparte por solapes grandes con i-DE, UFD y pequeñas."
castilla_leon,Bahabón de Esgueva,"e-distribución Redes Digitales, S.L.U.",regional_default_candidate,exclude_from_bulk_import,no,e-distribución — distribución eléctrica,https://www.edistribucion.com/es/conocenos/instalaciones-distribucion-red/distribucion-electrica.html,official_distributor_public,2026-05-06,"No incluir en bloque e-distribución; revisar aparte por solapes grandes con i-DE, UFD y pequeñas."
castilla_leon,Balboa,"e-distribución Redes Digitales, S.L.U.",regional_default_candidate,exclude_from_bulk_import,no,e-distribución — distribución eléctrica,https://www.edistribucion.com/es/conocenos/instalaciones-distribucion-red/distribucion-electrica.html,official_distributor_public,2026-05-06,"No incluir en bloque e-distribución; revisar aparte por solapes grandes con i-DE, UFD y pequeñas."
castilla_leon,Baltanás,"e-distribución Redes Digitales, S.L.U.",regional_default_candidate,exclude_from_bulk_import,no,e-distribución — distribución eléctrica,https://www.edistribucion.com/es/conocenos/instalaciones-distribucion-red/distribucion-electrica.html,official_distributor_public,2026-05-06,"No incluir en bloque e-distribución; revisar aparte por solapes grandes con i-DE, UFD y pequeñas."
castilla_leon,Bañobárez,"e-distribución Redes Digitales, S.L.U.",regional_default_candidate,exclude_from_bulk_import,no,e-distribución — distribución eléctrica,https://www.edistribucion.com/es/conocenos/instalaciones-distribucion-red/distribucion-electrica.html,official_distributor_public,2026-05-06,"No incluir en bloque e-distribución; revisar aparte por solapes grandes con i-DE, UFD y pequeñas."
castilla_leon,Baños de Valdearados,"e-distribución Redes Digitales, S.L.U.",regional_default_candidate,exclude_from_bulk_import,no,e-distribución — distribución eléctrica,https://www.edistribucion.com/es/conocenos/instalaciones-distribucion-red/distribucion-electrica.html,official_distributor_public,2026-05-06,"No incluir en bloque e-distribución; revisar aparte por solapes grandes con i-DE, UFD y pequeñas."
castilla_leon,Bañuelos de Bureba,"e-distribución Redes Digitales, S.L.U.",regional_default_candidate,exclude_from_bulk_import,no,e-distribución — distribución eléctrica,https://www.edistribucion.com/es/conocenos/instalaciones-distribucion-red/distribucion-electrica.html,official_distributor_public,2026-05-06,"No incluir en bloque e-distribución; revisar aparte por solapes grandes con i-DE, UFD y pequeñas."
castilla_leon,Baquerín de Campos,"e-distribución Redes Digitales, S.L.U.",regional_default_candidate,exclude_from_bulk_import,no,e-distribución — distribución eléctrica,https://www.edistribucion.com/es/conocenos/instalaciones-distribucion-red/distribucion-electrica.html,official_distributor_public,2026-05-06,"No incluir en bloque e-distribución; revisar aparte por solapes grandes con i-DE, UFD y pequeñas."
castilla_leon,Baraona,"e-distribución Redes Digitales, S.L.U.",regional_default_candidate,exclude_from_bulk_import,no,e-distribución — distribución eléctrica,https://www.edistribucion.com/es/conocenos/instalaciones-distribucion-red/distribucion-electrica.html,official_distributor_public,2026-05-06,"No incluir en bloque e-distribución; revisar aparte por solapes grandes con i-DE, UFD y pequeñas."
castilla_leon,Barbadillo,"e-distribución Redes Digitales, S.L.U.",regional_default_candidate,exclude_from_bulk_import,no,e-distribución — distribución eléctrica,https://www.edistribucion.com/es/conocenos/instalaciones-distribucion-red/distribucion-electrica.html,official_distributor_public,2026-05-06,"No incluir en bloque e-distribución; revisar aparte por solapes grandes con i-DE, UFD y pequeñas."
castilla_leon,Barbadillo de Herreros,"e-distribución Redes Digitales, S.L.U.",regional_default_candidate,exclude_from_bulk_import,no,e-distribución — distribución eléctrica,https://www.edistribucion.com/es/conocenos/instalaciones-distribucion-red/distribucion-electrica.html,official_distributor_public,2026-05-06,"No incluir en bloque e-distribución; revisar aparte por solapes grandes con i-DE, UFD y pequeñas."
castilla_leon,Barbadillo del Mercado,"e-distribución Redes Digitales, S.L.U.",regional_default_candidate,exclude_from_bulk_import,no,e-distribución — distribución eléctrica,https://www.edistribucion.com/es/conocenos/instalaciones-distribucion-red/distribucion-electrica.html,official_distributor_public,2026-05-06,"No incluir en bloque e-distribución; revisar aparte por solapes grandes con i-DE, UFD y pequeñas."
castilla_leon,Barbadillo del Pez,"e-distribución Redes Digitales, S.L.U.",regional_default_candidate,exclude_from_bulk_import,no,e-distribución — distribución eléctrica,https://www.edistribucion.com/es/conocenos/instalaciones-distribucion-red/distribucion-electrica.html,official_distributor_public,2026-05-06,"No incluir en bloque e-distribución; revisar aparte por solapes grandes con i-DE, UFD y pequeñas."
castilla_leon,Barbalos,"e-distribución Redes Digitales, S.L.U.",regional_default_candidate,exclude_from_bulk_import,no,e-distribución — distribución eléctrica,https://www.edistribucion.com/es/conocenos/instalaciones-distribucion-red/distribucion-electrica.html,official_distributor_public,2026-05-06,"No incluir en bloque e-distribución; revisar aparte por solapes grandes con i-DE, UFD y pequeñas."
castilla_leon,Barbolla,"e-distribución Redes Digitales, S.L.U.",regional_default_candidate,exclude_from_bulk_import,no,e-distribución — distribución eléctrica,https://www.edistribucion.com/es/conocenos/instalaciones-distribucion-red/distribucion-electrica.html,official_distributor_public,2026-05-06,"No incluir en bloque e-distribución; revisar aparte por solapes grandes con i-DE, UFD y pequeñas."
castilla_leon,Barca,"e-distribución Redes Digitales, S.L.U.",regional_default_candidate,exclude_from_bulk_import,no,e-distribución — distribución eléctrica,https://www.edistribucion.com/es/conocenos/instalaciones-distribucion-red/distribucion-electrica.html,official_distributor_public,2026-05-06,"No incluir en bloque e-distribución; revisar aparte por solapes grandes con i-DE, UFD y pequeñas."
castilla_leon,Bárcena de Campos,"e-distribución Redes Digitales, S.L.U.",regional_default_candidate,exclude_from_bulk_import,no,e-distribución — distribución eléctrica,https://www.edistribucion.com/es/conocenos/instalaciones-distribucion-red/distribucion-electrica.html,official_distributor_public,2026-05-06,"No incluir en bloque e-distribución; revisar aparte por solapes grandes con i-DE, UFD y pequeñas."
castilla_leon,Barceo,"e-distribución Redes Digitales, S.L.U.",regional_default_candidate,exclude_from_bulk_import,no,e-distribución — distribución eléctrica,https://www.edistribucion.com/es/conocenos/instalaciones-distribucion-red/distribucion-electrica.html,official_distributor_public,2026-05-06,"No incluir en bloque e-distribución; revisar aparte por solapes grandes con i-DE, UFD y pequeñas."
castilla_leon,Barcial de la Loma,"e-distribución Redes Digitales, S.L.U.",regional_default_candidate,exclude_from_bulk_import,no,e-distribución — distribución eléctrica,https://www.edistribucion.com/es/conocenos/instalaciones-distribucion-red/distribucion-electrica.html,official_distributor_public,2026-05-06,"No incluir en bloque e-distribución; revisar aparte por solapes grandes con i-DE, UFD y pequeñas."
castilla_leon,Barcial del Barco,"e-distribución Redes Digitales, S.L.U.",regional_default_candidate,exclude_from_bulk_import,no,e-distribución — distribución eléctrica,https://www.edistribucion.com/es/conocenos/instalaciones-distribucion-red/distribucion-electrica.html,official_distributor_public,2026-05-06,"No incluir en bloque e-distribución; revisar aparte por solapes grandes con i-DE, UFD y pequeñas."
castilla_leon,Barcones,"e-distribución Redes Digitales, S.L.U.",regional_default_candidate,exclude_from_bulk_import,no,e-distribución — distribución eléctrica,https://www.edistribucion.com/es/conocenos/instalaciones-distribucion-red/distribucion-electrica.html,official_distributor_public,2026-05-06,"No incluir en bloque e-distribución; revisar aparte por solapes grandes con i-DE, UFD y pequeñas."
castilla_leon,Barjas,"e-distribución Redes Digitales, S.L.U.",regional_default_candidate,exclude_from_bulk_import,no,e-distribución — distribución eléctrica,https://www.edistribucion.com/es/conocenos/instalaciones-distribucion-red/distribucion-electrica.html,official_distributor_public,2026-05-06,"No incluir en bloque e-distribución; revisar aparte por solapes grandes con i-DE, UFD y pequeñas."
castilla_leon,Barrio de Muñó,"e-distribución Redes Digitales, S.L.U.",regional_default_candidate,exclude_from_bulk_import,no,e-distribución — distribución eléctrica,https://www.edistribucion.com/es/conocenos/instalaciones-distribucion-red/distribucion-electrica.html,official_distributor_public,2026-05-06,"No incluir en bloque e-distribución; revisar aparte por solapes grandes con i-DE, UFD y pequeñas."
castilla_leon,Barrios de Colina,"e-distribución Redes Digitales, S.L.U.",regional_default_candidate,exclude_from_bulk_import,no,e-distribución — distribución eléctrica,https://www.edistribucion.com/es/conocenos/instalaciones-distribucion-red/distribucion-electrica.html,official_distributor_public,2026-05-06,"No incluir en bloque e-distribución; revisar aparte por solapes grandes con i-DE, UFD y pequeñas."
castilla_leon,Barromán,"e-distribución Redes Digitales, S.L.U.",regional_default_candidate,exclude_from_bulk_import,no,e-distribución — distribución eléctrica,https://www.edistribucion.com/es/conocenos/instalaciones-distribucion-red/distribucion-electrica.html,official_distributor_public,2026-05-06,"No incluir en bloque e-distribución; revisar aparte por solapes grandes con i-DE, UFD y pequeñas."
castilla_leon,Barruecopardo,"e-distribución Redes Digitales, S.L.U.",regional_default_candidate,exclude_from_bulk_import,no,e-distribución — distribución eléctrica,https://www.edistribucion.com/es/conocenos/instalaciones-distribucion-red/distribucion-electrica.html,official_distributor_public,2026-05-06,"No incluir en bloque e-distribución; revisar aparte por solapes grandes con i-DE, UFD y pequeñas."
castilla_leon,Barruelo de Santullán,"e-distribución Redes Digitales, S.L.U.",regional_default_candidate,exclude_from_bulk_import,no,e-distribución — distribución eléctrica,https://www.edistribucion.com/es/conocenos/instalaciones-distribucion-red/distribucion-electrica.html,official_distributor_public,2026-05-06,"No incluir en bloque e-distribución; revisar aparte por solapes grandes con i-DE, UFD y pequeñas."
castilla_leon,Barruelo del Valle,"e-distribución Redes Digitales, S.L.U.",regional_default_candidate,exclude_from_bulk_import,no,e-distribución — distribución eléctrica,https://www.edistribucion.com/es/conocenos/instalaciones-distribucion-red/distribucion-electrica.html,official_distributor_public,2026-05-06,"No incluir en bloque e-distribución; revisar aparte por solapes grandes con i-DE, UFD y pequeñas."
castilla_leon,Basardilla,"e-distribución Redes Digitales, S.L.U.",regional_default_candidate,exclude_from_bulk_import,no,e-distribución — distribución eléctrica,https://www.edistribucion.com/es/conocenos/instalaciones-distribucion-red/distribucion-electrica.html,official_distributor_public,2026-05-06,"No incluir en bloque e-distribución; revisar aparte por solapes grandes con i-DE, UFD y pequeñas."
castilla_leon,Basconcillos del Tozo,"e-distribución Redes Digitales, S.L.U.",regional_default_candidate,exclude_from_bulk_import,no,e-distribución — distribución eléctrica,https://www.edistribucion.com/es/conocenos/instalaciones-distribucion-red/distribucion-electrica.html,official_distributor_public,2026-05-06,"No incluir en bloque e-distribución; revisar aparte por solapes grandes con i-DE, UFD y pequeñas."
castilla_leon,Báscones de Ojeda,"e-distribución Redes Digitales, S.L.U.",regional_default_candidate,exclude_from_bulk_import,no,e-distribución — distribución eléctrica,https://www.edistribucion.com/es/conocenos/instalaciones-distribucion-red/distribucion-electrica.html,official_distributor_public,2026-05-06,"No incluir en bloque e-distribución; revisar aparte por solapes grandes con i-DE, UFD y pequeñas."
castilla_leon,Bascuñana,"e-distribución Redes Digitales, S.L.U.",regional_default_candidate,exclude_from_bulk_import,no,e-distribución — distribución eléctrica,https://www.edistribucion.com/es/conocenos/instalaciones-distribucion-red/distribucion-electrica.html,official_distributor_public,2026-05-06,"No incluir en bloque e-distribución; revisar aparte por solapes grandes con i-DE, UFD y pequeñas."
castilla_leon,Bayubas de Abajo,"e-distribución Redes Digitales, S.L.U.",regional_default_candidate,exclude_from_bulk_import,no,e-distribución — distribución eléctrica,https://www.edistribucion.com/es/conocenos/instalaciones-distribucion-red/distribucion-electrica.html,official_distributor_public,2026-05-06,"No incluir en bloque e-distribución; revisar aparte por solapes grandes con i-DE, UFD y pequeñas."
castilla_leon,Bayubas de Arriba,"e-distribución Redes Digitales, S.L.U.",regional_default_candidate,exclude_from_bulk_import,no,e-distribución — distribución eléctrica,https://www.edistribucion.com/es/conocenos/instalaciones-distribucion-red/distribucion-electrica.html,official_distributor_public,2026-05-06,"No incluir en bloque e-distribución; revisar aparte por solapes grandes con i-DE, UFD y pequeñas."
castilla_leon,Becedas,"e-distribución Redes Digitales, S.L.U.",regional_default_candidate,exclude_from_bulk_import,no,e-distribución — distribución eléctrica,https://www.edistribucion.com/es/conocenos/instalaciones-distribucion-red/distribucion-electrica.html,official_distributor_public,2026-05-06,"No incluir en bloque e-distribución; revisar aparte por solapes grandes con i-DE, UFD y pequeñas."
castilla_leon,Becedillas,"e-distribución Redes Digitales, S.L.U.",regional_default_candidate,exclude_from_bulk_import,no,e-distribución — distribución eléctrica,https://www.edistribucion.com/es/conocenos/instalaciones-distribucion-red/distribucion-electrica.html,official_distributor_public,2026-05-06,"No incluir en bloque e-distribución; revisar aparte por solapes grandes con i-DE, UFD y pequeñas."
castilla_leon,Becerril de Campos,"e-distribución Redes Digitales, S.L.U.",regional_default_candidate,exclude_from_bulk_import,no,e-distribución — distribución eléctrica,https://www.edistribucion.com/es/conocenos/instalaciones-distribucion-red/distribucion-electrica.html,official_distributor_public,2026-05-06,"No incluir en bloque e-distribución; revisar aparte por solapes grandes con i-DE, UFD y pequeñas."
castilla_leon,Becilla de Valderaduey,"e-distribución Redes Digitales, S.L.U.",regional_default_candidate,exclude_from_bulk_import,no,e-distribución — distribución eléctrica,https://www.edistribucion.com/es/conocenos/instalaciones-distribucion-red/distribucion-electrica.html,official_distributor_public,2026-05-06,"No incluir en bloque e-distribución; revisar aparte por solapes grandes con i-DE, UFD y pequeñas."
castilla_leon,Béjar,"e-distribución Redes Digitales, S.L.U.",regional_default_candidate,exclude_from_bulk_import,no,e-distribución — distribución eléctrica,https://www.edistribucion.com/es/conocenos/instalaciones-distribucion-red/distribucion-electrica.html,official_distributor_public,2026-05-06,"No incluir en bloque e-distribución; revisar aparte por solapes grandes con i-DE, UFD y pequeñas."
castilla_leon,Belbimbre,"e-distribución Redes Digitales, S.L.U.",regional_default_candidate,exclude_from_bulk_import,no,e-distribución — distribución eléctrica,https://www.edistribucion.com/es/conocenos/instalaciones-distribucion-red/distribucion-electrica.html,official_distributor_public,2026-05-06,"No incluir en bloque e-distribución; revisar aparte por solapes grandes con i-DE, UFD y pequeñas."
castilla_leon,Beleña,"e-distribución Redes Digitales, S.L.U.",regional_default_candidate,exclude_from_bulk_import,no,e-distribución — distribución eléctrica,https://www.edistribucion.com/es/conocenos/instalaciones-distribucion-red/distribucion-electrica.html,official_distributor_public,2026-05-06,"No incluir en bloque e-distribución; revisar aparte por solapes grandes con i-DE, UFD y pequeñas."
castilla_leon,Belmonte de Campos,"e-distribución Redes Digitales, S.L.U.",regional_default_candidate,exclude_from_bulk_import,no,e-distribución — distribución eléctrica,https://www.edistribucion.com/es/conocenos/instalaciones-distribucion-red/distribucion-electrica.html,official_distributor_public,2026-05-06,"No incluir en bloque e-distribución; revisar aparte por solapes grandes con i-DE, UFD y pequeñas."
castilla_leon,Belorado,"e-distribución Redes Digitales, S.L.U.",regional_default_candidate,exclude_from_bulk_import,no,e-distribución — distribución eléctrica,https://www.edistribucion.com/es/conocenos/instalaciones-distribucion-red/distribucion-electrica.html,official_distributor_public,2026-05-06,"No incluir en bloque e-distribución; revisar aparte por solapes grandes con i-DE, UFD y pequeñas."
castilla_leon,Belver de los Montes,"e-distribución Redes Digitales, S.L.U.",regional_default_candidate,exclude_from_bulk_import,no,e-distribución — distribución eléctrica,https://www.edistribucion.com/es/conocenos/instalaciones-distribucion-red/distribucion-electrica.html,official_distributor_public,2026-05-06,"No incluir en bloque e-distribución; revisar aparte por solapes grandes con i-DE, UFD y pequeñas."
castilla_leon,Bembibre,"e-distribución Redes Digitales, S.L.U.",regional_default_candidate,exclude_from_bulk_import,no,e-distribución — distribución eléctrica,https://www.edistribucion.com/es/conocenos/instalaciones-distribucion-red/distribucion-electrica.html,official_distributor_public,2026-05-06,"No incluir en bloque e-distribución; revisar aparte por solapes grandes con i-DE, UFD y pequeñas."
castilla_leon,Benafarces,"e-distribución Redes Digitales, S.L.U.",regional_default_candidate,exclude_from_bulk_import,no,e-distribución — distribución eléctrica,https://www.edistribucion.com/es/conocenos/instalaciones-distribucion-red/distribucion-electrica.html,official_distributor_public,2026-05-06,"No incluir en bloque e-distribución; revisar aparte por solapes grandes con i-DE, UFD y pequeñas."
castilla_leon,Benavente,"e-distribución Redes Digitales, S.L.U.",regional_default_candidate,exclude_from_bulk_import,no,e-distribución — distribución eléctrica,https://www.edistribucion.com/es/conocenos/instalaciones-distribucion-red/distribucion-electrica.html,official_distributor_public,2026-05-06,"No incluir en bloque e-distribución; revisar aparte por solapes grandes con i-DE, UFD y pequeñas."
castilla_leon,Benavides,"e-distribución Redes Digitales, S.L.U.",regional_default_candidate,exclude_from_bulk_import,no,e-distribución — distribución eléctrica,https://www.edistribucion.com/es/conocenos/instalaciones-distribucion-red/distribucion-electrica.html,official_distributor_public,2026-05-06,"No incluir en bloque e-distribución; revisar aparte por solapes grandes con i-DE, UFD y pequeñas."
castilla_leon,Benegiles,"e-distribución Redes Digitales, S.L.U.",regional_default_candidate,exclude_from_bulk_import,no,e-distribución — distribución eléctrica,https://www.edistribucion.com/es/conocenos/instalaciones-distribucion-red/distribucion-electrica.html,official_distributor_public,2026-05-06,"No incluir en bloque e-distribución; revisar aparte por solapes grandes con i-DE, UFD y pequeñas."
castilla_leon,Benuza,"e-distribución Redes Digitales, S.L.U.",regional_default_candidate,exclude_from_bulk_import,no,e-distribución — distribución eléctrica,https://www.edistribucion.com/es/conocenos/instalaciones-distribucion-red/distribucion-electrica.html,official_distributor_public,2026-05-06,"No incluir en bloque e-distribución; revisar aparte por solapes grandes con i-DE, UFD y pequeñas."
castilla_leon,Beratón,"e-distribución Redes Digitales, S.L.U.",regional_default_candidate,exclude_from_bulk_import,no,e-distribución — distribución eléctrica,https://www.edistribucion.com/es/conocenos/instalaciones-distribucion-red/distribucion-electrica.html,official_distributor_public,2026-05-06,"No incluir en bloque e-distribución; revisar aparte por solapes grandes con i-DE, UFD y pequeñas."
castilla_leon,Berberana,"e-distribución Redes Digitales, S.L.U.",regional_default_candidate,exclude_from_bulk_import,no,e-distribución — distribución eléctrica,https://www.edistribucion.com/es/conocenos/instalaciones-distribucion-red/distribucion-electrica.html,official_distributor_public,2026-05-06,"No incluir en bloque e-distribución; revisar aparte por solapes grandes con i-DE, UFD y pequeñas."
castilla_leon,Bercero,"e-distribución Redes Digitales, S.L.U.",regional_default_candidate,exclude_from_bulk_import,no,e-distribución — distribución eléctrica,https://www.edistribucion.com/es/conocenos/instalaciones-distribucion-red/distribucion-electrica.html,official_distributor_public,2026-05-06,"No incluir en bloque e-distribución; revisar aparte por solapes grandes con i-DE, UFD y pequeñas."
castilla_leon,Berceruelo,"e-distribución Redes Digitales, S.L.U.",regional_default_candidate,exclude_from_bulk_import,no,e-distribución — distribución eléctrica,https://www.edistribucion.com/es/conocenos/instalaciones-distribucion-red/distribucion-electrica.html,official_distributor_public,2026-05-06,"No incluir en bloque e-distribución; revisar aparte por solapes grandes con i-DE, UFD y pequeñas."
castilla_leon,Bercial,"e-distribución Redes Digitales, S.L.U.",regional_default_candidate,exclude_from_bulk_import,no,e-distribución — distribución eléctrica,https://www.edistribucion.com/es/conocenos/instalaciones-distribucion-red/distribucion-electrica.html,official_distributor_public,2026-05-06,"No incluir en bloque e-distribución; revisar aparte por solapes grandes con i-DE, UFD y pequeñas."
castilla_leon,Bercial de Zapardiel,"e-distribución Redes Digitales, S.L.U.",regional_default_candidate,exclude_from_bulk_import,no,e-distribución — distribución eléctrica,https://www.edistribucion.com/es/conocenos/instalaciones-distribucion-red/distribucion-electrica.html,official_distributor_public,2026-05-06,"No incluir en bloque e-distribución; revisar aparte por solapes grandes con i-DE, UFD y pequeñas."
castilla_leon,Bercianos del Páramo,"e-distribución Redes Digitales, S.L.U.",regional_default_candidate,exclude_from_bulk_import,no,e-distribución — distribución eléctrica,https://www.edistribucion.com/es/conocenos/instalaciones-distribucion-red/distribucion-electrica.html,official_distributor_public,2026-05-06,"No incluir en bloque e-distribución; revisar aparte por solapes grandes con i-DE, UFD y pequeñas."
castilla_leon,Bercianos del Real Camino,"e-distribución Redes Digitales, S.L.U.",regional_default_candidate,exclude_from_bulk_import,no,e-distribución — distribución eléctrica,https://www.edistribucion.com/es/conocenos/instalaciones-distribucion-red/distribucion-electrica.html,official_distributor_public,2026-05-06,"No incluir en bloque e-distribución; revisar aparte por solapes grandes con i-DE, UFD y pequeñas."
castilla_leon,Bercimuel,"e-distribución Redes Digitales, S.L.U.",regional_default_candidate,exclude_from_bulk_import,no,e-distribución — distribución eléctrica,https://www.edistribucion.com/es/conocenos/instalaciones-distribucion-red/distribucion-electrica.html,official_distributor_public,2026-05-06,"No incluir en bloque e-distribución; revisar aparte por solapes grandes con i-DE, UFD y pequeñas."
castilla_leon,Berlanga de Duero,"e-distribución Redes Digitales, S.L.U.",regional_default_candidate,exclude_from_bulk_import,no,e-distribución — distribución eléctrica,https://www.edistribucion.com/es/conocenos/instalaciones-distribucion-red/distribucion-electrica.html,official_distributor_public,2026-05-06,"No incluir en bloque e-distribución; revisar aparte por solapes grandes con i-DE, UFD y pequeñas."
castilla_leon,Berlanga del Bierzo,"e-distribución Redes Digitales, S.L.U.",regional_default_candidate,exclude_from_bulk_import,no,e-distribución — distribución eléctrica,https://www.edistribucion.com/es/conocenos/instalaciones-distribucion-red/distribucion-electrica.html,official_distributor_public,2026-05-06,"No incluir en bloque e-distribución; revisar aparte por solapes grandes con i-DE, UFD y pequeñas."
castilla_leon,Berlangas de Roa,"e-distribución Redes Digitales, S.L.U.",regional_default_candidate,exclude_from_bulk_import,no,e-distribución — distribución eléctrica,https://www.edistribucion.com/es/conocenos/instalaciones-distribucion-red/distribucion-electrica.html,official_distributor_public,2026-05-06,"No incluir en bloque e-distribución; revisar aparte por solapes grandes con i-DE, UFD y pequeñas."
castilla_leon,Bermellar,"e-distribución Redes Digitales, S.L.U.",regional_default_candidate,exclude_from_bulk_import,no,e-distribución — distribución eléctrica,https://www.edistribucion.com/es/conocenos/instalaciones-distribucion-red/distribucion-electrica.html,official_distributor_public,2026-05-06,"No incluir en bloque e-distribución; revisar aparte por solapes grandes con i-DE, UFD y pequeñas."
castilla_leon,Bermillo de Sayago,"e-distribución Redes Digitales, S.L.U.",regional_default_candidate,exclude_from_bulk_import,no,e-distribución — distribución eléctrica,https://www.edistribucion.com/es/conocenos/instalaciones-distribucion-red/distribucion-electrica.html,official_distributor_public,2026-05-06,"No incluir en bloque e-distribución; revisar aparte por solapes grandes con i-DE, UFD y pequeñas."
castilla_leon,Bernardos,"e-distribución Redes Digitales, S.L.U.",regional_default_candidate,exclude_from_bulk_import,no,e-distribución — distribución eléctrica,https://www.edistribucion.com/es/conocenos/instalaciones-distribucion-red/distribucion-electrica.html,official_distributor_public,2026-05-06,"No incluir en bloque e-distribución; revisar aparte por solapes grandes con i-DE, UFD y pequeñas."
castilla_leon,Bernuy de Porreros,"e-distribución Redes Digitales, S.L.U.",regional_default_candidate,exclude_from_bulk_import,no,e-distribución — distribución eléctrica,https://www.edistribucion.com/es/conocenos/instalaciones-distribucion-red/distribucion-electrica.html,official_distributor_public,2026-05-06,"No incluir en bloque e-distribución; revisar aparte por solapes grandes con i-DE, UFD y pequeñas."
castilla_leon,Bernuy-Zapardiel,"e-distribución Redes Digitales, S.L.U.",regional_default_candidate,exclude_from_bulk_import,no,e-distribución — distribución eléctrica,https://www.edistribucion.com/es/conocenos/instalaciones-distribucion-red/distribucion-electrica.html,official_distributor_public,2026-05-06,"No incluir en bloque e-distribución; revisar aparte por solapes grandes con i-DE, UFD y pequeñas."
castilla_leon,Berrocal de Huebra,"e-distribución Redes Digitales, S.L.U.",regional_default_candidate,exclude_from_bulk_import,no,e-distribución — distribución eléctrica,https://www.edistribucion.com/es/conocenos/instalaciones-distribucion-red/distribucion-electrica.html,official_distributor_public,2026-05-06,"No incluir en bloque e-distribución; revisar aparte por solapes grandes con i-DE, UFD y pequeñas."
castilla_leon,Berrocal de Salvatierra,"e-distribución Redes Digitales, S.L.U.",regional_default_candidate,exclude_from_bulk_import,no,e-distribución — distribución eléctrica,https://www.edistribucion.com/es/conocenos/instalaciones-distribucion-red/distribucion-electrica.html,official_distributor_public,2026-05-06,"No incluir en bloque e-distribución; revisar aparte por solapes grandes con i-DE, UFD y pequeñas."
castilla_leon,Berrocalejo de Aragona,"e-distribución Redes Digitales, S.L.U.",regional_default_candidate,exclude_from_bulk_import,no,e-distribución — distribución eléctrica,https://www.edistribucion.com/es/conocenos/instalaciones-distribucion-red/distribucion-electrica.html,official_distributor_public,2026-05-06,"No incluir en bloque e-distribución; revisar aparte por solapes grandes con i-DE, UFD y pequeñas."
castilla_leon,Berrueces,"e-distribución Redes Digitales, S.L.U.",regional_default_candidate,exclude_from_bulk_import,no,e-distribución — distribución eléctrica,https://www.edistribucion.com/es/conocenos/instalaciones-distribucion-red/distribucion-electrica.html,official_distributor_public,2026-05-06,"No incluir en bloque e-distribución; revisar aparte por solapes grandes con i-DE, UFD y pequeñas."
castilla_leon,Berzosa de Bureba,"e-distribución Redes Digitales, S.L.U.",regional_default_candidate,exclude_from_bulk_import,no,e-distribución — distribución eléctrica,https://www.edistribucion.com/es/conocenos/instalaciones-distribucion-red/distribucion-electrica.html,official_distributor_public,2026-05-06,"No incluir en bloque e-distribución; revisar aparte por solapes grandes con i-DE, UFD y pequeñas."
castilla_leon,Berzosilla,"e-distribución Redes Digitales, S.L.U.",regional_default_candidate,exclude_from_bulk_import,no,e-distribución — distribución eléctrica,https://www.edistribucion.com/es/conocenos/instalaciones-distribucion-red/distribucion-electrica.html,official_distributor_public,2026-05-06,"No incluir en bloque e-distribución; revisar aparte por solapes grandes con i-DE, UFD y pequeñas."
castilla_leon,Blacos,"e-distribución Redes Digitales, S.L.U.",regional_default_candidate,exclude_from_bulk_import,no,e-distribución — distribución eléctrica,https://www.edistribucion.com/es/conocenos/instalaciones-distribucion-red/distribucion-electrica.html,official_distributor_public,2026-05-06,"No incluir en bloque e-distribución; revisar aparte por solapes grandes con i-DE, UFD y pequeñas."
castilla_leon,Blascomillán,"e-distribución Redes Digitales, S.L.U.",regional_default_candidate,exclude_from_bulk_import,no,e-distribución — distribución eléctrica,https://www.edistribucion.com/es/conocenos/instalaciones-distribucion-red/distribucion-electrica.html,official_distributor_public,2026-05-06,"No incluir en bloque e-distribución; revisar aparte por solapes grandes con i-DE, UFD y pequeñas."
castilla_leon,Blasconuño de Matacabras,"e-distribución Redes Digitales, S.L.U.",regional_default_candidate,exclude_from_bulk_import,no,e-distribución — distribución eléctrica,https://www.edistribucion.com/es/conocenos/instalaciones-distribucion-red/distribucion-electrica.html,official_distributor_public,2026-05-06,"No incluir en bloque e-distribución; revisar aparte por solapes grandes con i-DE, UFD y pequeñas."
castilla_leon,Blascosancho,"e-distribución Redes Digitales, S.L.U.",regional_default_candidate,exclude_from_bulk_import,no,e-distribución — distribución eléctrica,https://www.edistribucion.com/es/conocenos/instalaciones-distribucion-red/distribucion-electrica.html,official_distributor_public,2026-05-06,"No incluir en bloque e-distribución; revisar aparte por solapes grandes con i-DE, UFD y pequeñas."
castilla_leon,Bliecos,"e-distribución Redes Digitales, S.L.U.",regional_default_candidate,exclude_from_bulk_import,no,e-distribución — distribución eléctrica,https://www.edistribucion.com/es/conocenos/instalaciones-distribucion-red/distribucion-electrica.html,official_distributor_public,2026-05-06,"No incluir en bloque e-distribución; revisar aparte por solapes grandes con i-DE, UFD y pequeñas."
castilla_leon,Boada,"e-distribución Redes Digitales, S.L.U.",regional_default_candidate,exclude_from_bulk_import,no,e-distribución — distribución eléctrica,https://www.edistribucion.com/es/conocenos/instalaciones-distribucion-red/distribucion-electrica.html,official_distributor_public,2026-05-06,"No incluir en bloque e-distribución; revisar aparte por solapes grandes con i-DE, UFD y pequeñas."
castilla_leon,Boada de Campos,"e-distribución Redes Digitales, S.L.U.",regional_default_candidate,exclude_from_bulk_import,no,e-distribución — distribución eléctrica,https://www.edistribucion.com/es/conocenos/instalaciones-distribucion-red/distribucion-electrica.html,official_distributor_public,2026-05-06,"No incluir en bloque e-distribución; revisar aparte por solapes grandes con i-DE, UFD y pequeñas."
castilla_leon,Boadilla de Rioseco,"e-distribución Redes Digitales, S.L.U.",regional_default_candidate,exclude_from_bulk_import,no,e-distribución — distribución eléctrica,https://www.edistribucion.com/es/conocenos/instalaciones-distribucion-red/distribucion-electrica.html,official_distributor_public,2026-05-06,"No incluir en bloque e-distribución; revisar aparte por solapes grandes con i-DE, UFD y pequeñas."
castilla_leon,Boadilla del Camino,"e-distribución Redes Digitales, S.L.U.",regional_default_candidate,exclude_from_bulk_import,no,e-distribución — distribución eléctrica,https://www.edistribucion.com/es/conocenos/instalaciones-distribucion-red/distribucion-electrica.html,official_distributor_public,2026-05-06,"No incluir en bloque e-distribución; revisar aparte por solapes grandes con i-DE, UFD y pequeñas."
castilla_leon,Bobadilla del Campo,"e-distribución Redes Digitales, S.L.U.",regional_default_candidate,exclude_from_bulk_import,no,e-distribución — distribución eléctrica,https://www.edistribucion.com/es/conocenos/instalaciones-distribucion-red/distribucion-electrica.html,official_distributor_public,2026-05-06,"No incluir en bloque e-distribución; revisar aparte por solapes grandes con i-DE, UFD y pequeñas."
castilla_leon,Boca de Huérgano,"e-distribución Redes Digitales, S.L.U.",regional_default_candidate,exclude_from_bulk_import,no,e-distribución — distribución eléctrica,https://www.edistribucion.com/es/conocenos/instalaciones-distribucion-red/distribucion-electrica.html,official_distributor_public,2026-05-06,"No incluir en bloque e-distribución; revisar aparte por solapes grandes con i-DE, UFD y pequeñas."
castilla_leon,Boceguillas,"e-distribución Redes Digitales, S.L.U.",regional_default_candidate,exclude_from_bulk_import,no,e-distribución — distribución eléctrica,https://www.edistribucion.com/es/conocenos/instalaciones-distribucion-red/distribucion-electrica.html,official_distributor_public,2026-05-06,"No incluir en bloque e-distribución; revisar aparte por solapes grandes con i-DE, UFD y pequeñas."
castilla_leon,Bocigas,"e-distribución Redes Digitales, S.L.U.",regional_default_candidate,exclude_from_bulk_import,no,e-distribución — distribución eléctrica,https://www.edistribucion.com/es/conocenos/instalaciones-distribucion-red/distribucion-electrica.html,official_distributor_public,2026-05-06,"No incluir en bloque e-distribución; revisar aparte por solapes grandes con i-DE, UFD y pequeñas."
castilla_leon,Bocos de Duero,"e-distribución Redes Digitales, S.L.U.",regional_default_candidate,exclude_from_bulk_import,no,e-distribución — distribución eléctrica,https://www.edistribucion.com/es/conocenos/instalaciones-distribucion-red/distribucion-electrica.html,official_distributor_public,2026-05-06,"No incluir en bloque e-distribución; revisar aparte por solapes grandes con i-DE, UFD y pequeñas."
castilla_leon,Boecillo,"e-distribución Redes Digitales, S.L.U.",regional_default_candidate,exclude_from_bulk_import,no,e-distribución — distribución eléctrica,https://www.edistribucion.com/es/conocenos/instalaciones-distribucion-red/distribucion-electrica.html,official_distributor_public,2026-05-06,"No incluir en bloque e-distribución; revisar aparte por solapes grandes con i-DE, UFD y pequeñas."
castilla_leon,Bogajo,"e-distribución Redes Digitales, S.L.U.",regional_default_candidate,exclude_from_bulk_import,no,e-distribución — distribución eléctrica,https://www.edistribucion.com/es/conocenos/instalaciones-distribucion-red/distribucion-electrica.html,official_distributor_public,2026-05-06,"No incluir en bloque e-distribución; revisar aparte por solapes grandes con i-DE, UFD y pequeñas."
castilla_leon,Bohoyo,"e-distribución Redes Digitales, S.L.U.",regional_default_candidate,exclude_from_bulk_import,no,e-distribución — distribución eléctrica,https://www.edistribucion.com/es/conocenos/instalaciones-distribucion-red/distribucion-electrica.html,official_distributor_public,2026-05-06,"No incluir en bloque e-distribución; revisar aparte por solapes grandes con i-DE, UFD y pequeñas."
castilla_leon,Bolaños de Campos,"e-distribución Redes Digitales, S.L.U.",regional_default_candidate,exclude_from_bulk_import,no,e-distribución — distribución eléctrica,https://www.edistribucion.com/es/conocenos/instalaciones-distribucion-red/distribucion-electrica.html,official_distributor_public,2026-05-06,"No incluir en bloque e-distribución; revisar aparte por solapes grandes con i-DE, UFD y pequeñas."
castilla_leon,Boñar,"e-distribución Redes Digitales, S.L.U.",regional_default_candidate,exclude_from_bulk_import,no,e-distribución — distribución eléctrica,https://www.edistribucion.com/es/conocenos/instalaciones-distribucion-red/distribucion-electrica.html,official_distributor_public,2026-05-06,"No incluir en bloque e-distribución; revisar aparte por solapes grandes con i-DE, UFD y pequeñas."
castilla_leon,Bonilla de la Sierra,"e-distribución Redes Digitales, S.L.U.",regional_default_candidate,exclude_from_bulk_import,no,e-distribución — distribución eléctrica,https://www.edistribucion.com/es/conocenos/instalaciones-distribucion-red/distribucion-electrica.html,official_distributor_public,2026-05-06,"No incluir en bloque e-distribución; revisar aparte por solapes grandes con i-DE, UFD y pequeñas."
castilla_leon,Borjabad,"e-distribución Redes Digitales, S.L.U.",regional_default_candidate,exclude_from_bulk_import,no,e-distribución — distribución eléctrica,https://www.edistribucion.com/es/conocenos/instalaciones-distribucion-red/distribucion-electrica.html,official_distributor_public,2026-05-06,"No incluir en bloque e-distribución; revisar aparte por solapes grandes con i-DE, UFD y pequeñas."
castilla_leon,Borobia,"e-distribución Redes Digitales, S.L.U.",regional_default_candidate,exclude_from_bulk_import,no,e-distribución — distribución eléctrica,https://www.edistribucion.com/es/conocenos/instalaciones-distribucion-red/distribucion-electrica.html,official_distributor_public,2026-05-06,"No incluir en bloque e-distribución; revisar aparte por solapes grandes con i-DE, UFD y pequeñas."
castilla_leon,Borrenes,"e-distribución Redes Digitales, S.L.U.",regional_default_candidate,exclude_from_bulk_import,no,e-distribución — distribución eléctrica,https://www.edistribucion.com/es/conocenos/instalaciones-distribucion-red/distribucion-electrica.html,official_distributor_public,2026-05-06,"No incluir en bloque e-distribución; revisar aparte por solapes grandes con i-DE, UFD y pequeñas."
castilla_leon,Bóveda del Río Almar,"e-distribución Redes Digitales, S.L.U.",regional_default_candidate,exclude_from_bulk_import,no,e-distribución — distribución eléctrica,https://www.edistribucion.com/es/conocenos/instalaciones-distribucion-red/distribucion-electrica.html,official_distributor_public,2026-05-06,"No incluir en bloque e-distribución; revisar aparte por solapes grandes con i-DE, UFD y pequeñas."
castilla_leon,Bozoó,"e-distribución Redes Digitales, S.L.U.",regional_default_candidate,exclude_from_bulk_import,no,e-distribución — distribución eléctrica,https://www.edistribucion.com/es/conocenos/instalaciones-distribucion-red/distribucion-electrica.html,official_distributor_public,2026-05-06,"No incluir en bloque e-distribución; revisar aparte por solapes grandes con i-DE, UFD y pequeñas."
castilla_leon,Brabos,"e-distribución Redes Digitales, S.L.U.",regional_default_candidate,exclude_from_bulk_import,no,e-distribución — distribución eléctrica,https://www.edistribucion.com/es/conocenos/instalaciones-distribucion-red/distribucion-electrica.html,official_distributor_public,2026-05-06,"No incluir en bloque e-distribución; revisar aparte por solapes grandes con i-DE, UFD y pequeñas."
castilla_leon,Brahojos de Medina,"e-distribución Redes Digitales, S.L.U.",regional_default_candidate,exclude_from_bulk_import,no,e-distribución — distribución eléctrica,https://www.edistribucion.com/es/conocenos/instalaciones-distribucion-red/distribucion-electrica.html,official_distributor_public,2026-05-06,"No incluir en bloque e-distribución; revisar aparte por solapes grandes con i-DE, UFD y pequeñas."
castilla_leon,Brañosera,"e-distribución Redes Digitales, S.L.U.",regional_default_candidate,exclude_from_bulk_import,no,e-distribución — distribución eléctrica,https://www.edistribucion.com/es/conocenos/instalaciones-distribucion-red/distribucion-electrica.html,official_distributor_public,2026-05-06,"No incluir en bloque e-distribución; revisar aparte por solapes grandes con i-DE, UFD y pequeñas."
castilla_leon,Brazacorta,"e-distribución Redes Digitales, S.L.U.",regional_default_candidate,exclude_from_bulk_import,no,e-distribución — distribución eléctrica,https://www.edistribucion.com/es/conocenos/instalaciones-distribucion-red/distribucion-electrica.html,official_distributor_public,2026-05-06,"No incluir en bloque e-distribución; revisar aparte por solapes grandes con i-DE, UFD y pequeñas."
castilla_leon,Brazuelo,"e-distribución Redes Digitales, S.L.U.",regional_default_candidate,exclude_from_bulk_import,no,e-distribución — distribución eléctrica,https://www.edistribucion.com/es/conocenos/instalaciones-distribucion-red/distribucion-electrica.html,official_distributor_public,2026-05-06,"No incluir en bloque e-distribución; revisar aparte por solapes grandes con i-DE, UFD y pequeñas."
castilla_leon,Bretó,"e-distribución Redes Digitales, S.L.U.",regional_default_candidate,exclude_from_bulk_import,no,e-distribución — distribución eléctrica,https://www.edistribucion.com/es/conocenos/instalaciones-distribucion-red/distribucion-electrica.html,official_distributor_public,2026-05-06,"No incluir en bloque e-distribución; revisar aparte por solapes grandes con i-DE, UFD y pequeñas."
castilla_leon,Bretocino,"e-distribución Redes Digitales, S.L.U.",regional_default_candidate,exclude_from_bulk_import,no,e-distribución — distribución eléctrica,https://www.edistribucion.com/es/conocenos/instalaciones-distribucion-red/distribucion-electrica.html,official_distributor_public,2026-05-06,"No incluir en bloque e-distribución; revisar aparte por solapes grandes con i-DE, UFD y pequeñas."
castilla_leon,Brieva,"e-distribución Redes Digitales, S.L.U.",regional_default_candidate,exclude_from_bulk_import,no,e-distribución — distribución eléctrica,https://www.edistribucion.com/es/conocenos/instalaciones-distribucion-red/distribucion-electrica.html,official_distributor_public,2026-05-06,"No incluir en bloque e-distribución; revisar aparte por solapes grandes con i-DE, UFD y pequeñas."
castilla_leon,Brime de Sog,"e-distribución Redes Digitales, S.L.U.",regional_default_candidate,exclude_from_bulk_import,no,e-distribución — distribución eléctrica,https://www.edistribucion.com/es/conocenos/instalaciones-distribucion-red/distribucion-electrica.html,official_distributor_public,2026-05-06,"No incluir en bloque e-distribución; revisar aparte por solapes grandes con i-DE, UFD y pequeñas."
castilla_leon,Brime de Urz,"e-distribución Redes Digitales, S.L.U.",regional_default_candidate,exclude_from_bulk_import,no,e-distribución — distribución eléctrica,https://www.edistribucion.com/es/conocenos/instalaciones-distribucion-red/distribucion-electrica.html,official_distributor_public,2026-05-06,"No incluir en bloque e-distribución; revisar aparte por solapes grandes con i-DE, UFD y pequeñas."
castilla_leon,Brincones,"e-distribución Redes Digitales, S.L.U.",regional_default_candidate,exclude_from_bulk_import,no,e-distribución — distribución eléctrica,https://www.edistribucion.com/es/conocenos/instalaciones-distribucion-red/distribucion-electrica.html,official_distributor_public,2026-05-06,"No incluir en bloque e-distribución; revisar aparte por solapes grandes con i-DE, UFD y pequeñas."
castilla_leon,Briviesca,"e-distribución Redes Digitales, S.L.U.",regional_default_candidate,exclude_from_bulk_import,no,e-distribución — distribución eléctrica,https://www.edistribucion.com/es/conocenos/instalaciones-distribucion-red/distribucion-electrica.html,official_distributor_public,2026-05-06,"No incluir en bloque e-distribución; revisar aparte por solapes grandes con i-DE, UFD y pequeñas."
castilla_leon,Buberos,"e-distribución Redes Digitales, S.L.U.",regional_default_candidate,exclude_from_bulk_import,no,e-distribución — distribución eléctrica,https://www.edistribucion.com/es/conocenos/instalaciones-distribucion-red/distribucion-electrica.html,official_distributor_public,2026-05-06,"No incluir en bloque e-distribución; revisar aparte por solapes grandes con i-DE, UFD y pequeñas."
castilla_leon,Buenamadre,"e-distribución Redes Digitales, S.L.U.",regional_default_candidate,exclude_from_bulk_import,no,e-distribución — distribución eléctrica,https://www.edistribucion.com/es/conocenos/instalaciones-distribucion-red/distribucion-electrica.html,official_distributor_public,2026-05-06,"No incluir en bloque e-distribución; revisar aparte por solapes grandes con i-DE, UFD y pequeñas."
castilla_leon,Buenavista,"e-distribución Redes Digitales, S.L.U.",regional_default_candidate,exclude_from_bulk_import,no,e-distribución — distribución eléctrica,https://www.edistribucion.com/es/conocenos/instalaciones-distribucion-red/distribucion-electrica.html,official_distributor_public,2026-05-06,"No incluir en bloque e-distribución; revisar aparte por solapes grandes con i-DE, UFD y pequeñas."
castilla_leon,Buenavista de Valdavia,"e-distribución Redes Digitales, S.L.U.",regional_default_candidate,exclude_from_bulk_import,no,e-distribución — distribución eléctrica,https://www.edistribucion.com/es/conocenos/instalaciones-distribucion-red/distribucion-electrica.html,official_distributor_public,2026-05-06,"No incluir en bloque e-distribución; revisar aparte por solapes grandes con i-DE, UFD y pequeñas."
castilla_leon,Bugedo,"e-distribución Redes Digitales, S.L.U.",regional_default_candidate,exclude_from_bulk_import,no,e-distribución — distribución eléctrica,https://www.edistribucion.com/es/conocenos/instalaciones-distribucion-red/distribucion-electrica.html,official_distributor_public,2026-05-06,"No incluir en bloque e-distribución; revisar aparte por solapes grandes con i-DE, UFD y pequeñas."
castilla_leon,Buitrago,"e-distribución Redes Digitales, S.L.U.",regional_default_candidate,exclude_from_bulk_import,no,e-distribución — distribución eléctrica,https://www.edistribucion.com/es/conocenos/instalaciones-distribucion-red/distribucion-electrica.html,official_distributor_public,2026-05-06,"No incluir en bloque e-distribución; revisar aparte por solapes grandes con i-DE, UFD y pequeñas."
castilla_leon,Bularros,"e-distribución Redes Digitales, S.L.U.",regional_default_candidate,exclude_from_bulk_import,no,e-distribución — distribución eléctrica,https://www.edistribucion.com/es/conocenos/instalaciones-distribucion-red/distribucion-electrica.html,official_distributor_public,2026-05-06,"No incluir en bloque e-distribución; revisar aparte por solapes grandes con i-DE, UFD y pequeñas."
castilla_leon,Buniel,"e-distribución Redes Digitales, S.L.U.",regional_default_candidate,exclude_from_bulk_import,no,e-distribución — distribución eléctrica,https://www.edistribucion.com/es/conocenos/instalaciones-distribucion-red/distribucion-electrica.html,official_distributor_public,2026-05-06,"No incluir en bloque e-distribución; revisar aparte por solapes grandes con i-DE, UFD y pequeñas."
castilla_leon,Burganes de Valverde,"e-distribución Redes Digitales, S.L.U.",regional_default_candidate,exclude_from_bulk_import,no,e-distribución — distribución eléctrica,https://www.edistribucion.com/es/conocenos/instalaciones-distribucion-red/distribucion-electrica.html,official_distributor_public,2026-05-06,"No incluir en bloque e-distribución; revisar aparte por solapes grandes con i-DE, UFD y pequeñas."
castilla_leon,Burgo de Osma-Ciudad de Osma,"e-distribución Redes Digitales, S.L.U.",regional_default_candidate,exclude_from_bulk_import,no,e-distribución — distribución eléctrica,https://www.edistribucion.com/es/conocenos/instalaciones-distribucion-red/distribucion-electrica.html,official_distributor_public,2026-05-06,"No incluir en bloque e-distribución; revisar aparte por solapes grandes con i-DE, UFD y pequeñas."
castilla_leon,Burgohondo,"e-distribución Redes Digitales, S.L.U.",regional_default_candidate,exclude_from_bulk_import,no,e-distribución — distribución eléctrica,https://www.edistribucion.com/es/conocenos/instalaciones-distribucion-red/distribucion-electrica.html,official_distributor_public,2026-05-06,"No incluir en bloque e-distribución; revisar aparte por solapes grandes con i-DE, UFD y pequeñas."
castilla_leon,Burgos,"e-distribución Redes Digitales, S.L.U.",regional_default_candidate,exclude_from_bulk_import,no,e-distribución — distribución eléctrica,https://www.edistribucion.com/es/conocenos/instalaciones-distribucion-red/distribucion-electrica.html,official_distributor_public,2026-05-06,"No incluir en bloque e-distribución; revisar aparte por solapes grandes con i-DE, UFD y pequeñas."
castilla_leon,Burón,"e-distribución Redes Digitales, S.L.U.",regional_default_candidate,exclude_from_bulk_import,no,e-distribución — distribución eléctrica,https://www.edistribucion.com/es/conocenos/instalaciones-distribucion-red/distribucion-electrica.html,official_distributor_public,2026-05-06,"No incluir en bloque e-distribución; revisar aparte por solapes grandes con i-DE, UFD y pequeñas."
castilla_leon,Bustillo de Chaves,"e-distribución Redes Digitales, S.L.U.",regional_default_candidate,exclude_from_bulk_import,no,e-distribución — distribución eléctrica,https://www.edistribucion.com/es/conocenos/instalaciones-distribucion-red/distribucion-electrica.html,official_distributor_public,2026-05-06,"No incluir en bloque e-distribución; revisar aparte por solapes grandes con i-DE, UFD y pequeñas."
castilla_leon,Bustillo de la Vega,"e-distribución Redes Digitales, S.L.U.",regional_default_candidate,exclude_from_bulk_import,no,e-distribución — distribución eléctrica,https://www.edistribucion.com/es/conocenos/instalaciones-distribucion-red/distribucion-electrica.html,official_distributor_public,2026-05-06,"No incluir en bloque e-distribución; revisar aparte por solapes grandes con i-DE, UFD y pequeñas."
castilla_leon,Bustillo del Oro,"e-distribución Redes Digitales, S.L.U.",regional_default_candidate,exclude_from_bulk_import,no,e-distribución — distribución eléctrica,https://www.edistribucion.com/es/conocenos/instalaciones-distribucion-red/distribucion-electrica.html,official_distributor_public,2026-05-06,"No incluir en bloque e-distribución; revisar aparte por solapes grandes con i-DE, UFD y pequeñas."
castilla_leon,Bustillo del Páramo,"e-distribución Redes Digitales, S.L.U.",regional_default_candidate,exclude_from_bulk_import,no,e-distribución — distribución eléctrica,https://www.edistribucion.com/es/conocenos/instalaciones-distribucion-red/distribucion-electrica.html,official_distributor_public,2026-05-06,"No incluir en bloque e-distribución; revisar aparte por solapes grandes con i-DE, UFD y pequeñas."
castilla_leon,Bustillo del Páramo de Carrión,"e-distribución Redes Digitales, S.L.U.",regional_default_candidate,exclude_from_bulk_import,no,e-distribución — distribución eléctrica,https://www.edistribucion.com/es/conocenos/instalaciones-distribucion-red/distribucion-electrica.html,official_distributor_public,2026-05-06,"No incluir en bloque e-distribución; revisar aparte por solapes grandes con i-DE, UFD y pequeñas."
castilla_leon,Busto de Bureba,"e-distribución Redes Digitales, S.L.U.",regional_default_candidate,exclude_from_bulk_import,no,e-distribución — distribución eléctrica,https://www.edistribucion.com/es/conocenos/instalaciones-distribucion-red/distribucion-electrica.html,official_distributor_public,2026-05-06,"No incluir en bloque e-distribución; revisar aparte por solapes grandes con i-DE, UFD y pequeñas."
castilla_leon,Caballar,"e-distribución Redes Digitales, S.L.U.",regional_default_candidate,exclude_from_bulk_import,no,e-distribución — distribución eléctrica,https://www.edistribucion.com/es/conocenos/instalaciones-distribucion-red/distribucion-electrica.html,official_distributor_public,2026-05-06,"No incluir en bloque e-distribución; revisar aparte por solapes grandes con i-DE, UFD y pequeñas."
castilla_leon,Cabañas de Polendos,"e-distribución Redes Digitales, S.L.U.",regional_default_candidate,exclude_from_bulk_import,no,e-distribución — distribución eléctrica,https://www.edistribucion.com/es/conocenos/instalaciones-distribucion-red/distribucion-electrica.html,official_distributor_public,2026-05-06,"No incluir en bloque e-distribución; revisar aparte por solapes grandes con i-DE, UFD y pequeñas."
castilla_leon,Cabañas de Sayago,"e-distribución Redes Digitales, S.L.U.",regional_default_candidate,exclude_from_bulk_import,no,e-distribución — distribución eléctrica,https://www.edistribucion.com/es/conocenos/instalaciones-distribucion-red/distribucion-electrica.html,official_distributor_public,2026-05-06,"No incluir en bloque e-distribución; revisar aparte por solapes grandes con i-DE, UFD y pequeñas."
castilla_leon,Cabañas Raras,"e-distribución Redes Digitales, S.L.U.",regional_default_candidate,exclude_from_bulk_import,no,e-distribución — distribución eléctrica,https://www.edistribucion.com/es/conocenos/instalaciones-distribucion-red/distribucion-electrica.html,official_distributor_public,2026-05-06,"No incluir en bloque e-distribución; revisar aparte por solapes grandes con i-DE, UFD y pequeñas."
castilla_leon,Cabañes de Esgueva,"e-distribución Redes Digitales, S.L.U.",regional_default_candidate,exclude_from_bulk_import,no,e-distribución — distribución eléctrica,https://www.edistribucion.com/es/conocenos/instalaciones-distribucion-red/distribucion-electrica.html,official_distributor_public,2026-05-06,"No incluir en bloque e-distribución; revisar aparte por solapes grandes con i-DE, UFD y pequeñas."
castilla_leon,Cabeza Alta,"e-distribución Redes Digitales, S.L.U.",regional_default_candidate,exclude_from_bulk_import,no,e-distribución — distribución eléctrica,https://www.edistribucion.com/es/conocenos/instalaciones-distribucion-red/distribucion-electrica.html,official_distributor_public,2026-05-06,"No incluir en bloque e-distribución; revisar aparte por solapes grandes con i-DE, UFD y pequeñas."
castilla_leon,Cabeza del Caballo,"e-distribución Redes Digitales, S.L.U.",regional_default_candidate,exclude_from_bulk_import,no,e-distribución — distribución eléctrica,https://www.edistribucion.com/es/conocenos/instalaciones-distribucion-red/distribucion-electrica.html,official_distributor_public,2026-05-06,"No incluir en bloque e-distribución; revisar aparte por solapes grandes con i-DE, UFD y pequeñas."
castilla_leon,Cabezabellosa de la Calzada,"e-distribución Redes Digitales, S.L.U.",regional_default_candidate,exclude_from_bulk_import,no,e-distribución — distribución eléctrica,https://www.edistribucion.com/es/conocenos/instalaciones-distribucion-red/distribucion-electrica.html,official_distributor_public,2026-05-06,"No incluir en bloque e-distribución; revisar aparte por solapes grandes con i-DE, UFD y pequeñas."
castilla_leon,Cabezas de Alambre,"e-distribución Redes Digitales, S.L.U.",regional_default_candidate,exclude_from_bulk_import,no,e-distribución — distribución eléctrica,https://www.edistribucion.com/es/conocenos/instalaciones-distribucion-red/distribucion-electrica.html,official_distributor_public,2026-05-06,"No incluir en bloque e-distribución; revisar aparte por solapes grandes con i-DE, UFD y pequeñas."
castilla_leon,Cabezas del Pozo,"e-distribución Redes Digitales, S.L.U.",regional_default_candidate,exclude_from_bulk_import,no,e-distribución — distribución eléctrica,https://www.edistribucion.com/es/conocenos/instalaciones-distribucion-red/distribucion-electrica.html,official_distributor_public,2026-05-06,"No incluir en bloque e-distribución; revisar aparte por solapes grandes con i-DE, UFD y pequeñas."
castilla_leon,Cabezas del Villar,"e-distribución Redes Digitales, S.L.U.",regional_default_candidate,exclude_from_bulk_import,no,e-distribución — distribución eléctrica,https://www.edistribucion.com/es/conocenos/instalaciones-distribucion-red/distribucion-electrica.html,official_distributor_public,2026-05-06,"No incluir en bloque e-distribución; revisar aparte por solapes grandes con i-DE, UFD y pequeñas."
castilla_leon,Cabezón de la Sierra,"e-distribución Redes Digitales, S.L.U.",regional_default_candidate,exclude_from_bulk_import,no,e-distribución — distribución eléctrica,https://www.edistribucion.com/es/conocenos/instalaciones-distribucion-red/distribucion-electrica.html,official_distributor_public,2026-05-06,"No incluir en bloque e-distribución; revisar aparte por solapes grandes con i-DE, UFD y pequeñas."
castilla_leon,Cabezón de Pisuerga,"e-distribución Redes Digitales, S.L.U.",regional_default_candidate,exclude_from_bulk_import,no,e-distribución — distribución eléctrica,https://www.edistribucion.com/es/conocenos/instalaciones-distribucion-red/distribucion-electrica.html,official_distributor_public,2026-05-06,"No incluir en bloque e-distribución; revisar aparte por solapes grandes con i-DE, UFD y pequeñas."
castilla_leon,Cabezón de Valderaduey,"e-distribución Redes Digitales, S.L.U.",regional_default_candidate,exclude_from_bulk_import,no,e-distribución — distribución eléctrica,https://www.edistribucion.com/es/conocenos/instalaciones-distribucion-red/distribucion-electrica.html,official_distributor_public,2026-05-06,"No incluir en bloque e-distribución; revisar aparte por solapes grandes con i-DE, UFD y pequeñas."
castilla_leon,Cabezuela,"e-distribución Redes Digitales, S.L.U.",regional_default_candidate,exclude_from_bulk_import,no,e-distribución — distribución eléctrica,https://www.edistribucion.com/es/conocenos/instalaciones-distribucion-red/distribucion-electrica.html,official_distributor_public,2026-05-06,"No incluir en bloque e-distribución; revisar aparte por solapes grandes con i-DE, UFD y pequeñas."
castilla_leon,Cabizuela,"e-distribución Redes Digitales, S.L.U.",regional_default_candidate,exclude_from_bulk_import,no,e-distribución — distribución eléctrica,https://www.edistribucion.com/es/conocenos/instalaciones-distribucion-red/distribucion-electrica.html,official_distributor_public,2026-05-06,"No incluir en bloque e-distribución; revisar aparte por solapes grandes con i-DE, UFD y pequeñas."
castilla_leon,Cabrejas del Campo,"e-distribución Redes Digitales, S.L.U.",regional_default_candidate,exclude_from_bulk_import,no,e-distribución — distribución eléctrica,https://www.edistribucion.com/es/conocenos/instalaciones-distribucion-red/distribucion-electrica.html,official_distributor_public,2026-05-06,"No incluir en bloque e-distribución; revisar aparte por solapes grandes con i-DE, UFD y pequeñas."
castilla_leon,Cabrejas del Pinar,"e-distribución Redes Digitales, S.L.U.",regional_default_candidate,exclude_from_bulk_import,no,e-distribución — distribución eléctrica,https://www.edistribucion.com/es/conocenos/instalaciones-distribucion-red/distribucion-electrica.html,official_distributor_public,2026-05-06,"No incluir en bloque e-distribución; revisar aparte por solapes grandes con i-DE, UFD y pequeñas."
castilla_leon,Cabrerizos,"e-distribución Redes Digitales, S.L.U.",regional_default_candidate,exclude_from_bulk_import,no,e-distribución — distribución eléctrica,https://www.edistribucion.com/es/conocenos/instalaciones-distribucion-red/distribucion-electrica.html,official_distributor_public,2026-05-06,"No incluir en bloque e-distribución; revisar aparte por solapes grandes con i-DE, UFD y pequeñas."
castilla_leon,Cabreros del Monte,"e-distribución Redes Digitales, S.L.U.",regional_default_candidate,exclude_from_bulk_import,no,e-distribución — distribución eléctrica,https://www.edistribucion.com/es/conocenos/instalaciones-distribucion-red/distribucion-electrica.html,official_distributor_public,2026-05-06,"No incluir en bloque e-distribución; revisar aparte por solapes grandes con i-DE, UFD y pequeñas."
castilla_leon,Cabreros del Río,"e-distribución Redes Digitales, S.L.U.",regional_default_candidate,exclude_from_bulk_import,no,e-distribución — distribución eléctrica,https://www.edistribucion.com/es/conocenos/instalaciones-distribucion-red/distribucion-electrica.html,official_distributor_public,2026-05-06,"No incluir en bloque e-distribución; revisar aparte por solapes grandes con i-DE, UFD y pequeñas."
castilla_leon,Cabrillanes,"e-distribución Redes Digitales, S.L.U.",regional_default_candidate,exclude_from_bulk_import,no,e-distribución — distribución eléctrica,https://www.edistribucion.com/es/conocenos/instalaciones-distribucion-red/distribucion-electrica.html,official_distributor_public,2026-05-06,"No incluir en bloque e-distribución; revisar aparte por solapes grandes con i-DE, UFD y pequeñas."
castilla_leon,Cabrillas,"e-distribución Redes Digitales, S.L.U.",regional_default_candidate,exclude_from_bulk_import,no,e-distribución — distribución eléctrica,https://www.edistribucion.com/es/conocenos/instalaciones-distribucion-red/distribucion-electrica.html,official_distributor_public,2026-05-06,"No incluir en bloque e-distribución; revisar aparte por solapes grandes con i-DE, UFD y pequeñas."
castilla_leon,Cacabelos,"e-distribución Redes Digitales, S.L.U.",regional_default_candidate,exclude_from_bulk_import,no,e-distribución — distribución eléctrica,https://www.edistribucion.com/es/conocenos/instalaciones-distribucion-red/distribucion-electrica.html,official_distributor_public,2026-05-06,"No incluir en bloque e-distribución; revisar aparte por solapes grandes con i-DE, UFD y pequeñas."
castilla_leon,Calabazas de Fuentidueña,"e-distribución Redes Digitales, S.L.U.",regional_default_candidate,exclude_from_bulk_import,no,e-distribución — distribución eléctrica,https://www.edistribucion.com/es/conocenos/instalaciones-distribucion-red/distribucion-electrica.html,official_distributor_public,2026-05-06,"No incluir en bloque e-distribución; revisar aparte por solapes grandes con i-DE, UFD y pequeñas."
castilla_leon,Calahorra de Boedo,"e-distribución Redes Digitales, S.L.U.",regional_default_candidate,exclude_from_bulk_import,no,e-distribución — distribución eléctrica,https://www.edistribucion.com/es/conocenos/instalaciones-distribucion-red/distribucion-electrica.html,official_distributor_public,2026-05-06,"No incluir en bloque e-distribución; revisar aparte por solapes grandes con i-DE, UFD y pequeñas."
castilla_leon,Calatañazor,"e-distribución Redes Digitales, S.L.U.",regional_default_candidate,exclude_from_bulk_import,no,e-distribución — distribución eléctrica,https://www.edistribucion.com/es/conocenos/instalaciones-distribucion-red/distribucion-electrica.html,official_distributor_public,2026-05-06,"No incluir en bloque e-distribución; revisar aparte por solapes grandes con i-DE, UFD y pequeñas."
castilla_leon,Caleruega,"e-distribución Redes Digitales, S.L.U.",regional_default_candidate,exclude_from_bulk_import,no,e-distribución — distribución eléctrica,https://www.edistribucion.com/es/conocenos/instalaciones-distribucion-red/distribucion-electrica.html,official_distributor_public,2026-05-06,"No incluir en bloque e-distribución; revisar aparte por solapes grandes con i-DE, UFD y pequeñas."
castilla_leon,Caltojar,"e-distribución Redes Digitales, S.L.U.",regional_default_candidate,exclude_from_bulk_import,no,e-distribución — distribución eléctrica,https://www.edistribucion.com/es/conocenos/instalaciones-distribucion-red/distribucion-electrica.html,official_distributor_public,2026-05-06,"No incluir en bloque e-distribución; revisar aparte por solapes grandes con i-DE, UFD y pequeñas."
castilla_leon,Calvarrasa de Abajo,"e-distribución Redes Digitales, S.L.U.",regional_default_candidate,exclude_from_bulk_import,no,e-distribución — distribución eléctrica,https://www.edistribucion.com/es/conocenos/instalaciones-distribucion-red/distribucion-electrica.html,official_distributor_public,2026-05-06,"No incluir en bloque e-distribución; revisar aparte por solapes grandes con i-DE, UFD y pequeñas."
castilla_leon,Calvarrasa de Arriba,"e-distribución Redes Digitales, S.L.U.",regional_default_candidate,exclude_from_bulk_import,no,e-distribución — distribución eléctrica,https://www.edistribucion.com/es/conocenos/instalaciones-distribucion-red/distribucion-electrica.html,official_distributor_public,2026-05-06,"No incluir en bloque e-distribución; revisar aparte por solapes grandes con i-DE, UFD y pequeñas."
castilla_leon,Calzada de Don Diego,"e-distribución Redes Digitales, S.L.U.",regional_default_candidate,exclude_from_bulk_import,no,e-distribución — distribución eléctrica,https://www.edistribucion.com/es/conocenos/instalaciones-distribucion-red/distribucion-electrica.html,official_distributor_public,2026-05-06,"No incluir en bloque e-distribución; revisar aparte por solapes grandes con i-DE, UFD y pequeñas."
castilla_leon,Calzada de los Molinos,"e-distribución Redes Digitales, S.L.U.",regional_default_candidate,exclude_from_bulk_import,no,e-distribución — distribución eléctrica,https://www.edistribucion.com/es/conocenos/instalaciones-distribucion-red/distribucion-electrica.html,official_distributor_public,2026-05-06,"No incluir en bloque e-distribución; revisar aparte por solapes grandes con i-DE, UFD y pequeñas."
castilla_leon,Calzada de Valdunciel,"e-distribución Redes Digitales, S.L.U.",regional_default_candidate,exclude_from_bulk_import,no,e-distribución — distribución eléctrica,https://www.edistribucion.com/es/conocenos/instalaciones-distribucion-red/distribucion-electrica.html,official_distributor_public,2026-05-06,"No incluir en bloque e-distribución; revisar aparte por solapes grandes con i-DE, UFD y pequeñas."
castilla_leon,Calzada del Coto,"e-distribución Redes Digitales, S.L.U.",regional_default_candidate,exclude_from_bulk_import,no,e-distribución — distribución eléctrica,https://www.edistribucion.com/es/conocenos/instalaciones-distribucion-red/distribucion-electrica.html,official_distributor_public,2026-05-06,"No incluir en bloque e-distribución; revisar aparte por solapes grandes con i-DE, UFD y pequeñas."
castilla_leon,Calzadilla de Tera,"e-distribución Redes Digitales, S.L.U.",regional_default_candidate,exclude_from_bulk_import,no,e-distribución — distribución eléctrica,https://www.edistribucion.com/es/conocenos/instalaciones-distribucion-red/distribucion-electrica.html,official_distributor_public,2026-05-06,"No incluir en bloque e-distribución; revisar aparte por solapes grandes con i-DE, UFD y pequeñas."
castilla_leon,Camarzana de Tera,"e-distribución Redes Digitales, S.L.U.",regional_default_candidate,exclude_from_bulk_import,no,e-distribución — distribución eléctrica,https://www.edistribucion.com/es/conocenos/instalaciones-distribucion-red/distribucion-electrica.html,official_distributor_public,2026-05-06,"No incluir en bloque e-distribución; revisar aparte por solapes grandes con i-DE, UFD y pequeñas."
castilla_leon,Campaspero,"e-distribución Redes Digitales, S.L.U.",regional_default_candidate,exclude_from_bulk_import,no,e-distribución — distribución eléctrica,https://www.edistribucion.com/es/conocenos/instalaciones-distribucion-red/distribucion-electrica.html,official_distributor_public,2026-05-06,"No incluir en bloque e-distribución; revisar aparte por solapes grandes con i-DE, UFD y pequeñas."
castilla_leon,Campazas,"e-distribución Redes Digitales, S.L.U.",regional_default_candidate,exclude_from_bulk_import,no,e-distribución — distribución eléctrica,https://www.edistribucion.com/es/conocenos/instalaciones-distribucion-red/distribucion-electrica.html,official_distributor_public,2026-05-06,"No incluir en bloque e-distribución; revisar aparte por solapes grandes con i-DE, UFD y pequeñas."
castilla_leon,Campillo de Aranda,"e-distribución Redes Digitales, S.L.U.",regional_default_candidate,exclude_from_bulk_import,no,e-distribución — distribución eléctrica,https://www.edistribucion.com/es/conocenos/instalaciones-distribucion-red/distribucion-electrica.html,official_distributor_public,2026-05-06,"No incluir en bloque e-distribución; revisar aparte por solapes grandes con i-DE, UFD y pequeñas."
castilla_leon,Campillo de Azaba,"e-distribución Redes Digitales, S.L.U.",regional_default_candidate,exclude_from_bulk_import,no,e-distribución — distribución eléctrica,https://www.edistribucion.com/es/conocenos/instalaciones-distribucion-red/distribucion-electrica.html,official_distributor_public,2026-05-06,"No incluir en bloque e-distribución; revisar aparte por solapes grandes con i-DE, UFD y pequeñas."
castilla_leon,Campo de San Pedro,"e-distribución Redes Digitales, S.L.U.",regional_default_candidate,exclude_from_bulk_import,no,e-distribución — distribución eléctrica,https://www.edistribucion.com/es/conocenos/instalaciones-distribucion-red/distribucion-electrica.html,official_distributor_public,2026-05-06,"No incluir en bloque e-distribución; revisar aparte por solapes grandes con i-DE, UFD y pequeñas."
castilla_leon,Campo de Villavidel,"e-distribución Redes Digitales, S.L.U.",regional_default_candidate,exclude_from_bulk_import,no,e-distribución — distribución eléctrica,https://www.edistribucion.com/es/conocenos/instalaciones-distribucion-red/distribucion-electrica.html,official_distributor_public,2026-05-06,"No incluir en bloque e-distribución; revisar aparte por solapes grandes con i-DE, UFD y pequeñas."
castilla_leon,Campolara,"e-distribución Redes Digitales, S.L.U.",regional_default_candidate,exclude_from_bulk_import,no,e-distribución — distribución eléctrica,https://www.edistribucion.com/es/conocenos/instalaciones-distribucion-red/distribucion-electrica.html,official_distributor_public,2026-05-06,"No incluir en bloque e-distribución; revisar aparte por solapes grandes con i-DE, UFD y pequeñas."
castilla_leon,Camponaraya,"e-distribución Redes Digitales, S.L.U.",regional_default_candidate,exclude_from_bulk_import,no,e-distribución — distribución eléctrica,https://www.edistribucion.com/es/conocenos/instalaciones-distribucion-red/distribucion-electrica.html,official_distributor_public,2026-05-06,"No incluir en bloque e-distribución; revisar aparte por solapes grandes con i-DE, UFD y pequeñas."
castilla_leon,Camporredondo,"e-distribución Redes Digitales, S.L.U.",regional_default_candidate,exclude_from_bulk_import,no,e-distribución — distribución eléctrica,https://www.edistribucion.com/es/conocenos/instalaciones-distribucion-red/distribucion-electrica.html,official_distributor_public,2026-05-06,"No incluir en bloque e-distribución; revisar aparte por solapes grandes con i-DE, UFD y pequeñas."
castilla_leon,Canalejas de Peñafiel,"e-distribución Redes Digitales, S.L.U.",regional_default_candidate,exclude_from_bulk_import,no,e-distribución — distribución eléctrica,https://www.edistribucion.com/es/conocenos/instalaciones-distribucion-red/distribucion-electrica.html,official_distributor_public,2026-05-06,"No incluir en bloque e-distribución; revisar aparte por solapes grandes con i-DE, UFD y pequeñas."
castilla_leon,Canales,"e-distribución Redes Digitales, S.L.U.",regional_default_candidate,exclude_from_bulk_import,no,e-distribución — distribución eléctrica,https://www.edistribucion.com/es/conocenos/instalaciones-distribucion-red/distribucion-electrica.html,official_distributor_public,2026-05-06,"No incluir en bloque e-distribución; revisar aparte por solapes grandes con i-DE, UFD y pequeñas."
castilla_leon,Cañamaque,"e-distribución Redes Digitales, S.L.U.",regional_default_candidate,exclude_from_bulk_import,no,e-distribución — distribución eléctrica,https://www.edistribucion.com/es/conocenos/instalaciones-distribucion-red/distribucion-electrica.html,official_distributor_public,2026-05-06,"No incluir en bloque e-distribución; revisar aparte por solapes grandes con i-DE, UFD y pequeñas."
castilla_leon,Candelario,"e-distribución Redes Digitales, S.L.U.",regional_default_candidate,exclude_from_bulk_import,no,e-distribución — distribución eléctrica,https://www.edistribucion.com/es/conocenos/instalaciones-distribucion-red/distribucion-electrica.html,official_distributor_public,2026-05-06,"No incluir en bloque e-distribución; revisar aparte por solapes grandes con i-DE, UFD y pequeñas."
castilla_leon,Candeleda,"e-distribución Redes Digitales, S.L.U.",regional_default_candidate,exclude_from_bulk_import,no,e-distribución — distribución eléctrica,https://www.edistribucion.com/es/conocenos/instalaciones-distribucion-red/distribucion-electrica.html,official_distributor_public,2026-05-06,"No incluir en bloque e-distribución; revisar aparte por solapes grandes con i-DE, UFD y pequeñas."
castilla_leon,Candilichera,"e-distribución Redes Digitales, S.L.U.",regional_default_candidate,exclude_from_bulk_import,no,e-distribución — distribución eléctrica,https://www.edistribucion.com/es/conocenos/instalaciones-distribucion-red/distribucion-electrica.html,official_distributor_public,2026-05-06,"No incluir en bloque e-distribución; revisar aparte por solapes grandes con i-DE, UFD y pequeñas."
castilla_leon,Canicosa de la Sierra,"e-distribución Redes Digitales, S.L.U.",regional_default_candidate,exclude_from_bulk_import,no,e-distribución — distribución eléctrica,https://www.edistribucion.com/es/conocenos/instalaciones-distribucion-red/distribucion-electrica.html,official_distributor_public,2026-05-06,"No incluir en bloque e-distribución; revisar aparte por solapes grandes con i-DE, UFD y pequeñas."
castilla_leon,Canillas de Abajo,"e-distribución Redes Digitales, S.L.U.",regional_default_candidate,exclude_from_bulk_import,no,e-distribución — distribución eléctrica,https://www.edistribucion.com/es/conocenos/instalaciones-distribucion-red/distribucion-electrica.html,official_distributor_public,2026-05-06,"No incluir en bloque e-distribución; revisar aparte por solapes grandes con i-DE, UFD y pequeñas."
castilla_leon,Canillas de Esgueva,"e-distribución Redes Digitales, S.L.U.",regional_default_candidate,exclude_from_bulk_import,no,e-distribución — distribución eléctrica,https://www.edistribucion.com/es/conocenos/instalaciones-distribucion-red/distribucion-electrica.html,official_distributor_public,2026-05-06,"No incluir en bloque e-distribución; revisar aparte por solapes grandes con i-DE, UFD y pequeñas."
castilla_leon,Cañizal,"e-distribución Redes Digitales, S.L.U.",regional_default_candidate,exclude_from_bulk_import,no,e-distribución — distribución eléctrica,https://www.edistribucion.com/es/conocenos/instalaciones-distribucion-red/distribucion-electrica.html,official_distributor_public,2026-05-06,"No incluir en bloque e-distribución; revisar aparte por solapes grandes con i-DE, UFD y pequeñas."
castilla_leon,Cañizo,"e-distribución Redes Digitales, S.L.U.",regional_default_candidate,exclude_from_bulk_import,no,e-distribución — distribución eléctrica,https://www.edistribucion.com/es/conocenos/instalaciones-distribucion-red/distribucion-electrica.html,official_distributor_public,2026-05-06,"No incluir en bloque e-distribución; revisar aparte por solapes grandes con i-DE, UFD y pequeñas."
castilla_leon,Cantabrana,"e-distribución Redes Digitales, S.L.U.",regional_default_candidate,exclude_from_bulk_import,no,e-distribución — distribución eléctrica,https://www.edistribucion.com/es/conocenos/instalaciones-distribucion-red/distribucion-electrica.html,official_distributor_public,2026-05-06,"No incluir en bloque e-distribución; revisar aparte por solapes grandes con i-DE, UFD y pequeñas."
castilla_leon,Cantagallo,"e-distribución Redes Digitales, S.L.U.",regional_default_candidate,exclude_from_bulk_import,no,e-distribución — distribución eléctrica,https://www.edistribucion.com/es/conocenos/instalaciones-distribucion-red/distribucion-electrica.html,official_distributor_public,2026-05-06,"No incluir en bloque e-distribución; revisar aparte por solapes grandes con i-DE, UFD y pequeñas."
castilla_leon,Cantalapiedra,"e-distribución Redes Digitales, S.L.U.",regional_default_candidate,exclude_from_bulk_import,no,e-distribución — distribución eléctrica,https://www.edistribucion.com/es/conocenos/instalaciones-distribucion-red/distribucion-electrica.html,official_distributor_public,2026-05-06,"No incluir en bloque e-distribución; revisar aparte por solapes grandes con i-DE, UFD y pequeñas."
castilla_leon,Cantalejo,"e-distribución Redes Digitales, S.L.U.",regional_default_candidate,exclude_from_bulk_import,no,e-distribución — distribución eléctrica,https://www.edistribucion.com/es/conocenos/instalaciones-distribucion-red/distribucion-electrica.html,official_distributor_public,2026-05-06,"No incluir en bloque e-distribución; revisar aparte por solapes grandes con i-DE, UFD y pequeñas."
castilla_leon,Cantalpino,"e-distribución Redes Digitales, S.L.U.",regional_default_candidate,exclude_from_bulk_import,no,e-distribución — distribución eléctrica,https://www.edistribucion.com/es/conocenos/instalaciones-distribucion-red/distribucion-electrica.html,official_distributor_public,2026-05-06,"No incluir en bloque e-distribución; revisar aparte por solapes grandes con i-DE, UFD y pequeñas."
castilla_leon,Cantaracillo,"e-distribución Redes Digitales, S.L.U.",regional_default_candidate,exclude_from_bulk_import,no,e-distribución — distribución eléctrica,https://www.edistribucion.com/es/conocenos/instalaciones-distribucion-red/distribucion-electrica.html,official_distributor_public,2026-05-06,"No incluir en bloque e-distribución; revisar aparte por solapes grandes con i-DE, UFD y pequeñas."
castilla_leon,Cantimpalos,"e-distribución Redes Digitales, S.L.U.",regional_default_candidate,exclude_from_bulk_import,no,e-distribución — distribución eléctrica,https://www.edistribucion.com/es/conocenos/instalaciones-distribucion-red/distribucion-electrica.html,official_distributor_public,2026-05-06,"No incluir en bloque e-distribución; revisar aparte por solapes grandes con i-DE, UFD y pequeñas."
castilla_leon,Cantiveros,"e-distribución Redes Digitales, S.L.U.",regional_default_candidate,exclude_from_bulk_import,no,e-distribución — distribución eléctrica,https://www.edistribucion.com/es/conocenos/instalaciones-distribucion-red/distribucion-electrica.html,official_distributor_public,2026-05-06,"No incluir en bloque e-distribución; revisar aparte por solapes grandes con i-DE, UFD y pequeñas."
castilla_leon,Capillas,"e-distribución Redes Digitales, S.L.U.",regional_default_candidate,exclude_from_bulk_import,no,e-distribución — distribución eléctrica,https://www.edistribucion.com/es/conocenos/instalaciones-distribucion-red/distribucion-electrica.html,official_distributor_public,2026-05-06,"No incluir en bloque e-distribución; revisar aparte por solapes grandes con i-DE, UFD y pequeñas."
castilla_leon,Carabantes,"e-distribución Redes Digitales, S.L.U.",regional_default_candidate,exclude_from_bulk_import,no,e-distribución — distribución eléctrica,https://www.edistribucion.com/es/conocenos/instalaciones-distribucion-red/distribucion-electrica.html,official_distributor_public,2026-05-06,"No incluir en bloque e-distribución; revisar aparte por solapes grandes con i-DE, UFD y pequeñas."
castilla_leon,Carabias,"e-distribución Redes Digitales, S.L.U.",regional_default_candidate,exclude_from_bulk_import,no,e-distribución — distribución eléctrica,https://www.edistribucion.com/es/conocenos/instalaciones-distribucion-red/distribucion-electrica.html,official_distributor_public,2026-05-06,"No incluir en bloque e-distribución; revisar aparte por solapes grandes con i-DE, UFD y pequeñas."
castilla_leon,Caracena,"e-distribución Redes Digitales, S.L.U.",regional_default_candidate,exclude_from_bulk_import,no,e-distribución — distribución eléctrica,https://www.edistribucion.com/es/conocenos/instalaciones-distribucion-red/distribucion-electrica.html,official_distributor_public,2026-05-06,"No incluir en bloque e-distribución; revisar aparte por solapes grandes con i-DE, UFD y pequeñas."
castilla_leon,Carazo,"e-distribución Redes Digitales, S.L.U.",regional_default_candidate,exclude_from_bulk_import,no,e-distribución — distribución eléctrica,https://www.edistribucion.com/es/conocenos/instalaciones-distribucion-red/distribucion-electrica.html,official_distributor_public,2026-05-06,"No incluir en bloque e-distribución; revisar aparte por solapes grandes con i-DE, UFD y pequeñas."
castilla_leon,Carbajales de Alba,"e-distribución Redes Digitales, S.L.U.",regional_default_candidate,exclude_from_bulk_import,no,e-distribución — distribución eléctrica,https://www.edistribucion.com/es/conocenos/instalaciones-distribucion-red/distribucion-electrica.html,official_distributor_public,2026-05-06,"No incluir en bloque e-distribución; revisar aparte por solapes grandes con i-DE, UFD y pequeñas."
castilla_leon,Carbajosa de la Sagrada,"e-distribución Redes Digitales, S.L.U.",regional_default_candidate,exclude_from_bulk_import,no,e-distribución — distribución eléctrica,https://www.edistribucion.com/es/conocenos/instalaciones-distribucion-red/distribucion-electrica.html,official_distributor_public,2026-05-06,"No incluir en bloque e-distribución; revisar aparte por solapes grandes con i-DE, UFD y pequeñas."
castilla_leon,Carbellino,"e-distribución Redes Digitales, S.L.U.",regional_default_candidate,exclude_from_bulk_import,no,e-distribución — distribución eléctrica,https://www.edistribucion.com/es/conocenos/instalaciones-distribucion-red/distribucion-electrica.html,official_distributor_public,2026-05-06,"No incluir en bloque e-distribución; revisar aparte por solapes grandes con i-DE, UFD y pequeñas."
castilla_leon,Carbonero el Mayor,"e-distribución Redes Digitales, S.L.U.",regional_default_candidate,exclude_from_bulk_import,no,e-distribución — distribución eléctrica,https://www.edistribucion.com/es/conocenos/instalaciones-distribucion-red/distribucion-electrica.html,official_distributor_public,2026-05-06,"No incluir en bloque e-distribución; revisar aparte por solapes grandes con i-DE, UFD y pequeñas."
castilla_leon,Carcedo de Bureba,"e-distribución Redes Digitales, S.L.U.",regional_default_candidate,exclude_from_bulk_import,no,e-distribución — distribución eléctrica,https://www.edistribucion.com/es/conocenos/instalaciones-distribucion-red/distribucion-electrica.html,official_distributor_public,2026-05-06,"No incluir en bloque e-distribución; revisar aparte por solapes grandes con i-DE, UFD y pequeñas."
castilla_leon,Carcedo de Burgos,"e-distribución Redes Digitales, S.L.U.",regional_default_candidate,exclude_from_bulk_import,no,e-distribución — distribución eléctrica,https://www.edistribucion.com/es/conocenos/instalaciones-distribucion-red/distribucion-electrica.html,official_distributor_public,2026-05-06,"No incluir en bloque e-distribución; revisar aparte por solapes grandes con i-DE, UFD y pequeñas."
castilla_leon,Cardeñadijo,"e-distribución Redes Digitales, S.L.U.",regional_default_candidate,exclude_from_bulk_import,no,e-distribución — distribución eléctrica,https://www.edistribucion.com/es/conocenos/instalaciones-distribucion-red/distribucion-electrica.html,official_distributor_public,2026-05-06,"No incluir en bloque e-distribución; revisar aparte por solapes grandes con i-DE, UFD y pequeñas."
castilla_leon,Cardeñajimeno,"e-distribución Redes Digitales, S.L.U.",regional_default_candidate,exclude_from_bulk_import,no,e-distribución — distribución eléctrica,https://www.edistribucion.com/es/conocenos/instalaciones-distribucion-red/distribucion-electrica.html,official_distributor_public,2026-05-06,"No incluir en bloque e-distribución; revisar aparte por solapes grandes con i-DE, UFD y pequeñas."
castilla_leon,Cardeñosa,"e-distribución Redes Digitales, S.L.U.",regional_default_candidate,exclude_from_bulk_import,no,e-distribución — distribución eléctrica,https://www.edistribucion.com/es/conocenos/instalaciones-distribucion-red/distribucion-electrica.html,official_distributor_public,2026-05-06,"No incluir en bloque e-distribución; revisar aparte por solapes grandes con i-DE, UFD y pequeñas."
castilla_leon,Cardeñosa de Volpejera,"e-distribución Redes Digitales, S.L.U.",regional_default_candidate,exclude_from_bulk_import,no,e-distribución — distribución eléctrica,https://www.edistribucion.com/es/conocenos/instalaciones-distribucion-red/distribucion-electrica.html,official_distributor_public,2026-05-06,"No incluir en bloque e-distribución; revisar aparte por solapes grandes con i-DE, UFD y pequeñas."
castilla_leon,Cardeñuela Riopico,"e-distribución Redes Digitales, S.L.U.",regional_default_candidate,exclude_from_bulk_import,no,e-distribución — distribución eléctrica,https://www.edistribucion.com/es/conocenos/instalaciones-distribucion-red/distribucion-electrica.html,official_distributor_public,2026-05-06,"No incluir en bloque e-distribución; revisar aparte por solapes grandes con i-DE, UFD y pequeñas."
castilla_leon,Cármenes,"e-distribución Redes Digitales, S.L.U.",regional_default_candidate,exclude_from_bulk_import,no,e-distribución — distribución eléctrica,https://www.edistribucion.com/es/conocenos/instalaciones-distribucion-red/distribucion-electrica.html,official_distributor_public,2026-05-06,"No incluir en bloque e-distribución; revisar aparte por solapes grandes con i-DE, UFD y pequeñas."
castilla_leon,Carpio,"e-distribución Redes Digitales, S.L.U.",regional_default_candidate,exclude_from_bulk_import,no,e-distribución — distribución eléctrica,https://www.edistribucion.com/es/conocenos/instalaciones-distribucion-red/distribucion-electrica.html,official_distributor_public,2026-05-06,"No incluir en bloque e-distribución; revisar aparte por solapes grandes con i-DE, UFD y pequeñas."
castilla_leon,Carpio de Azaba,"e-distribución Redes Digitales, S.L.U.",regional_default_candidate,exclude_from_bulk_import,no,e-distribución — distribución eléctrica,https://www.edistribucion.com/es/conocenos/instalaciones-distribucion-red/distribucion-electrica.html,official_distributor_public,2026-05-06,"No incluir en bloque e-distribución; revisar aparte por solapes grandes con i-DE, UFD y pequeñas."
castilla_leon,Carracedelo,"e-distribución Redes Digitales, S.L.U.",regional_default_candidate,exclude_from_bulk_import,no,e-distribución — distribución eléctrica,https://www.edistribucion.com/es/conocenos/instalaciones-distribucion-red/distribucion-electrica.html,official_distributor_public,2026-05-06,"No incluir en bloque e-distribución; revisar aparte por solapes grandes con i-DE, UFD y pequeñas."
castilla_leon,Carrascal de Barregas,"e-distribución Redes Digitales, S.L.U.",regional_default_candidate,exclude_from_bulk_import,no,e-distribución — distribución eléctrica,https://www.edistribucion.com/es/conocenos/instalaciones-distribucion-red/distribucion-electrica.html,official_distributor_public,2026-05-06,"No incluir en bloque e-distribución; revisar aparte por solapes grandes con i-DE, UFD y pequeñas."
castilla_leon,Carrascal del Obispo,"e-distribución Redes Digitales, S.L.U.",regional_default_candidate,exclude_from_bulk_import,no,e-distribución — distribución eléctrica,https://www.edistribucion.com/es/conocenos/instalaciones-distribucion-red/distribucion-electrica.html,official_distributor_public,2026-05-06,"No incluir en bloque e-distribución; revisar aparte por solapes grandes con i-DE, UFD y pequeñas."
castilla_leon,Carrascal del Río,"e-distribución Redes Digitales, S.L.U.",regional_default_candidate,exclude_from_bulk_import,no,e-distribución — distribución eléctrica,https://www.edistribucion.com/es/conocenos/instalaciones-distribucion-red/distribucion-electrica.html,official_distributor_public,2026-05-06,"No incluir en bloque e-distribución; revisar aparte por solapes grandes con i-DE, UFD y pequeñas."
castilla_leon,Carrascosa de Abajo,"e-distribución Redes Digitales, S.L.U.",regional_default_candidate,exclude_from_bulk_import,no,e-distribución — distribución eléctrica,https://www.edistribucion.com/es/conocenos/instalaciones-distribucion-red/distribucion-electrica.html,official_distributor_public,2026-05-06,"No incluir en bloque e-distribución; revisar aparte por solapes grandes con i-DE, UFD y pequeñas."
castilla_leon,Carrascosa de la Sierra,"e-distribución Redes Digitales, S.L.U.",regional_default_candidate,exclude_from_bulk_import,no,e-distribución — distribución eléctrica,https://www.edistribucion.com/es/conocenos/instalaciones-distribucion-red/distribucion-electrica.html,official_distributor_public,2026-05-06,"No incluir en bloque e-distribución; revisar aparte por solapes grandes con i-DE, UFD y pequeñas."
castilla_leon,Carrias,"e-distribución Redes Digitales, S.L.U.",regional_default_candidate,exclude_from_bulk_import,no,e-distribución — distribución eléctrica,https://www.edistribucion.com/es/conocenos/instalaciones-distribucion-red/distribucion-electrica.html,official_distributor_public,2026-05-06,"No incluir en bloque e-distribución; revisar aparte por solapes grandes con i-DE, UFD y pequeñas."
castilla_leon,Carrión de los Condes,"e-distribución Redes Digitales, S.L.U.",regional_default_candidate,exclude_from_bulk_import,no,e-distribución — distribución eléctrica,https://www.edistribucion.com/es/conocenos/instalaciones-distribucion-red/distribucion-electrica.html,official_distributor_public,2026-05-06,"No incluir en bloque e-distribución; revisar aparte por solapes grandes con i-DE, UFD y pequeñas."
castilla_leon,Carrizo,"e-distribución Redes Digitales, S.L.U.",regional_default_candidate,exclude_from_bulk_import,no,e-distribución — distribución eléctrica,https://www.edistribucion.com/es/conocenos/instalaciones-distribucion-red/distribucion-electrica.html,official_distributor_public,2026-05-06,"No incluir en bloque e-distribución; revisar aparte por solapes grandes con i-DE, UFD y pequeñas."
castilla_leon,Carrocera,"e-distribución Redes Digitales, S.L.U.",regional_default_candidate,exclude_from_bulk_import,no,e-distribución — distribución eléctrica,https://www.edistribucion.com/es/conocenos/instalaciones-distribucion-red/distribucion-electrica.html,official_distributor_public,2026-05-06,"No incluir en bloque e-distribución; revisar aparte por solapes grandes con i-DE, UFD y pequeñas."
castilla_leon,Carucedo,"e-distribución Redes Digitales, S.L.U.",regional_default_candidate,exclude_from_bulk_import,no,e-distribución — distribución eléctrica,https://www.edistribucion.com/es/conocenos/instalaciones-distribucion-red/distribucion-electrica.html,official_distributor_public,2026-05-06,"No incluir en bloque e-distribución; revisar aparte por solapes grandes con i-DE, UFD y pequeñas."
castilla_leon,Casafranca,"e-distribución Redes Digitales, S.L.U.",regional_default_candidate,exclude_from_bulk_import,no,e-distribución — distribución eléctrica,https://www.edistribucion.com/es/conocenos/instalaciones-distribucion-red/distribucion-electrica.html,official_distributor_public,2026-05-06,"No incluir en bloque e-distribución; revisar aparte por solapes grandes con i-DE, UFD y pequeñas."
castilla_leon,Casarejos,"e-distribución Redes Digitales, S.L.U.",regional_default_candidate,exclude_from_bulk_import,no,e-distribución — distribución eléctrica,https://www.edistribucion.com/es/conocenos/instalaciones-distribucion-red/distribucion-electrica.html,official_distributor_public,2026-05-06,"No incluir en bloque e-distribución; revisar aparte por solapes grandes con i-DE, UFD y pequeñas."
castilla_leon,Casas del Puerto,"e-distribución Redes Digitales, S.L.U.",regional_default_candidate,exclude_from_bulk_import,no,e-distribución — distribución eléctrica,https://www.edistribucion.com/es/conocenos/instalaciones-distribucion-red/distribucion-electrica.html,official_distributor_public,2026-05-06,"No incluir en bloque e-distribución; revisar aparte por solapes grandes con i-DE, UFD y pequeñas."
castilla_leon,Casaseca de Campeán,"e-distribución Redes Digitales, S.L.U.",regional_default_candidate,exclude_from_bulk_import,no,e-distribución — distribución eléctrica,https://www.edistribucion.com/es/conocenos/instalaciones-distribucion-red/distribucion-electrica.html,official_distributor_public,2026-05-06,"No incluir en bloque e-distribución; revisar aparte por solapes grandes con i-DE, UFD y pequeñas."
castilla_leon,Casaseca de las Chanas,"e-distribución Redes Digitales, S.L.U.",regional_default_candidate,exclude_from_bulk_import,no,e-distribución — distribución eléctrica,https://www.edistribucion.com/es/conocenos/instalaciones-distribucion-red/distribucion-electrica.html,official_distributor_public,2026-05-06,"No incluir en bloque e-distribución; revisar aparte por solapes grandes con i-DE, UFD y pequeñas."
castilla_leon,Casasola,"e-distribución Redes Digitales, S.L.U.",regional_default_candidate,exclude_from_bulk_import,no,e-distribución — distribución eléctrica,https://www.edistribucion.com/es/conocenos/instalaciones-distribucion-red/distribucion-electrica.html,official_distributor_public,2026-05-06,"No incluir en bloque e-distribución; revisar aparte por solapes grandes con i-DE, UFD y pequeñas."
castilla_leon,Casasola de Arión,"e-distribución Redes Digitales, S.L.U.",regional_default_candidate,exclude_from_bulk_import,no,e-distribución — distribución eléctrica,https://www.edistribucion.com/es/conocenos/instalaciones-distribucion-red/distribucion-electrica.html,official_distributor_public,2026-05-06,"No incluir en bloque e-distribución; revisar aparte por solapes grandes con i-DE, UFD y pequeñas."
castilla_leon,Casavieja,"e-distribución Redes Digitales, S.L.U.",regional_default_candidate,exclude_from_bulk_import,no,e-distribución — distribución eléctrica,https://www.edistribucion.com/es/conocenos/instalaciones-distribucion-red/distribucion-electrica.html,official_distributor_public,2026-05-06,"No incluir en bloque e-distribución; revisar aparte por solapes grandes con i-DE, UFD y pequeñas."
castilla_leon,Cascajares de Bureba,"e-distribución Redes Digitales, S.L.U.",regional_default_candidate,exclude_from_bulk_import,no,e-distribución — distribución eléctrica,https://www.edistribucion.com/es/conocenos/instalaciones-distribucion-red/distribucion-electrica.html,official_distributor_public,2026-05-06,"No incluir en bloque e-distribución; revisar aparte por solapes grandes con i-DE, UFD y pequeñas."
castilla_leon,Cascajares de la Sierra,"e-distribución Redes Digitales, S.L.U.",regional_default_candidate,exclude_from_bulk_import,no,e-distribución — distribución eléctrica,https://www.edistribucion.com/es/conocenos/instalaciones-distribucion-red/distribucion-electrica.html,official_distributor_public,2026-05-06,"No incluir en bloque e-distribución; revisar aparte por solapes grandes con i-DE, UFD y pequeñas."
castilla_leon,Casillas,"e-distribución Redes Digitales, S.L.U.",regional_default_candidate,exclude_from_bulk_import,no,e-distribución — distribución eléctrica,https://www.edistribucion.com/es/conocenos/instalaciones-distribucion-red/distribucion-electrica.html,official_distributor_public,2026-05-06,"No incluir en bloque e-distribución; revisar aparte por solapes grandes con i-DE, UFD y pequeñas."
castilla_leon,Casillas de Flores,"e-distribución Redes Digitales, S.L.U.",regional_default_candidate,exclude_from_bulk_import,no,e-distribución — distribución eléctrica,https://www.edistribucion.com/es/conocenos/instalaciones-distribucion-red/distribucion-electrica.html,official_distributor_public,2026-05-06,"No incluir en bloque e-distribución; revisar aparte por solapes grandes con i-DE, UFD y pequeñas."
castilla_leon,Casla,"e-distribución Redes Digitales, S.L.U.",regional_default_candidate,exclude_from_bulk_import,no,e-distribución — distribución eléctrica,https://www.edistribucion.com/es/conocenos/instalaciones-distribucion-red/distribucion-electrica.html,official_distributor_public,2026-05-06,"No incluir en bloque e-distribución; revisar aparte por solapes grandes con i-DE, UFD y pequeñas."
castilla_leon,Castellanos de Castro,"e-distribución Redes Digitales, S.L.U.",regional_default_candidate,exclude_from_bulk_import,no,e-distribución — distribución eléctrica,https://www.edistribucion.com/es/conocenos/instalaciones-distribucion-red/distribucion-electrica.html,official_distributor_public,2026-05-06,"No incluir en bloque e-distribución; revisar aparte por solapes grandes con i-DE, UFD y pequeñas."
castilla_leon,Castellanos de Moriscos,"e-distribución Redes Digitales, S.L.U.",regional_default_candidate,exclude_from_bulk_import,no,e-distribución — distribución eléctrica,https://www.edistribucion.com/es/conocenos/instalaciones-distribucion-red/distribucion-electrica.html,official_distributor_public,2026-05-06,"No incluir en bloque e-distribución; revisar aparte por solapes grandes con i-DE, UFD y pequeñas."
castilla_leon,Castellanos de Villiquera,"e-distribución Redes Digitales, S.L.U.",regional_default_candidate,exclude_from_bulk_import,no,e-distribución — distribución eléctrica,https://www.edistribucion.com/es/conocenos/instalaciones-distribucion-red/distribucion-electrica.html,official_distributor_public,2026-05-06,"No incluir en bloque e-distribución; revisar aparte por solapes grandes con i-DE, UFD y pequeñas."
castilla_leon,Castellanos de Zapardiel,"e-distribución Redes Digitales, S.L.U.",regional_default_candidate,exclude_from_bulk_import,no,e-distribución — distribución eléctrica,https://www.edistribucion.com/es/conocenos/instalaciones-distribucion-red/distribucion-electrica.html,official_distributor_public,2026-05-06,"No incluir en bloque e-distribución; revisar aparte por solapes grandes con i-DE, UFD y pequeñas."
castilla_leon,Castil de Peones,"e-distribución Redes Digitales, S.L.U.",regional_default_candidate,exclude_from_bulk_import,no,e-distribución — distribución eléctrica,https://www.edistribucion.com/es/conocenos/instalaciones-distribucion-red/distribucion-electrica.html,official_distributor_public,2026-05-06,"No incluir en bloque e-distribución; revisar aparte por solapes grandes con i-DE, UFD y pequeñas."
castilla_leon,Castil de Vela,"e-distribución Redes Digitales, S.L.U.",regional_default_candidate,exclude_from_bulk_import,no,e-distribución — distribución eléctrica,https://www.edistribucion.com/es/conocenos/instalaciones-distribucion-red/distribucion-electrica.html,official_distributor_public,2026-05-06,"No incluir en bloque e-distribución; revisar aparte por solapes grandes con i-DE, UFD y pequeñas."
castilla_leon,Castildelgado,"e-distribución Redes Digitales, S.L.U.",regional_default_candidate,exclude_from_bulk_import,no,e-distribución — distribución eléctrica,https://www.edistribucion.com/es/conocenos/instalaciones-distribucion-red/distribucion-electrica.html,official_distributor_public,2026-05-06,"No incluir en bloque e-distribución; revisar aparte por solapes grandes con i-DE, UFD y pequeñas."
castilla_leon,Castilfalé,"e-distribución Redes Digitales, S.L.U.",regional_default_candidate,exclude_from_bulk_import,no,e-distribución — distribución eléctrica,https://www.edistribucion.com/es/conocenos/instalaciones-distribucion-red/distribucion-electrica.html,official_distributor_public,2026-05-06,"No incluir en bloque e-distribución; revisar aparte por solapes grandes con i-DE, UFD y pequeñas."
castilla_leon,Castilfrío de la Sierra,"e-distribución Redes Digitales, S.L.U.",regional_default_candidate,exclude_from_bulk_import,no,e-distribución — distribución eléctrica,https://www.edistribucion.com/es/conocenos/instalaciones-distribucion-red/distribucion-electrica.html,official_distributor_public,2026-05-06,"No incluir en bloque e-distribución; revisar aparte por solapes grandes con i-DE, UFD y pequeñas."
castilla_leon,Castillejo de Martín Viejo,"e-distribución Redes Digitales, S.L.U.",regional_default_candidate,exclude_from_bulk_import,no,e-distribución — distribución eléctrica,https://www.edistribucion.com/es/conocenos/instalaciones-distribucion-red/distribucion-electrica.html,official_distributor_public,2026-05-06,"No incluir en bloque e-distribución; revisar aparte por solapes grandes con i-DE, UFD y pequeñas."
castilla_leon,Castillejo de Mesleón,"e-distribución Redes Digitales, S.L.U.",regional_default_candidate,exclude_from_bulk_import,no,e-distribución — distribución eléctrica,https://www.edistribucion.com/es/conocenos/instalaciones-distribucion-red/distribucion-electrica.html,official_distributor_public,2026-05-06,"No incluir en bloque e-distribución; revisar aparte por solapes grandes con i-DE, UFD y pequeñas."
castilla_leon,Castillejo de Robledo,"e-distribución Redes Digitales, S.L.U.",regional_default_candidate,exclude_from_bulk_import,no,e-distribución — distribución eléctrica,https://www.edistribucion.com/es/conocenos/instalaciones-distribucion-red/distribucion-electrica.html,official_distributor_public,2026-05-06,"No incluir en bloque e-distribución; revisar aparte por solapes grandes con i-DE, UFD y pequeñas."
castilla_leon,Castilruiz,"e-distribución Redes Digitales, S.L.U.",regional_default_candidate,exclude_from_bulk_import,no,e-distribución — distribución eléctrica,https://www.edistribucion.com/es/conocenos/instalaciones-distribucion-red/distribucion-electrica.html,official_distributor_public,2026-05-06,"No incluir en bloque e-distribución; revisar aparte por solapes grandes con i-DE, UFD y pequeñas."
castilla_leon,Castraz,"e-distribución Redes Digitales, S.L.U.",regional_default_candidate,exclude_from_bulk_import,no,e-distribución — distribución eléctrica,https://www.edistribucion.com/es/conocenos/instalaciones-distribucion-red/distribucion-electrica.html,official_distributor_public,2026-05-06,"No incluir en bloque e-distribución; revisar aparte por solapes grandes con i-DE, UFD y pequeñas."
castilla_leon,Castrejón de la Peña,"e-distribución Redes Digitales, S.L.U.",regional_default_candidate,exclude_from_bulk_import,no,e-distribución — distribución eléctrica,https://www.edistribucion.com/es/conocenos/instalaciones-distribucion-red/distribucion-electrica.html,official_distributor_public,2026-05-06,"No incluir en bloque e-distribución; revisar aparte por solapes grandes con i-DE, UFD y pequeñas."
castilla_leon,Castrejón de Trabancos,"e-distribución Redes Digitales, S.L.U.",regional_default_candidate,exclude_from_bulk_import,no,e-distribución — distribución eléctrica,https://www.edistribucion.com/es/conocenos/instalaciones-distribucion-red/distribucion-electrica.html,official_distributor_public,2026-05-06,"No incluir en bloque e-distribución; revisar aparte por solapes grandes con i-DE, UFD y pequeñas."
castilla_leon,Castrillo de Cabrera,"e-distribución Redes Digitales, S.L.U.",regional_default_candidate,exclude_from_bulk_import,no,e-distribución — distribución eléctrica,https://www.edistribucion.com/es/conocenos/instalaciones-distribucion-red/distribucion-electrica.html,official_distributor_public,2026-05-06,"No incluir en bloque e-distribución; revisar aparte por solapes grandes con i-DE, UFD y pequeñas."
castilla_leon,Castrillo de Don Juan,"e-distribución Redes Digitales, S.L.U.",regional_default_candidate,exclude_from_bulk_import,no,e-distribución — distribución eléctrica,https://www.edistribucion.com/es/conocenos/instalaciones-distribucion-red/distribucion-electrica.html,official_distributor_public,2026-05-06,"No incluir en bloque e-distribución; revisar aparte por solapes grandes con i-DE, UFD y pequeñas."
castilla_leon,Castrillo de Duero,"e-distribución Redes Digitales, S.L.U.",regional_default_candidate,exclude_from_bulk_import,no,e-distribución — distribución eléctrica,https://www.edistribucion.com/es/conocenos/instalaciones-distribucion-red/distribucion-electrica.html,official_distributor_public,2026-05-06,"No incluir en bloque e-distribución; revisar aparte por solapes grandes con i-DE, UFD y pequeñas."
castilla_leon,Castrillo de la Guareña,"e-distribución Redes Digitales, S.L.U.",regional_default_candidate,exclude_from_bulk_import,no,e-distribución — distribución eléctrica,https://www.edistribucion.com/es/conocenos/instalaciones-distribucion-red/distribucion-electrica.html,official_distributor_public,2026-05-06,"No incluir en bloque e-distribución; revisar aparte por solapes grandes con i-DE, UFD y pequeñas."
castilla_leon,Castrillo de la Reina,"e-distribución Redes Digitales, S.L.U.",regional_default_candidate,exclude_from_bulk_import,no,e-distribución — distribución eléctrica,https://www.edistribucion.com/es/conocenos/instalaciones-distribucion-red/distribucion-electrica.html,official_distributor_public,2026-05-06,"No incluir en bloque e-distribución; revisar aparte por solapes grandes con i-DE, UFD y pequeñas."
castilla_leon,Castrillo de la Valduerna,"e-distribución Redes Digitales, S.L.U.",regional_default_candidate,exclude_from_bulk_import,no,e-distribución — distribución eléctrica,https://www.edistribucion.com/es/conocenos/instalaciones-distribucion-red/distribucion-electrica.html,official_distributor_public,2026-05-06,"No incluir en bloque e-distribución; revisar aparte por solapes grandes con i-DE, UFD y pequeñas."
castilla_leon,Castrillo de la Vega,"e-distribución Redes Digitales, S.L.U.",regional_default_candidate,exclude_from_bulk_import,no,e-distribución — distribución eléctrica,https://www.edistribucion.com/es/conocenos/instalaciones-distribucion-red/distribucion-electrica.html,official_distributor_public,2026-05-06,"No incluir en bloque e-distribución; revisar aparte por solapes grandes con i-DE, UFD y pequeñas."
castilla_leon,Castrillo de Onielo,"e-distribución Redes Digitales, S.L.U.",regional_default_candidate,exclude_from_bulk_import,no,e-distribución — distribución eléctrica,https://www.edistribucion.com/es/conocenos/instalaciones-distribucion-red/distribucion-electrica.html,official_distributor_public,2026-05-06,"No incluir en bloque e-distribución; revisar aparte por solapes grandes con i-DE, UFD y pequeñas."
castilla_leon,Castrillo de Riopisuerga,"e-distribución Redes Digitales, S.L.U.",regional_default_candidate,exclude_from_bulk_import,no,e-distribución — distribución eléctrica,https://www.edistribucion.com/es/conocenos/instalaciones-distribucion-red/distribucion-electrica.html,official_distributor_public,2026-05-06,"No incluir en bloque e-distribución; revisar aparte por solapes grandes con i-DE, UFD y pequeñas."
castilla_leon,Castrillo de Villavega,"e-distribución Redes Digitales, S.L.U.",regional_default_candidate,exclude_from_bulk_import,no,e-distribución — distribución eléctrica,https://www.edistribucion.com/es/conocenos/instalaciones-distribucion-red/distribucion-electrica.html,official_distributor_public,2026-05-06,"No incluir en bloque e-distribución; revisar aparte por solapes grandes con i-DE, UFD y pequeñas."
castilla_leon,Castrillo del Val,"e-distribución Redes Digitales, S.L.U.",regional_default_candidate,exclude_from_bulk_import,no,e-distribución — distribución eléctrica,https://www.edistribucion.com/es/conocenos/instalaciones-distribucion-red/distribucion-electrica.html,official_distributor_public,2026-05-06,"No incluir en bloque e-distribución; revisar aparte por solapes grandes con i-DE, UFD y pequeñas."
castilla_leon,Castrillo Mota de Judíos,"e-distribución Redes Digitales, S.L.U.",regional_default_candidate,exclude_from_bulk_import,no,e-distribución — distribución eléctrica,https://www.edistribucion.com/es/conocenos/instalaciones-distribucion-red/distribucion-electrica.html,official_distributor_public,2026-05-06,"No incluir en bloque e-distribución; revisar aparte por solapes grandes con i-DE, UFD y pequeñas."
castilla_leon,Castrillo-Tejeriego,"e-distribución Redes Digitales, S.L.U.",regional_default_candidate,exclude_from_bulk_import,no,e-distribución — distribución eléctrica,https://www.edistribucion.com/es/conocenos/instalaciones-distribucion-red/distribucion-electrica.html,official_distributor_public,2026-05-06,"No incluir en bloque e-distribución; revisar aparte por solapes grandes con i-DE, UFD y pequeñas."
castilla_leon,Castro de Fuentidueña,"e-distribución Redes Digitales, S.L.U.",regional_default_candidate,exclude_from_bulk_import,no,e-distribución — distribución eléctrica,https://www.edistribucion.com/es/conocenos/instalaciones-distribucion-red/distribucion-electrica.html,official_distributor_public,2026-05-06,"No incluir en bloque e-distribución; revisar aparte por solapes grandes con i-DE, UFD y pequeñas."
castilla_leon,Castrobol,"e-distribución Redes Digitales, S.L.U.",regional_default_candidate,exclude_from_bulk_import,no,e-distribución — distribución eléctrica,https://www.edistribucion.com/es/conocenos/instalaciones-distribucion-red/distribucion-electrica.html,official_distributor_public,2026-05-06,"No incluir en bloque e-distribución; revisar aparte por solapes grandes con i-DE, UFD y pequeñas."
castilla_leon,Castrocalbón,"e-distribución Redes Digitales, S.L.U.",regional_default_candidate,exclude_from_bulk_import,no,e-distribución — distribución eléctrica,https://www.edistribucion.com/es/conocenos/instalaciones-distribucion-red/distribucion-electrica.html,official_distributor_public,2026-05-06,"No incluir en bloque e-distribución; revisar aparte por solapes grandes con i-DE, UFD y pequeñas."
castilla_leon,Castrocontrigo,"e-distribución Redes Digitales, S.L.U.",regional_default_candidate,exclude_from_bulk_import,no,e-distribución — distribución eléctrica,https://www.edistribucion.com/es/conocenos/instalaciones-distribucion-red/distribucion-electrica.html,official_distributor_public,2026-05-06,"No incluir en bloque e-distribución; revisar aparte por solapes grandes con i-DE, UFD y pequeñas."
castilla_leon,Castrodeza,"e-distribución Redes Digitales, S.L.U.",regional_default_candidate,exclude_from_bulk_import,no,e-distribución — distribución eléctrica,https://www.edistribucion.com/es/conocenos/instalaciones-distribucion-red/distribucion-electrica.html,official_distributor_public,2026-05-06,"No incluir en bloque e-distribución; revisar aparte por solapes grandes con i-DE, UFD y pequeñas."
castilla_leon,Castrogonzalo,"e-distribución Redes Digitales, S.L.U.",regional_default_candidate,exclude_from_bulk_import,no,e-distribución — distribución eléctrica,https://www.edistribucion.com/es/conocenos/instalaciones-distribucion-red/distribucion-electrica.html,official_distributor_public,2026-05-06,"No incluir en bloque e-distribución; revisar aparte por solapes grandes con i-DE, UFD y pequeñas."
castilla_leon,Castrojeriz,"e-distribución Redes Digitales, S.L.U.",regional_default_candidate,exclude_from_bulk_import,no,e-distribución — distribución eléctrica,https://www.edistribucion.com/es/conocenos/instalaciones-distribucion-red/distribucion-electrica.html,official_distributor_public,2026-05-06,"No incluir en bloque e-distribución; revisar aparte por solapes grandes con i-DE, UFD y pequeñas."
castilla_leon,Castrojimeno,"e-distribución Redes Digitales, S.L.U.",regional_default_candidate,exclude_from_bulk_import,no,e-distribución — distribución eléctrica,https://www.edistribucion.com/es/conocenos/instalaciones-distribucion-red/distribucion-electrica.html,official_distributor_public,2026-05-06,"No incluir en bloque e-distribución; revisar aparte por solapes grandes con i-DE, UFD y pequeñas."
castilla_leon,Castromembibre,"e-distribución Redes Digitales, S.L.U.",regional_default_candidate,exclude_from_bulk_import,no,e-distribución — distribución eléctrica,https://www.edistribucion.com/es/conocenos/instalaciones-distribucion-red/distribucion-electrica.html,official_distributor_public,2026-05-06,"No incluir en bloque e-distribución; revisar aparte por solapes grandes con i-DE, UFD y pequeñas."
castilla_leon,Castromocho,"e-distribución Redes Digitales, S.L.U.",regional_default_candidate,exclude_from_bulk_import,no,e-distribución — distribución eléctrica,https://www.edistribucion.com/es/conocenos/instalaciones-distribucion-red/distribucion-electrica.html,official_distributor_public,2026-05-06,"No incluir en bloque e-distribución; revisar aparte por solapes grandes con i-DE, UFD y pequeñas."
castilla_leon,Castromonte,"e-distribución Redes Digitales, S.L.U.",regional_default_candidate,exclude_from_bulk_import,no,e-distribución — distribución eléctrica,https://www.edistribucion.com/es/conocenos/instalaciones-distribucion-red/distribucion-electrica.html,official_distributor_public,2026-05-06,"No incluir en bloque e-distribución; revisar aparte por solapes grandes con i-DE, UFD y pequeñas."
castilla_leon,Castronuevo,"e-distribución Redes Digitales, S.L.U.",regional_default_candidate,exclude_from_bulk_import,no,e-distribución — distribución eléctrica,https://www.edistribucion.com/es/conocenos/instalaciones-distribucion-red/distribucion-electrica.html,official_distributor_public,2026-05-06,"No incluir en bloque e-distribución; revisar aparte por solapes grandes con i-DE, UFD y pequeñas."
castilla_leon,Castronuevo de Esgueva,"e-distribución Redes Digitales, S.L.U.",regional_default_candidate,exclude_from_bulk_import,no,e-distribución — distribución eléctrica,https://www.edistribucion.com/es/conocenos/instalaciones-distribucion-red/distribucion-electrica.html,official_distributor_public,2026-05-06,"No incluir en bloque e-distribución; revisar aparte por solapes grandes con i-DE, UFD y pequeñas."
castilla_leon,Castronuño,"e-distribución Redes Digitales, S.L.U.",regional_default_candidate,exclude_from_bulk_import,no,e-distribución — distribución eléctrica,https://www.edistribucion.com/es/conocenos/instalaciones-distribucion-red/distribucion-electrica.html,official_distributor_public,2026-05-06,"No incluir en bloque e-distribución; revisar aparte por solapes grandes con i-DE, UFD y pequeñas."
castilla_leon,Castropodame,"e-distribución Redes Digitales, S.L.U.",regional_default_candidate,exclude_from_bulk_import,no,e-distribución — distribución eléctrica,https://www.edistribucion.com/es/conocenos/instalaciones-distribucion-red/distribucion-electrica.html,official_distributor_public,2026-05-06,"No incluir en bloque e-distribución; revisar aparte por solapes grandes con i-DE, UFD y pequeñas."
castilla_leon,Castroponce,"e-distribución Redes Digitales, S.L.U.",regional_default_candidate,exclude_from_bulk_import,no,e-distribución — distribución eléctrica,https://www.edistribucion.com/es/conocenos/instalaciones-distribucion-red/distribucion-electrica.html,official_distributor_public,2026-05-06,"No incluir en bloque e-distribución; revisar aparte por solapes grandes con i-DE, UFD y pequeñas."
castilla_leon,Castroserna de Abajo,"e-distribución Redes Digitales, S.L.U.",regional_default_candidate,exclude_from_bulk_import,no,e-distribución — distribución eléctrica,https://www.edistribucion.com/es/conocenos/instalaciones-distribucion-red/distribucion-electrica.html,official_distributor_public,2026-05-06,"No incluir en bloque e-distribución; revisar aparte por solapes grandes con i-DE, UFD y pequeñas."
castilla_leon,Castroserracín,"e-distribución Redes Digitales, S.L.U.",regional_default_candidate,exclude_from_bulk_import,no,e-distribución — distribución eléctrica,https://www.edistribucion.com/es/conocenos/instalaciones-distribucion-red/distribucion-electrica.html,official_distributor_public,2026-05-06,"No incluir en bloque e-distribución; revisar aparte por solapes grandes con i-DE, UFD y pequeñas."
castilla_leon,Castrotierra de Valmadrigal,"e-distribución Redes Digitales, S.L.U.",regional_default_candidate,exclude_from_bulk_import,no,e-distribución — distribución eléctrica,https://www.edistribucion.com/es/conocenos/instalaciones-distribucion-red/distribucion-electrica.html,official_distributor_public,2026-05-06,"No incluir en bloque e-distribución; revisar aparte por solapes grandes con i-DE, UFD y pequeñas."
castilla_leon,Castroverde de Campos,"e-distribución Redes Digitales, S.L.U.",regional_default_candidate,exclude_from_bulk_import,no,e-distribución — distribución eléctrica,https://www.edistribucion.com/es/conocenos/instalaciones-distribucion-red/distribucion-electrica.html,official_distributor_public,2026-05-06,"No incluir en bloque e-distribución; revisar aparte por solapes grandes con i-DE, UFD y pequeñas."
castilla_leon,Castroverde de Cerrato,"e-distribución Redes Digitales, S.L.U.",regional_default_candidate,exclude_from_bulk_import,no,e-distribución — distribución eléctrica,https://www.edistribucion.com/es/conocenos/instalaciones-distribucion-red/distribucion-electrica.html,official_distributor_public,2026-05-06,"No incluir en bloque e-distribución; revisar aparte por solapes grandes con i-DE, UFD y pequeñas."
castilla_leon,Cavia,"e-distribución Redes Digitales, S.L.U.",regional_default_candidate,exclude_from_bulk_import,no,e-distribución — distribución eléctrica,https://www.edistribucion.com/es/conocenos/instalaciones-distribucion-red/distribucion-electrica.html,official_distributor_public,2026-05-06,"No incluir en bloque e-distribución; revisar aparte por solapes grandes con i-DE, UFD y pequeñas."
castilla_leon,Cayuela,"e-distribución Redes Digitales, S.L.U.",regional_default_candidate,exclude_from_bulk_import,no,e-distribución — distribución eléctrica,https://www.edistribucion.com/es/conocenos/instalaciones-distribucion-red/distribucion-electrica.html,official_distributor_public,2026-05-06,"No incluir en bloque e-distribución; revisar aparte por solapes grandes con i-DE, UFD y pequeñas."
castilla_leon,Cazurra,"e-distribución Redes Digitales, S.L.U.",regional_default_candidate,exclude_from_bulk_import,no,e-distribución — distribución eléctrica,https://www.edistribucion.com/es/conocenos/instalaciones-distribucion-red/distribucion-electrica.html,official_distributor_public,2026-05-06,"No incluir en bloque e-distribución; revisar aparte por solapes grandes con i-DE, UFD y pequeñas."
castilla_leon,Cea,"e-distribución Redes Digitales, S.L.U.",regional_default_candidate,exclude_from_bulk_import,no,e-distribución — distribución eléctrica,https://www.edistribucion.com/es/conocenos/instalaciones-distribucion-red/distribucion-electrica.html,official_distributor_public,2026-05-06,"No incluir en bloque e-distribución; revisar aparte por solapes grandes con i-DE, UFD y pequeñas."
castilla_leon,Cebanico,"e-distribución Redes Digitales, S.L.U.",regional_default_candidate,exclude_from_bulk_import,no,e-distribución — distribución eléctrica,https://www.edistribucion.com/es/conocenos/instalaciones-distribucion-red/distribucion-electrica.html,official_distributor_public,2026-05-06,"No incluir en bloque e-distribución; revisar aparte por solapes grandes con i-DE, UFD y pequeñas."
castilla_leon,Cebrecos,"e-distribución Redes Digitales, S.L.U.",regional_default_candidate,exclude_from_bulk_import,no,e-distribución — distribución eléctrica,https://www.edistribucion.com/es/conocenos/instalaciones-distribucion-red/distribucion-electrica.html,official_distributor_public,2026-05-06,"No incluir en bloque e-distribución; revisar aparte por solapes grandes con i-DE, UFD y pequeñas."
castilla_leon,Cebreros,"e-distribución Redes Digitales, S.L.U.",regional_default_candidate,exclude_from_bulk_import,no,e-distribución — distribución eléctrica,https://www.edistribucion.com/es/conocenos/instalaciones-distribucion-red/distribucion-electrica.html,official_distributor_public,2026-05-06,"No incluir en bloque e-distribución; revisar aparte por solapes grandes con i-DE, UFD y pequeñas."
castilla_leon,Cebrones del Río,"e-distribución Redes Digitales, S.L.U.",regional_default_candidate,exclude_from_bulk_import,no,e-distribución — distribución eléctrica,https://www.edistribucion.com/es/conocenos/instalaciones-distribucion-red/distribucion-electrica.html,official_distributor_public,2026-05-06,"No incluir en bloque e-distribución; revisar aparte por solapes grandes con i-DE, UFD y pequeñas."
castilla_leon,Cedillo de la Torre,"e-distribución Redes Digitales, S.L.U.",regional_default_candidate,exclude_from_bulk_import,no,e-distribución — distribución eléctrica,https://www.edistribucion.com/es/conocenos/instalaciones-distribucion-red/distribucion-electrica.html,official_distributor_public,2026-05-06,"No incluir en bloque e-distribución; revisar aparte por solapes grandes con i-DE, UFD y pequeñas."
castilla_leon,Ceinos de Campos,"e-distribución Redes Digitales, S.L.U.",regional_default_candidate,exclude_from_bulk_import,no,e-distribución — distribución eléctrica,https://www.edistribucion.com/es/conocenos/instalaciones-distribucion-red/distribucion-electrica.html,official_distributor_public,2026-05-06,"No incluir en bloque e-distribución; revisar aparte por solapes grandes con i-DE, UFD y pequeñas."
castilla_leon,Celada del Camino,"e-distribución Redes Digitales, S.L.U.",regional_default_candidate,exclude_from_bulk_import,no,e-distribución — distribución eléctrica,https://www.edistribucion.com/es/conocenos/instalaciones-distribucion-red/distribucion-electrica.html,official_distributor_public,2026-05-06,"No incluir en bloque e-distribución; revisar aparte por solapes grandes con i-DE, UFD y pequeñas."
castilla_leon,Centenera de Andaluz,"e-distribución Redes Digitales, S.L.U.",regional_default_candidate,exclude_from_bulk_import,no,e-distribución — distribución eléctrica,https://www.edistribucion.com/es/conocenos/instalaciones-distribucion-red/distribucion-electrica.html,official_distributor_public,2026-05-06,"No incluir en bloque e-distribución; revisar aparte por solapes grandes con i-DE, UFD y pequeñas."
castilla_leon,Cepeda,"e-distribución Redes Digitales, S.L.U.",regional_default_candidate,exclude_from_bulk_import,no,e-distribución — distribución eléctrica,https://www.edistribucion.com/es/conocenos/instalaciones-distribucion-red/distribucion-electrica.html,official_distributor_public,2026-05-06,"No incluir en bloque e-distribución; revisar aparte por solapes grandes con i-DE, UFD y pequeñas."
castilla_leon,Cepeda la Mora,"e-distribución Redes Digitales, S.L.U.",regional_default_candidate,exclude_from_bulk_import,no,e-distribución — distribución eléctrica,https://www.edistribucion.com/es/conocenos/instalaciones-distribucion-red/distribucion-electrica.html,official_distributor_public,2026-05-06,"No incluir en bloque e-distribución; revisar aparte por solapes grandes con i-DE, UFD y pequeñas."
castilla_leon,Cerbón,"e-distribución Redes Digitales, S.L.U.",regional_default_candidate,exclude_from_bulk_import,no,e-distribución — distribución eléctrica,https://www.edistribucion.com/es/conocenos/instalaciones-distribucion-red/distribucion-electrica.html,official_distributor_public,2026-05-06,"No incluir en bloque e-distribución; revisar aparte por solapes grandes con i-DE, UFD y pequeñas."
castilla_leon,Cereceda de la Sierra,"e-distribución Redes Digitales, S.L.U.",regional_default_candidate,exclude_from_bulk_import,no,e-distribución — distribución eléctrica,https://www.edistribucion.com/es/conocenos/instalaciones-distribucion-red/distribucion-electrica.html,official_distributor_public,2026-05-06,"No incluir en bloque e-distribución; revisar aparte por solapes grandes con i-DE, UFD y pequeñas."
castilla_leon,Cerecinos de Campos,"e-distribución Redes Digitales, S.L.U.",regional_default_candidate,exclude_from_bulk_import,no,e-distribución — distribución eléctrica,https://www.edistribucion.com/es/conocenos/instalaciones-distribucion-red/distribucion-electrica.html,official_distributor_public,2026-05-06,"No incluir en bloque e-distribución; revisar aparte por solapes grandes con i-DE, UFD y pequeñas."
castilla_leon,Cerecinos del Carrizal,"e-distribución Redes Digitales, S.L.U.",regional_default_candidate,exclude_from_bulk_import,no,e-distribución — distribución eléctrica,https://www.edistribucion.com/es/conocenos/instalaciones-distribucion-red/distribucion-electrica.html,official_distributor_public,2026-05-06,"No incluir en bloque e-distribución; revisar aparte por solapes grandes con i-DE, UFD y pequeñas."
castilla_leon,Cerezal de Peñahorcada,"e-distribución Redes Digitales, S.L.U.",regional_default_candidate,exclude_from_bulk_import,no,e-distribución — distribución eléctrica,https://www.edistribucion.com/es/conocenos/instalaciones-distribucion-red/distribucion-electrica.html,official_distributor_public,2026-05-06,"No incluir en bloque e-distribución; revisar aparte por solapes grandes con i-DE, UFD y pequeñas."
castilla_leon,Cerezo de Abajo,"e-distribución Redes Digitales, S.L.U.",regional_default_candidate,exclude_from_bulk_import,no,e-distribución — distribución eléctrica,https://www.edistribucion.com/es/conocenos/instalaciones-distribucion-red/distribucion-electrica.html,official_distributor_public,2026-05-06,"No incluir en bloque e-distribución; revisar aparte por solapes grandes con i-DE, UFD y pequeñas."
castilla_leon,Cerezo de Arriba,"e-distribución Redes Digitales, S.L.U.",regional_default_candidate,exclude_from_bulk_import,no,e-distribución — distribución eléctrica,https://www.edistribucion.com/es/conocenos/instalaciones-distribucion-red/distribucion-electrica.html,official_distributor_public,2026-05-06,"No incluir en bloque e-distribución; revisar aparte por solapes grandes con i-DE, UFD y pequeñas."
castilla_leon,Cerezo de Río Tirón,"e-distribución Redes Digitales, S.L.U.",regional_default_candidate,exclude_from_bulk_import,no,e-distribución — distribución eléctrica,https://www.edistribucion.com/es/conocenos/instalaciones-distribucion-red/distribucion-electrica.html,official_distributor_public,2026-05-06,"No incluir en bloque e-distribución; revisar aparte por solapes grandes con i-DE, UFD y pequeñas."
castilla_leon,Cernadilla,"e-distribución Redes Digitales, S.L.U.",regional_default_candidate,exclude_from_bulk_import,no,e-distribución — distribución eléctrica,https://www.edistribucion.com/es/conocenos/instalaciones-distribucion-red/distribucion-electrica.html,official_distributor_public,2026-05-06,"No incluir en bloque e-distribución; revisar aparte por solapes grandes con i-DE, UFD y pequeñas."
castilla_leon,Cerralbo,"e-distribución Redes Digitales, S.L.U.",regional_default_candidate,exclude_from_bulk_import,no,e-distribución — distribución eléctrica,https://www.edistribucion.com/es/conocenos/instalaciones-distribucion-red/distribucion-electrica.html,official_distributor_public,2026-05-06,"No incluir en bloque e-distribución; revisar aparte por solapes grandes con i-DE, UFD y pequeñas."
castilla_leon,Cerratón de Juarros,"e-distribución Redes Digitales, S.L.U.",regional_default_candidate,exclude_from_bulk_import,no,e-distribución — distribución eléctrica,https://www.edistribucion.com/es/conocenos/instalaciones-distribucion-red/distribucion-electrica.html,official_distributor_public,2026-05-06,"No incluir en bloque e-distribución; revisar aparte por solapes grandes con i-DE, UFD y pequeñas."
castilla_leon,Cervatos de la Cueza,"e-distribución Redes Digitales, S.L.U.",regional_default_candidate,exclude_from_bulk_import,no,e-distribución — distribución eléctrica,https://www.edistribucion.com/es/conocenos/instalaciones-distribucion-red/distribucion-electrica.html,official_distributor_public,2026-05-06,"No incluir en bloque e-distribución; revisar aparte por solapes grandes con i-DE, UFD y pequeñas."
castilla_leon,Cervera de Pisuerga,"e-distribución Redes Digitales, S.L.U.",regional_default_candidate,exclude_from_bulk_import,no,e-distribución — distribución eléctrica,https://www.edistribucion.com/es/conocenos/instalaciones-distribucion-red/distribucion-electrica.html,official_distributor_public,2026-05-06,"No incluir en bloque e-distribución; revisar aparte por solapes grandes con i-DE, UFD y pequeñas."
castilla_leon,Cervillego de la Cruz,"e-distribución Redes Digitales, S.L.U.",regional_default_candidate,exclude_from_bulk_import,no,e-distribución — distribución eléctrica,https://www.edistribucion.com/es/conocenos/instalaciones-distribucion-red/distribucion-electrica.html,official_distributor_public,2026-05-06,"No incluir en bloque e-distribución; revisar aparte por solapes grandes con i-DE, UFD y pequeñas."
castilla_leon,Cespedosa de Tormes,"e-distribución Redes Digitales, S.L.U.",regional_default_candidate,exclude_from_bulk_import,no,e-distribución — distribución eléctrica,https://www.edistribucion.com/es/conocenos/instalaciones-distribucion-red/distribucion-electrica.html,official_distributor_public,2026-05-06,"No incluir en bloque e-distribución; revisar aparte por solapes grandes con i-DE, UFD y pequeñas."
castilla_leon,Cevico de la Torre,"e-distribución Redes Digitales, S.L.U.",regional_default_candidate,exclude_from_bulk_import,no,e-distribución — distribución eléctrica,https://www.edistribucion.com/es/conocenos/instalaciones-distribucion-red/distribucion-electrica.html,official_distributor_public,2026-05-06,"No incluir en bloque e-distribución; revisar aparte por solapes grandes con i-DE, UFD y pequeñas."
castilla_leon,Cevico Navero,"e-distribución Redes Digitales, S.L.U.",regional_default_candidate,exclude_from_bulk_import,no,e-distribución — distribución eléctrica,https://www.edistribucion.com/es/conocenos/instalaciones-distribucion-red/distribucion-electrica.html,official_distributor_public,2026-05-06,"No incluir en bloque e-distribución; revisar aparte por solapes grandes con i-DE, UFD y pequeñas."
castilla_leon,Chagarcía Medianero,"e-distribución Redes Digitales, S.L.U.",regional_default_candidate,exclude_from_bulk_import,no,e-distribución — distribución eléctrica,https://www.edistribucion.com/es/conocenos/instalaciones-distribucion-red/distribucion-electrica.html,official_distributor_public,2026-05-06,"No incluir en bloque e-distribución; revisar aparte por solapes grandes con i-DE, UFD y pequeñas."
castilla_leon,Chamartín,"e-distribución Redes Digitales, S.L.U.",regional_default_candidate,exclude_from_bulk_import,no,e-distribución — distribución eléctrica,https://www.edistribucion.com/es/conocenos/instalaciones-distribucion-red/distribucion-electrica.html,official_distributor_public,2026-05-06,"No incluir en bloque e-distribución; revisar aparte por solapes grandes con i-DE, UFD y pequeñas."
castilla_leon,Chañe,"e-distribución Redes Digitales, S.L.U.",regional_default_candidate,exclude_from_bulk_import,no,e-distribución — distribución eléctrica,https://www.edistribucion.com/es/conocenos/instalaciones-distribucion-red/distribucion-electrica.html,official_distributor_public,2026-05-06,"No incluir en bloque e-distribución; revisar aparte por solapes grandes con i-DE, UFD y pequeñas."
castilla_leon,Chozas de Abajo,"e-distribución Redes Digitales, S.L.U.",regional_default_candidate,exclude_from_bulk_import,no,e-distribución — distribución eléctrica,https://www.edistribucion.com/es/conocenos/instalaciones-distribucion-red/distribucion-electrica.html,official_distributor_public,2026-05-06,"No incluir en bloque e-distribución; revisar aparte por solapes grandes con i-DE, UFD y pequeñas."
castilla_leon,Ciadoncha,"e-distribución Redes Digitales, S.L.U.",regional_default_candidate,exclude_from_bulk_import,no,e-distribución — distribución eléctrica,https://www.edistribucion.com/es/conocenos/instalaciones-distribucion-red/distribucion-electrica.html,official_distributor_public,2026-05-06,"No incluir en bloque e-distribución; revisar aparte por solapes grandes con i-DE, UFD y pequeñas."
castilla_leon,Cidones,"e-distribución Redes Digitales, S.L.U.",regional_default_candidate,exclude_from_bulk_import,no,e-distribución — distribución eléctrica,https://www.edistribucion.com/es/conocenos/instalaciones-distribucion-red/distribucion-electrica.html,official_distributor_public,2026-05-06,"No incluir en bloque e-distribución; revisar aparte por solapes grandes con i-DE, UFD y pequeñas."
castilla_leon,Cigales,"e-distribución Redes Digitales, S.L.U.",regional_default_candidate,exclude_from_bulk_import,no,e-distribución — distribución eléctrica,https://www.edistribucion.com/es/conocenos/instalaciones-distribucion-red/distribucion-electrica.html,official_distributor_public,2026-05-06,"No incluir en bloque e-distribución; revisar aparte por solapes grandes con i-DE, UFD y pequeñas."
castilla_leon,Cigudosa,"e-distribución Redes Digitales, S.L.U.",regional_default_candidate,exclude_from_bulk_import,no,e-distribución — distribución eléctrica,https://www.edistribucion.com/es/conocenos/instalaciones-distribucion-red/distribucion-electrica.html,official_distributor_public,2026-05-06,"No incluir en bloque e-distribución; revisar aparte por solapes grandes con i-DE, UFD y pequeñas."
castilla_leon,Ciguñuela,"e-distribución Redes Digitales, S.L.U.",regional_default_candidate,exclude_from_bulk_import,no,e-distribución — distribución eléctrica,https://www.edistribucion.com/es/conocenos/instalaciones-distribucion-red/distribucion-electrica.html,official_distributor_public,2026-05-06,"No incluir en bloque e-distribución; revisar aparte por solapes grandes con i-DE, UFD y pequeñas."
castilla_leon,Cihuela,"e-distribución Redes Digitales, S.L.U.",regional_default_candidate,exclude_from_bulk_import,no,e-distribución — distribución eléctrica,https://www.edistribucion.com/es/conocenos/instalaciones-distribucion-red/distribucion-electrica.html,official_distributor_public,2026-05-06,"No incluir en bloque e-distribución; revisar aparte por solapes grandes con i-DE, UFD y pequeñas."
castilla_leon,Cillán,"e-distribución Redes Digitales, S.L.U.",regional_default_candidate,exclude_from_bulk_import,no,e-distribución — distribución eléctrica,https://www.edistribucion.com/es/conocenos/instalaciones-distribucion-red/distribucion-electrica.html,official_distributor_public,2026-05-06,"No incluir en bloque e-distribución; revisar aparte por solapes grandes con i-DE, UFD y pequeñas."
castilla_leon,Cillaperlata,"e-distribución Redes Digitales, S.L.U.",regional_default_candidate,exclude_from_bulk_import,no,e-distribución — distribución eléctrica,https://www.edistribucion.com/es/conocenos/instalaciones-distribucion-red/distribucion-electrica.html,official_distributor_public,2026-05-06,"No incluir en bloque e-distribución; revisar aparte por solapes grandes con i-DE, UFD y pequeñas."
castilla_leon,Cilleros de la Bastida,"e-distribución Redes Digitales, S.L.U.",regional_default_candidate,exclude_from_bulk_import,no,e-distribución — distribución eléctrica,https://www.edistribucion.com/es/conocenos/instalaciones-distribucion-red/distribucion-electrica.html,official_distributor_public,2026-05-06,"No incluir en bloque e-distribución; revisar aparte por solapes grandes con i-DE, UFD y pequeñas."
castilla_leon,Cilleruelo de Abajo,"e-distribución Redes Digitales, S.L.U.",regional_default_candidate,exclude_from_bulk_import,no,e-distribución — distribución eléctrica,https://www.edistribucion.com/es/conocenos/instalaciones-distribucion-red/distribucion-electrica.html,official_distributor_public,2026-05-06,"No incluir en bloque e-distribución; revisar aparte por solapes grandes con i-DE, UFD y pequeñas."
castilla_leon,Cilleruelo de Arriba,"e-distribución Redes Digitales, S.L.U.",regional_default_candidate,exclude_from_bulk_import,no,e-distribución — distribución eléctrica,https://www.edistribucion.com/es/conocenos/instalaciones-distribucion-red/distribucion-electrica.html,official_distributor_public,2026-05-06,"No incluir en bloque e-distribución; revisar aparte por solapes grandes con i-DE, UFD y pequeñas."
castilla_leon,Cilleruelo de San Mamés,"e-distribución Redes Digitales, S.L.U.",regional_default_candidate,exclude_from_bulk_import,no,e-distribución — distribución eléctrica,https://www.edistribucion.com/es/conocenos/instalaciones-distribucion-red/distribucion-electrica.html,official_distributor_public,2026-05-06,"No incluir en bloque e-distribución; revisar aparte por solapes grandes con i-DE, UFD y pequeñas."
castilla_leon,Cimanes de la Vega,"e-distribución Redes Digitales, S.L.U.",regional_default_candidate,exclude_from_bulk_import,no,e-distribución — distribución eléctrica,https://www.edistribucion.com/es/conocenos/instalaciones-distribucion-red/distribucion-electrica.html,official_distributor_public,2026-05-06,"No incluir en bloque e-distribución; revisar aparte por solapes grandes con i-DE, UFD y pequeñas."
castilla_leon,Cimanes del Tejar,"e-distribución Redes Digitales, S.L.U.",regional_default_candidate,exclude_from_bulk_import,no,e-distribución — distribución eléctrica,https://www.edistribucion.com/es/conocenos/instalaciones-distribucion-red/distribucion-electrica.html,official_distributor_public,2026-05-06,"No incluir en bloque e-distribución; revisar aparte por solapes grandes con i-DE, UFD y pequeñas."
castilla_leon,Cipérez,"e-distribución Redes Digitales, S.L.U.",regional_default_candidate,exclude_from_bulk_import,no,e-distribución — distribución eléctrica,https://www.edistribucion.com/es/conocenos/instalaciones-distribucion-red/distribucion-electrica.html,official_distributor_public,2026-05-06,"No incluir en bloque e-distribución; revisar aparte por solapes grandes con i-DE, UFD y pequeñas."
castilla_leon,Ciria,"e-distribución Redes Digitales, S.L.U.",regional_default_candidate,exclude_from_bulk_import,no,e-distribución — distribución eléctrica,https://www.edistribucion.com/es/conocenos/instalaciones-distribucion-red/distribucion-electrica.html,official_distributor_public,2026-05-06,"No incluir en bloque e-distribución; revisar aparte por solapes grandes con i-DE, UFD y pequeñas."
castilla_leon,Ciruelos de Cervera,"e-distribución Redes Digitales, S.L.U.",regional_default_candidate,exclude_from_bulk_import,no,e-distribución — distribución eléctrica,https://www.edistribucion.com/es/conocenos/instalaciones-distribucion-red/distribucion-electrica.html,official_distributor_public,2026-05-06,"No incluir en bloque e-distribución; revisar aparte por solapes grandes con i-DE, UFD y pequeñas."
castilla_leon,Cirujales del Río,"e-distribución Redes Digitales, S.L.U.",regional_default_candidate,exclude_from_bulk_import,no,e-distribución — distribución eléctrica,https://www.edistribucion.com/es/conocenos/instalaciones-distribucion-red/distribucion-electrica.html,official_distributor_public,2026-05-06,"No incluir en bloque e-distribución; revisar aparte por solapes grandes con i-DE, UFD y pequeñas."
castilla_leon,Cisla,"e-distribución Redes Digitales, S.L.U.",regional_default_candidate,exclude_from_bulk_import,no,e-distribución — distribución eléctrica,https://www.edistribucion.com/es/conocenos/instalaciones-distribucion-red/distribucion-electrica.html,official_distributor_public,2026-05-06,"No incluir en bloque e-distribución; revisar aparte por solapes grandes con i-DE, UFD y pequeñas."
castilla_leon,Cisneros,"e-distribución Redes Digitales, S.L.U.",regional_default_candidate,exclude_from_bulk_import,no,e-distribución — distribución eléctrica,https://www.edistribucion.com/es/conocenos/instalaciones-distribucion-red/distribucion-electrica.html,official_distributor_public,2026-05-06,"No incluir en bloque e-distribución; revisar aparte por solapes grandes con i-DE, UFD y pequeñas."
castilla_leon,Cistérniga,"e-distribución Redes Digitales, S.L.U.",regional_default_candidate,exclude_from_bulk_import,no,e-distribución — distribución eléctrica,https://www.edistribucion.com/es/conocenos/instalaciones-distribucion-red/distribucion-electrica.html,official_distributor_public,2026-05-06,"No incluir en bloque e-distribución; revisar aparte por solapes grandes con i-DE, UFD y pequeñas."
castilla_leon,Cistierna,"e-distribución Redes Digitales, S.L.U.",regional_default_candidate,exclude_from_bulk_import,no,e-distribución — distribución eléctrica,https://www.edistribucion.com/es/conocenos/instalaciones-distribucion-red/distribucion-electrica.html,official_distributor_public,2026-05-06,"No incluir en bloque e-distribución; revisar aparte por solapes grandes con i-DE, UFD y pequeñas."
castilla_leon,Ciudad Rodrigo,"e-distribución Redes Digitales, S.L.U.",regional_default_candidate,exclude_from_bulk_import,no,e-distribución — distribución eléctrica,https://www.edistribucion.com/es/conocenos/instalaciones-distribucion-red/distribucion-electrica.html,official_distributor_public,2026-05-06,"No incluir en bloque e-distribución; revisar aparte por solapes grandes con i-DE, UFD y pequeñas."
castilla_leon,Cobos de Cerrato,"e-distribución Redes Digitales, S.L.U.",regional_default_candidate,exclude_from_bulk_import,no,e-distribución — distribución eléctrica,https://www.edistribucion.com/es/conocenos/instalaciones-distribucion-red/distribucion-electrica.html,official_distributor_public,2026-05-06,"No incluir en bloque e-distribución; revisar aparte por solapes grandes con i-DE, UFD y pequeñas."
castilla_leon,Cobos de Fuentidueña,"e-distribución Redes Digitales, S.L.U.",regional_default_candidate,exclude_from_bulk_import,no,e-distribución — distribución eléctrica,https://www.edistribucion.com/es/conocenos/instalaciones-distribucion-red/distribucion-electrica.html,official_distributor_public,2026-05-06,"No incluir en bloque e-distribución; revisar aparte por solapes grandes con i-DE, UFD y pequeñas."
castilla_leon,Cobreros,"e-distribución Redes Digitales, S.L.U.",regional_default_candidate,exclude_from_bulk_import,no,e-distribución — distribución eléctrica,https://www.edistribucion.com/es/conocenos/instalaciones-distribucion-red/distribucion-electrica.html,official_distributor_public,2026-05-06,"No incluir en bloque e-distribución; revisar aparte por solapes grandes con i-DE, UFD y pequeñas."
castilla_leon,Coca,"e-distribución Redes Digitales, S.L.U.",regional_default_candidate,exclude_from_bulk_import,no,e-distribución — distribución eléctrica,https://www.edistribucion.com/es/conocenos/instalaciones-distribucion-red/distribucion-electrica.html,official_distributor_public,2026-05-06,"No incluir en bloque e-distribución; revisar aparte por solapes grandes con i-DE, UFD y pequeñas."
castilla_leon,Coca de Alba,"e-distribución Redes Digitales, S.L.U.",regional_default_candidate,exclude_from_bulk_import,no,e-distribución — distribución eléctrica,https://www.edistribucion.com/es/conocenos/instalaciones-distribucion-red/distribucion-electrica.html,official_distributor_public,2026-05-06,"No incluir en bloque e-distribución; revisar aparte por solapes grandes con i-DE, UFD y pequeñas."
castilla_leon,Codorniz,"e-distribución Redes Digitales, S.L.U.",regional_default_candidate,exclude_from_bulk_import,no,e-distribución — distribución eléctrica,https://www.edistribucion.com/es/conocenos/instalaciones-distribucion-red/distribucion-electrica.html,official_distributor_public,2026-05-06,"No incluir en bloque e-distribución; revisar aparte por solapes grandes con i-DE, UFD y pequeñas."
castilla_leon,Cogeces de Íscar,"e-distribución Redes Digitales, S.L.U.",regional_default_candidate,exclude_from_bulk_import,no,e-distribución — distribución eléctrica,https://www.edistribucion.com/es/conocenos/instalaciones-distribucion-red/distribucion-electrica.html,official_distributor_public,2026-05-06,"No incluir en bloque e-distribución; revisar aparte por solapes grandes con i-DE, UFD y pequeñas."
castilla_leon,Cogeces del Monte,"e-distribución Redes Digitales, S.L.U.",regional_default_candidate,exclude_from_bulk_import,no,e-distribución — distribución eléctrica,https://www.edistribucion.com/es/conocenos/instalaciones-distribucion-red/distribucion-electrica.html,official_distributor_public,2026-05-06,"No incluir en bloque e-distribución; revisar aparte por solapes grandes con i-DE, UFD y pequeñas."
castilla_leon,Cogollos,"e-distribución Redes Digitales, S.L.U.",regional_default_candidate,exclude_from_bulk_import,no,e-distribución — distribución eléctrica,https://www.edistribucion.com/es/conocenos/instalaciones-distribucion-red/distribucion-electrica.html,official_distributor_public,2026-05-06,"No incluir en bloque e-distribución; revisar aparte por solapes grandes con i-DE, UFD y pequeñas."
castilla_leon,Collado de Contreras,"e-distribución Redes Digitales, S.L.U.",regional_default_candidate,exclude_from_bulk_import,no,e-distribución — distribución eléctrica,https://www.edistribucion.com/es/conocenos/instalaciones-distribucion-red/distribucion-electrica.html,official_distributor_public,2026-05-06,"No incluir en bloque e-distribución; revisar aparte por solapes grandes con i-DE, UFD y pequeñas."
castilla_leon,Collado del Mirón,"e-distribución Redes Digitales, S.L.U.",regional_default_candidate,exclude_from_bulk_import,no,e-distribución — distribución eléctrica,https://www.edistribucion.com/es/conocenos/instalaciones-distribucion-red/distribucion-electrica.html,official_distributor_public,2026-05-06,"No incluir en bloque e-distribución; revisar aparte por solapes grandes con i-DE, UFD y pequeñas."
castilla_leon,Collado Hermoso,"e-distribución Redes Digitales, S.L.U.",regional_default_candidate,exclude_from_bulk_import,no,e-distribución — distribución eléctrica,https://www.edistribucion.com/es/conocenos/instalaciones-distribucion-red/distribucion-electrica.html,official_distributor_public,2026-05-06,"No incluir en bloque e-distribución; revisar aparte por solapes grandes con i-DE, UFD y pequeñas."
castilla_leon,Collazos de Boedo,"e-distribución Redes Digitales, S.L.U.",regional_default_candidate,exclude_from_bulk_import,no,e-distribución — distribución eléctrica,https://www.edistribucion.com/es/conocenos/instalaciones-distribucion-red/distribucion-electrica.html,official_distributor_public,2026-05-06,"No incluir en bloque e-distribución; revisar aparte por solapes grandes con i-DE, UFD y pequeñas."
castilla_leon,Colmenar de Montemayor,"e-distribución Redes Digitales, S.L.U.",regional_default_candidate,exclude_from_bulk_import,no,e-distribución — distribución eléctrica,https://www.edistribucion.com/es/conocenos/instalaciones-distribucion-red/distribucion-electrica.html,official_distributor_public,2026-05-06,"No incluir en bloque e-distribución; revisar aparte por solapes grandes con i-DE, UFD y pequeñas."
castilla_leon,"Comunidad de 09076, 09150 y 09578","e-distribución Redes Digitales, S.L.U.",regional_default_candidate,exclude_from_bulk_import,no,e-distribución — distribución eléctrica,https://www.edistribucion.com/es/conocenos/instalaciones-distribucion-red/distribucion-electrica.html,official_distributor_public,2026-05-06,"No incluir en bloque e-distribución; revisar aparte por solapes grandes con i-DE, UFD y pequeñas."
castilla_leon,"Comunidad de 09076, 09290, 09578, 09606 y 09822","e-distribución Redes Digitales, S.L.U.",regional_default_candidate,exclude_from_bulk_import,no,e-distribución — distribución eléctrica,https://www.edistribucion.com/es/conocenos/instalaciones-distribucion-red/distribucion-electrica.html,official_distributor_public,2026-05-06,"No incluir en bloque e-distribución; revisar aparte por solapes grandes con i-DE, UFD y pequeñas."
castilla_leon,"Comunidad de 09076, 09290, 09578 y 09822","e-distribución Redes Digitales, S.L.U.",regional_default_candidate,exclude_from_bulk_import,no,e-distribución — distribución eléctrica,https://www.edistribucion.com/es/conocenos/instalaciones-distribucion-red/distribucion-electrica.html,official_distributor_public,2026-05-06,"No incluir en bloque e-distribución; revisar aparte por solapes grandes con i-DE, UFD y pequeñas."
castilla_leon,"Comunidad de 09076, 09498 y 09578","e-distribución Redes Digitales, S.L.U.",regional_default_candidate,exclude_from_bulk_import,no,e-distribución — distribución eléctrica,https://www.edistribucion.com/es/conocenos/instalaciones-distribucion-red/distribucion-electrica.html,official_distributor_public,2026-05-06,"No incluir en bloque e-distribución; revisar aparte por solapes grandes con i-DE, UFD y pequeñas."
castilla_leon,"Comunidad de 09076, 09578, 09606 y 09822","e-distribución Redes Digitales, S.L.U.",regional_default_candidate,exclude_from_bulk_import,no,e-distribución — distribución eléctrica,https://www.edistribucion.com/es/conocenos/instalaciones-distribucion-red/distribucion-electrica.html,official_distributor_public,2026-05-06,"No incluir en bloque e-distribución; revisar aparte por solapes grandes con i-DE, UFD y pequeñas."
castilla_leon,"Comunidad de 09314, 09374, 09356 y 09126","e-distribución Redes Digitales, S.L.U.",regional_default_candidate,exclude_from_bulk_import,no,e-distribución — distribución eléctrica,https://www.edistribucion.com/es/conocenos/instalaciones-distribucion-red/distribucion-electrica.html,official_distributor_public,2026-05-06,"No incluir en bloque e-distribución; revisar aparte por solapes grandes con i-DE, UFD y pequeñas."
castilla_leon,Comunidad de Arauzo de Miel y Huerta del Rey,"e-distribución Redes Digitales, S.L.U.",regional_default_candidate,exclude_from_bulk_import,no,e-distribución — distribución eléctrica,https://www.edistribucion.com/es/conocenos/instalaciones-distribucion-red/distribucion-electrica.html,official_distributor_public,2026-05-06,"No incluir en bloque e-distribución; revisar aparte por solapes grandes con i-DE, UFD y pequeñas."
castilla_leon,Comunidad de Barbadillo de Herreros y Vallejimeno (E.L.M.),"e-distribución Redes Digitales, S.L.U.",regional_default_candidate,exclude_from_bulk_import,no,e-distribución — distribución eléctrica,https://www.edistribucion.com/es/conocenos/instalaciones-distribucion-red/distribucion-electrica.html,official_distributor_public,2026-05-06,"No incluir en bloque e-distribución; revisar aparte por solapes grandes con i-DE, UFD y pequeñas."
castilla_leon,Comunidad de Barbadillo del Pez y Jaramillo de la Fuente,"e-distribución Redes Digitales, S.L.U.",regional_default_candidate,exclude_from_bulk_import,no,e-distribución — distribución eléctrica,https://www.edistribucion.com/es/conocenos/instalaciones-distribucion-red/distribucion-electrica.html,official_distributor_public,2026-05-06,"No incluir en bloque e-distribución; revisar aparte por solapes grandes con i-DE, UFD y pequeñas."
castilla_leon,Comunidad de Barbadillo del Pez y Riocavado de la Sierra,"e-distribución Redes Digitales, S.L.U.",regional_default_candidate,exclude_from_bulk_import,no,e-distribución — distribución eléctrica,https://www.edistribucion.com/es/conocenos/instalaciones-distribucion-red/distribucion-electrica.html,official_distributor_public,2026-05-06,"No incluir en bloque e-distribución; revisar aparte por solapes grandes con i-DE, UFD y pequeñas."
castilla_leon,Comunidad de Bascuñana y Viloria de Rioja,"e-distribución Redes Digitales, S.L.U.",regional_default_candidate,exclude_from_bulk_import,no,e-distribución — distribución eléctrica,https://www.edistribucion.com/es/conocenos/instalaciones-distribucion-red/distribucion-electrica.html,official_distributor_public,2026-05-06,"No incluir en bloque e-distribución; revisar aparte por solapes grandes con i-DE, UFD y pequeñas."
castilla_leon,Comunidad de Canicosa de la Sierra y Casarejos,"e-distribución Redes Digitales, S.L.U.",regional_default_candidate,exclude_from_bulk_import,no,e-distribución — distribución eléctrica,https://www.edistribucion.com/es/conocenos/instalaciones-distribucion-red/distribucion-electrica.html,official_distributor_public,2026-05-06,"No incluir en bloque e-distribución; revisar aparte por solapes grandes con i-DE, UFD y pequeñas."
castilla_leon,Comunidad de Canicosa de la Sierra y Vilviestre del Pinar,"e-distribución Redes Digitales, S.L.U.",regional_default_candidate,exclude_from_bulk_import,no,e-distribución — distribución eléctrica,https://www.edistribucion.com/es/conocenos/instalaciones-distribucion-red/distribucion-electrica.html,official_distributor_public,2026-05-06,"No incluir en bloque e-distribución; revisar aparte por solapes grandes con i-DE, UFD y pequeñas."
castilla_leon,Comunidad de Castrotierra de la Valduerna,"e-distribución Redes Digitales, S.L.U.",regional_default_candidate,exclude_from_bulk_import,no,e-distribución — distribución eléctrica,https://www.edistribucion.com/es/conocenos/instalaciones-distribucion-red/distribucion-electrica.html,official_distributor_public,2026-05-06,"No incluir en bloque e-distribución; revisar aparte por solapes grandes con i-DE, UFD y pequeñas."
castilla_leon,Comunidad de Cilleruelo de Arriba y Pineda Trasmonte,"e-distribución Redes Digitales, S.L.U.",regional_default_candidate,exclude_from_bulk_import,no,e-distribución — distribución eléctrica,https://www.edistribucion.com/es/conocenos/instalaciones-distribucion-red/distribucion-electrica.html,official_distributor_public,2026-05-06,"No incluir en bloque e-distribución; revisar aparte por solapes grandes con i-DE, UFD y pequeñas."
castilla_leon,"Comunidad de Covarrubias, Quintanilla del Coco y Retuerta","e-distribución Redes Digitales, S.L.U.",regional_default_candidate,exclude_from_bulk_import,no,e-distribución — distribución eléctrica,https://www.edistribucion.com/es/conocenos/instalaciones-distribucion-red/distribucion-electrica.html,official_distributor_public,2026-05-06,"No incluir en bloque e-distribución; revisar aparte por solapes grandes con i-DE, UFD y pequeñas."
castilla_leon,Comunidad de Cubillo del Campo y Hontoria de la Cantera,"e-distribución Redes Digitales, S.L.U.",regional_default_candidate,exclude_from_bulk_import,no,e-distribución — distribución eléctrica,https://www.edistribucion.com/es/conocenos/instalaciones-distribucion-red/distribucion-electrica.html,official_distributor_public,2026-05-06,"No incluir en bloque e-distribución; revisar aparte por solapes grandes con i-DE, UFD y pequeñas."
castilla_leon,Comunidad de Fuente Carazo,"e-distribución Redes Digitales, S.L.U.",regional_default_candidate,exclude_from_bulk_import,no,e-distribución — distribución eléctrica,https://www.edistribucion.com/es/conocenos/instalaciones-distribucion-red/distribucion-electrica.html,official_distributor_public,2026-05-06,"No incluir en bloque e-distribución; revisar aparte por solapes grandes con i-DE, UFD y pequeñas."
castilla_leon,Comunidad de Gete y Hacinas,"e-distribución Redes Digitales, S.L.U.",regional_default_candidate,exclude_from_bulk_import,no,e-distribución — distribución eléctrica,https://www.edistribucion.com/es/conocenos/instalaciones-distribucion-red/distribucion-electrica.html,official_distributor_public,2026-05-06,"No incluir en bloque e-distribución; revisar aparte por solapes grandes con i-DE, UFD y pequeñas."
castilla_leon,Comunidad de la Aynosa,"e-distribución Redes Digitales, S.L.U.",regional_default_candidate,exclude_from_bulk_import,no,e-distribución — distribución eléctrica,https://www.edistribucion.com/es/conocenos/instalaciones-distribucion-red/distribucion-electrica.html,official_distributor_public,2026-05-06,"No incluir en bloque e-distribución; revisar aparte por solapes grandes con i-DE, UFD y pequeñas."
castilla_leon,Comunidad de Los Ausines y Revilla del Campo,"e-distribución Redes Digitales, S.L.U.",regional_default_candidate,exclude_from_bulk_import,no,e-distribución — distribución eléctrica,https://www.edistribucion.com/es/conocenos/instalaciones-distribucion-red/distribucion-electrica.html,official_distributor_public,2026-05-06,"No incluir en bloque e-distribución; revisar aparte por solapes grandes con i-DE, UFD y pequeñas."
castilla_leon,"Comunidad de Merindad de Río Ubierna, Quintanilla Vivar y Sotragero","e-distribución Redes Digitales, S.L.U.",regional_default_candidate,exclude_from_bulk_import,no,e-distribución — distribución eléctrica,https://www.edistribucion.com/es/conocenos/instalaciones-distribucion-red/distribucion-electrica.html,official_distributor_public,2026-05-06,"No incluir en bloque e-distribución; revisar aparte por solapes grandes con i-DE, UFD y pequeñas."
castilla_leon,"Comunidad de Palacios de la Sierra, Vilviestre del Pinar y San Leonardo de Yagüe","e-distribución Redes Digitales, S.L.U.",regional_default_candidate,exclude_from_bulk_import,no,e-distribución — distribución eléctrica,https://www.edistribucion.com/es/conocenos/instalaciones-distribucion-red/distribucion-electrica.html,official_distributor_public,2026-05-06,"No incluir en bloque e-distribución; revisar aparte por solapes grandes con i-DE, UFD y pequeñas."
castilla_leon,Comunidad de Quintanaortuño y Merindad de Río Ubierna,"e-distribución Redes Digitales, S.L.U.",regional_default_candidate,exclude_from_bulk_import,no,e-distribución — distribución eléctrica,https://www.edistribucion.com/es/conocenos/instalaciones-distribucion-red/distribucion-electrica.html,official_distributor_public,2026-05-06,"No incluir en bloque e-distribución; revisar aparte por solapes grandes con i-DE, UFD y pequeñas."
castilla_leon,Comunidad de Quintanar de la Sierra y Vilviestre del Pinar,"e-distribución Redes Digitales, S.L.U.",regional_default_candidate,exclude_from_bulk_import,no,e-distribución — distribución eléctrica,https://www.edistribucion.com/es/conocenos/instalaciones-distribucion-red/distribucion-electrica.html,official_distributor_public,2026-05-06,"No incluir en bloque e-distribución; revisar aparte por solapes grandes con i-DE, UFD y pequeñas."
castilla_leon,Comunidad de Quintanilla del Agua y Tordueles y Puentedura,"e-distribución Redes Digitales, S.L.U.",regional_default_candidate,exclude_from_bulk_import,no,e-distribución — distribución eléctrica,https://www.edistribucion.com/es/conocenos/instalaciones-distribucion-red/distribucion-electrica.html,official_distributor_public,2026-05-06,"No incluir en bloque e-distribución; revisar aparte por solapes grandes con i-DE, UFD y pequeñas."
castilla_leon,Comunidad de Revilla del Campo y Torrelara,"e-distribución Redes Digitales, S.L.U.",regional_default_candidate,exclude_from_bulk_import,no,e-distribución — distribución eléctrica,https://www.edistribucion.com/es/conocenos/instalaciones-distribucion-red/distribucion-electrica.html,official_distributor_public,2026-05-06,"No incluir en bloque e-distribución; revisar aparte por solapes grandes con i-DE, UFD y pequeñas."
castilla_leon,Comunidad de Sepúlveda y Riaza,"e-distribución Redes Digitales, S.L.U.",regional_default_candidate,exclude_from_bulk_import,no,e-distribución — distribución eléctrica,https://www.edistribucion.com/es/conocenos/instalaciones-distribucion-red/distribucion-electrica.html,official_distributor_public,2026-05-06,"No incluir en bloque e-distribución; revisar aparte por solapes grandes con i-DE, UFD y pequeñas."
castilla_leon,Comunidad de Soto de la Vega y Villazala,"e-distribución Redes Digitales, S.L.U.",regional_default_candidate,exclude_from_bulk_import,no,e-distribución — distribución eléctrica,https://www.edistribucion.com/es/conocenos/instalaciones-distribucion-red/distribucion-electrica.html,official_distributor_public,2026-05-06,"No incluir en bloque e-distribución; revisar aparte por solapes grandes con i-DE, UFD y pequeñas."
castilla_leon,Comunidad de Tardajos y Las Quintanillas,"e-distribución Redes Digitales, S.L.U.",regional_default_candidate,exclude_from_bulk_import,no,e-distribución — distribución eléctrica,https://www.edistribucion.com/es/conocenos/instalaciones-distribucion-red/distribucion-electrica.html,official_distributor_public,2026-05-06,"No incluir en bloque e-distribución; revisar aparte por solapes grandes con i-DE, UFD y pequeñas."
castilla_leon,Comunidad de Tardajos y Rabé de las Calzadas,"e-distribución Redes Digitales, S.L.U.",regional_default_candidate,exclude_from_bulk_import,no,e-distribución — distribución eléctrica,https://www.edistribucion.com/es/conocenos/instalaciones-distribucion-red/distribucion-electrica.html,official_distributor_public,2026-05-06,"No incluir en bloque e-distribución; revisar aparte por solapes grandes con i-DE, UFD y pequeñas."
castilla_leon,Comunidad de Tinieblas de la Sierra y San Millán de Lara,"e-distribución Redes Digitales, S.L.U.",regional_default_candidate,exclude_from_bulk_import,no,e-distribución — distribución eléctrica,https://www.edistribucion.com/es/conocenos/instalaciones-distribucion-red/distribucion-electrica.html,official_distributor_public,2026-05-06,"No incluir en bloque e-distribución; revisar aparte por solapes grandes con i-DE, UFD y pequeñas."
castilla_leon,Comunidad de Villagalijo y San Vicente del Valle,"e-distribución Redes Digitales, S.L.U.",regional_default_candidate,exclude_from_bulk_import,no,e-distribución — distribución eléctrica,https://www.edistribucion.com/es/conocenos/instalaciones-distribucion-red/distribucion-electrica.html,official_distributor_public,2026-05-06,"No incluir en bloque e-distribución; revisar aparte por solapes grandes con i-DE, UFD y pequeñas."
castilla_leon,Comunidad de Villoruebo y Torrelara,"e-distribución Redes Digitales, S.L.U.",regional_default_candidate,exclude_from_bulk_import,no,e-distribución — distribución eléctrica,https://www.edistribucion.com/es/conocenos/instalaciones-distribucion-red/distribucion-electrica.html,official_distributor_public,2026-05-06,"No incluir en bloque e-distribución; revisar aparte por solapes grandes con i-DE, UFD y pequeñas."
castilla_leon,Comunidad de Vilviestre del Pinar y Palacios de la Sierra,"e-distribución Redes Digitales, S.L.U.",regional_default_candidate,exclude_from_bulk_import,no,e-distribución — distribución eléctrica,https://www.edistribucion.com/es/conocenos/instalaciones-distribucion-red/distribucion-electrica.html,official_distributor_public,2026-05-06,"No incluir en bloque e-distribución; revisar aparte por solapes grandes con i-DE, UFD y pequeñas."
castilla_leon,Comunidad de Vizcaínos y Jaramillo de la Fuente,"e-distribución Redes Digitales, S.L.U.",regional_default_candidate,exclude_from_bulk_import,no,e-distribución — distribución eléctrica,https://www.edistribucion.com/es/conocenos/instalaciones-distribucion-red/distribucion-electrica.html,official_distributor_public,2026-05-06,"No incluir en bloque e-distribución; revisar aparte por solapes grandes con i-DE, UFD y pequeñas."
castilla_leon,Condado de Castilnovo,"e-distribución Redes Digitales, S.L.U.",regional_default_candidate,exclude_from_bulk_import,no,e-distribución — distribución eléctrica,https://www.edistribucion.com/es/conocenos/instalaciones-distribucion-red/distribucion-electrica.html,official_distributor_public,2026-05-06,"No incluir en bloque e-distribución; revisar aparte por solapes grandes con i-DE, UFD y pequeñas."
castilla_leon,Condado de Treviño,"e-distribución Redes Digitales, S.L.U.",regional_default_candidate,exclude_from_bulk_import,no,e-distribución — distribución eléctrica,https://www.edistribucion.com/es/conocenos/instalaciones-distribucion-red/distribucion-electrica.html,official_distributor_public,2026-05-06,"No incluir en bloque e-distribución; revisar aparte por solapes grandes con i-DE, UFD y pequeñas."
castilla_leon,Congosto,"e-distribución Redes Digitales, S.L.U.",regional_default_candidate,exclude_from_bulk_import,no,e-distribución — distribución eléctrica,https://www.edistribucion.com/es/conocenos/instalaciones-distribucion-red/distribucion-electrica.html,official_distributor_public,2026-05-06,"No incluir en bloque e-distribución; revisar aparte por solapes grandes con i-DE, UFD y pequeñas."
castilla_leon,Congosto de Valdavia,"e-distribución Redes Digitales, S.L.U.",regional_default_candidate,exclude_from_bulk_import,no,e-distribución — distribución eléctrica,https://www.edistribucion.com/es/conocenos/instalaciones-distribucion-red/distribucion-electrica.html,official_distributor_public,2026-05-06,"No incluir en bloque e-distribución; revisar aparte por solapes grandes con i-DE, UFD y pequeñas."
castilla_leon,Constanzana,"e-distribución Redes Digitales, S.L.U.",regional_default_candidate,exclude_from_bulk_import,no,e-distribución — distribución eléctrica,https://www.edistribucion.com/es/conocenos/instalaciones-distribucion-red/distribucion-electrica.html,official_distributor_public,2026-05-06,"No incluir en bloque e-distribución; revisar aparte por solapes grandes con i-DE, UFD y pequeñas."
castilla_leon,Contreras,"e-distribución Redes Digitales, S.L.U.",regional_default_candidate,exclude_from_bulk_import,no,e-distribución — distribución eléctrica,https://www.edistribucion.com/es/conocenos/instalaciones-distribucion-red/distribucion-electrica.html,official_distributor_public,2026-05-06,"No incluir en bloque e-distribución; revisar aparte por solapes grandes con i-DE, UFD y pequeñas."
castilla_leon,Coomonte,"e-distribución Redes Digitales, S.L.U.",regional_default_candidate,exclude_from_bulk_import,no,e-distribución — distribución eléctrica,https://www.edistribucion.com/es/conocenos/instalaciones-distribucion-red/distribucion-electrica.html,official_distributor_public,2026-05-06,"No incluir en bloque e-distribución; revisar aparte por solapes grandes con i-DE, UFD y pequeñas."
castilla_leon,Corbillos de los Oteros,"e-distribución Redes Digitales, S.L.U.",regional_default_candidate,exclude_from_bulk_import,no,e-distribución — distribución eléctrica,https://www.edistribucion.com/es/conocenos/instalaciones-distribucion-red/distribucion-electrica.html,official_distributor_public,2026-05-06,"No incluir en bloque e-distribución; revisar aparte por solapes grandes con i-DE, UFD y pequeñas."
castilla_leon,Corcos,"e-distribución Redes Digitales, S.L.U.",regional_default_candidate,exclude_from_bulk_import,no,e-distribución — distribución eléctrica,https://www.edistribucion.com/es/conocenos/instalaciones-distribucion-red/distribucion-electrica.html,official_distributor_public,2026-05-06,"No incluir en bloque e-distribución; revisar aparte por solapes grandes con i-DE, UFD y pequeñas."
castilla_leon,Cordovilla,"e-distribución Redes Digitales, S.L.U.",regional_default_candidate,exclude_from_bulk_import,no,e-distribución — distribución eléctrica,https://www.edistribucion.com/es/conocenos/instalaciones-distribucion-red/distribucion-electrica.html,official_distributor_public,2026-05-06,"No incluir en bloque e-distribución; revisar aparte por solapes grandes con i-DE, UFD y pequeñas."
castilla_leon,Cordovilla la Real,"e-distribución Redes Digitales, S.L.U.",regional_default_candidate,exclude_from_bulk_import,no,e-distribución — distribución eléctrica,https://www.edistribucion.com/es/conocenos/instalaciones-distribucion-red/distribucion-electrica.html,official_distributor_public,2026-05-06,"No incluir en bloque e-distribución; revisar aparte por solapes grandes con i-DE, UFD y pequeñas."
castilla_leon,Coreses,"e-distribución Redes Digitales, S.L.U.",regional_default_candidate,exclude_from_bulk_import,no,e-distribución — distribución eléctrica,https://www.edistribucion.com/es/conocenos/instalaciones-distribucion-red/distribucion-electrica.html,official_distributor_public,2026-05-06,"No incluir en bloque e-distribución; revisar aparte por solapes grandes con i-DE, UFD y pequeñas."
castilla_leon,Corral de Ayllón,"e-distribución Redes Digitales, S.L.U.",regional_default_candidate,exclude_from_bulk_import,no,e-distribución — distribución eléctrica,https://www.edistribucion.com/es/conocenos/instalaciones-distribucion-red/distribucion-electrica.html,official_distributor_public,2026-05-06,"No incluir en bloque e-distribución; revisar aparte por solapes grandes con i-DE, UFD y pequeñas."
castilla_leon,Corrales de Duero,"e-distribución Redes Digitales, S.L.U.",regional_default_candidate,exclude_from_bulk_import,no,e-distribución — distribución eléctrica,https://www.edistribucion.com/es/conocenos/instalaciones-distribucion-red/distribucion-electrica.html,official_distributor_public,2026-05-06,"No incluir en bloque e-distribución; revisar aparte por solapes grandes con i-DE, UFD y pequeñas."
castilla_leon,Corrales del Vino,"e-distribución Redes Digitales, S.L.U.",regional_default_candidate,exclude_from_bulk_import,no,e-distribución — distribución eléctrica,https://www.edistribucion.com/es/conocenos/instalaciones-distribucion-red/distribucion-electrica.html,official_distributor_public,2026-05-06,"No incluir en bloque e-distribución; revisar aparte por solapes grandes con i-DE, UFD y pequeñas."
castilla_leon,Corullón,"e-distribución Redes Digitales, S.L.U.",regional_default_candidate,exclude_from_bulk_import,no,e-distribución — distribución eléctrica,https://www.edistribucion.com/es/conocenos/instalaciones-distribucion-red/distribucion-electrica.html,official_distributor_public,2026-05-06,"No incluir en bloque e-distribución; revisar aparte por solapes grandes con i-DE, UFD y pequeñas."
castilla_leon,Coruña del Conde,"e-distribución Redes Digitales, S.L.U.",regional_default_candidate,exclude_from_bulk_import,no,e-distribución — distribución eléctrica,https://www.edistribucion.com/es/conocenos/instalaciones-distribucion-red/distribucion-electrica.html,official_distributor_public,2026-05-06,"No incluir en bloque e-distribución; revisar aparte por solapes grandes con i-DE, UFD y pequeñas."
castilla_leon,Coscurita,"e-distribución Redes Digitales, S.L.U.",regional_default_candidate,exclude_from_bulk_import,no,e-distribución — distribución eléctrica,https://www.edistribucion.com/es/conocenos/instalaciones-distribucion-red/distribucion-electrica.html,official_distributor_public,2026-05-06,"No incluir en bloque e-distribución; revisar aparte por solapes grandes con i-DE, UFD y pequeñas."
castilla_leon,Cotanes del Monte,"e-distribución Redes Digitales, S.L.U.",regional_default_candidate,exclude_from_bulk_import,no,e-distribución — distribución eléctrica,https://www.edistribucion.com/es/conocenos/instalaciones-distribucion-red/distribucion-electrica.html,official_distributor_public,2026-05-06,"No incluir en bloque e-distribución; revisar aparte por solapes grandes con i-DE, UFD y pequeñas."
castilla_leon,Coto Mancomunado,"e-distribución Redes Digitales, S.L.U.",regional_default_candidate,exclude_from_bulk_import,no,e-distribución — distribución eléctrica,https://www.edistribucion.com/es/conocenos/instalaciones-distribucion-red/distribucion-electrica.html,official_distributor_public,2026-05-06,"No incluir en bloque e-distribución; revisar aparte por solapes grandes con i-DE, UFD y pequeñas."
castilla_leon,Covaleda,"e-distribución Redes Digitales, S.L.U.",regional_default_candidate,exclude_from_bulk_import,no,e-distribución — distribución eléctrica,https://www.edistribucion.com/es/conocenos/instalaciones-distribucion-red/distribucion-electrica.html,official_distributor_public,2026-05-06,"No incluir en bloque e-distribución; revisar aparte por solapes grandes con i-DE, UFD y pequeñas."
castilla_leon,Covarrubias,"e-distribución Redes Digitales, S.L.U.",regional_default_candidate,exclude_from_bulk_import,no,e-distribución — distribución eléctrica,https://www.edistribucion.com/es/conocenos/instalaciones-distribucion-red/distribucion-electrica.html,official_distributor_public,2026-05-06,"No incluir en bloque e-distribución; revisar aparte por solapes grandes con i-DE, UFD y pequeñas."
castilla_leon,Cozuelos de Fuentidueña,"e-distribución Redes Digitales, S.L.U.",regional_default_candidate,exclude_from_bulk_import,no,e-distribución — distribución eléctrica,https://www.edistribucion.com/es/conocenos/instalaciones-distribucion-red/distribucion-electrica.html,official_distributor_public,2026-05-06,"No incluir en bloque e-distribución; revisar aparte por solapes grandes con i-DE, UFD y pequeñas."
castilla_leon,Crémenes,"e-distribución Redes Digitales, S.L.U.",regional_default_candidate,exclude_from_bulk_import,no,e-distribución — distribución eléctrica,https://www.edistribucion.com/es/conocenos/instalaciones-distribucion-red/distribucion-electrica.html,official_distributor_public,2026-05-06,"No incluir en bloque e-distribución; revisar aparte por solapes grandes con i-DE, UFD y pequeñas."
castilla_leon,Crespos,"e-distribución Redes Digitales, S.L.U.",regional_default_candidate,exclude_from_bulk_import,no,e-distribución — distribución eléctrica,https://www.edistribucion.com/es/conocenos/instalaciones-distribucion-red/distribucion-electrica.html,official_distributor_public,2026-05-06,"No incluir en bloque e-distribución; revisar aparte por solapes grandes con i-DE, UFD y pequeñas."
castilla_leon,Cristóbal,"e-distribución Redes Digitales, S.L.U.",regional_default_candidate,exclude_from_bulk_import,no,e-distribución — distribución eléctrica,https://www.edistribucion.com/es/conocenos/instalaciones-distribucion-red/distribucion-electrica.html,official_distributor_public,2026-05-06,"No incluir en bloque e-distribución; revisar aparte por solapes grandes con i-DE, UFD y pequeñas."
castilla_leon,Cuadros,"e-distribución Redes Digitales, S.L.U.",regional_default_candidate,exclude_from_bulk_import,no,e-distribución — distribución eléctrica,https://www.edistribucion.com/es/conocenos/instalaciones-distribucion-red/distribucion-electrica.html,official_distributor_public,2026-05-06,"No incluir en bloque e-distribución; revisar aparte por solapes grandes con i-DE, UFD y pequeñas."
castilla_leon,Cubilla,"e-distribución Redes Digitales, S.L.U.",regional_default_candidate,exclude_from_bulk_import,no,e-distribución — distribución eléctrica,https://www.edistribucion.com/es/conocenos/instalaciones-distribucion-red/distribucion-electrica.html,official_distributor_public,2026-05-06,"No incluir en bloque e-distribución; revisar aparte por solapes grandes con i-DE, UFD y pequeñas."
castilla_leon,Cubillas de Cerrato,"e-distribución Redes Digitales, S.L.U.",regional_default_candidate,exclude_from_bulk_import,no,e-distribución — distribución eléctrica,https://www.edistribucion.com/es/conocenos/instalaciones-distribucion-red/distribucion-electrica.html,official_distributor_public,2026-05-06,"No incluir en bloque e-distribución; revisar aparte por solapes grandes con i-DE, UFD y pequeñas."
castilla_leon,Cubillas de los Oteros,"e-distribución Redes Digitales, S.L.U.",regional_default_candidate,exclude_from_bulk_import,no,e-distribución — distribución eléctrica,https://www.edistribucion.com/es/conocenos/instalaciones-distribucion-red/distribucion-electrica.html,official_distributor_public,2026-05-06,"No incluir en bloque e-distribución; revisar aparte por solapes grandes con i-DE, UFD y pequeñas."
castilla_leon,Cubillas de Rueda,"e-distribución Redes Digitales, S.L.U.",regional_default_candidate,exclude_from_bulk_import,no,e-distribución — distribución eléctrica,https://www.edistribucion.com/es/conocenos/instalaciones-distribucion-red/distribucion-electrica.html,official_distributor_public,2026-05-06,"No incluir en bloque e-distribución; revisar aparte por solapes grandes con i-DE, UFD y pequeñas."
castilla_leon,Cubillas de Santa Marta,"e-distribución Redes Digitales, S.L.U.",regional_default_candidate,exclude_from_bulk_import,no,e-distribución — distribución eléctrica,https://www.edistribucion.com/es/conocenos/instalaciones-distribucion-red/distribucion-electrica.html,official_distributor_public,2026-05-06,"No incluir en bloque e-distribución; revisar aparte por solapes grandes con i-DE, UFD y pequeñas."
castilla_leon,Cubillo,"e-distribución Redes Digitales, S.L.U.",regional_default_candidate,exclude_from_bulk_import,no,e-distribución — distribución eléctrica,https://www.edistribucion.com/es/conocenos/instalaciones-distribucion-red/distribucion-electrica.html,official_distributor_public,2026-05-06,"No incluir en bloque e-distribución; revisar aparte por solapes grandes con i-DE, UFD y pequeñas."
castilla_leon,Cubillo del Campo,"e-distribución Redes Digitales, S.L.U.",regional_default_candidate,exclude_from_bulk_import,no,e-distribución — distribución eléctrica,https://www.edistribucion.com/es/conocenos/instalaciones-distribucion-red/distribucion-electrica.html,official_distributor_public,2026-05-06,"No incluir en bloque e-distribución; revisar aparte por solapes grandes con i-DE, UFD y pequeñas."
castilla_leon,Cubillos,"e-distribución Redes Digitales, S.L.U.",regional_default_candidate,exclude_from_bulk_import,no,e-distribución — distribución eléctrica,https://www.edistribucion.com/es/conocenos/instalaciones-distribucion-red/distribucion-electrica.html,official_distributor_public,2026-05-06,"No incluir en bloque e-distribución; revisar aparte por solapes grandes con i-DE, UFD y pequeñas."
castilla_leon,Cubillos del Sil,"e-distribución Redes Digitales, S.L.U.",regional_default_candidate,exclude_from_bulk_import,no,e-distribución — distribución eléctrica,https://www.edistribucion.com/es/conocenos/instalaciones-distribucion-red/distribucion-electrica.html,official_distributor_public,2026-05-06,"No incluir en bloque e-distribución; revisar aparte por solapes grandes con i-DE, UFD y pequeñas."
castilla_leon,Cubo de Benavente,"e-distribución Redes Digitales, S.L.U.",regional_default_candidate,exclude_from_bulk_import,no,e-distribución — distribución eléctrica,https://www.edistribucion.com/es/conocenos/instalaciones-distribucion-red/distribucion-electrica.html,official_distributor_public,2026-05-06,"No incluir en bloque e-distribución; revisar aparte por solapes grandes con i-DE, UFD y pequeñas."
castilla_leon,Cubo de Bureba,"e-distribución Redes Digitales, S.L.U.",regional_default_candidate,exclude_from_bulk_import,no,e-distribución — distribución eléctrica,https://www.edistribucion.com/es/conocenos/instalaciones-distribucion-red/distribucion-electrica.html,official_distributor_public,2026-05-06,"No incluir en bloque e-distribución; revisar aparte por solapes grandes con i-DE, UFD y pequeñas."
castilla_leon,Cubo de la Solana,"e-distribución Redes Digitales, S.L.U.",regional_default_candidate,exclude_from_bulk_import,no,e-distribución — distribución eléctrica,https://www.edistribucion.com/es/conocenos/instalaciones-distribucion-red/distribucion-electrica.html,official_distributor_public,2026-05-06,"No incluir en bloque e-distribución; revisar aparte por solapes grandes con i-DE, UFD y pequeñas."
castilla_leon,Cuelgamures,"e-distribución Redes Digitales, S.L.U.",regional_default_candidate,exclude_from_bulk_import,no,e-distribución — distribución eléctrica,https://www.edistribucion.com/es/conocenos/instalaciones-distribucion-red/distribucion-electrica.html,official_distributor_public,2026-05-06,"No incluir en bloque e-distribución; revisar aparte por solapes grandes con i-DE, UFD y pequeñas."
castilla_leon,Cuéllar,"e-distribución Redes Digitales, S.L.U.",regional_default_candidate,exclude_from_bulk_import,no,e-distribución — distribución eléctrica,https://www.edistribucion.com/es/conocenos/instalaciones-distribucion-red/distribucion-electrica.html,official_distributor_public,2026-05-06,"No incluir en bloque e-distribución; revisar aparte por solapes grandes con i-DE, UFD y pequeñas."
castilla_leon,Cuenca de Campos,"e-distribución Redes Digitales, S.L.U.",regional_default_candidate,exclude_from_bulk_import,no,e-distribución — distribución eléctrica,https://www.edistribucion.com/es/conocenos/instalaciones-distribucion-red/distribucion-electrica.html,official_distributor_public,2026-05-06,"No incluir en bloque e-distribución; revisar aparte por solapes grandes con i-DE, UFD y pequeñas."
castilla_leon,Cueva de Ágreda,"e-distribución Redes Digitales, S.L.U.",regional_default_candidate,exclude_from_bulk_import,no,e-distribución — distribución eléctrica,https://www.edistribucion.com/es/conocenos/instalaciones-distribucion-red/distribucion-electrica.html,official_distributor_public,2026-05-06,"No incluir en bloque e-distribución; revisar aparte por solapes grandes con i-DE, UFD y pequeñas."
castilla_leon,Cuevas de Provanco,"e-distribución Redes Digitales, S.L.U.",regional_default_candidate,exclude_from_bulk_import,no,e-distribución — distribución eléctrica,https://www.edistribucion.com/es/conocenos/instalaciones-distribucion-red/distribucion-electrica.html,official_distributor_public,2026-05-06,"No incluir en bloque e-distribución; revisar aparte por solapes grandes con i-DE, UFD y pequeñas."
castilla_leon,Cuevas de San Clemente,"e-distribución Redes Digitales, S.L.U.",regional_default_candidate,exclude_from_bulk_import,no,e-distribución — distribución eléctrica,https://www.edistribucion.com/es/conocenos/instalaciones-distribucion-red/distribucion-electrica.html,official_distributor_public,2026-05-06,"No incluir en bloque e-distribución; revisar aparte por solapes grandes con i-DE, UFD y pequeñas."
castilla_leon,Cuevas del Valle,"e-distribución Redes Digitales, S.L.U.",regional_default_candidate,exclude_from_bulk_import,no,e-distribución — distribución eléctrica,https://www.edistribucion.com/es/conocenos/instalaciones-distribucion-red/distribucion-electrica.html,official_distributor_public,2026-05-06,"No incluir en bloque e-distribución; revisar aparte por solapes grandes con i-DE, UFD y pequeñas."
castilla_leon,Curiel de Duero,"e-distribución Redes Digitales, S.L.U.",regional_default_candidate,exclude_from_bulk_import,no,e-distribución — distribución eléctrica,https://www.edistribucion.com/es/conocenos/instalaciones-distribucion-red/distribucion-electrica.html,official_distributor_public,2026-05-06,"No incluir en bloque e-distribución; revisar aparte por solapes grandes con i-DE, UFD y pequeñas."
castilla_leon,Dehesa de Montejo,"e-distribución Redes Digitales, S.L.U.",regional_default_candidate,exclude_from_bulk_import,no,e-distribución — distribución eléctrica,https://www.edistribucion.com/es/conocenos/instalaciones-distribucion-red/distribucion-electrica.html,official_distributor_public,2026-05-06,"No incluir en bloque e-distribución; revisar aparte por solapes grandes con i-DE, UFD y pequeñas."
castilla_leon,Dehesa de Romanos,"e-distribución Redes Digitales, S.L.U.",regional_default_candidate,exclude_from_bulk_import,no,e-distribución — distribución eléctrica,https://www.edistribucion.com/es/conocenos/instalaciones-distribucion-red/distribucion-electrica.html,official_distributor_public,2026-05-06,"No incluir en bloque e-distribución; revisar aparte por solapes grandes con i-DE, UFD y pequeñas."
castilla_leon,Dehesa de San Felices,"e-distribución Redes Digitales, S.L.U.",regional_default_candidate,exclude_from_bulk_import,no,e-distribución — distribución eléctrica,https://www.edistribucion.com/es/conocenos/instalaciones-distribucion-red/distribucion-electrica.html,official_distributor_public,2026-05-06,"No incluir en bloque e-distribución; revisar aparte por solapes grandes con i-DE, UFD y pequeñas."
castilla_leon,Destriana,"e-distribución Redes Digitales, S.L.U.",regional_default_candidate,exclude_from_bulk_import,no,e-distribución — distribución eléctrica,https://www.edistribucion.com/es/conocenos/instalaciones-distribucion-red/distribucion-electrica.html,official_distributor_public,2026-05-06,"No incluir en bloque e-distribución; revisar aparte por solapes grandes con i-DE, UFD y pequeñas."
castilla_leon,Dévanos,"e-distribución Redes Digitales, S.L.U.",regional_default_candidate,exclude_from_bulk_import,no,e-distribución — distribución eléctrica,https://www.edistribucion.com/es/conocenos/instalaciones-distribucion-red/distribucion-electrica.html,official_distributor_public,2026-05-06,"No incluir en bloque e-distribución; revisar aparte por solapes grandes con i-DE, UFD y pequeñas."
castilla_leon,Deza,"e-distribución Redes Digitales, S.L.U.",regional_default_candidate,exclude_from_bulk_import,no,e-distribución — distribución eléctrica,https://www.edistribucion.com/es/conocenos/instalaciones-distribucion-red/distribucion-electrica.html,official_distributor_public,2026-05-06,"No incluir en bloque e-distribución; revisar aparte por solapes grandes con i-DE, UFD y pequeñas."
castilla_leon,Diego del Carpio,"e-distribución Redes Digitales, S.L.U.",regional_default_candidate,exclude_from_bulk_import,no,e-distribución — distribución eléctrica,https://www.edistribucion.com/es/conocenos/instalaciones-distribucion-red/distribucion-electrica.html,official_distributor_public,2026-05-06,"No incluir en bloque e-distribución; revisar aparte por solapes grandes con i-DE, UFD y pequeñas."
castilla_leon,Dios le Guarde,"e-distribución Redes Digitales, S.L.U.",regional_default_candidate,exclude_from_bulk_import,no,e-distribución — distribución eléctrica,https://www.edistribucion.com/es/conocenos/instalaciones-distribucion-red/distribucion-electrica.html,official_distributor_public,2026-05-06,"No incluir en bloque e-distribución; revisar aparte por solapes grandes con i-DE, UFD y pequeñas."
castilla_leon,Domingo García,"e-distribución Redes Digitales, S.L.U.",regional_default_candidate,exclude_from_bulk_import,no,e-distribución — distribución eléctrica,https://www.edistribucion.com/es/conocenos/instalaciones-distribucion-red/distribucion-electrica.html,official_distributor_public,2026-05-06,"No incluir en bloque e-distribución; revisar aparte por solapes grandes con i-DE, UFD y pequeñas."
castilla_leon,Donhierro,"e-distribución Redes Digitales, S.L.U.",regional_default_candidate,exclude_from_bulk_import,no,e-distribución — distribución eléctrica,https://www.edistribucion.com/es/conocenos/instalaciones-distribucion-red/distribucion-electrica.html,official_distributor_public,2026-05-06,"No incluir en bloque e-distribución; revisar aparte por solapes grandes con i-DE, UFD y pequeñas."
castilla_leon,Doñinos de Ledesma,"e-distribución Redes Digitales, S.L.U.",regional_default_candidate,exclude_from_bulk_import,no,e-distribución — distribución eléctrica,https://www.edistribucion.com/es/conocenos/instalaciones-distribucion-red/distribucion-electrica.html,official_distributor_public,2026-05-06,"No incluir en bloque e-distribución; revisar aparte por solapes grandes con i-DE, UFD y pequeñas."
castilla_leon,Doñinos de Salamanca,"e-distribución Redes Digitales, S.L.U.",regional_default_candidate,exclude_from_bulk_import,no,e-distribución — distribución eléctrica,https://www.edistribucion.com/es/conocenos/instalaciones-distribucion-red/distribucion-electrica.html,official_distributor_public,2026-05-06,"No incluir en bloque e-distribución; revisar aparte por solapes grandes con i-DE, UFD y pequeñas."
castilla_leon,Donjimeno,"e-distribución Redes Digitales, S.L.U.",regional_default_candidate,exclude_from_bulk_import,no,e-distribución — distribución eléctrica,https://www.edistribucion.com/es/conocenos/instalaciones-distribucion-red/distribucion-electrica.html,official_distributor_public,2026-05-06,"No incluir en bloque e-distribución; revisar aparte por solapes grandes con i-DE, UFD y pequeñas."
castilla_leon,Donvidas,"e-distribución Redes Digitales, S.L.U.",regional_default_candidate,exclude_from_bulk_import,no,e-distribución — distribución eléctrica,https://www.edistribucion.com/es/conocenos/instalaciones-distribucion-red/distribucion-electrica.html,official_distributor_public,2026-05-06,"No incluir en bloque e-distribución; revisar aparte por solapes grandes con i-DE, UFD y pequeñas."
castilla_leon,Dueñas,"e-distribución Redes Digitales, S.L.U.",regional_default_candidate,exclude_from_bulk_import,no,e-distribución — distribución eléctrica,https://www.edistribucion.com/es/conocenos/instalaciones-distribucion-red/distribucion-electrica.html,official_distributor_public,2026-05-06,"No incluir en bloque e-distribución; revisar aparte por solapes grandes con i-DE, UFD y pequeñas."
castilla_leon,Duruelo,"e-distribución Redes Digitales, S.L.U.",regional_default_candidate,exclude_from_bulk_import,no,e-distribución — distribución eléctrica,https://www.edistribucion.com/es/conocenos/instalaciones-distribucion-red/distribucion-electrica.html,official_distributor_public,2026-05-06,"No incluir en bloque e-distribución; revisar aparte por solapes grandes con i-DE, UFD y pequeñas."
castilla_leon,Duruelo de la Sierra,"e-distribución Redes Digitales, S.L.U.",regional_default_candidate,exclude_from_bulk_import,no,e-distribución — distribución eléctrica,https://www.edistribucion.com/es/conocenos/instalaciones-distribucion-red/distribucion-electrica.html,official_distributor_public,2026-05-06,"No incluir en bloque e-distribución; revisar aparte por solapes grandes con i-DE, UFD y pequeñas."
castilla_leon,Éjeme,"e-distribución Redes Digitales, S.L.U.",regional_default_candidate,exclude_from_bulk_import,no,e-distribución — distribución eléctrica,https://www.edistribucion.com/es/conocenos/instalaciones-distribucion-red/distribucion-electrica.html,official_distributor_public,2026-05-06,"No incluir en bloque e-distribución; revisar aparte por solapes grandes con i-DE, UFD y pequeñas."
castilla_leon,El Arco,"e-distribución Redes Digitales, S.L.U.",regional_default_candidate,exclude_from_bulk_import,no,e-distribución — distribución eléctrica,https://www.edistribucion.com/es/conocenos/instalaciones-distribucion-red/distribucion-electrica.html,official_distributor_public,2026-05-06,"No incluir en bloque e-distribución; revisar aparte por solapes grandes con i-DE, UFD y pequeñas."
castilla_leon,El Arenal,"e-distribución Redes Digitales, S.L.U.",regional_default_candidate,exclude_from_bulk_import,no,e-distribución — distribución eléctrica,https://www.edistribucion.com/es/conocenos/instalaciones-distribucion-red/distribucion-electrica.html,official_distributor_public,2026-05-06,"No incluir en bloque e-distribución; revisar aparte por solapes grandes con i-DE, UFD y pequeñas."
castilla_leon,El Barco de Ávila,"e-distribución Redes Digitales, S.L.U.",regional_default_candidate,exclude_from_bulk_import,no,e-distribución — distribución eléctrica,https://www.edistribucion.com/es/conocenos/instalaciones-distribucion-red/distribucion-electrica.html,official_distributor_public,2026-05-06,"No incluir en bloque e-distribución; revisar aparte por solapes grandes con i-DE, UFD y pequeñas."
castilla_leon,El Barraco,"e-distribución Redes Digitales, S.L.U.",regional_default_candidate,exclude_from_bulk_import,no,e-distribución — distribución eléctrica,https://www.edistribucion.com/es/conocenos/instalaciones-distribucion-red/distribucion-electrica.html,official_distributor_public,2026-05-06,"No incluir en bloque e-distribución; revisar aparte por solapes grandes con i-DE, UFD y pequeñas."
castilla_leon,El Bodón,"e-distribución Redes Digitales, S.L.U.",regional_default_candidate,exclude_from_bulk_import,no,e-distribución — distribución eléctrica,https://www.edistribucion.com/es/conocenos/instalaciones-distribucion-red/distribucion-electrica.html,official_distributor_public,2026-05-06,"No incluir en bloque e-distribución; revisar aparte por solapes grandes con i-DE, UFD y pequeñas."
castilla_leon,El Bohodón,"e-distribución Redes Digitales, S.L.U.",regional_default_candidate,exclude_from_bulk_import,no,e-distribución — distribución eléctrica,https://www.edistribucion.com/es/conocenos/instalaciones-distribucion-red/distribucion-electrica.html,official_distributor_public,2026-05-06,"No incluir en bloque e-distribución; revisar aparte por solapes grandes con i-DE, UFD y pequeñas."
castilla_leon,El Burgo Ranero,"e-distribución Redes Digitales, S.L.U.",regional_default_candidate,exclude_from_bulk_import,no,e-distribución — distribución eléctrica,https://www.edistribucion.com/es/conocenos/instalaciones-distribucion-red/distribucion-electrica.html,official_distributor_public,2026-05-06,"No incluir en bloque e-distribución; revisar aparte por solapes grandes con i-DE, UFD y pequeñas."
castilla_leon,El Cabaco,"e-distribución Redes Digitales, S.L.U.",regional_default_candidate,exclude_from_bulk_import,no,e-distribución — distribución eléctrica,https://www.edistribucion.com/es/conocenos/instalaciones-distribucion-red/distribucion-electrica.html,official_distributor_public,2026-05-06,"No incluir en bloque e-distribución; revisar aparte por solapes grandes con i-DE, UFD y pequeñas."
castilla_leon,El Campillo,"e-distribución Redes Digitales, S.L.U.",regional_default_candidate,exclude_from_bulk_import,no,e-distribución — distribución eléctrica,https://www.edistribucion.com/es/conocenos/instalaciones-distribucion-red/distribucion-electrica.html,official_distributor_public,2026-05-06,"No incluir en bloque e-distribución; revisar aparte por solapes grandes con i-DE, UFD y pequeñas."
castilla_leon,El Campo de Peñaranda,"e-distribución Redes Digitales, S.L.U.",regional_default_candidate,exclude_from_bulk_import,no,e-distribución — distribución eléctrica,https://www.edistribucion.com/es/conocenos/instalaciones-distribucion-red/distribucion-electrica.html,official_distributor_public,2026-05-06,"No incluir en bloque e-distribución; revisar aparte por solapes grandes con i-DE, UFD y pequeñas."
castilla_leon,El Cerro,"e-distribución Redes Digitales, S.L.U.",regional_default_candidate,exclude_from_bulk_import,no,e-distribución — distribución eléctrica,https://www.edistribucion.com/es/conocenos/instalaciones-distribucion-red/distribucion-electrica.html,official_distributor_public,2026-05-06,"No incluir en bloque e-distribución; revisar aparte por solapes grandes con i-DE, UFD y pequeñas."
castilla_leon,El Cubo de Don Sancho,"e-distribución Redes Digitales, S.L.U.",regional_default_candidate,exclude_from_bulk_import,no,e-distribución — distribución eléctrica,https://www.edistribucion.com/es/conocenos/instalaciones-distribucion-red/distribucion-electrica.html,official_distributor_public,2026-05-06,"No incluir en bloque e-distribución; revisar aparte por solapes grandes con i-DE, UFD y pequeñas."
castilla_leon,El Cubo de Tierra del Vino,"e-distribución Redes Digitales, S.L.U.",regional_default_candidate,exclude_from_bulk_import,no,e-distribución — distribución eléctrica,https://www.edistribucion.com/es/conocenos/instalaciones-distribucion-red/distribucion-electrica.html,official_distributor_public,2026-05-06,"No incluir en bloque e-distribución; revisar aparte por solapes grandes con i-DE, UFD y pequeñas."
castilla_leon,El Espinar,"e-distribución Redes Digitales, S.L.U.",regional_default_candidate,exclude_from_bulk_import,no,e-distribución — distribución eléctrica,https://www.edistribucion.com/es/conocenos/instalaciones-distribucion-red/distribucion-electrica.html,official_distributor_public,2026-05-06,"No incluir en bloque e-distribución; revisar aparte por solapes grandes con i-DE, UFD y pequeñas."
castilla_leon,El Fresno,"e-distribución Redes Digitales, S.L.U.",regional_default_candidate,exclude_from_bulk_import,no,e-distribución — distribución eléctrica,https://www.edistribucion.com/es/conocenos/instalaciones-distribucion-red/distribucion-electrica.html,official_distributor_public,2026-05-06,"No incluir en bloque e-distribución; revisar aparte por solapes grandes con i-DE, UFD y pequeñas."
castilla_leon,El Hornillo,"e-distribución Redes Digitales, S.L.U.",regional_default_candidate,exclude_from_bulk_import,no,e-distribución — distribución eléctrica,https://www.edistribucion.com/es/conocenos/instalaciones-distribucion-red/distribucion-electrica.html,official_distributor_public,2026-05-06,"No incluir en bloque e-distribución; revisar aparte por solapes grandes con i-DE, UFD y pequeñas."
castilla_leon,El Hoyo de Pinares,"e-distribución Redes Digitales, S.L.U.",regional_default_candidate,exclude_from_bulk_import,no,e-distribución — distribución eléctrica,https://www.edistribucion.com/es/conocenos/instalaciones-distribucion-red/distribucion-electrica.html,official_distributor_public,2026-05-06,"No incluir en bloque e-distribución; revisar aparte por solapes grandes con i-DE, UFD y pequeñas."
castilla_leon,El Losar del Barco,"e-distribución Redes Digitales, S.L.U.",regional_default_candidate,exclude_from_bulk_import,no,e-distribución — distribución eléctrica,https://www.edistribucion.com/es/conocenos/instalaciones-distribucion-red/distribucion-electrica.html,official_distributor_public,2026-05-06,"No incluir en bloque e-distribución; revisar aparte por solapes grandes con i-DE, UFD y pequeñas."
castilla_leon,El Maderal,"e-distribución Redes Digitales, S.L.U.",regional_default_candidate,exclude_from_bulk_import,no,e-distribución — distribución eléctrica,https://www.edistribucion.com/es/conocenos/instalaciones-distribucion-red/distribucion-electrica.html,official_distributor_public,2026-05-06,"No incluir en bloque e-distribución; revisar aparte por solapes grandes con i-DE, UFD y pequeñas."
castilla_leon,El Maíllo,"e-distribución Redes Digitales, S.L.U.",regional_default_candidate,exclude_from_bulk_import,no,e-distribución — distribución eléctrica,https://www.edistribucion.com/es/conocenos/instalaciones-distribucion-red/distribucion-electrica.html,official_distributor_public,2026-05-06,"No incluir en bloque e-distribución; revisar aparte por solapes grandes con i-DE, UFD y pequeñas."
castilla_leon,El Manzano,"e-distribución Redes Digitales, S.L.U.",regional_default_candidate,exclude_from_bulk_import,no,e-distribución — distribución eléctrica,https://www.edistribucion.com/es/conocenos/instalaciones-distribucion-red/distribucion-electrica.html,official_distributor_public,2026-05-06,"No incluir en bloque e-distribución; revisar aparte por solapes grandes con i-DE, UFD y pequeñas."
castilla_leon,El Milano,"e-distribución Redes Digitales, S.L.U.",regional_default_candidate,exclude_from_bulk_import,no,e-distribución — distribución eléctrica,https://www.edistribucion.com/es/conocenos/instalaciones-distribucion-red/distribucion-electrica.html,official_distributor_public,2026-05-06,"No incluir en bloque e-distribución; revisar aparte por solapes grandes con i-DE, UFD y pequeñas."
castilla_leon,El Mirón,"e-distribución Redes Digitales, S.L.U.",regional_default_candidate,exclude_from_bulk_import,no,e-distribución — distribución eléctrica,https://www.edistribucion.com/es/conocenos/instalaciones-distribucion-red/distribucion-electrica.html,official_distributor_public,2026-05-06,"No incluir en bloque e-distribución; revisar aparte por solapes grandes con i-DE, UFD y pequeñas."
castilla_leon,El Oso,"e-distribución Redes Digitales, S.L.U.",regional_default_candidate,exclude_from_bulk_import,no,e-distribución — distribución eléctrica,https://www.edistribucion.com/es/conocenos/instalaciones-distribucion-red/distribucion-electrica.html,official_distributor_public,2026-05-06,"No incluir en bloque e-distribución; revisar aparte por solapes grandes con i-DE, UFD y pequeñas."
castilla_leon,El Parral,"e-distribución Redes Digitales, S.L.U.",regional_default_candidate,exclude_from_bulk_import,no,e-distribución — distribución eléctrica,https://www.edistribucion.com/es/conocenos/instalaciones-distribucion-red/distribucion-electrica.html,official_distributor_public,2026-05-06,"No incluir en bloque e-distribución; revisar aparte por solapes grandes con i-DE, UFD y pequeñas."
castilla_leon,El Payo,"e-distribución Redes Digitales, S.L.U.",regional_default_candidate,exclude_from_bulk_import,no,e-distribución — distribución eléctrica,https://www.edistribucion.com/es/conocenos/instalaciones-distribucion-red/distribucion-electrica.html,official_distributor_public,2026-05-06,"No incluir en bloque e-distribución; revisar aparte por solapes grandes con i-DE, UFD y pequeñas."
castilla_leon,El Pedroso de la Armuña,"e-distribución Redes Digitales, S.L.U.",regional_default_candidate,exclude_from_bulk_import,no,e-distribución — distribución eléctrica,https://www.edistribucion.com/es/conocenos/instalaciones-distribucion-red/distribucion-electrica.html,official_distributor_public,2026-05-06,"No incluir en bloque e-distribución; revisar aparte por solapes grandes con i-DE, UFD y pequeñas."
castilla_leon,El Pego,"e-distribución Redes Digitales, S.L.U.",regional_default_candidate,exclude_from_bulk_import,no,e-distribución — distribución eléctrica,https://www.edistribucion.com/es/conocenos/instalaciones-distribucion-red/distribucion-electrica.html,official_distributor_public,2026-05-06,"No incluir en bloque e-distribución; revisar aparte por solapes grandes con i-DE, UFD y pequeñas."
castilla_leon,El Perdigón,"e-distribución Redes Digitales, S.L.U.",regional_default_candidate,exclude_from_bulk_import,no,e-distribución — distribución eléctrica,https://www.edistribucion.com/es/conocenos/instalaciones-distribucion-red/distribucion-electrica.html,official_distributor_public,2026-05-06,"No incluir en bloque e-distribución; revisar aparte por solapes grandes con i-DE, UFD y pequeñas."
castilla_leon,El Piñero,"e-distribución Redes Digitales, S.L.U.",regional_default_candidate,exclude_from_bulk_import,no,e-distribución — distribución eléctrica,https://www.edistribucion.com/es/conocenos/instalaciones-distribucion-red/distribucion-electrica.html,official_distributor_public,2026-05-06,"No incluir en bloque e-distribución; revisar aparte por solapes grandes con i-DE, UFD y pequeñas."
castilla_leon,El Pino de Tormes,"e-distribución Redes Digitales, S.L.U.",regional_default_candidate,exclude_from_bulk_import,no,e-distribución — distribución eléctrica,https://www.edistribucion.com/es/conocenos/instalaciones-distribucion-red/distribucion-electrica.html,official_distributor_public,2026-05-06,"No incluir en bloque e-distribución; revisar aparte por solapes grandes con i-DE, UFD y pequeñas."
castilla_leon,El Royo,"e-distribución Redes Digitales, S.L.U.",regional_default_candidate,exclude_from_bulk_import,no,e-distribución — distribución eléctrica,https://www.edistribucion.com/es/conocenos/instalaciones-distribucion-red/distribucion-electrica.html,official_distributor_public,2026-05-06,"No incluir en bloque e-distribución; revisar aparte por solapes grandes con i-DE, UFD y pequeñas."
castilla_leon,El Sahugo,"e-distribución Redes Digitales, S.L.U.",regional_default_candidate,exclude_from_bulk_import,no,e-distribución — distribución eléctrica,https://www.edistribucion.com/es/conocenos/instalaciones-distribucion-red/distribucion-electrica.html,official_distributor_public,2026-05-06,"No incluir en bloque e-distribución; revisar aparte por solapes grandes con i-DE, UFD y pequeñas."
castilla_leon,El Tejado,"e-distribución Redes Digitales, S.L.U.",regional_default_candidate,exclude_from_bulk_import,no,e-distribución — distribución eléctrica,https://www.edistribucion.com/es/conocenos/instalaciones-distribucion-red/distribucion-electrica.html,official_distributor_public,2026-05-06,"No incluir en bloque e-distribución; revisar aparte por solapes grandes con i-DE, UFD y pequeñas."
castilla_leon,El Tiemblo,"e-distribución Redes Digitales, S.L.U.",regional_default_candidate,exclude_from_bulk_import,no,e-distribución — distribución eléctrica,https://www.edistribucion.com/es/conocenos/instalaciones-distribucion-red/distribucion-electrica.html,official_distributor_public,2026-05-06,"No incluir en bloque e-distribución; revisar aparte por solapes grandes con i-DE, UFD y pequeñas."
castilla_leon,El Tornadizo,"e-distribución Redes Digitales, S.L.U.",regional_default_candidate,exclude_from_bulk_import,no,e-distribución — distribución eléctrica,https://www.edistribucion.com/es/conocenos/instalaciones-distribucion-red/distribucion-electrica.html,official_distributor_public,2026-05-06,"No incluir en bloque e-distribución; revisar aparte por solapes grandes con i-DE, UFD y pequeñas."
castilla_leon,Encina de San Silvestre,"e-distribución Redes Digitales, S.L.U.",regional_default_candidate,exclude_from_bulk_import,no,e-distribución — distribución eléctrica,https://www.edistribucion.com/es/conocenos/instalaciones-distribucion-red/distribucion-electrica.html,official_distributor_public,2026-05-06,"No incluir en bloque e-distribución; revisar aparte por solapes grandes con i-DE, UFD y pequeñas."
castilla_leon,Encinas,"e-distribución Redes Digitales, S.L.U.",regional_default_candidate,exclude_from_bulk_import,no,e-distribución — distribución eléctrica,https://www.edistribucion.com/es/conocenos/instalaciones-distribucion-red/distribucion-electrica.html,official_distributor_public,2026-05-06,"No incluir en bloque e-distribución; revisar aparte por solapes grandes con i-DE, UFD y pequeñas."
castilla_leon,Encinas de Abajo,"e-distribución Redes Digitales, S.L.U.",regional_default_candidate,exclude_from_bulk_import,no,e-distribución — distribución eléctrica,https://www.edistribucion.com/es/conocenos/instalaciones-distribucion-red/distribucion-electrica.html,official_distributor_public,2026-05-06,"No incluir en bloque e-distribución; revisar aparte por solapes grandes con i-DE, UFD y pequeñas."
castilla_leon,Encinas de Arriba,"e-distribución Redes Digitales, S.L.U.",regional_default_candidate,exclude_from_bulk_import,no,e-distribución — distribución eléctrica,https://www.edistribucion.com/es/conocenos/instalaciones-distribucion-red/distribucion-electrica.html,official_distributor_public,2026-05-06,"No incluir en bloque e-distribución; revisar aparte por solapes grandes con i-DE, UFD y pequeñas."
castilla_leon,Encinas de Esgueva,"e-distribución Redes Digitales, S.L.U.",regional_default_candidate,exclude_from_bulk_import,no,e-distribución — distribución eléctrica,https://www.edistribucion.com/es/conocenos/instalaciones-distribucion-red/distribucion-electrica.html,official_distributor_public,2026-05-06,"No incluir en bloque e-distribución; revisar aparte por solapes grandes con i-DE, UFD y pequeñas."
castilla_leon,Encinasola de los Comendadores,"e-distribución Redes Digitales, S.L.U.",regional_default_candidate,exclude_from_bulk_import,no,e-distribución — distribución eléctrica,https://www.edistribucion.com/es/conocenos/instalaciones-distribucion-red/distribucion-electrica.html,official_distributor_public,2026-05-06,"No incluir en bloque e-distribución; revisar aparte por solapes grandes con i-DE, UFD y pequeñas."
castilla_leon,Encinedo,"e-distribución Redes Digitales, S.L.U.",regional_default_candidate,exclude_from_bulk_import,no,e-distribución — distribución eléctrica,https://www.edistribucion.com/es/conocenos/instalaciones-distribucion-red/distribucion-electrica.html,official_distributor_public,2026-05-06,"No incluir en bloque e-distribución; revisar aparte por solapes grandes con i-DE, UFD y pequeñas."
castilla_leon,Encinillas,"e-distribución Redes Digitales, S.L.U.",regional_default_candidate,exclude_from_bulk_import,no,e-distribución — distribución eléctrica,https://www.edistribucion.com/es/conocenos/instalaciones-distribucion-red/distribucion-electrica.html,official_distributor_public,2026-05-06,"No incluir en bloque e-distribución; revisar aparte por solapes grandes con i-DE, UFD y pequeñas."
castilla_leon,Encío,"e-distribución Redes Digitales, S.L.U.",regional_default_candidate,exclude_from_bulk_import,no,e-distribución — distribución eléctrica,https://www.edistribucion.com/es/conocenos/instalaciones-distribucion-red/distribucion-electrica.html,official_distributor_public,2026-05-06,"No incluir en bloque e-distribución; revisar aparte por solapes grandes con i-DE, UFD y pequeñas."
castilla_leon,Endrinal,"e-distribución Redes Digitales, S.L.U.",regional_default_candidate,exclude_from_bulk_import,no,e-distribución — distribución eléctrica,https://www.edistribucion.com/es/conocenos/instalaciones-distribucion-red/distribucion-electrica.html,official_distributor_public,2026-05-06,"No incluir en bloque e-distribución; revisar aparte por solapes grandes con i-DE, UFD y pequeñas."
castilla_leon,Entrala,"e-distribución Redes Digitales, S.L.U.",regional_default_candidate,exclude_from_bulk_import,no,e-distribución — distribución eléctrica,https://www.edistribucion.com/es/conocenos/instalaciones-distribucion-red/distribucion-electrica.html,official_distributor_public,2026-05-06,"No incluir en bloque e-distribución; revisar aparte por solapes grandes con i-DE, UFD y pequeñas."
castilla_leon,Escalona del Prado,"e-distribución Redes Digitales, S.L.U.",regional_default_candidate,exclude_from_bulk_import,no,e-distribución — distribución eléctrica,https://www.edistribucion.com/es/conocenos/instalaciones-distribucion-red/distribucion-electrica.html,official_distributor_public,2026-05-06,"No incluir en bloque e-distribución; revisar aparte por solapes grandes con i-DE, UFD y pequeñas."
castilla_leon,Escarabajosa de Cabezas,"e-distribución Redes Digitales, S.L.U.",regional_default_candidate,exclude_from_bulk_import,no,e-distribución — distribución eléctrica,https://www.edistribucion.com/es/conocenos/instalaciones-distribucion-red/distribucion-electrica.html,official_distributor_public,2026-05-06,"No incluir en bloque e-distribución; revisar aparte por solapes grandes con i-DE, UFD y pequeñas."
castilla_leon,Escobar de Campos,"e-distribución Redes Digitales, S.L.U.",regional_default_candidate,exclude_from_bulk_import,no,e-distribución — distribución eléctrica,https://www.edistribucion.com/es/conocenos/instalaciones-distribucion-red/distribucion-electrica.html,official_distributor_public,2026-05-06,"No incluir en bloque e-distribución; revisar aparte por solapes grandes con i-DE, UFD y pequeñas."
castilla_leon,Escobar de Polendos,"e-distribución Redes Digitales, S.L.U.",regional_default_candidate,exclude_from_bulk_import,no,e-distribución — distribución eléctrica,https://www.edistribucion.com/es/conocenos/instalaciones-distribucion-red/distribucion-electrica.html,official_distributor_public,2026-05-06,"No incluir en bloque e-distribución; revisar aparte por solapes grandes con i-DE, UFD y pequeñas."
castilla_leon,Escobosa de Almazán,"e-distribución Redes Digitales, S.L.U.",regional_default_candidate,exclude_from_bulk_import,no,e-distribución — distribución eléctrica,https://www.edistribucion.com/es/conocenos/instalaciones-distribucion-red/distribucion-electrica.html,official_distributor_public,2026-05-06,"No incluir en bloque e-distribución; revisar aparte por solapes grandes con i-DE, UFD y pequeñas."
castilla_leon,Escurial de la Sierra,"e-distribución Redes Digitales, S.L.U.",regional_default_candidate,exclude_from_bulk_import,no,e-distribución — distribución eléctrica,https://www.edistribucion.com/es/conocenos/instalaciones-distribucion-red/distribucion-electrica.html,official_distributor_public,2026-05-06,"No incluir en bloque e-distribución; revisar aparte por solapes grandes con i-DE, UFD y pequeñas."
castilla_leon,Esguevillas de Esgueva,"e-distribución Redes Digitales, S.L.U.",regional_default_candidate,exclude_from_bulk_import,no,e-distribución — distribución eléctrica,https://www.edistribucion.com/es/conocenos/instalaciones-distribucion-red/distribucion-electrica.html,official_distributor_public,2026-05-06,"No incluir en bloque e-distribución; revisar aparte por solapes grandes con i-DE, UFD y pequeñas."
castilla_leon,Espadaña,"e-distribución Redes Digitales, S.L.U.",regional_default_candidate,exclude_from_bulk_import,no,e-distribución — distribución eléctrica,https://www.edistribucion.com/es/conocenos/instalaciones-distribucion-red/distribucion-electrica.html,official_distributor_public,2026-05-06,"No incluir en bloque e-distribución; revisar aparte por solapes grandes con i-DE, UFD y pequeñas."
castilla_leon,Espadañedo,"e-distribución Redes Digitales, S.L.U.",regional_default_candidate,exclude_from_bulk_import,no,e-distribución — distribución eléctrica,https://www.edistribucion.com/es/conocenos/instalaciones-distribucion-red/distribucion-electrica.html,official_distributor_public,2026-05-06,"No incluir en bloque e-distribución; revisar aparte por solapes grandes con i-DE, UFD y pequeñas."
castilla_leon,Espeja,"e-distribución Redes Digitales, S.L.U.",regional_default_candidate,exclude_from_bulk_import,no,e-distribución — distribución eléctrica,https://www.edistribucion.com/es/conocenos/instalaciones-distribucion-red/distribucion-electrica.html,official_distributor_public,2026-05-06,"No incluir en bloque e-distribución; revisar aparte por solapes grandes con i-DE, UFD y pequeñas."
castilla_leon,Espeja de San Marcelino,"e-distribución Redes Digitales, S.L.U.",regional_default_candidate,exclude_from_bulk_import,no,e-distribución — distribución eléctrica,https://www.edistribucion.com/es/conocenos/instalaciones-distribucion-red/distribucion-electrica.html,official_distributor_public,2026-05-06,"No incluir en bloque e-distribución; revisar aparte por solapes grandes con i-DE, UFD y pequeñas."
castilla_leon,Espejón,"e-distribución Redes Digitales, S.L.U.",regional_default_candidate,exclude_from_bulk_import,no,e-distribución — distribución eléctrica,https://www.edistribucion.com/es/conocenos/instalaciones-distribucion-red/distribucion-electrica.html,official_distributor_public,2026-05-06,"No incluir en bloque e-distribución; revisar aparte por solapes grandes con i-DE, UFD y pequeñas."
castilla_leon,Espino de la Orbada,"e-distribución Redes Digitales, S.L.U.",regional_default_candidate,exclude_from_bulk_import,no,e-distribución — distribución eléctrica,https://www.edistribucion.com/es/conocenos/instalaciones-distribucion-red/distribucion-electrica.html,official_distributor_public,2026-05-06,"No incluir en bloque e-distribución; revisar aparte por solapes grandes con i-DE, UFD y pequeñas."
castilla_leon,Espinosa de Cerrato,"e-distribución Redes Digitales, S.L.U.",regional_default_candidate,exclude_from_bulk_import,no,e-distribución — distribución eléctrica,https://www.edistribucion.com/es/conocenos/instalaciones-distribucion-red/distribucion-electrica.html,official_distributor_public,2026-05-06,"No incluir en bloque e-distribución; revisar aparte por solapes grandes con i-DE, UFD y pequeñas."
castilla_leon,Espinosa de Cervera,"e-distribución Redes Digitales, S.L.U.",regional_default_candidate,exclude_from_bulk_import,no,e-distribución — distribución eléctrica,https://www.edistribucion.com/es/conocenos/instalaciones-distribucion-red/distribucion-electrica.html,official_distributor_public,2026-05-06,"No incluir en bloque e-distribución; revisar aparte por solapes grandes con i-DE, UFD y pequeñas."
castilla_leon,Espinosa de los Caballeros,"e-distribución Redes Digitales, S.L.U.",regional_default_candidate,exclude_from_bulk_import,no,e-distribución — distribución eléctrica,https://www.edistribucion.com/es/conocenos/instalaciones-distribucion-red/distribucion-electrica.html,official_distributor_public,2026-05-06,"No incluir en bloque e-distribución; revisar aparte por solapes grandes con i-DE, UFD y pequeñas."
castilla_leon,Espinosa de los Monteros,"e-distribución Redes Digitales, S.L.U.",regional_default_candidate,exclude_from_bulk_import,no,e-distribución — distribución eléctrica,https://www.edistribucion.com/es/conocenos/instalaciones-distribucion-red/distribucion-electrica.html,official_distributor_public,2026-05-06,"No incluir en bloque e-distribución; revisar aparte por solapes grandes con i-DE, UFD y pequeñas."
castilla_leon,Espinosa de Villagonzalo,"e-distribución Redes Digitales, S.L.U.",regional_default_candidate,exclude_from_bulk_import,no,e-distribución — distribución eléctrica,https://www.edistribucion.com/es/conocenos/instalaciones-distribucion-red/distribucion-electrica.html,official_distributor_public,2026-05-06,"No incluir en bloque e-distribución; revisar aparte por solapes grandes con i-DE, UFD y pequeñas."
castilla_leon,Espinosa del Camino,"e-distribución Redes Digitales, S.L.U.",regional_default_candidate,exclude_from_bulk_import,no,e-distribución — distribución eléctrica,https://www.edistribucion.com/es/conocenos/instalaciones-distribucion-red/distribucion-electrica.html,official_distributor_public,2026-05-06,"No incluir en bloque e-distribución; revisar aparte por solapes grandes con i-DE, UFD y pequeñas."
castilla_leon,Espirdo,"e-distribución Redes Digitales, S.L.U.",regional_default_candidate,exclude_from_bulk_import,no,e-distribución — distribución eléctrica,https://www.edistribucion.com/es/conocenos/instalaciones-distribucion-red/distribucion-electrica.html,official_distributor_public,2026-05-06,"No incluir en bloque e-distribución; revisar aparte por solapes grandes con i-DE, UFD y pequeñas."
castilla_leon,Estepa de San Juan,"e-distribución Redes Digitales, S.L.U.",regional_default_candidate,exclude_from_bulk_import,no,e-distribución — distribución eléctrica,https://www.edistribucion.com/es/conocenos/instalaciones-distribucion-red/distribucion-electrica.html,official_distributor_public,2026-05-06,"No incluir en bloque e-distribución; revisar aparte por solapes grandes con i-DE, UFD y pequeñas."
castilla_leon,Estépar,"e-distribución Redes Digitales, S.L.U.",regional_default_candidate,exclude_from_bulk_import,no,e-distribución — distribución eléctrica,https://www.edistribucion.com/es/conocenos/instalaciones-distribucion-red/distribucion-electrica.html,official_distributor_public,2026-05-06,"No incluir en bloque e-distribución; revisar aparte por solapes grandes con i-DE, UFD y pequeñas."
castilla_leon,Fabero,"e-distribución Redes Digitales, S.L.U.",regional_default_candidate,exclude_from_bulk_import,no,e-distribución — distribución eléctrica,https://www.edistribucion.com/es/conocenos/instalaciones-distribucion-red/distribucion-electrica.html,official_distributor_public,2026-05-06,"No incluir en bloque e-distribución; revisar aparte por solapes grandes con i-DE, UFD y pequeñas."
castilla_leon,Faramontanos de Tábara,"e-distribución Redes Digitales, S.L.U.",regional_default_candidate,exclude_from_bulk_import,no,e-distribución — distribución eléctrica,https://www.edistribucion.com/es/conocenos/instalaciones-distribucion-red/distribucion-electrica.html,official_distributor_public,2026-05-06,"No incluir en bloque e-distribución; revisar aparte por solapes grandes con i-DE, UFD y pequeñas."
castilla_leon,Fariza,"e-distribución Redes Digitales, S.L.U.",regional_default_candidate,exclude_from_bulk_import,no,e-distribución — distribución eléctrica,https://www.edistribucion.com/es/conocenos/instalaciones-distribucion-red/distribucion-electrica.html,official_distributor_public,2026-05-06,"No incluir en bloque e-distribución; revisar aparte por solapes grandes con i-DE, UFD y pequeñas."
castilla_leon,Fermoselle,"e-distribución Redes Digitales, S.L.U.",regional_default_candidate,exclude_from_bulk_import,no,e-distribución — distribución eléctrica,https://www.edistribucion.com/es/conocenos/instalaciones-distribucion-red/distribucion-electrica.html,official_distributor_public,2026-05-06,"No incluir en bloque e-distribución; revisar aparte por solapes grandes con i-DE, UFD y pequeñas."
castilla_leon,Ferreras de Abajo,"e-distribución Redes Digitales, S.L.U.",regional_default_candidate,exclude_from_bulk_import,no,e-distribución — distribución eléctrica,https://www.edistribucion.com/es/conocenos/instalaciones-distribucion-red/distribucion-electrica.html,official_distributor_public,2026-05-06,"No incluir en bloque e-distribución; revisar aparte por solapes grandes con i-DE, UFD y pequeñas."
castilla_leon,Ferreras de Arriba,"e-distribución Redes Digitales, S.L.U.",regional_default_candidate,exclude_from_bulk_import,no,e-distribución — distribución eléctrica,https://www.edistribucion.com/es/conocenos/instalaciones-distribucion-red/distribucion-electrica.html,official_distributor_public,2026-05-06,"No incluir en bloque e-distribución; revisar aparte por solapes grandes con i-DE, UFD y pequeñas."
castilla_leon,Ferreruela,"e-distribución Redes Digitales, S.L.U.",regional_default_candidate,exclude_from_bulk_import,no,e-distribución — distribución eléctrica,https://www.edistribucion.com/es/conocenos/instalaciones-distribucion-red/distribucion-electrica.html,official_distributor_public,2026-05-06,"No incluir en bloque e-distribución; revisar aparte por solapes grandes con i-DE, UFD y pequeñas."
castilla_leon,Figueruela de Arriba,"e-distribución Redes Digitales, S.L.U.",regional_default_candidate,exclude_from_bulk_import,no,e-distribución — distribución eléctrica,https://www.edistribucion.com/es/conocenos/instalaciones-distribucion-red/distribucion-electrica.html,official_distributor_public,2026-05-06,"No incluir en bloque e-distribución; revisar aparte por solapes grandes con i-DE, UFD y pequeñas."
castilla_leon,Flores de Ávila,"e-distribución Redes Digitales, S.L.U.",regional_default_candidate,exclude_from_bulk_import,no,e-distribución — distribución eléctrica,https://www.edistribucion.com/es/conocenos/instalaciones-distribucion-red/distribucion-electrica.html,official_distributor_public,2026-05-06,"No incluir en bloque e-distribución; revisar aparte por solapes grandes con i-DE, UFD y pequeñas."
castilla_leon,Florida de Liébana,"e-distribución Redes Digitales, S.L.U.",regional_default_candidate,exclude_from_bulk_import,no,e-distribución — distribución eléctrica,https://www.edistribucion.com/es/conocenos/instalaciones-distribucion-red/distribucion-electrica.html,official_distributor_public,2026-05-06,"No incluir en bloque e-distribución; revisar aparte por solapes grandes con i-DE, UFD y pequeñas."
castilla_leon,Folgoso de la Ribera,"e-distribución Redes Digitales, S.L.U.",regional_default_candidate,exclude_from_bulk_import,no,e-distribución — distribución eléctrica,https://www.edistribucion.com/es/conocenos/instalaciones-distribucion-red/distribucion-electrica.html,official_distributor_public,2026-05-06,"No incluir en bloque e-distribución; revisar aparte por solapes grandes con i-DE, UFD y pequeñas."
castilla_leon,Fombellida,"e-distribución Redes Digitales, S.L.U.",regional_default_candidate,exclude_from_bulk_import,no,e-distribución — distribución eléctrica,https://www.edistribucion.com/es/conocenos/instalaciones-distribucion-red/distribucion-electrica.html,official_distributor_public,2026-05-06,"No incluir en bloque e-distribución; revisar aparte por solapes grandes con i-DE, UFD y pequeñas."
castilla_leon,Fompedraza,"e-distribución Redes Digitales, S.L.U.",regional_default_candidate,exclude_from_bulk_import,no,e-distribución — distribución eléctrica,https://www.edistribucion.com/es/conocenos/instalaciones-distribucion-red/distribucion-electrica.html,official_distributor_public,2026-05-06,"No incluir en bloque e-distribución; revisar aparte por solapes grandes con i-DE, UFD y pequeñas."
castilla_leon,Foncabada,"e-distribución Redes Digitales, S.L.U.",regional_default_candidate,exclude_from_bulk_import,no,e-distribución — distribución eléctrica,https://www.edistribucion.com/es/conocenos/instalaciones-distribucion-red/distribucion-electrica.html,official_distributor_public,2026-05-06,"No incluir en bloque e-distribución; revisar aparte por solapes grandes con i-DE, UFD y pequeñas."
castilla_leon,Fonfría,"e-distribución Redes Digitales, S.L.U.",regional_default_candidate,exclude_from_bulk_import,no,e-distribución — distribución eléctrica,https://www.edistribucion.com/es/conocenos/instalaciones-distribucion-red/distribucion-electrica.html,official_distributor_public,2026-05-06,"No incluir en bloque e-distribución; revisar aparte por solapes grandes con i-DE, UFD y pequeñas."
castilla_leon,Fontihoyuelo,"e-distribución Redes Digitales, S.L.U.",regional_default_candidate,exclude_from_bulk_import,no,e-distribución — distribución eléctrica,https://www.edistribucion.com/es/conocenos/instalaciones-distribucion-red/distribucion-electrica.html,official_distributor_public,2026-05-06,"No incluir en bloque e-distribución; revisar aparte por solapes grandes con i-DE, UFD y pequeñas."
castilla_leon,Fontioso,"e-distribución Redes Digitales, S.L.U.",regional_default_candidate,exclude_from_bulk_import,no,e-distribución — distribución eléctrica,https://www.edistribucion.com/es/conocenos/instalaciones-distribucion-red/distribucion-electrica.html,official_distributor_public,2026-05-06,"No incluir en bloque e-distribución; revisar aparte por solapes grandes con i-DE, UFD y pequeñas."
castilla_leon,Fontiveros,"e-distribución Redes Digitales, S.L.U.",regional_default_candidate,exclude_from_bulk_import,no,e-distribución — distribución eléctrica,https://www.edistribucion.com/es/conocenos/instalaciones-distribucion-red/distribucion-electrica.html,official_distributor_public,2026-05-06,"No incluir en bloque e-distribución; revisar aparte por solapes grandes con i-DE, UFD y pequeñas."
castilla_leon,Forfoleda,"e-distribución Redes Digitales, S.L.U.",regional_default_candidate,exclude_from_bulk_import,no,e-distribución — distribución eléctrica,https://www.edistribucion.com/es/conocenos/instalaciones-distribucion-red/distribucion-electrica.html,official_distributor_public,2026-05-06,"No incluir en bloque e-distribución; revisar aparte por solapes grandes con i-DE, UFD y pequeñas."
castilla_leon,Frades de la Sierra,"e-distribución Redes Digitales, S.L.U.",regional_default_candidate,exclude_from_bulk_import,no,e-distribución — distribución eléctrica,https://www.edistribucion.com/es/conocenos/instalaciones-distribucion-red/distribucion-electrica.html,official_distributor_public,2026-05-06,"No incluir en bloque e-distribución; revisar aparte por solapes grandes con i-DE, UFD y pequeñas."
castilla_leon,Frandovínez,"e-distribución Redes Digitales, S.L.U.",regional_default_candidate,exclude_from_bulk_import,no,e-distribución — distribución eléctrica,https://www.edistribucion.com/es/conocenos/instalaciones-distribucion-red/distribucion-electrica.html,official_distributor_public,2026-05-06,"No incluir en bloque e-distribución; revisar aparte por solapes grandes con i-DE, UFD y pequeñas."
castilla_leon,Frechilla,"e-distribución Redes Digitales, S.L.U.",regional_default_candidate,exclude_from_bulk_import,no,e-distribución — distribución eléctrica,https://www.edistribucion.com/es/conocenos/instalaciones-distribucion-red/distribucion-electrica.html,official_distributor_public,2026-05-06,"No incluir en bloque e-distribución; revisar aparte por solapes grandes con i-DE, UFD y pequeñas."
castilla_leon,Frechilla de Almazán,"e-distribución Redes Digitales, S.L.U.",regional_default_candidate,exclude_from_bulk_import,no,e-distribución — distribución eléctrica,https://www.edistribucion.com/es/conocenos/instalaciones-distribucion-red/distribucion-electrica.html,official_distributor_public,2026-05-06,"No incluir en bloque e-distribución; revisar aparte por solapes grandes con i-DE, UFD y pequeñas."
castilla_leon,Fresneda de Cuéllar,"e-distribución Redes Digitales, S.L.U.",regional_default_candidate,exclude_from_bulk_import,no,e-distribución — distribución eléctrica,https://www.edistribucion.com/es/conocenos/instalaciones-distribucion-red/distribucion-electrica.html,official_distributor_public,2026-05-06,"No incluir en bloque e-distribución; revisar aparte por solapes grandes con i-DE, UFD y pequeñas."
castilla_leon,Fresneda de la Sierra Tirón,"e-distribución Redes Digitales, S.L.U.",regional_default_candidate,exclude_from_bulk_import,no,e-distribución — distribución eléctrica,https://www.edistribucion.com/es/conocenos/instalaciones-distribucion-red/distribucion-electrica.html,official_distributor_public,2026-05-06,"No incluir en bloque e-distribución; revisar aparte por solapes grandes con i-DE, UFD y pequeñas."
castilla_leon,Fresnedilla,"e-distribución Redes Digitales, S.L.U.",regional_default_candidate,exclude_from_bulk_import,no,e-distribución — distribución eléctrica,https://www.edistribucion.com/es/conocenos/instalaciones-distribucion-red/distribucion-electrica.html,official_distributor_public,2026-05-06,"No incluir en bloque e-distribución; revisar aparte por solapes grandes con i-DE, UFD y pequeñas."
castilla_leon,Fresnedoso,"e-distribución Redes Digitales, S.L.U.",regional_default_candidate,exclude_from_bulk_import,no,e-distribución — distribución eléctrica,https://www.edistribucion.com/es/conocenos/instalaciones-distribucion-red/distribucion-electrica.html,official_distributor_public,2026-05-06,"No incluir en bloque e-distribución; revisar aparte por solapes grandes con i-DE, UFD y pequeñas."
castilla_leon,Fresneña,"e-distribución Redes Digitales, S.L.U.",regional_default_candidate,exclude_from_bulk_import,no,e-distribución — distribución eléctrica,https://www.edistribucion.com/es/conocenos/instalaciones-distribucion-red/distribucion-electrica.html,official_distributor_public,2026-05-06,"No incluir en bloque e-distribución; revisar aparte por solapes grandes con i-DE, UFD y pequeñas."
castilla_leon,Fresnillo de las Dueñas,"e-distribución Redes Digitales, S.L.U.",regional_default_candidate,exclude_from_bulk_import,no,e-distribución — distribución eléctrica,https://www.edistribucion.com/es/conocenos/instalaciones-distribucion-red/distribucion-electrica.html,official_distributor_public,2026-05-06,"No incluir en bloque e-distribución; revisar aparte por solapes grandes con i-DE, UFD y pequeñas."
castilla_leon,Fresno Alhándiga,"e-distribución Redes Digitales, S.L.U.",regional_default_candidate,exclude_from_bulk_import,no,e-distribución — distribución eléctrica,https://www.edistribucion.com/es/conocenos/instalaciones-distribucion-red/distribucion-electrica.html,official_distributor_public,2026-05-06,"No incluir en bloque e-distribución; revisar aparte por solapes grandes con i-DE, UFD y pequeñas."
castilla_leon,Fresno de Cantespino,"e-distribución Redes Digitales, S.L.U.",regional_default_candidate,exclude_from_bulk_import,no,e-distribución — distribución eléctrica,https://www.edistribucion.com/es/conocenos/instalaciones-distribucion-red/distribucion-electrica.html,official_distributor_public,2026-05-06,"No incluir en bloque e-distribución; revisar aparte por solapes grandes con i-DE, UFD y pequeñas."
castilla_leon,Fresno de Caracena,"e-distribución Redes Digitales, S.L.U.",regional_default_candidate,exclude_from_bulk_import,no,e-distribución — distribución eléctrica,https://www.edistribucion.com/es/conocenos/instalaciones-distribucion-red/distribucion-electrica.html,official_distributor_public,2026-05-06,"No incluir en bloque e-distribución; revisar aparte por solapes grandes con i-DE, UFD y pequeñas."
castilla_leon,Fresno de la Fuente,"e-distribución Redes Digitales, S.L.U.",regional_default_candidate,exclude_from_bulk_import,no,e-distribución — distribución eléctrica,https://www.edistribucion.com/es/conocenos/instalaciones-distribucion-red/distribucion-electrica.html,official_distributor_public,2026-05-06,"No incluir en bloque e-distribución; revisar aparte por solapes grandes con i-DE, UFD y pequeñas."
castilla_leon,Fresno de la Polvorosa,"e-distribución Redes Digitales, S.L.U.",regional_default_candidate,exclude_from_bulk_import,no,e-distribución — distribución eléctrica,https://www.edistribucion.com/es/conocenos/instalaciones-distribucion-red/distribucion-electrica.html,official_distributor_public,2026-05-06,"No incluir en bloque e-distribución; revisar aparte por solapes grandes con i-DE, UFD y pequeñas."
castilla_leon,Fresno de la Ribera,"e-distribución Redes Digitales, S.L.U.",regional_default_candidate,exclude_from_bulk_import,no,e-distribución — distribución eléctrica,https://www.edistribucion.com/es/conocenos/instalaciones-distribucion-red/distribucion-electrica.html,official_distributor_public,2026-05-06,"No incluir en bloque e-distribución; revisar aparte por solapes grandes con i-DE, UFD y pequeñas."
castilla_leon,Fresno de la Vega,"e-distribución Redes Digitales, S.L.U.",regional_default_candidate,exclude_from_bulk_import,no,e-distribución — distribución eléctrica,https://www.edistribucion.com/es/conocenos/instalaciones-distribucion-red/distribucion-electrica.html,official_distributor_public,2026-05-06,"No incluir en bloque e-distribución; revisar aparte por solapes grandes con i-DE, UFD y pequeñas."
castilla_leon,Fresno de Río Tirón,"e-distribución Redes Digitales, S.L.U.",regional_default_candidate,exclude_from_bulk_import,no,e-distribución — distribución eléctrica,https://www.edistribucion.com/es/conocenos/instalaciones-distribucion-red/distribucion-electrica.html,official_distributor_public,2026-05-06,"No incluir en bloque e-distribución; revisar aparte por solapes grandes con i-DE, UFD y pequeñas."
castilla_leon,Fresno de Rodilla,"e-distribución Redes Digitales, S.L.U.",regional_default_candidate,exclude_from_bulk_import,no,e-distribución — distribución eléctrica,https://www.edistribucion.com/es/conocenos/instalaciones-distribucion-red/distribucion-electrica.html,official_distributor_public,2026-05-06,"No incluir en bloque e-distribución; revisar aparte por solapes grandes con i-DE, UFD y pequeñas."
castilla_leon,Fresno de Sayago,"e-distribución Redes Digitales, S.L.U.",regional_default_candidate,exclude_from_bulk_import,no,e-distribución — distribución eléctrica,https://www.edistribucion.com/es/conocenos/instalaciones-distribucion-red/distribucion-electrica.html,official_distributor_public,2026-05-06,"No incluir en bloque e-distribución; revisar aparte por solapes grandes con i-DE, UFD y pequeñas."
castilla_leon,Fresno del Río,"e-distribución Redes Digitales, S.L.U.",regional_default_candidate,exclude_from_bulk_import,no,e-distribución — distribución eléctrica,https://www.edistribucion.com/es/conocenos/instalaciones-distribucion-red/distribucion-electrica.html,official_distributor_public,2026-05-06,"No incluir en bloque e-distribución; revisar aparte por solapes grandes con i-DE, UFD y pequeñas."
castilla_leon,Fresno el Viejo,"e-distribución Redes Digitales, S.L.U.",regional_default_candidate,exclude_from_bulk_import,no,e-distribución — distribución eléctrica,https://www.edistribucion.com/es/conocenos/instalaciones-distribucion-red/distribucion-electrica.html,official_distributor_public,2026-05-06,"No incluir en bloque e-distribución; revisar aparte por solapes grandes con i-DE, UFD y pequeñas."
castilla_leon,Frías,"e-distribución Redes Digitales, S.L.U.",regional_default_candidate,exclude_from_bulk_import,no,e-distribución — distribución eléctrica,https://www.edistribucion.com/es/conocenos/instalaciones-distribucion-red/distribucion-electrica.html,official_distributor_public,2026-05-06,"No incluir en bloque e-distribución; revisar aparte por solapes grandes con i-DE, UFD y pequeñas."
castilla_leon,Friera de Valverde,"e-distribución Redes Digitales, S.L.U.",regional_default_candidate,exclude_from_bulk_import,no,e-distribución — distribución eléctrica,https://www.edistribucion.com/es/conocenos/instalaciones-distribucion-red/distribucion-electrica.html,official_distributor_public,2026-05-06,"No incluir en bloque e-distribución; revisar aparte por solapes grandes con i-DE, UFD y pequeñas."
castilla_leon,Frómista,"e-distribución Redes Digitales, S.L.U.",regional_default_candidate,exclude_from_bulk_import,no,e-distribución — distribución eléctrica,https://www.edistribucion.com/es/conocenos/instalaciones-distribucion-red/distribucion-electrica.html,official_distributor_public,2026-05-06,"No incluir en bloque e-distribución; revisar aparte por solapes grandes con i-DE, UFD y pequeñas."
castilla_leon,Frumales,"e-distribución Redes Digitales, S.L.U.",regional_default_candidate,exclude_from_bulk_import,no,e-distribución — distribución eléctrica,https://www.edistribucion.com/es/conocenos/instalaciones-distribucion-red/distribucion-electrica.html,official_distributor_public,2026-05-06,"No incluir en bloque e-distribución; revisar aparte por solapes grandes con i-DE, UFD y pequeñas."
castilla_leon,Fuensaldaña,"e-distribución Redes Digitales, S.L.U.",regional_default_candidate,exclude_from_bulk_import,no,e-distribución — distribución eléctrica,https://www.edistribucion.com/es/conocenos/instalaciones-distribucion-red/distribucion-electrica.html,official_distributor_public,2026-05-06,"No incluir en bloque e-distribución; revisar aparte por solapes grandes con i-DE, UFD y pequeñas."
castilla_leon,Fuente de Santa Cruz,"e-distribución Redes Digitales, S.L.U.",regional_default_candidate,exclude_from_bulk_import,no,e-distribución — distribución eléctrica,https://www.edistribucion.com/es/conocenos/instalaciones-distribucion-red/distribucion-electrica.html,official_distributor_public,2026-05-06,"No incluir en bloque e-distribución; revisar aparte por solapes grandes con i-DE, UFD y pequeñas."
castilla_leon,Fuente el Olmo de Fuentidueña,"e-distribución Redes Digitales, S.L.U.",regional_default_candidate,exclude_from_bulk_import,no,e-distribución — distribución eléctrica,https://www.edistribucion.com/es/conocenos/instalaciones-distribucion-red/distribucion-electrica.html,official_distributor_public,2026-05-06,"No incluir en bloque e-distribución; revisar aparte por solapes grandes con i-DE, UFD y pequeñas."
castilla_leon,Fuente el Olmo de Íscar,"e-distribución Redes Digitales, S.L.U.",regional_default_candidate,exclude_from_bulk_import,no,e-distribución — distribución eléctrica,https://www.edistribucion.com/es/conocenos/instalaciones-distribucion-red/distribucion-electrica.html,official_distributor_public,2026-05-06,"No incluir en bloque e-distribución; revisar aparte por solapes grandes con i-DE, UFD y pequeñas."
castilla_leon,Fuente el Saúz,"e-distribución Redes Digitales, S.L.U.",regional_default_candidate,exclude_from_bulk_import,no,e-distribución — distribución eléctrica,https://www.edistribucion.com/es/conocenos/instalaciones-distribucion-red/distribucion-electrica.html,official_distributor_public,2026-05-06,"No incluir en bloque e-distribución; revisar aparte por solapes grandes con i-DE, UFD y pequeñas."
castilla_leon,Fuente el Sol,"e-distribución Redes Digitales, S.L.U.",regional_default_candidate,exclude_from_bulk_import,no,e-distribución — distribución eléctrica,https://www.edistribucion.com/es/conocenos/instalaciones-distribucion-red/distribucion-electrica.html,official_distributor_public,2026-05-06,"No incluir en bloque e-distribución; revisar aparte por solapes grandes con i-DE, UFD y pequeñas."
castilla_leon,Fuente Encalada,"e-distribución Redes Digitales, S.L.U.",regional_default_candidate,exclude_from_bulk_import,no,e-distribución — distribución eléctrica,https://www.edistribucion.com/es/conocenos/instalaciones-distribucion-red/distribucion-electrica.html,official_distributor_public,2026-05-06,"No incluir en bloque e-distribución; revisar aparte por solapes grandes con i-DE, UFD y pequeñas."
castilla_leon,Fuente-Olmedo,"e-distribución Redes Digitales, S.L.U.",regional_default_candidate,exclude_from_bulk_import,no,e-distribución — distribución eléctrica,https://www.edistribucion.com/es/conocenos/instalaciones-distribucion-red/distribucion-electrica.html,official_distributor_public,2026-05-06,"No incluir en bloque e-distribución; revisar aparte por solapes grandes con i-DE, UFD y pequeñas."
castilla_leon,Fuentearmegil,"e-distribución Redes Digitales, S.L.U.",regional_default_candidate,exclude_from_bulk_import,no,e-distribución — distribución eléctrica,https://www.edistribucion.com/es/conocenos/instalaciones-distribucion-red/distribucion-electrica.html,official_distributor_public,2026-05-06,"No incluir en bloque e-distribución; revisar aparte por solapes grandes con i-DE, UFD y pequeñas."
castilla_leon,Fuentebureba,"e-distribución Redes Digitales, S.L.U.",regional_default_candidate,exclude_from_bulk_import,no,e-distribución — distribución eléctrica,https://www.edistribucion.com/es/conocenos/instalaciones-distribucion-red/distribucion-electrica.html,official_distributor_public,2026-05-06,"No incluir en bloque e-distribución; revisar aparte por solapes grandes con i-DE, UFD y pequeñas."
castilla_leon,Fuentecambrón,"e-distribución Redes Digitales, S.L.U.",regional_default_candidate,exclude_from_bulk_import,no,e-distribución — distribución eléctrica,https://www.edistribucion.com/es/conocenos/instalaciones-distribucion-red/distribucion-electrica.html,official_distributor_public,2026-05-06,"No incluir en bloque e-distribución; revisar aparte por solapes grandes con i-DE, UFD y pequeñas."
castilla_leon,Fuentecantos,"e-distribución Redes Digitales, S.L.U.",regional_default_candidate,exclude_from_bulk_import,no,e-distribución — distribución eléctrica,https://www.edistribucion.com/es/conocenos/instalaciones-distribucion-red/distribucion-electrica.html,official_distributor_public,2026-05-06,"No incluir en bloque e-distribución; revisar aparte por solapes grandes con i-DE, UFD y pequeñas."
castilla_leon,Fuentecén,"e-distribución Redes Digitales, S.L.U.",regional_default_candidate,exclude_from_bulk_import,no,e-distribución — distribución eléctrica,https://www.edistribucion.com/es/conocenos/instalaciones-distribucion-red/distribucion-electrica.html,official_distributor_public,2026-05-06,"No incluir en bloque e-distribución; revisar aparte por solapes grandes con i-DE, UFD y pequeñas."
castilla_leon,Fuenteguinaldo,"e-distribución Redes Digitales, S.L.U.",regional_default_candidate,exclude_from_bulk_import,no,e-distribución — distribución eléctrica,https://www.edistribucion.com/es/conocenos/instalaciones-distribucion-red/distribucion-electrica.html,official_distributor_public,2026-05-06,"No incluir en bloque e-distribución; revisar aparte por solapes grandes con i-DE, UFD y pequeñas."
castilla_leon,Fuentelapeña,"e-distribución Redes Digitales, S.L.U.",regional_default_candidate,exclude_from_bulk_import,no,e-distribución — distribución eléctrica,https://www.edistribucion.com/es/conocenos/instalaciones-distribucion-red/distribucion-electrica.html,official_distributor_public,2026-05-06,"No incluir en bloque e-distribución; revisar aparte por solapes grandes con i-DE, UFD y pequeñas."
castilla_leon,Fuentelcésped,"e-distribución Redes Digitales, S.L.U.",regional_default_candidate,exclude_from_bulk_import,no,e-distribución — distribución eléctrica,https://www.edistribucion.com/es/conocenos/instalaciones-distribucion-red/distribucion-electrica.html,official_distributor_public,2026-05-06,"No incluir en bloque e-distribución; revisar aparte por solapes grandes con i-DE, UFD y pequeñas."
castilla_leon,Fuenteliante,"e-distribución Redes Digitales, S.L.U.",regional_default_candidate,exclude_from_bulk_import,no,e-distribución — distribución eléctrica,https://www.edistribucion.com/es/conocenos/instalaciones-distribucion-red/distribucion-electrica.html,official_distributor_public,2026-05-06,"No incluir en bloque e-distribución; revisar aparte por solapes grandes con i-DE, UFD y pequeñas."
castilla_leon,Fuentelisendo,"e-distribución Redes Digitales, S.L.U.",regional_default_candidate,exclude_from_bulk_import,no,e-distribución — distribución eléctrica,https://www.edistribucion.com/es/conocenos/instalaciones-distribucion-red/distribucion-electrica.html,official_distributor_public,2026-05-06,"No incluir en bloque e-distribución; revisar aparte por solapes grandes con i-DE, UFD y pequeñas."
castilla_leon,Fuentelmonge,"e-distribución Redes Digitales, S.L.U.",regional_default_candidate,exclude_from_bulk_import,no,e-distribución — distribución eléctrica,https://www.edistribucion.com/es/conocenos/instalaciones-distribucion-red/distribucion-electrica.html,official_distributor_public,2026-05-06,"No incluir en bloque e-distribución; revisar aparte por solapes grandes con i-DE, UFD y pequeñas."
castilla_leon,Fuentelsaz de Soria,"e-distribución Redes Digitales, S.L.U.",regional_default_candidate,exclude_from_bulk_import,no,e-distribución — distribución eléctrica,https://www.edistribucion.com/es/conocenos/instalaciones-distribucion-red/distribucion-electrica.html,official_distributor_public,2026-05-06,"No incluir en bloque e-distribución; revisar aparte por solapes grandes con i-DE, UFD y pequeñas."
castilla_leon,Fuentemolinos,"e-distribución Redes Digitales, S.L.U.",regional_default_candidate,exclude_from_bulk_import,no,e-distribución — distribución eléctrica,https://www.edistribucion.com/es/conocenos/instalaciones-distribucion-red/distribucion-electrica.html,official_distributor_public,2026-05-06,"No incluir en bloque e-distribución; revisar aparte por solapes grandes con i-DE, UFD y pequeñas."
castilla_leon,Fuentenebro,"e-distribución Redes Digitales, S.L.U.",regional_default_candidate,exclude_from_bulk_import,no,e-distribución — distribución eléctrica,https://www.edistribucion.com/es/conocenos/instalaciones-distribucion-red/distribucion-electrica.html,official_distributor_public,2026-05-06,"No incluir en bloque e-distribución; revisar aparte por solapes grandes con i-DE, UFD y pequeñas."
castilla_leon,Fuentepelayo,"e-distribución Redes Digitales, S.L.U.",regional_default_candidate,exclude_from_bulk_import,no,e-distribución — distribución eléctrica,https://www.edistribucion.com/es/conocenos/instalaciones-distribucion-red/distribucion-electrica.html,official_distributor_public,2026-05-06,"No incluir en bloque e-distribución; revisar aparte por solapes grandes con i-DE, UFD y pequeñas."
castilla_leon,Fuentepiñel,"e-distribución Redes Digitales, S.L.U.",regional_default_candidate,exclude_from_bulk_import,no,e-distribución — distribución eléctrica,https://www.edistribucion.com/es/conocenos/instalaciones-distribucion-red/distribucion-electrica.html,official_distributor_public,2026-05-06,"No incluir en bloque e-distribución; revisar aparte por solapes grandes con i-DE, UFD y pequeñas."
castilla_leon,Fuentepinilla,"e-distribución Redes Digitales, S.L.U.",regional_default_candidate,exclude_from_bulk_import,no,e-distribución — distribución eléctrica,https://www.edistribucion.com/es/conocenos/instalaciones-distribucion-red/distribucion-electrica.html,official_distributor_public,2026-05-06,"No incluir en bloque e-distribución; revisar aparte por solapes grandes con i-DE, UFD y pequeñas."
castilla_leon,Fuenterrebollo,"e-distribución Redes Digitales, S.L.U.",regional_default_candidate,exclude_from_bulk_import,no,e-distribución — distribución eléctrica,https://www.edistribucion.com/es/conocenos/instalaciones-distribucion-red/distribucion-electrica.html,official_distributor_public,2026-05-06,"No incluir en bloque e-distribución; revisar aparte por solapes grandes con i-DE, UFD y pequeñas."
castilla_leon,Fuenterroble de Salvatierra,"e-distribución Redes Digitales, S.L.U.",regional_default_candidate,exclude_from_bulk_import,no,e-distribución — distribución eléctrica,https://www.edistribucion.com/es/conocenos/instalaciones-distribucion-red/distribucion-electrica.html,official_distributor_public,2026-05-06,"No incluir en bloque e-distribución; revisar aparte por solapes grandes con i-DE, UFD y pequeñas."
castilla_leon,Fuentes de Año,"e-distribución Redes Digitales, S.L.U.",regional_default_candidate,exclude_from_bulk_import,no,e-distribución — distribución eléctrica,https://www.edistribucion.com/es/conocenos/instalaciones-distribucion-red/distribucion-electrica.html,official_distributor_public,2026-05-06,"No incluir en bloque e-distribución; revisar aparte por solapes grandes con i-DE, UFD y pequeñas."
castilla_leon,Fuentes de Béjar,"e-distribución Redes Digitales, S.L.U.",regional_default_candidate,exclude_from_bulk_import,no,e-distribución — distribución eléctrica,https://www.edistribucion.com/es/conocenos/instalaciones-distribucion-red/distribucion-electrica.html,official_distributor_public,2026-05-06,"No incluir en bloque e-distribución; revisar aparte por solapes grandes con i-DE, UFD y pequeñas."
castilla_leon,Fuentes de Carbajal,"e-distribución Redes Digitales, S.L.U.",regional_default_candidate,exclude_from_bulk_import,no,e-distribución — distribución eléctrica,https://www.edistribucion.com/es/conocenos/instalaciones-distribucion-red/distribucion-electrica.html,official_distributor_public,2026-05-06,"No incluir en bloque e-distribución; revisar aparte por solapes grandes con i-DE, UFD y pequeñas."
castilla_leon,Fuentes de Magaña,"e-distribución Redes Digitales, S.L.U.",regional_default_candidate,exclude_from_bulk_import,no,e-distribución — distribución eléctrica,https://www.edistribucion.com/es/conocenos/instalaciones-distribucion-red/distribucion-electrica.html,official_distributor_public,2026-05-06,"No incluir en bloque e-distribución; revisar aparte por solapes grandes con i-DE, UFD y pequeñas."
castilla_leon,Fuentes de Nava,"e-distribución Redes Digitales, S.L.U.",regional_default_candidate,exclude_from_bulk_import,no,e-distribución — distribución eléctrica,https://www.edistribucion.com/es/conocenos/instalaciones-distribucion-red/distribucion-electrica.html,official_distributor_public,2026-05-06,"No incluir en bloque e-distribución; revisar aparte por solapes grandes con i-DE, UFD y pequeñas."
castilla_leon,Fuentes de Oñoro,"e-distribución Redes Digitales, S.L.U.",regional_default_candidate,exclude_from_bulk_import,no,e-distribución — distribución eléctrica,https://www.edistribucion.com/es/conocenos/instalaciones-distribucion-red/distribucion-electrica.html,official_distributor_public,2026-05-06,"No incluir en bloque e-distribución; revisar aparte por solapes grandes con i-DE, UFD y pequeñas."
castilla_leon,Fuentes de Ropel,"e-distribución Redes Digitales, S.L.U.",regional_default_candidate,exclude_from_bulk_import,no,e-distribución — distribución eléctrica,https://www.edistribucion.com/es/conocenos/instalaciones-distribucion-red/distribucion-electrica.html,official_distributor_public,2026-05-06,"No incluir en bloque e-distribución; revisar aparte por solapes grandes con i-DE, UFD y pequeñas."
castilla_leon,Fuentes de Valdepero,"e-distribución Redes Digitales, S.L.U.",regional_default_candidate,exclude_from_bulk_import,no,e-distribución — distribución eléctrica,https://www.edistribucion.com/es/conocenos/instalaciones-distribucion-red/distribucion-electrica.html,official_distributor_public,2026-05-06,"No incluir en bloque e-distribución; revisar aparte por solapes grandes con i-DE, UFD y pequeñas."
castilla_leon,Fuentesaúco,"e-distribución Redes Digitales, S.L.U.",regional_default_candidate,exclude_from_bulk_import,no,e-distribución — distribución eléctrica,https://www.edistribucion.com/es/conocenos/instalaciones-distribucion-red/distribucion-electrica.html,official_distributor_public,2026-05-06,"No incluir en bloque e-distribución; revisar aparte por solapes grandes con i-DE, UFD y pequeñas."
castilla_leon,Fuentesaúco de Fuentidueña,"e-distribución Redes Digitales, S.L.U.",regional_default_candidate,exclude_from_bulk_import,no,e-distribución — distribución eléctrica,https://www.edistribucion.com/es/conocenos/instalaciones-distribucion-red/distribucion-electrica.html,official_distributor_public,2026-05-06,"No incluir en bloque e-distribución; revisar aparte por solapes grandes con i-DE, UFD y pequeñas."
castilla_leon,Fuentesecas,"e-distribución Redes Digitales, S.L.U.",regional_default_candidate,exclude_from_bulk_import,no,e-distribución — distribución eléctrica,https://www.edistribucion.com/es/conocenos/instalaciones-distribucion-red/distribucion-electrica.html,official_distributor_public,2026-05-06,"No incluir en bloque e-distribución; revisar aparte por solapes grandes con i-DE, UFD y pequeñas."
castilla_leon,Fuentesoto,"e-distribución Redes Digitales, S.L.U.",regional_default_candidate,exclude_from_bulk_import,no,e-distribución — distribución eléctrica,https://www.edistribucion.com/es/conocenos/instalaciones-distribucion-red/distribucion-electrica.html,official_distributor_public,2026-05-06,"No incluir en bloque e-distribución; revisar aparte por solapes grandes con i-DE, UFD y pequeñas."
castilla_leon,Fuentespina,"e-distribución Redes Digitales, S.L.U.",regional_default_candidate,exclude_from_bulk_import,no,e-distribución — distribución eléctrica,https://www.edistribucion.com/es/conocenos/instalaciones-distribucion-red/distribucion-electrica.html,official_distributor_public,2026-05-06,"No incluir en bloque e-distribución; revisar aparte por solapes grandes con i-DE, UFD y pequeñas."
castilla_leon,Fuentespreadas,"e-distribución Redes Digitales, S.L.U.",regional_default_candidate,exclude_from_bulk_import,no,e-distribución — distribución eléctrica,https://www.edistribucion.com/es/conocenos/instalaciones-distribucion-red/distribucion-electrica.html,official_distributor_public,2026-05-06,"No incluir en bloque e-distribución; revisar aparte por solapes grandes con i-DE, UFD y pequeñas."
castilla_leon,Fuentestrún,"e-distribución Redes Digitales, S.L.U.",regional_default_candidate,exclude_from_bulk_import,no,e-distribución — distribución eléctrica,https://www.edistribucion.com/es/conocenos/instalaciones-distribucion-red/distribucion-electrica.html,official_distributor_public,2026-05-06,"No incluir en bloque e-distribución; revisar aparte por solapes grandes con i-DE, UFD y pequeñas."
castilla_leon,Fuentidueña,"e-distribución Redes Digitales, S.L.U.",regional_default_candidate,exclude_from_bulk_import,no,e-distribución — distribución eléctrica,https://www.edistribucion.com/es/conocenos/instalaciones-distribucion-red/distribucion-electrica.html,official_distributor_public,2026-05-06,"No incluir en bloque e-distribución; revisar aparte por solapes grandes con i-DE, UFD y pequeñas."
castilla_leon,Gajates,"e-distribución Redes Digitales, S.L.U.",regional_default_candidate,exclude_from_bulk_import,no,e-distribución — distribución eléctrica,https://www.edistribucion.com/es/conocenos/instalaciones-distribucion-red/distribucion-electrica.html,official_distributor_public,2026-05-06,"No incluir en bloque e-distribución; revisar aparte por solapes grandes con i-DE, UFD y pequeñas."
castilla_leon,Galbarros,"e-distribución Redes Digitales, S.L.U.",regional_default_candidate,exclude_from_bulk_import,no,e-distribución — distribución eléctrica,https://www.edistribucion.com/es/conocenos/instalaciones-distribucion-red/distribucion-electrica.html,official_distributor_public,2026-05-06,"No incluir en bloque e-distribución; revisar aparte por solapes grandes con i-DE, UFD y pequeñas."
castilla_leon,Galende,"e-distribución Redes Digitales, S.L.U.",regional_default_candidate,exclude_from_bulk_import,no,e-distribución — distribución eléctrica,https://www.edistribucion.com/es/conocenos/instalaciones-distribucion-red/distribucion-electrica.html,official_distributor_public,2026-05-06,"No incluir en bloque e-distribución; revisar aparte por solapes grandes con i-DE, UFD y pequeñas."
castilla_leon,Galindo y Perahuy,"e-distribución Redes Digitales, S.L.U.",regional_default_candidate,exclude_from_bulk_import,no,e-distribución — distribución eléctrica,https://www.edistribucion.com/es/conocenos/instalaciones-distribucion-red/distribucion-electrica.html,official_distributor_public,2026-05-06,"No incluir en bloque e-distribución; revisar aparte por solapes grandes con i-DE, UFD y pequeñas."
castilla_leon,Galinduste,"e-distribución Redes Digitales, S.L.U.",regional_default_candidate,exclude_from_bulk_import,no,e-distribución — distribución eléctrica,https://www.edistribucion.com/es/conocenos/instalaciones-distribucion-red/distribucion-electrica.html,official_distributor_public,2026-05-06,"No incluir en bloque e-distribución; revisar aparte por solapes grandes con i-DE, UFD y pequeñas."
castilla_leon,Galisancho,"e-distribución Redes Digitales, S.L.U.",regional_default_candidate,exclude_from_bulk_import,no,e-distribución — distribución eléctrica,https://www.edistribucion.com/es/conocenos/instalaciones-distribucion-red/distribucion-electrica.html,official_distributor_public,2026-05-06,"No incluir en bloque e-distribución; revisar aparte por solapes grandes con i-DE, UFD y pequeñas."
castilla_leon,Gallegos,"e-distribución Redes Digitales, S.L.U.",regional_default_candidate,exclude_from_bulk_import,no,e-distribución — distribución eléctrica,https://www.edistribucion.com/es/conocenos/instalaciones-distribucion-red/distribucion-electrica.html,official_distributor_public,2026-05-06,"No incluir en bloque e-distribución; revisar aparte por solapes grandes con i-DE, UFD y pequeñas."
castilla_leon,Gallegos de Altamiros,"e-distribución Redes Digitales, S.L.U.",regional_default_candidate,exclude_from_bulk_import,no,e-distribución — distribución eléctrica,https://www.edistribucion.com/es/conocenos/instalaciones-distribucion-red/distribucion-electrica.html,official_distributor_public,2026-05-06,"No incluir en bloque e-distribución; revisar aparte por solapes grandes con i-DE, UFD y pequeñas."
castilla_leon,Gallegos de Argañán,"e-distribución Redes Digitales, S.L.U.",regional_default_candidate,exclude_from_bulk_import,no,e-distribución — distribución eléctrica,https://www.edistribucion.com/es/conocenos/instalaciones-distribucion-red/distribucion-electrica.html,official_distributor_public,2026-05-06,"No incluir en bloque e-distribución; revisar aparte por solapes grandes con i-DE, UFD y pequeñas."
castilla_leon,Gallegos de Hornija,"e-distribución Redes Digitales, S.L.U.",regional_default_candidate,exclude_from_bulk_import,no,e-distribución — distribución eléctrica,https://www.edistribucion.com/es/conocenos/instalaciones-distribucion-red/distribucion-electrica.html,official_distributor_public,2026-05-06,"No incluir en bloque e-distribución; revisar aparte por solapes grandes con i-DE, UFD y pequeñas."
castilla_leon,Gallegos de Sobrinos,"e-distribución Redes Digitales, S.L.U.",regional_default_candidate,exclude_from_bulk_import,no,e-distribución — distribución eléctrica,https://www.edistribucion.com/es/conocenos/instalaciones-distribucion-red/distribucion-electrica.html,official_distributor_public,2026-05-06,"No incluir en bloque e-distribución; revisar aparte por solapes grandes con i-DE, UFD y pequeñas."
castilla_leon,Gallegos de Solmirón,"e-distribución Redes Digitales, S.L.U.",regional_default_candidate,exclude_from_bulk_import,no,e-distribución — distribución eléctrica,https://www.edistribucion.com/es/conocenos/instalaciones-distribucion-red/distribucion-electrica.html,official_distributor_public,2026-05-06,"No incluir en bloque e-distribución; revisar aparte por solapes grandes con i-DE, UFD y pequeñas."
castilla_leon,Gallegos del Pan,"e-distribución Redes Digitales, S.L.U.",regional_default_candidate,exclude_from_bulk_import,no,e-distribución — distribución eléctrica,https://www.edistribucion.com/es/conocenos/instalaciones-distribucion-red/distribucion-electrica.html,official_distributor_public,2026-05-06,"No incluir en bloque e-distribución; revisar aparte por solapes grandes con i-DE, UFD y pequeñas."
castilla_leon,Gallegos del Río,"e-distribución Redes Digitales, S.L.U.",regional_default_candidate,exclude_from_bulk_import,no,e-distribución — distribución eléctrica,https://www.edistribucion.com/es/conocenos/instalaciones-distribucion-red/distribucion-electrica.html,official_distributor_public,2026-05-06,"No incluir en bloque e-distribución; revisar aparte por solapes grandes con i-DE, UFD y pequeñas."
castilla_leon,Gamones,"e-distribución Redes Digitales, S.L.U.",regional_default_candidate,exclude_from_bulk_import,no,e-distribución — distribución eléctrica,https://www.edistribucion.com/es/conocenos/instalaciones-distribucion-red/distribucion-electrica.html,official_distributor_public,2026-05-06,"No incluir en bloque e-distribución; revisar aparte por solapes grandes con i-DE, UFD y pequeñas."
castilla_leon,Garcibuey,"e-distribución Redes Digitales, S.L.U.",regional_default_candidate,exclude_from_bulk_import,no,e-distribución — distribución eléctrica,https://www.edistribucion.com/es/conocenos/instalaciones-distribucion-red/distribucion-electrica.html,official_distributor_public,2026-05-06,"No incluir en bloque e-distribución; revisar aparte por solapes grandes con i-DE, UFD y pequeñas."
castilla_leon,Garcihernández,"e-distribución Redes Digitales, S.L.U.",regional_default_candidate,exclude_from_bulk_import,no,e-distribución — distribución eléctrica,https://www.edistribucion.com/es/conocenos/instalaciones-distribucion-red/distribucion-electrica.html,official_distributor_public,2026-05-06,"No incluir en bloque e-distribución; revisar aparte por solapes grandes con i-DE, UFD y pequeñas."
castilla_leon,Garcillán,"e-distribución Redes Digitales, S.L.U.",regional_default_candidate,exclude_from_bulk_import,no,e-distribución — distribución eléctrica,https://www.edistribucion.com/es/conocenos/instalaciones-distribucion-red/distribucion-electrica.html,official_distributor_public,2026-05-06,"No incluir en bloque e-distribución; revisar aparte por solapes grandes con i-DE, UFD y pequeñas."
castilla_leon,Garcirrey,"e-distribución Redes Digitales, S.L.U.",regional_default_candidate,exclude_from_bulk_import,no,e-distribución — distribución eléctrica,https://www.edistribucion.com/es/conocenos/instalaciones-distribucion-red/distribucion-electrica.html,official_distributor_public,2026-05-06,"No incluir en bloque e-distribución; revisar aparte por solapes grandes con i-DE, UFD y pequeñas."
castilla_leon,Garganta del Villar,"e-distribución Redes Digitales, S.L.U.",regional_default_candidate,exclude_from_bulk_import,no,e-distribución — distribución eléctrica,https://www.edistribucion.com/es/conocenos/instalaciones-distribucion-red/distribucion-electrica.html,official_distributor_public,2026-05-06,"No incluir en bloque e-distribución; revisar aparte por solapes grandes con i-DE, UFD y pequeñas."
castilla_leon,Garrafe de Torío,"e-distribución Redes Digitales, S.L.U.",regional_default_candidate,exclude_from_bulk_import,no,e-distribución — distribución eléctrica,https://www.edistribucion.com/es/conocenos/instalaciones-distribucion-red/distribucion-electrica.html,official_distributor_public,2026-05-06,"No incluir en bloque e-distribución; revisar aparte por solapes grandes con i-DE, UFD y pequeñas."
castilla_leon,Garray,"e-distribución Redes Digitales, S.L.U.",regional_default_candidate,exclude_from_bulk_import,no,e-distribución — distribución eléctrica,https://www.edistribucion.com/es/conocenos/instalaciones-distribucion-red/distribucion-electrica.html,official_distributor_public,2026-05-06,"No incluir en bloque e-distribución; revisar aparte por solapes grandes con i-DE, UFD y pequeñas."
castilla_leon,Gatón de Campos,"e-distribución Redes Digitales, S.L.U.",regional_default_candidate,exclude_from_bulk_import,no,e-distribución — distribución eléctrica,https://www.edistribucion.com/es/conocenos/instalaciones-distribucion-red/distribucion-electrica.html,official_distributor_public,2026-05-06,"No incluir en bloque e-distribución; revisar aparte por solapes grandes con i-DE, UFD y pequeñas."
castilla_leon,Gavilanes,"e-distribución Redes Digitales, S.L.U.",regional_default_candidate,exclude_from_bulk_import,no,e-distribución — distribución eléctrica,https://www.edistribucion.com/es/conocenos/instalaciones-distribucion-red/distribucion-electrica.html,official_distributor_public,2026-05-06,"No incluir en bloque e-distribución; revisar aparte por solapes grandes con i-DE, UFD y pequeñas."
castilla_leon,Gejuelo del Barro,"e-distribución Redes Digitales, S.L.U.",regional_default_candidate,exclude_from_bulk_import,no,e-distribución — distribución eléctrica,https://www.edistribucion.com/es/conocenos/instalaciones-distribucion-red/distribucion-electrica.html,official_distributor_public,2026-05-06,"No incluir en bloque e-distribución; revisar aparte por solapes grandes con i-DE, UFD y pequeñas."
castilla_leon,Gema,"e-distribución Redes Digitales, S.L.U.",regional_default_candidate,exclude_from_bulk_import,no,e-distribución — distribución eléctrica,https://www.edistribucion.com/es/conocenos/instalaciones-distribucion-red/distribucion-electrica.html,official_distributor_public,2026-05-06,"No incluir en bloque e-distribución; revisar aparte por solapes grandes con i-DE, UFD y pequeñas."
castilla_leon,Gemuño,"e-distribución Redes Digitales, S.L.U.",regional_default_candidate,exclude_from_bulk_import,no,e-distribución — distribución eléctrica,https://www.edistribucion.com/es/conocenos/instalaciones-distribucion-red/distribucion-electrica.html,official_distributor_public,2026-05-06,"No incluir en bloque e-distribución; revisar aparte por solapes grandes con i-DE, UFD y pequeñas."
castilla_leon,Geria,"e-distribución Redes Digitales, S.L.U.",regional_default_candidate,exclude_from_bulk_import,no,e-distribución — distribución eléctrica,https://www.edistribucion.com/es/conocenos/instalaciones-distribucion-red/distribucion-electrica.html,official_distributor_public,2026-05-06,"No incluir en bloque e-distribución; revisar aparte por solapes grandes con i-DE, UFD y pequeñas."
castilla_leon,Gil García,"e-distribución Redes Digitales, S.L.U.",regional_default_candidate,exclude_from_bulk_import,no,e-distribución — distribución eléctrica,https://www.edistribucion.com/es/conocenos/instalaciones-distribucion-red/distribucion-electrica.html,official_distributor_public,2026-05-06,"No incluir en bloque e-distribución; revisar aparte por solapes grandes con i-DE, UFD y pequeñas."
castilla_leon,Gilbuena,"e-distribución Redes Digitales, S.L.U.",regional_default_candidate,exclude_from_bulk_import,no,e-distribución — distribución eléctrica,https://www.edistribucion.com/es/conocenos/instalaciones-distribucion-red/distribucion-electrica.html,official_distributor_public,2026-05-06,"No incluir en bloque e-distribución; revisar aparte por solapes grandes con i-DE, UFD y pequeñas."
castilla_leon,Gimialcón,"e-distribución Redes Digitales, S.L.U.",regional_default_candidate,exclude_from_bulk_import,no,e-distribución — distribución eléctrica,https://www.edistribucion.com/es/conocenos/instalaciones-distribucion-red/distribucion-electrica.html,official_distributor_public,2026-05-06,"No incluir en bloque e-distribución; revisar aparte por solapes grandes con i-DE, UFD y pequeñas."
castilla_leon,Golmayo,"e-distribución Redes Digitales, S.L.U.",regional_default_candidate,exclude_from_bulk_import,no,e-distribución — distribución eléctrica,https://www.edistribucion.com/es/conocenos/instalaciones-distribucion-red/distribucion-electrica.html,official_distributor_public,2026-05-06,"No incluir en bloque e-distribución; revisar aparte por solapes grandes con i-DE, UFD y pequeñas."
castilla_leon,Golpejas,"e-distribución Redes Digitales, S.L.U.",regional_default_candidate,exclude_from_bulk_import,no,e-distribución — distribución eléctrica,https://www.edistribucion.com/es/conocenos/instalaciones-distribucion-red/distribucion-electrica.html,official_distributor_public,2026-05-06,"No incluir en bloque e-distribución; revisar aparte por solapes grandes con i-DE, UFD y pequeñas."
castilla_leon,Gómara,"e-distribución Redes Digitales, S.L.U.",regional_default_candidate,exclude_from_bulk_import,no,e-distribución — distribución eléctrica,https://www.edistribucion.com/es/conocenos/instalaciones-distribucion-red/distribucion-electrica.html,official_distributor_public,2026-05-06,"No incluir en bloque e-distribución; revisar aparte por solapes grandes con i-DE, UFD y pequeñas."
castilla_leon,Gomecello,"e-distribución Redes Digitales, S.L.U.",regional_default_candidate,exclude_from_bulk_import,no,e-distribución — distribución eléctrica,https://www.edistribucion.com/es/conocenos/instalaciones-distribucion-red/distribucion-electrica.html,official_distributor_public,2026-05-06,"No incluir en bloque e-distribución; revisar aparte por solapes grandes con i-DE, UFD y pequeñas."
castilla_leon,Gomezserracín,"e-distribución Redes Digitales, S.L.U.",regional_default_candidate,exclude_from_bulk_import,no,e-distribución — distribución eléctrica,https://www.edistribucion.com/es/conocenos/instalaciones-distribucion-red/distribucion-electrica.html,official_distributor_public,2026-05-06,"No incluir en bloque e-distribución; revisar aparte por solapes grandes con i-DE, UFD y pequeñas."
castilla_leon,Gordaliza del Pino,"e-distribución Redes Digitales, S.L.U.",regional_default_candidate,exclude_from_bulk_import,no,e-distribución — distribución eléctrica,https://www.edistribucion.com/es/conocenos/instalaciones-distribucion-red/distribucion-electrica.html,official_distributor_public,2026-05-06,"No incluir en bloque e-distribución; revisar aparte por solapes grandes con i-DE, UFD y pequeñas."
castilla_leon,Gordoncillo,"e-distribución Redes Digitales, S.L.U.",regional_default_candidate,exclude_from_bulk_import,no,e-distribución — distribución eléctrica,https://www.edistribucion.com/es/conocenos/instalaciones-distribucion-red/distribucion-electrica.html,official_distributor_public,2026-05-06,"No incluir en bloque e-distribución; revisar aparte por solapes grandes con i-DE, UFD y pequeñas."
castilla_leon,Gormaz,"e-distribución Redes Digitales, S.L.U.",regional_default_candidate,exclude_from_bulk_import,no,e-distribución — distribución eléctrica,https://www.edistribucion.com/es/conocenos/instalaciones-distribucion-red/distribucion-electrica.html,official_distributor_public,2026-05-06,"No incluir en bloque e-distribución; revisar aparte por solapes grandes con i-DE, UFD y pequeñas."
castilla_leon,Gotarrendura,"e-distribución Redes Digitales, S.L.U.",regional_default_candidate,exclude_from_bulk_import,no,e-distribución — distribución eléctrica,https://www.edistribucion.com/es/conocenos/instalaciones-distribucion-red/distribucion-electrica.html,official_distributor_public,2026-05-06,"No incluir en bloque e-distribución; revisar aparte por solapes grandes con i-DE, UFD y pequeñas."
castilla_leon,Gradefes,"e-distribución Redes Digitales, S.L.U.",regional_default_candidate,exclude_from_bulk_import,no,e-distribución — distribución eléctrica,https://www.edistribucion.com/es/conocenos/instalaciones-distribucion-red/distribucion-electrica.html,official_distributor_public,2026-05-06,"No incluir en bloque e-distribución; revisar aparte por solapes grandes con i-DE, UFD y pequeñas."
castilla_leon,Grajal de Campos,"e-distribución Redes Digitales, S.L.U.",regional_default_candidate,exclude_from_bulk_import,no,e-distribución — distribución eléctrica,https://www.edistribucion.com/es/conocenos/instalaciones-distribucion-red/distribucion-electrica.html,official_distributor_public,2026-05-06,"No incluir en bloque e-distribución; revisar aparte por solapes grandes con i-DE, UFD y pequeñas."
castilla_leon,Grajera,"e-distribución Redes Digitales, S.L.U.",regional_default_candidate,exclude_from_bulk_import,no,e-distribución — distribución eléctrica,https://www.edistribucion.com/es/conocenos/instalaciones-distribucion-red/distribucion-electrica.html,official_distributor_public,2026-05-06,"No incluir en bloque e-distribución; revisar aparte por solapes grandes con i-DE, UFD y pequeñas."
castilla_leon,Grandes y San Martín,"e-distribución Redes Digitales, S.L.U.",regional_default_candidate,exclude_from_bulk_import,no,e-distribución — distribución eléctrica,https://www.edistribucion.com/es/conocenos/instalaciones-distribucion-red/distribucion-electrica.html,official_distributor_public,2026-05-06,"No incluir en bloque e-distribución; revisar aparte por solapes grandes con i-DE, UFD y pequeñas."
castilla_leon,Granja de Moreruela,"e-distribución Redes Digitales, S.L.U.",regional_default_candidate,exclude_from_bulk_import,no,e-distribución — distribución eléctrica,https://www.edistribucion.com/es/conocenos/instalaciones-distribucion-red/distribucion-electrica.html,official_distributor_public,2026-05-06,"No incluir en bloque e-distribución; revisar aparte por solapes grandes con i-DE, UFD y pequeñas."
castilla_leon,Granucillo,"e-distribución Redes Digitales, S.L.U.",regional_default_candidate,exclude_from_bulk_import,no,e-distribución — distribución eléctrica,https://www.edistribucion.com/es/conocenos/instalaciones-distribucion-red/distribucion-electrica.html,official_distributor_public,2026-05-06,"No incluir en bloque e-distribución; revisar aparte por solapes grandes con i-DE, UFD y pequeñas."
castilla_leon,Grijalba,"e-distribución Redes Digitales, S.L.U.",regional_default_candidate,exclude_from_bulk_import,no,e-distribución — distribución eléctrica,https://www.edistribucion.com/es/conocenos/instalaciones-distribucion-red/distribucion-electrica.html,official_distributor_public,2026-05-06,"No incluir en bloque e-distribución; revisar aparte por solapes grandes con i-DE, UFD y pequeñas."
castilla_leon,Grijota,"e-distribución Redes Digitales, S.L.U.",regional_default_candidate,exclude_from_bulk_import,no,e-distribución — distribución eléctrica,https://www.edistribucion.com/es/conocenos/instalaciones-distribucion-red/distribucion-electrica.html,official_distributor_public,2026-05-06,"No incluir en bloque e-distribución; revisar aparte por solapes grandes con i-DE, UFD y pequeñas."
castilla_leon,Grisaleña,"e-distribución Redes Digitales, S.L.U.",regional_default_candidate,exclude_from_bulk_import,no,e-distribución — distribución eléctrica,https://www.edistribucion.com/es/conocenos/instalaciones-distribucion-red/distribucion-electrica.html,official_distributor_public,2026-05-06,"No incluir en bloque e-distribución; revisar aparte por solapes grandes con i-DE, UFD y pequeñas."
castilla_leon,Guadramiro,"e-distribución Redes Digitales, S.L.U.",regional_default_candidate,exclude_from_bulk_import,no,e-distribución — distribución eléctrica,https://www.edistribucion.com/es/conocenos/instalaciones-distribucion-red/distribucion-electrica.html,official_distributor_public,2026-05-06,"No incluir en bloque e-distribución; revisar aparte por solapes grandes con i-DE, UFD y pequeñas."
castilla_leon,Guardo,"e-distribución Redes Digitales, S.L.U.",regional_default_candidate,exclude_from_bulk_import,no,e-distribución — distribución eléctrica,https://www.edistribucion.com/es/conocenos/instalaciones-distribucion-red/distribucion-electrica.html,official_distributor_public,2026-05-06,"No incluir en bloque e-distribución; revisar aparte por solapes grandes con i-DE, UFD y pequeñas."
castilla_leon,Guarrate,"e-distribución Redes Digitales, S.L.U.",regional_default_candidate,exclude_from_bulk_import,no,e-distribución — distribución eléctrica,https://www.edistribucion.com/es/conocenos/instalaciones-distribucion-red/distribucion-electrica.html,official_distributor_public,2026-05-06,"No incluir en bloque e-distribución; revisar aparte por solapes grandes con i-DE, UFD y pequeñas."
castilla_leon,Guaza de Campos,"e-distribución Redes Digitales, S.L.U.",regional_default_candidate,exclude_from_bulk_import,no,e-distribución — distribución eléctrica,https://www.edistribucion.com/es/conocenos/instalaciones-distribucion-red/distribucion-electrica.html,official_distributor_public,2026-05-06,"No incluir en bloque e-distribución; revisar aparte por solapes grandes con i-DE, UFD y pequeñas."
castilla_leon,Guijo de Ávila,"e-distribución Redes Digitales, S.L.U.",regional_default_candidate,exclude_from_bulk_import,no,e-distribución — distribución eléctrica,https://www.edistribucion.com/es/conocenos/instalaciones-distribucion-red/distribucion-electrica.html,official_distributor_public,2026-05-06,"No incluir en bloque e-distribución; revisar aparte por solapes grandes con i-DE, UFD y pequeñas."
castilla_leon,Guijuelo,"e-distribución Redes Digitales, S.L.U.",regional_default_candidate,exclude_from_bulk_import,no,e-distribución — distribución eléctrica,https://www.edistribucion.com/es/conocenos/instalaciones-distribucion-red/distribucion-electrica.html,official_distributor_public,2026-05-06,"No incluir en bloque e-distribución; revisar aparte por solapes grandes con i-DE, UFD y pequeñas."
castilla_leon,Guisando,"e-distribución Redes Digitales, S.L.U.",regional_default_candidate,exclude_from_bulk_import,no,e-distribución — distribución eléctrica,https://www.edistribucion.com/es/conocenos/instalaciones-distribucion-red/distribucion-electrica.html,official_distributor_public,2026-05-06,"No incluir en bloque e-distribución; revisar aparte por solapes grandes con i-DE, UFD y pequeñas."
castilla_leon,Gumiel de Izán,"e-distribución Redes Digitales, S.L.U.",regional_default_candidate,exclude_from_bulk_import,no,e-distribución — distribución eléctrica,https://www.edistribucion.com/es/conocenos/instalaciones-distribucion-red/distribucion-electrica.html,official_distributor_public,2026-05-06,"No incluir en bloque e-distribución; revisar aparte por solapes grandes con i-DE, UFD y pequeñas."
castilla_leon,Gumiel de Mercado,"e-distribución Redes Digitales, S.L.U.",regional_default_candidate,exclude_from_bulk_import,no,e-distribución — distribución eléctrica,https://www.edistribucion.com/es/conocenos/instalaciones-distribucion-red/distribucion-electrica.html,official_distributor_public,2026-05-06,"No incluir en bloque e-distribución; revisar aparte por solapes grandes con i-DE, UFD y pequeñas."
castilla_leon,Gusendos de los Oteros,"e-distribución Redes Digitales, S.L.U.",regional_default_candidate,exclude_from_bulk_import,no,e-distribución — distribución eléctrica,https://www.edistribucion.com/es/conocenos/instalaciones-distribucion-red/distribucion-electrica.html,official_distributor_public,2026-05-06,"No incluir en bloque e-distribución; revisar aparte por solapes grandes con i-DE, UFD y pequeñas."
castilla_leon,Gutierre-Muñoz,"e-distribución Redes Digitales, S.L.U.",regional_default_candidate,exclude_from_bulk_import,no,e-distribución — distribución eléctrica,https://www.edistribucion.com/es/conocenos/instalaciones-distribucion-red/distribucion-electrica.html,official_distributor_public,2026-05-06,"No incluir en bloque e-distribución; revisar aparte por solapes grandes con i-DE, UFD y pequeñas."
castilla_leon,Hacinas,"e-distribución Redes Digitales, S.L.U.",regional_default_candidate,exclude_from_bulk_import,no,e-distribución — distribución eléctrica,https://www.edistribucion.com/es/conocenos/instalaciones-distribucion-red/distribucion-electrica.html,official_distributor_public,2026-05-06,"No incluir en bloque e-distribución; revisar aparte por solapes grandes con i-DE, UFD y pequeñas."
castilla_leon,Haza,"e-distribución Redes Digitales, S.L.U.",regional_default_candidate,exclude_from_bulk_import,no,e-distribución — distribución eléctrica,https://www.edistribucion.com/es/conocenos/instalaciones-distribucion-red/distribucion-electrica.html,official_distributor_public,2026-05-06,"No incluir en bloque e-distribución; revisar aparte por solapes grandes con i-DE, UFD y pequeñas."
castilla_leon,Herguijuela de Ciudad Rodrigo,"e-distribución Redes Digitales, S.L.U.",regional_default_candidate,exclude_from_bulk_import,no,e-distribución — distribución eléctrica,https://www.edistribucion.com/es/conocenos/instalaciones-distribucion-red/distribucion-electrica.html,official_distributor_public,2026-05-06,"No incluir en bloque e-distribución; revisar aparte por solapes grandes con i-DE, UFD y pequeñas."
castilla_leon,Herguijuela de la Sierra,"e-distribución Redes Digitales, S.L.U.",regional_default_candidate,exclude_from_bulk_import,no,e-distribución — distribución eléctrica,https://www.edistribucion.com/es/conocenos/instalaciones-distribucion-red/distribucion-electrica.html,official_distributor_public,2026-05-06,"No incluir en bloque e-distribución; revisar aparte por solapes grandes con i-DE, UFD y pequeñas."
castilla_leon,Herguijuela del Campo,"e-distribución Redes Digitales, S.L.U.",regional_default_candidate,exclude_from_bulk_import,no,e-distribución — distribución eléctrica,https://www.edistribucion.com/es/conocenos/instalaciones-distribucion-red/distribucion-electrica.html,official_distributor_public,2026-05-06,"No incluir en bloque e-distribución; revisar aparte por solapes grandes con i-DE, UFD y pequeñas."
castilla_leon,Hérmedes de Cerrato,"e-distribución Redes Digitales, S.L.U.",regional_default_candidate,exclude_from_bulk_import,no,e-distribución — distribución eléctrica,https://www.edistribucion.com/es/conocenos/instalaciones-distribucion-red/distribucion-electrica.html,official_distributor_public,2026-05-06,"No incluir en bloque e-distribución; revisar aparte por solapes grandes con i-DE, UFD y pequeñas."
castilla_leon,Hermisende,"e-distribución Redes Digitales, S.L.U.",regional_default_candidate,exclude_from_bulk_import,no,e-distribución — distribución eléctrica,https://www.edistribucion.com/es/conocenos/instalaciones-distribucion-red/distribucion-electrica.html,official_distributor_public,2026-05-06,"No incluir en bloque e-distribución; revisar aparte por solapes grandes con i-DE, UFD y pequeñas."
castilla_leon,Hernansancho,"e-distribución Redes Digitales, S.L.U.",regional_default_candidate,exclude_from_bulk_import,no,e-distribución — distribución eléctrica,https://www.edistribucion.com/es/conocenos/instalaciones-distribucion-red/distribucion-electrica.html,official_distributor_public,2026-05-06,"No incluir en bloque e-distribución; revisar aparte por solapes grandes con i-DE, UFD y pequeñas."
castilla_leon,Herradón de Pinares,"e-distribución Redes Digitales, S.L.U.",regional_default_candidate,exclude_from_bulk_import,no,e-distribución — distribución eléctrica,https://www.edistribucion.com/es/conocenos/instalaciones-distribucion-red/distribucion-electrica.html,official_distributor_public,2026-05-06,"No incluir en bloque e-distribución; revisar aparte por solapes grandes con i-DE, UFD y pequeñas."
castilla_leon,Herrera de Pisuerga,"e-distribución Redes Digitales, S.L.U.",regional_default_candidate,exclude_from_bulk_import,no,e-distribución — distribución eléctrica,https://www.edistribucion.com/es/conocenos/instalaciones-distribucion-red/distribucion-electrica.html,official_distributor_public,2026-05-06,"No incluir en bloque e-distribución; revisar aparte por solapes grandes con i-DE, UFD y pequeñas."
castilla_leon,Herrera de Soria,"e-distribución Redes Digitales, S.L.U.",regional_default_candidate,exclude_from_bulk_import,no,e-distribución — distribución eléctrica,https://www.edistribucion.com/es/conocenos/instalaciones-distribucion-red/distribucion-electrica.html,official_distributor_public,2026-05-06,"No incluir en bloque e-distribución; revisar aparte por solapes grandes con i-DE, UFD y pequeñas."
castilla_leon,Herrera de Valdecañas,"e-distribución Redes Digitales, S.L.U.",regional_default_candidate,exclude_from_bulk_import,no,e-distribución — distribución eléctrica,https://www.edistribucion.com/es/conocenos/instalaciones-distribucion-red/distribucion-electrica.html,official_distributor_public,2026-05-06,"No incluir en bloque e-distribución; revisar aparte por solapes grandes con i-DE, UFD y pequeñas."
castilla_leon,Herreros de Suso,"e-distribución Redes Digitales, S.L.U.",regional_default_candidate,exclude_from_bulk_import,no,e-distribución — distribución eléctrica,https://www.edistribucion.com/es/conocenos/instalaciones-distribucion-red/distribucion-electrica.html,official_distributor_public,2026-05-06,"No incluir en bloque e-distribución; revisar aparte por solapes grandes con i-DE, UFD y pequeñas."
castilla_leon,Herrín de Campos,"e-distribución Redes Digitales, S.L.U.",regional_default_candidate,exclude_from_bulk_import,no,e-distribución — distribución eléctrica,https://www.edistribucion.com/es/conocenos/instalaciones-distribucion-red/distribucion-electrica.html,official_distributor_public,2026-05-06,"No incluir en bloque e-distribución; revisar aparte por solapes grandes con i-DE, UFD y pequeñas."
castilla_leon,Higuera de las Dueñas,"e-distribución Redes Digitales, S.L.U.",regional_default_candidate,exclude_from_bulk_import,no,e-distribución — distribución eléctrica,https://www.edistribucion.com/es/conocenos/instalaciones-distribucion-red/distribucion-electrica.html,official_distributor_public,2026-05-06,"No incluir en bloque e-distribución; revisar aparte por solapes grandes con i-DE, UFD y pequeñas."
castilla_leon,Hinojosa de Duero,"e-distribución Redes Digitales, S.L.U.",regional_default_candidate,exclude_from_bulk_import,no,e-distribución — distribución eléctrica,https://www.edistribucion.com/es/conocenos/instalaciones-distribucion-red/distribucion-electrica.html,official_distributor_public,2026-05-06,"No incluir en bloque e-distribución; revisar aparte por solapes grandes con i-DE, UFD y pequeñas."
castilla_leon,Hinojosa del Campo,"e-distribución Redes Digitales, S.L.U.",regional_default_candidate,exclude_from_bulk_import,no,e-distribución — distribución eléctrica,https://www.edistribucion.com/es/conocenos/instalaciones-distribucion-red/distribucion-electrica.html,official_distributor_public,2026-05-06,"No incluir en bloque e-distribución; revisar aparte por solapes grandes con i-DE, UFD y pequeñas."
castilla_leon,Honrubia de la Cuesta,"e-distribución Redes Digitales, S.L.U.",regional_default_candidate,exclude_from_bulk_import,no,e-distribución — distribución eléctrica,https://www.edistribucion.com/es/conocenos/instalaciones-distribucion-red/distribucion-electrica.html,official_distributor_public,2026-05-06,"No incluir en bloque e-distribución; revisar aparte por solapes grandes con i-DE, UFD y pequeñas."
castilla_leon,Hontalbilla,"e-distribución Redes Digitales, S.L.U.",regional_default_candidate,exclude_from_bulk_import,no,e-distribución — distribución eléctrica,https://www.edistribucion.com/es/conocenos/instalaciones-distribucion-red/distribucion-electrica.html,official_distributor_public,2026-05-06,"No incluir en bloque e-distribución; revisar aparte por solapes grandes con i-DE, UFD y pequeñas."
castilla_leon,Hontanares de Eresma,"e-distribución Redes Digitales, S.L.U.",regional_default_candidate,exclude_from_bulk_import,no,e-distribución — distribución eléctrica,https://www.edistribucion.com/es/conocenos/instalaciones-distribucion-red/distribucion-electrica.html,official_distributor_public,2026-05-06,"No incluir en bloque e-distribución; revisar aparte por solapes grandes con i-DE, UFD y pequeñas."
castilla_leon,Hontanas,"e-distribución Redes Digitales, S.L.U.",regional_default_candidate,exclude_from_bulk_import,no,e-distribución — distribución eléctrica,https://www.edistribucion.com/es/conocenos/instalaciones-distribucion-red/distribucion-electrica.html,official_distributor_public,2026-05-06,"No incluir en bloque e-distribución; revisar aparte por solapes grandes con i-DE, UFD y pequeñas."
castilla_leon,Hontangas,"e-distribución Redes Digitales, S.L.U.",regional_default_candidate,exclude_from_bulk_import,no,e-distribución — distribución eléctrica,https://www.edistribucion.com/es/conocenos/instalaciones-distribucion-red/distribucion-electrica.html,official_distributor_public,2026-05-06,"No incluir en bloque e-distribución; revisar aparte por solapes grandes con i-DE, UFD y pequeñas."
castilla_leon,Hontoria de Cerrato,"e-distribución Redes Digitales, S.L.U.",regional_default_candidate,exclude_from_bulk_import,no,e-distribución — distribución eléctrica,https://www.edistribucion.com/es/conocenos/instalaciones-distribucion-red/distribucion-electrica.html,official_distributor_public,2026-05-06,"No incluir en bloque e-distribución; revisar aparte por solapes grandes con i-DE, UFD y pequeñas."
castilla_leon,Hontoria de la Cantera,"e-distribución Redes Digitales, S.L.U.",regional_default_candidate,exclude_from_bulk_import,no,e-distribución — distribución eléctrica,https://www.edistribucion.com/es/conocenos/instalaciones-distribucion-red/distribucion-electrica.html,official_distributor_public,2026-05-06,"No incluir en bloque e-distribución; revisar aparte por solapes grandes con i-DE, UFD y pequeñas."
castilla_leon,Hontoria de Valdearados,"e-distribución Redes Digitales, S.L.U.",regional_default_candidate,exclude_from_bulk_import,no,e-distribución — distribución eléctrica,https://www.edistribucion.com/es/conocenos/instalaciones-distribucion-red/distribucion-electrica.html,official_distributor_public,2026-05-06,"No incluir en bloque e-distribución; revisar aparte por solapes grandes con i-DE, UFD y pequeñas."
castilla_leon,Hontoria del Pinar,"e-distribución Redes Digitales, S.L.U.",regional_default_candidate,exclude_from_bulk_import,no,e-distribución — distribución eléctrica,https://www.edistribucion.com/es/conocenos/instalaciones-distribucion-red/distribucion-electrica.html,official_distributor_public,2026-05-06,"No incluir en bloque e-distribución; revisar aparte por solapes grandes con i-DE, UFD y pequeñas."
castilla_leon,Horcajo de las Torres,"e-distribución Redes Digitales, S.L.U.",regional_default_candidate,exclude_from_bulk_import,no,e-distribución — distribución eléctrica,https://www.edistribucion.com/es/conocenos/instalaciones-distribucion-red/distribucion-electrica.html,official_distributor_public,2026-05-06,"No incluir en bloque e-distribución; revisar aparte por solapes grandes con i-DE, UFD y pequeñas."
castilla_leon,Horcajo de Montemayor,"e-distribución Redes Digitales, S.L.U.",regional_default_candidate,exclude_from_bulk_import,no,e-distribución — distribución eléctrica,https://www.edistribucion.com/es/conocenos/instalaciones-distribucion-red/distribucion-electrica.html,official_distributor_public,2026-05-06,"No incluir en bloque e-distribución; revisar aparte por solapes grandes con i-DE, UFD y pequeñas."
castilla_leon,Horcajo Medianero,"e-distribución Redes Digitales, S.L.U.",regional_default_candidate,exclude_from_bulk_import,no,e-distribución — distribución eléctrica,https://www.edistribucion.com/es/conocenos/instalaciones-distribucion-red/distribucion-electrica.html,official_distributor_public,2026-05-06,"No incluir en bloque e-distribución; revisar aparte por solapes grandes con i-DE, UFD y pequeñas."
castilla_leon,Hornillos de Cerrato,"e-distribución Redes Digitales, S.L.U.",regional_default_candidate,exclude_from_bulk_import,no,e-distribución — distribución eléctrica,https://www.edistribucion.com/es/conocenos/instalaciones-distribucion-red/distribucion-electrica.html,official_distributor_public,2026-05-06,"No incluir en bloque e-distribución; revisar aparte por solapes grandes con i-DE, UFD y pequeñas."
castilla_leon,Hornillos de Eresma,"e-distribución Redes Digitales, S.L.U.",regional_default_candidate,exclude_from_bulk_import,no,e-distribución — distribución eléctrica,https://www.edistribucion.com/es/conocenos/instalaciones-distribucion-red/distribucion-electrica.html,official_distributor_public,2026-05-06,"No incluir en bloque e-distribución; revisar aparte por solapes grandes con i-DE, UFD y pequeñas."
castilla_leon,Hornillos del Camino,"e-distribución Redes Digitales, S.L.U.",regional_default_candidate,exclude_from_bulk_import,no,e-distribución — distribución eléctrica,https://www.edistribucion.com/es/conocenos/instalaciones-distribucion-red/distribucion-electrica.html,official_distributor_public,2026-05-06,"No incluir en bloque e-distribución; revisar aparte por solapes grandes con i-DE, UFD y pequeñas."
castilla_leon,Hortigüela,"e-distribución Redes Digitales, S.L.U.",regional_default_candidate,exclude_from_bulk_import,no,e-distribución — distribución eléctrica,https://www.edistribucion.com/es/conocenos/instalaciones-distribucion-red/distribucion-electrica.html,official_distributor_public,2026-05-06,"No incluir en bloque e-distribución; revisar aparte por solapes grandes con i-DE, UFD y pequeñas."
castilla_leon,Hospital de Órbigo,"e-distribución Redes Digitales, S.L.U.",regional_default_candidate,exclude_from_bulk_import,no,e-distribución — distribución eléctrica,https://www.edistribucion.com/es/conocenos/instalaciones-distribucion-red/distribucion-electrica.html,official_distributor_public,2026-05-06,"No incluir en bloque e-distribución; revisar aparte por solapes grandes con i-DE, UFD y pequeñas."
castilla_leon,Hoyales de Roa,"e-distribución Redes Digitales, S.L.U.",regional_default_candidate,exclude_from_bulk_import,no,e-distribución — distribución eléctrica,https://www.edistribucion.com/es/conocenos/instalaciones-distribucion-red/distribucion-electrica.html,official_distributor_public,2026-05-06,"No incluir en bloque e-distribución; revisar aparte por solapes grandes con i-DE, UFD y pequeñas."
castilla_leon,Hoyocasero,"e-distribución Redes Digitales, S.L.U.",regional_default_candidate,exclude_from_bulk_import,no,e-distribución — distribución eléctrica,https://www.edistribucion.com/es/conocenos/instalaciones-distribucion-red/distribucion-electrica.html,official_distributor_public,2026-05-06,"No incluir en bloque e-distribución; revisar aparte por solapes grandes con i-DE, UFD y pequeñas."
castilla_leon,Hoyorredondo,"e-distribución Redes Digitales, S.L.U.",regional_default_candidate,exclude_from_bulk_import,no,e-distribución — distribución eléctrica,https://www.edistribucion.com/es/conocenos/instalaciones-distribucion-red/distribucion-electrica.html,official_distributor_public,2026-05-06,"No incluir en bloque e-distribución; revisar aparte por solapes grandes con i-DE, UFD y pequeñas."
castilla_leon,Hoyos de Miguel Muñoz,"e-distribución Redes Digitales, S.L.U.",regional_default_candidate,exclude_from_bulk_import,no,e-distribución — distribución eléctrica,https://www.edistribucion.com/es/conocenos/instalaciones-distribucion-red/distribucion-electrica.html,official_distributor_public,2026-05-06,"No incluir en bloque e-distribución; revisar aparte por solapes grandes con i-DE, UFD y pequeñas."
castilla_leon,Hoyos del Collado,"e-distribución Redes Digitales, S.L.U.",regional_default_candidate,exclude_from_bulk_import,no,e-distribución — distribución eléctrica,https://www.edistribucion.com/es/conocenos/instalaciones-distribucion-red/distribucion-electrica.html,official_distributor_public,2026-05-06,"No incluir en bloque e-distribución; revisar aparte por solapes grandes con i-DE, UFD y pequeñas."
castilla_leon,Hoyos del Espino,"e-distribución Redes Digitales, S.L.U.",regional_default_candidate,exclude_from_bulk_import,no,e-distribución — distribución eléctrica,https://www.edistribucion.com/es/conocenos/instalaciones-distribucion-red/distribucion-electrica.html,official_distributor_public,2026-05-06,"No incluir en bloque e-distribución; revisar aparte por solapes grandes con i-DE, UFD y pequeñas."
castilla_leon,Huérmeces,"e-distribución Redes Digitales, S.L.U.",regional_default_candidate,exclude_from_bulk_import,no,e-distribución — distribución eléctrica,https://www.edistribucion.com/es/conocenos/instalaciones-distribucion-red/distribucion-electrica.html,official_distributor_public,2026-05-06,"No incluir en bloque e-distribución; revisar aparte por solapes grandes con i-DE, UFD y pequeñas."
castilla_leon,Huerta,"e-distribución Redes Digitales, S.L.U.",regional_default_candidate,exclude_from_bulk_import,no,e-distribución — distribución eléctrica,https://www.edistribucion.com/es/conocenos/instalaciones-distribucion-red/distribucion-electrica.html,official_distributor_public,2026-05-06,"No incluir en bloque e-distribución; revisar aparte por solapes grandes con i-DE, UFD y pequeñas."
castilla_leon,Huerta de Arriba,"e-distribución Redes Digitales, S.L.U.",regional_default_candidate,exclude_from_bulk_import,no,e-distribución — distribución eléctrica,https://www.edistribucion.com/es/conocenos/instalaciones-distribucion-red/distribucion-electrica.html,official_distributor_public,2026-05-06,"No incluir en bloque e-distribución; revisar aparte por solapes grandes con i-DE, UFD y pequeñas."
castilla_leon,Huerta de Rey,"e-distribución Redes Digitales, S.L.U.",regional_default_candidate,exclude_from_bulk_import,no,e-distribución — distribución eléctrica,https://www.edistribucion.com/es/conocenos/instalaciones-distribucion-red/distribucion-electrica.html,official_distributor_public,2026-05-06,"No incluir en bloque e-distribución; revisar aparte por solapes grandes con i-DE, UFD y pequeñas."
castilla_leon,Humada,"e-distribución Redes Digitales, S.L.U.",regional_default_candidate,exclude_from_bulk_import,no,e-distribución — distribución eléctrica,https://www.edistribucion.com/es/conocenos/instalaciones-distribucion-red/distribucion-electrica.html,official_distributor_public,2026-05-06,"No incluir en bloque e-distribución; revisar aparte por solapes grandes con i-DE, UFD y pequeñas."
castilla_leon,Hurones,"e-distribución Redes Digitales, S.L.U.",regional_default_candidate,exclude_from_bulk_import,no,e-distribución — distribución eléctrica,https://www.edistribucion.com/es/conocenos/instalaciones-distribucion-red/distribucion-electrica.html,official_distributor_public,2026-05-06,"No incluir en bloque e-distribución; revisar aparte por solapes grandes con i-DE, UFD y pequeñas."
castilla_leon,Hurtumpascual,"e-distribución Redes Digitales, S.L.U.",regional_default_candidate,exclude_from_bulk_import,no,e-distribución — distribución eléctrica,https://www.edistribucion.com/es/conocenos/instalaciones-distribucion-red/distribucion-electrica.html,official_distributor_public,2026-05-06,"No incluir en bloque e-distribución; revisar aparte por solapes grandes con i-DE, UFD y pequeñas."
castilla_leon,Husillos,"e-distribución Redes Digitales, S.L.U.",regional_default_candidate,exclude_from_bulk_import,no,e-distribución — distribución eléctrica,https://www.edistribucion.com/es/conocenos/instalaciones-distribucion-red/distribucion-electrica.html,official_distributor_public,2026-05-06,"No incluir en bloque e-distribución; revisar aparte por solapes grandes con i-DE, UFD y pequeñas."
castilla_leon,Ibeas de Juarros,"e-distribución Redes Digitales, S.L.U.",regional_default_candidate,exclude_from_bulk_import,no,e-distribución — distribución eléctrica,https://www.edistribucion.com/es/conocenos/instalaciones-distribucion-red/distribucion-electrica.html,official_distributor_public,2026-05-06,"No incluir en bloque e-distribución; revisar aparte por solapes grandes con i-DE, UFD y pequeñas."
castilla_leon,Ibrillos,"e-distribución Redes Digitales, S.L.U.",regional_default_candidate,exclude_from_bulk_import,no,e-distribución — distribución eléctrica,https://www.edistribucion.com/es/conocenos/instalaciones-distribucion-red/distribucion-electrica.html,official_distributor_public,2026-05-06,"No incluir en bloque e-distribución; revisar aparte por solapes grandes con i-DE, UFD y pequeñas."
castilla_leon,Iglesiarrubia,"e-distribución Redes Digitales, S.L.U.",regional_default_candidate,exclude_from_bulk_import,no,e-distribución — distribución eléctrica,https://www.edistribucion.com/es/conocenos/instalaciones-distribucion-red/distribucion-electrica.html,official_distributor_public,2026-05-06,"No incluir en bloque e-distribución; revisar aparte por solapes grandes con i-DE, UFD y pequeñas."
castilla_leon,Iglesias,"e-distribución Redes Digitales, S.L.U.",regional_default_candidate,exclude_from_bulk_import,no,e-distribución — distribución eléctrica,https://www.edistribucion.com/es/conocenos/instalaciones-distribucion-red/distribucion-electrica.html,official_distributor_public,2026-05-06,"No incluir en bloque e-distribución; revisar aparte por solapes grandes con i-DE, UFD y pequeñas."
castilla_leon,Igüeña,"e-distribución Redes Digitales, S.L.U.",regional_default_candidate,exclude_from_bulk_import,no,e-distribución — distribución eléctrica,https://www.edistribucion.com/es/conocenos/instalaciones-distribucion-red/distribucion-electrica.html,official_distributor_public,2026-05-06,"No incluir en bloque e-distribución; revisar aparte por solapes grandes con i-DE, UFD y pequeñas."
castilla_leon,Iruelos,"e-distribución Redes Digitales, S.L.U.",regional_default_candidate,exclude_from_bulk_import,no,e-distribución — distribución eléctrica,https://www.edistribucion.com/es/conocenos/instalaciones-distribucion-red/distribucion-electrica.html,official_distributor_public,2026-05-06,"No incluir en bloque e-distribución; revisar aparte por solapes grandes con i-DE, UFD y pequeñas."
castilla_leon,Isar,"e-distribución Redes Digitales, S.L.U.",regional_default_candidate,exclude_from_bulk_import,no,e-distribución — distribución eléctrica,https://www.edistribucion.com/es/conocenos/instalaciones-distribucion-red/distribucion-electrica.html,official_distributor_public,2026-05-06,"No incluir en bloque e-distribución; revisar aparte por solapes grandes con i-DE, UFD y pequeñas."
castilla_leon,Íscar,"e-distribución Redes Digitales, S.L.U.",regional_default_candidate,exclude_from_bulk_import,no,e-distribución — distribución eléctrica,https://www.edistribucion.com/es/conocenos/instalaciones-distribucion-red/distribucion-electrica.html,official_distributor_public,2026-05-06,"No incluir en bloque e-distribución; revisar aparte por solapes grandes con i-DE, UFD y pequeñas."
castilla_leon,Itero de la Vega,"e-distribución Redes Digitales, S.L.U.",regional_default_candidate,exclude_from_bulk_import,no,e-distribución — distribución eléctrica,https://www.edistribucion.com/es/conocenos/instalaciones-distribucion-red/distribucion-electrica.html,official_distributor_public,2026-05-06,"No incluir en bloque e-distribución; revisar aparte por solapes grandes con i-DE, UFD y pequeñas."
castilla_leon,Itero del Castillo,"e-distribución Redes Digitales, S.L.U.",regional_default_candidate,exclude_from_bulk_import,no,e-distribución — distribución eléctrica,https://www.edistribucion.com/es/conocenos/instalaciones-distribucion-red/distribucion-electrica.html,official_distributor_public,2026-05-06,"No incluir en bloque e-distribución; revisar aparte por solapes grandes con i-DE, UFD y pequeñas."
castilla_leon,Ituero de Azaba,"e-distribución Redes Digitales, S.L.U.",regional_default_candidate,exclude_from_bulk_import,no,e-distribución — distribución eléctrica,https://www.edistribucion.com/es/conocenos/instalaciones-distribucion-red/distribucion-electrica.html,official_distributor_public,2026-05-06,"No incluir en bloque e-distribución; revisar aparte por solapes grandes con i-DE, UFD y pequeñas."
castilla_leon,Ituero y Lama,"e-distribución Redes Digitales, S.L.U.",regional_default_candidate,exclude_from_bulk_import,no,e-distribución — distribución eléctrica,https://www.edistribucion.com/es/conocenos/instalaciones-distribucion-red/distribucion-electrica.html,official_distributor_public,2026-05-06,"No incluir en bloque e-distribución; revisar aparte por solapes grandes con i-DE, UFD y pequeñas."
castilla_leon,Izagre,"e-distribución Redes Digitales, S.L.U.",regional_default_candidate,exclude_from_bulk_import,no,e-distribución — distribución eléctrica,https://www.edistribucion.com/es/conocenos/instalaciones-distribucion-red/distribucion-electrica.html,official_distributor_public,2026-05-06,"No incluir en bloque e-distribución; revisar aparte por solapes grandes con i-DE, UFD y pequeñas."
castilla_leon,Jambrina,"e-distribución Redes Digitales, S.L.U.",regional_default_candidate,exclude_from_bulk_import,no,e-distribución — distribución eléctrica,https://www.edistribucion.com/es/conocenos/instalaciones-distribucion-red/distribucion-electrica.html,official_distributor_public,2026-05-06,"No incluir en bloque e-distribución; revisar aparte por solapes grandes con i-DE, UFD y pequeñas."
castilla_leon,Jaramillo de la Fuente,"e-distribución Redes Digitales, S.L.U.",regional_default_candidate,exclude_from_bulk_import,no,e-distribución — distribución eléctrica,https://www.edistribucion.com/es/conocenos/instalaciones-distribucion-red/distribucion-electrica.html,official_distributor_public,2026-05-06,"No incluir en bloque e-distribución; revisar aparte por solapes grandes con i-DE, UFD y pequeñas."
castilla_leon,Jaramillo Quemado,"e-distribución Redes Digitales, S.L.U.",regional_default_candidate,exclude_from_bulk_import,no,e-distribución — distribución eléctrica,https://www.edistribucion.com/es/conocenos/instalaciones-distribucion-red/distribucion-electrica.html,official_distributor_public,2026-05-06,"No incluir en bloque e-distribución; revisar aparte por solapes grandes con i-DE, UFD y pequeñas."
castilla_leon,Joarilla de las Matas,"e-distribución Redes Digitales, S.L.U.",regional_default_candidate,exclude_from_bulk_import,no,e-distribución — distribución eléctrica,https://www.edistribucion.com/es/conocenos/instalaciones-distribucion-red/distribucion-electrica.html,official_distributor_public,2026-05-06,"No incluir en bloque e-distribución; revisar aparte por solapes grandes con i-DE, UFD y pequeñas."
castilla_leon,Juarros de Riomoros,"e-distribución Redes Digitales, S.L.U.",regional_default_candidate,exclude_from_bulk_import,no,e-distribución — distribución eléctrica,https://www.edistribucion.com/es/conocenos/instalaciones-distribucion-red/distribucion-electrica.html,official_distributor_public,2026-05-06,"No incluir en bloque e-distribución; revisar aparte por solapes grandes con i-DE, UFD y pequeñas."
castilla_leon,Juarros de Voltoya,"e-distribución Redes Digitales, S.L.U.",regional_default_candidate,exclude_from_bulk_import,no,e-distribución — distribución eléctrica,https://www.edistribucion.com/es/conocenos/instalaciones-distribucion-red/distribucion-electrica.html,official_distributor_public,2026-05-06,"No incluir en bloque e-distribución; revisar aparte por solapes grandes con i-DE, UFD y pequeñas."
castilla_leon,Junciana,"e-distribución Redes Digitales, S.L.U.",regional_default_candidate,exclude_from_bulk_import,no,e-distribución — distribución eléctrica,https://www.edistribucion.com/es/conocenos/instalaciones-distribucion-red/distribucion-electrica.html,official_distributor_public,2026-05-06,"No incluir en bloque e-distribución; revisar aparte por solapes grandes con i-DE, UFD y pequeñas."
castilla_leon,Junta de Traslaloma,"e-distribución Redes Digitales, S.L.U.",regional_default_candidate,exclude_from_bulk_import,no,e-distribución — distribución eléctrica,https://www.edistribucion.com/es/conocenos/instalaciones-distribucion-red/distribucion-electrica.html,official_distributor_public,2026-05-06,"No incluir en bloque e-distribución; revisar aparte por solapes grandes con i-DE, UFD y pequeñas."
castilla_leon,Junta de Villalba de Losa,"e-distribución Redes Digitales, S.L.U.",regional_default_candidate,exclude_from_bulk_import,no,e-distribución — distribución eléctrica,https://www.edistribucion.com/es/conocenos/instalaciones-distribucion-red/distribucion-electrica.html,official_distributor_public,2026-05-06,"No incluir en bloque e-distribución; revisar aparte por solapes grandes con i-DE, UFD y pequeñas."
castilla_leon,Jurisdicción de Lara,"e-distribución Redes Digitales, S.L.U.",regional_default_candidate,exclude_from_bulk_import,no,e-distribución — distribución eléctrica,https://www.edistribucion.com/es/conocenos/instalaciones-distribucion-red/distribucion-electrica.html,official_distributor_public,2026-05-06,"No incluir en bloque e-distribución; revisar aparte por solapes grandes con i-DE, UFD y pequeñas."
castilla_leon,Jurisdicción de San Zadornil,"e-distribución Redes Digitales, S.L.U.",regional_default_candidate,exclude_from_bulk_import,no,e-distribución — distribución eléctrica,https://www.edistribucion.com/es/conocenos/instalaciones-distribucion-red/distribucion-electrica.html,official_distributor_public,2026-05-06,"No incluir en bloque e-distribución; revisar aparte por solapes grandes con i-DE, UFD y pequeñas."
castilla_leon,Justel,"e-distribución Redes Digitales, S.L.U.",regional_default_candidate,exclude_from_bulk_import,no,e-distribución — distribución eléctrica,https://www.edistribucion.com/es/conocenos/instalaciones-distribucion-red/distribucion-electrica.html,official_distributor_public,2026-05-06,"No incluir en bloque e-distribución; revisar aparte por solapes grandes con i-DE, UFD y pequeñas."
castilla_leon,Juzbado,"e-distribución Redes Digitales, S.L.U.",regional_default_candidate,exclude_from_bulk_import,no,e-distribución — distribución eléctrica,https://www.edistribucion.com/es/conocenos/instalaciones-distribucion-red/distribucion-electrica.html,official_distributor_public,2026-05-06,"No incluir en bloque e-distribución; revisar aparte por solapes grandes con i-DE, UFD y pequeñas."
castilla_leon,La Adrada,"e-distribución Redes Digitales, S.L.U.",regional_default_candidate,exclude_from_bulk_import,no,e-distribución — distribución eléctrica,https://www.edistribucion.com/es/conocenos/instalaciones-distribucion-red/distribucion-electrica.html,official_distributor_public,2026-05-06,"No incluir en bloque e-distribución; revisar aparte por solapes grandes con i-DE, UFD y pequeñas."
castilla_leon,La Alameda de Gardón,"e-distribución Redes Digitales, S.L.U.",regional_default_candidate,exclude_from_bulk_import,no,e-distribución — distribución eléctrica,https://www.edistribucion.com/es/conocenos/instalaciones-distribucion-red/distribucion-electrica.html,official_distributor_public,2026-05-06,"No incluir en bloque e-distribución; revisar aparte por solapes grandes con i-DE, UFD y pequeñas."
castilla_leon,La Alamedilla,"e-distribución Redes Digitales, S.L.U.",regional_default_candidate,exclude_from_bulk_import,no,e-distribución — distribución eléctrica,https://www.edistribucion.com/es/conocenos/instalaciones-distribucion-red/distribucion-electrica.html,official_distributor_public,2026-05-06,"No incluir en bloque e-distribución; revisar aparte por solapes grandes con i-DE, UFD y pequeñas."
castilla_leon,La Alberca,"e-distribución Redes Digitales, S.L.U.",regional_default_candidate,exclude_from_bulk_import,no,e-distribución — distribución eléctrica,https://www.edistribucion.com/es/conocenos/instalaciones-distribucion-red/distribucion-electrica.html,official_distributor_public,2026-05-06,"No incluir en bloque e-distribución; revisar aparte por solapes grandes con i-DE, UFD y pequeñas."
castilla_leon,La Alberguería de Argañán,"e-distribución Redes Digitales, S.L.U.",regional_default_candidate,exclude_from_bulk_import,no,e-distribución — distribución eléctrica,https://www.edistribucion.com/es/conocenos/instalaciones-distribucion-red/distribucion-electrica.html,official_distributor_public,2026-05-06,"No incluir en bloque e-distribución; revisar aparte por solapes grandes con i-DE, UFD y pequeñas."
castilla_leon,La Aldehuela,"e-distribución Redes Digitales, S.L.U.",regional_default_candidate,exclude_from_bulk_import,no,e-distribución — distribución eléctrica,https://www.edistribucion.com/es/conocenos/instalaciones-distribucion-red/distribucion-electrica.html,official_distributor_public,2026-05-06,"No incluir en bloque e-distribución; revisar aparte por solapes grandes con i-DE, UFD y pequeñas."
castilla_leon,La Antigua,"e-distribución Redes Digitales, S.L.U.",regional_default_candidate,exclude_from_bulk_import,no,e-distribución — distribución eléctrica,https://www.edistribucion.com/es/conocenos/instalaciones-distribucion-red/distribucion-electrica.html,official_distributor_public,2026-05-06,"No incluir en bloque e-distribución; revisar aparte por solapes grandes con i-DE, UFD y pequeñas."
castilla_leon,La Atalaya,"e-distribución Redes Digitales, S.L.U.",regional_default_candidate,exclude_from_bulk_import,no,e-distribución — distribución eléctrica,https://www.edistribucion.com/es/conocenos/instalaciones-distribucion-red/distribucion-electrica.html,official_distributor_public,2026-05-06,"No incluir en bloque e-distribución; revisar aparte por solapes grandes con i-DE, UFD y pequeñas."
castilla_leon,La Bañeza,"e-distribución Redes Digitales, S.L.U.",regional_default_candidate,exclude_from_bulk_import,no,e-distribución — distribución eléctrica,https://www.edistribucion.com/es/conocenos/instalaciones-distribucion-red/distribucion-electrica.html,official_distributor_public,2026-05-06,"No incluir en bloque e-distribución; revisar aparte por solapes grandes con i-DE, UFD y pequeñas."
castilla_leon,La Bastida,"e-distribución Redes Digitales, S.L.U.",regional_default_candidate,exclude_from_bulk_import,no,e-distribución — distribución eléctrica,https://www.edistribucion.com/es/conocenos/instalaciones-distribucion-red/distribucion-electrica.html,official_distributor_public,2026-05-06,"No incluir en bloque e-distribución; revisar aparte por solapes grandes con i-DE, UFD y pequeñas."
castilla_leon,La Bouza,"e-distribución Redes Digitales, S.L.U.",regional_default_candidate,exclude_from_bulk_import,no,e-distribución — distribución eléctrica,https://www.edistribucion.com/es/conocenos/instalaciones-distribucion-red/distribucion-electrica.html,official_distributor_public,2026-05-06,"No incluir en bloque e-distribución; revisar aparte por solapes grandes con i-DE, UFD y pequeñas."
castilla_leon,La Bóveda de Toro,"e-distribución Redes Digitales, S.L.U.",regional_default_candidate,exclude_from_bulk_import,no,e-distribución — distribución eléctrica,https://www.edistribucion.com/es/conocenos/instalaciones-distribucion-red/distribucion-electrica.html,official_distributor_public,2026-05-06,"No incluir en bloque e-distribución; revisar aparte por solapes grandes con i-DE, UFD y pequeñas."
castilla_leon,La Cabeza de Béjar,"e-distribución Redes Digitales, S.L.U.",regional_default_candidate,exclude_from_bulk_import,no,e-distribución — distribución eléctrica,https://www.edistribucion.com/es/conocenos/instalaciones-distribucion-red/distribucion-electrica.html,official_distributor_public,2026-05-06,"No incluir en bloque e-distribución; revisar aparte por solapes grandes con i-DE, UFD y pequeñas."
castilla_leon,La Calzada de Béjar,"e-distribución Redes Digitales, S.L.U.",regional_default_candidate,exclude_from_bulk_import,no,e-distribución — distribución eléctrica,https://www.edistribucion.com/es/conocenos/instalaciones-distribucion-red/distribucion-electrica.html,official_distributor_public,2026-05-06,"No incluir en bloque e-distribución; revisar aparte por solapes grandes con i-DE, UFD y pequeñas."
castilla_leon,La Carrera,"e-distribución Redes Digitales, S.L.U.",regional_default_candidate,exclude_from_bulk_import,no,e-distribución — distribución eléctrica,https://www.edistribucion.com/es/conocenos/instalaciones-distribucion-red/distribucion-electrica.html,official_distributor_public,2026-05-06,"No incluir en bloque e-distribución; revisar aparte por solapes grandes con i-DE, UFD y pequeñas."
castilla_leon,La Colilla,"e-distribución Redes Digitales, S.L.U.",regional_default_candidate,exclude_from_bulk_import,no,e-distribución — distribución eléctrica,https://www.edistribucion.com/es/conocenos/instalaciones-distribucion-red/distribucion-electrica.html,official_distributor_public,2026-05-06,"No incluir en bloque e-distribución; revisar aparte por solapes grandes con i-DE, UFD y pequeñas."
castilla_leon,La Cueva de Roa,"e-distribución Redes Digitales, S.L.U.",regional_default_candidate,exclude_from_bulk_import,no,e-distribución — distribución eléctrica,https://www.edistribucion.com/es/conocenos/instalaciones-distribucion-red/distribucion-electrica.html,official_distributor_public,2026-05-06,"No incluir en bloque e-distribución; revisar aparte por solapes grandes con i-DE, UFD y pequeñas."
castilla_leon,La Encina,"e-distribución Redes Digitales, S.L.U.",regional_default_candidate,exclude_from_bulk_import,no,e-distribución — distribución eléctrica,https://www.edistribucion.com/es/conocenos/instalaciones-distribucion-red/distribucion-electrica.html,official_distributor_public,2026-05-06,"No incluir en bloque e-distribución; revisar aparte por solapes grandes con i-DE, UFD y pequeñas."
castilla_leon,La Ercina,"e-distribución Redes Digitales, S.L.U.",regional_default_candidate,exclude_from_bulk_import,no,e-distribución — distribución eléctrica,https://www.edistribucion.com/es/conocenos/instalaciones-distribucion-red/distribucion-electrica.html,official_distributor_public,2026-05-06,"No incluir en bloque e-distribución; revisar aparte por solapes grandes con i-DE, UFD y pequeñas."
castilla_leon,La Fregeneda,"e-distribución Redes Digitales, S.L.U.",regional_default_candidate,exclude_from_bulk_import,no,e-distribución — distribución eléctrica,https://www.edistribucion.com/es/conocenos/instalaciones-distribucion-red/distribucion-electrica.html,official_distributor_public,2026-05-06,"No incluir en bloque e-distribución; revisar aparte por solapes grandes con i-DE, UFD y pequeñas."
castilla_leon,La Fuente de San Esteban,"e-distribución Redes Digitales, S.L.U.",regional_default_candidate,exclude_from_bulk_import,no,e-distribución — distribución eléctrica,https://www.edistribucion.com/es/conocenos/instalaciones-distribucion-red/distribucion-electrica.html,official_distributor_public,2026-05-06,"No incluir en bloque e-distribución; revisar aparte por solapes grandes con i-DE, UFD y pequeñas."
castilla_leon,La Gallega,"e-distribución Redes Digitales, S.L.U.",regional_default_candidate,exclude_from_bulk_import,no,e-distribución — distribución eléctrica,https://www.edistribucion.com/es/conocenos/instalaciones-distribucion-red/distribucion-electrica.html,official_distributor_public,2026-05-06,"No incluir en bloque e-distribución; revisar aparte por solapes grandes con i-DE, UFD y pequeñas."
castilla_leon,La Hija de Dios,"e-distribución Redes Digitales, S.L.U.",regional_default_candidate,exclude_from_bulk_import,no,e-distribución — distribución eléctrica,https://www.edistribucion.com/es/conocenos/instalaciones-distribucion-red/distribucion-electrica.html,official_distributor_public,2026-05-06,"No incluir en bloque e-distribución; revisar aparte por solapes grandes con i-DE, UFD y pequeñas."
castilla_leon,La Hiniesta,"e-distribución Redes Digitales, S.L.U.",regional_default_candidate,exclude_from_bulk_import,no,e-distribución — distribución eléctrica,https://www.edistribucion.com/es/conocenos/instalaciones-distribucion-red/distribucion-electrica.html,official_distributor_public,2026-05-06,"No incluir en bloque e-distribución; revisar aparte por solapes grandes con i-DE, UFD y pequeñas."
castilla_leon,La Horcajada,"e-distribución Redes Digitales, S.L.U.",regional_default_candidate,exclude_from_bulk_import,no,e-distribución — distribución eléctrica,https://www.edistribucion.com/es/conocenos/instalaciones-distribucion-red/distribucion-electrica.html,official_distributor_public,2026-05-06,"No incluir en bloque e-distribución; revisar aparte por solapes grandes con i-DE, UFD y pequeñas."
castilla_leon,La Horra,"e-distribución Redes Digitales, S.L.U.",regional_default_candidate,exclude_from_bulk_import,no,e-distribución — distribución eléctrica,https://www.edistribucion.com/es/conocenos/instalaciones-distribucion-red/distribucion-electrica.html,official_distributor_public,2026-05-06,"No incluir en bloque e-distribución; revisar aparte por solapes grandes con i-DE, UFD y pequeñas."
castilla_leon,La Hoya,"e-distribución Redes Digitales, S.L.U.",regional_default_candidate,exclude_from_bulk_import,no,e-distribución — distribución eléctrica,https://www.edistribucion.com/es/conocenos/instalaciones-distribucion-red/distribucion-electrica.html,official_distributor_public,2026-05-06,"No incluir en bloque e-distribución; revisar aparte por solapes grandes con i-DE, UFD y pequeñas."
castilla_leon,La Lastrilla,"e-distribución Redes Digitales, S.L.U.",regional_default_candidate,exclude_from_bulk_import,no,e-distribución — distribución eléctrica,https://www.edistribucion.com/es/conocenos/instalaciones-distribucion-red/distribucion-electrica.html,official_distributor_public,2026-05-06,"No incluir en bloque e-distribución; revisar aparte por solapes grandes con i-DE, UFD y pequeñas."
castilla_leon,La Losa,"e-distribución Redes Digitales, S.L.U.",regional_default_candidate,exclude_from_bulk_import,no,e-distribución — distribución eléctrica,https://www.edistribucion.com/es/conocenos/instalaciones-distribucion-red/distribucion-electrica.html,official_distributor_public,2026-05-06,"No incluir en bloque e-distribución; revisar aparte por solapes grandes con i-DE, UFD y pequeñas."
castilla_leon,La Losilla,"e-distribución Redes Digitales, S.L.U.",regional_default_candidate,exclude_from_bulk_import,no,e-distribución — distribución eléctrica,https://www.edistribucion.com/es/conocenos/instalaciones-distribucion-red/distribucion-electrica.html,official_distributor_public,2026-05-06,"No incluir en bloque e-distribución; revisar aparte por solapes grandes con i-DE, UFD y pequeñas."
castilla_leon,La Mata de Ledesma,"e-distribución Redes Digitales, S.L.U.",regional_default_candidate,exclude_from_bulk_import,no,e-distribución — distribución eléctrica,https://www.edistribucion.com/es/conocenos/instalaciones-distribucion-red/distribucion-electrica.html,official_distributor_public,2026-05-06,"No incluir en bloque e-distribución; revisar aparte por solapes grandes con i-DE, UFD y pequeñas."
castilla_leon,La Matilla,"e-distribución Redes Digitales, S.L.U.",regional_default_candidate,exclude_from_bulk_import,no,e-distribución — distribución eléctrica,https://www.edistribucion.com/es/conocenos/instalaciones-distribucion-red/distribucion-electrica.html,official_distributor_public,2026-05-06,"No incluir en bloque e-distribución; revisar aparte por solapes grandes con i-DE, UFD y pequeñas."
castilla_leon,La Maya,"e-distribución Redes Digitales, S.L.U.",regional_default_candidate,exclude_from_bulk_import,no,e-distribución — distribución eléctrica,https://www.edistribucion.com/es/conocenos/instalaciones-distribucion-red/distribucion-electrica.html,official_distributor_public,2026-05-06,"No incluir en bloque e-distribución; revisar aparte por solapes grandes con i-DE, UFD y pequeñas."
castilla_leon,La Mudarra,"e-distribución Redes Digitales, S.L.U.",regional_default_candidate,exclude_from_bulk_import,no,e-distribución — distribución eléctrica,https://www.edistribucion.com/es/conocenos/instalaciones-distribucion-red/distribucion-electrica.html,official_distributor_public,2026-05-06,"No incluir en bloque e-distribución; revisar aparte por solapes grandes con i-DE, UFD y pequeñas."
castilla_leon,La Orbada,"e-distribución Redes Digitales, S.L.U.",regional_default_candidate,exclude_from_bulk_import,no,e-distribución — distribución eléctrica,https://www.edistribucion.com/es/conocenos/instalaciones-distribucion-red/distribucion-electrica.html,official_distributor_public,2026-05-06,"No incluir en bloque e-distribución; revisar aparte por solapes grandes con i-DE, UFD y pequeñas."
castilla_leon,La Parrilla,"e-distribución Redes Digitales, S.L.U.",regional_default_candidate,exclude_from_bulk_import,no,e-distribución — distribución eléctrica,https://www.edistribucion.com/es/conocenos/instalaciones-distribucion-red/distribucion-electrica.html,official_distributor_public,2026-05-06,"No incluir en bloque e-distribución; revisar aparte por solapes grandes con i-DE, UFD y pequeñas."
castilla_leon,La Pedraja de Portillo,"e-distribución Redes Digitales, S.L.U.",regional_default_candidate,exclude_from_bulk_import,no,e-distribución — distribución eléctrica,https://www.edistribucion.com/es/conocenos/instalaciones-distribucion-red/distribucion-electrica.html,official_distributor_public,2026-05-06,"No incluir en bloque e-distribución; revisar aparte por solapes grandes con i-DE, UFD y pequeñas."
castilla_leon,La Peña,"e-distribución Redes Digitales, S.L.U.",regional_default_candidate,exclude_from_bulk_import,no,e-distribución — distribución eléctrica,https://www.edistribucion.com/es/conocenos/instalaciones-distribucion-red/distribucion-electrica.html,official_distributor_public,2026-05-06,"No incluir en bloque e-distribución; revisar aparte por solapes grandes con i-DE, UFD y pequeñas."
castilla_leon,La Pernía,"e-distribución Redes Digitales, S.L.U.",regional_default_candidate,exclude_from_bulk_import,no,e-distribución — distribución eléctrica,https://www.edistribucion.com/es/conocenos/instalaciones-distribucion-red/distribucion-electrica.html,official_distributor_public,2026-05-06,"No incluir en bloque e-distribución; revisar aparte por solapes grandes con i-DE, UFD y pequeñas."
castilla_leon,La Pola de Gordón,"e-distribución Redes Digitales, S.L.U.",regional_default_candidate,exclude_from_bulk_import,no,e-distribución — distribución eléctrica,https://www.edistribucion.com/es/conocenos/instalaciones-distribucion-red/distribucion-electrica.html,official_distributor_public,2026-05-06,"No incluir en bloque e-distribución; revisar aparte por solapes grandes con i-DE, UFD y pequeñas."
castilla_leon,La Póveda de Soria,"e-distribución Redes Digitales, S.L.U.",regional_default_candidate,exclude_from_bulk_import,no,e-distribución — distribución eléctrica,https://www.edistribucion.com/es/conocenos/instalaciones-distribucion-red/distribucion-electrica.html,official_distributor_public,2026-05-06,"No incluir en bloque e-distribución; revisar aparte por solapes grandes con i-DE, UFD y pequeñas."
castilla_leon,La Puebla de Arganzón,"e-distribución Redes Digitales, S.L.U.",regional_default_candidate,exclude_from_bulk_import,no,e-distribución — distribución eléctrica,https://www.edistribucion.com/es/conocenos/instalaciones-distribucion-red/distribucion-electrica.html,official_distributor_public,2026-05-06,"No incluir en bloque e-distribución; revisar aparte por solapes grandes con i-DE, UFD y pequeñas."
castilla_leon,La Puebla de Valdavia,"e-distribución Redes Digitales, S.L.U.",regional_default_candidate,exclude_from_bulk_import,no,e-distribución — distribución eléctrica,https://www.edistribucion.com/es/conocenos/instalaciones-distribucion-red/distribucion-electrica.html,official_distributor_public,2026-05-06,"No incluir en bloque e-distribución; revisar aparte por solapes grandes con i-DE, UFD y pequeñas."
castilla_leon,La Redonda,"e-distribución Redes Digitales, S.L.U.",regional_default_candidate,exclude_from_bulk_import,no,e-distribución — distribución eléctrica,https://www.edistribucion.com/es/conocenos/instalaciones-distribucion-red/distribucion-electrica.html,official_distributor_public,2026-05-06,"No incluir en bloque e-distribución; revisar aparte por solapes grandes con i-DE, UFD y pequeñas."
castilla_leon,La Revilla y Ahedo,"e-distribución Redes Digitales, S.L.U.",regional_default_candidate,exclude_from_bulk_import,no,e-distribución — distribución eléctrica,https://www.edistribucion.com/es/conocenos/instalaciones-distribucion-red/distribucion-electrica.html,official_distributor_public,2026-05-06,"No incluir en bloque e-distribución; revisar aparte por solapes grandes con i-DE, UFD y pequeñas."
castilla_leon,La Riba de Escalote,"e-distribución Redes Digitales, S.L.U.",regional_default_candidate,exclude_from_bulk_import,no,e-distribución — distribución eléctrica,https://www.edistribucion.com/es/conocenos/instalaciones-distribucion-red/distribucion-electrica.html,official_distributor_public,2026-05-06,"No incluir en bloque e-distribución; revisar aparte por solapes grandes con i-DE, UFD y pequeñas."
castilla_leon,La Rinconada de la Sierra,"e-distribución Redes Digitales, S.L.U.",regional_default_candidate,exclude_from_bulk_import,no,e-distribución — distribución eléctrica,https://www.edistribucion.com/es/conocenos/instalaciones-distribucion-red/distribucion-electrica.html,official_distributor_public,2026-05-06,"No incluir en bloque e-distribución; revisar aparte por solapes grandes con i-DE, UFD y pequeñas."
castilla_leon,La Robla,"e-distribución Redes Digitales, S.L.U.",regional_default_candidate,exclude_from_bulk_import,no,e-distribución — distribución eléctrica,https://www.edistribucion.com/es/conocenos/instalaciones-distribucion-red/distribucion-electrica.html,official_distributor_public,2026-05-06,"No incluir en bloque e-distribución; revisar aparte por solapes grandes con i-DE, UFD y pequeñas."
castilla_leon,La Sagrada,"e-distribución Redes Digitales, S.L.U.",regional_default_candidate,exclude_from_bulk_import,no,e-distribución — distribución eléctrica,https://www.edistribucion.com/es/conocenos/instalaciones-distribucion-red/distribucion-electrica.html,official_distributor_public,2026-05-06,"No incluir en bloque e-distribución; revisar aparte por solapes grandes con i-DE, UFD y pequeñas."
castilla_leon,La Seca,"e-distribución Redes Digitales, S.L.U.",regional_default_candidate,exclude_from_bulk_import,no,e-distribución — distribución eléctrica,https://www.edistribucion.com/es/conocenos/instalaciones-distribucion-red/distribucion-electrica.html,official_distributor_public,2026-05-06,"No incluir en bloque e-distribución; revisar aparte por solapes grandes con i-DE, UFD y pequeñas."
castilla_leon,La Sequera de Haza,"e-distribución Redes Digitales, S.L.U.",regional_default_candidate,exclude_from_bulk_import,no,e-distribución — distribución eléctrica,https://www.edistribucion.com/es/conocenos/instalaciones-distribucion-red/distribucion-electrica.html,official_distributor_public,2026-05-06,"No incluir en bloque e-distribución; revisar aparte por solapes grandes con i-DE, UFD y pequeñas."
castilla_leon,La Serna,"e-distribución Redes Digitales, S.L.U.",regional_default_candidate,exclude_from_bulk_import,no,e-distribución — distribución eléctrica,https://www.edistribucion.com/es/conocenos/instalaciones-distribucion-red/distribucion-electrica.html,official_distributor_public,2026-05-06,"No incluir en bloque e-distribución; revisar aparte por solapes grandes con i-DE, UFD y pequeñas."
castilla_leon,La Serrada,"e-distribución Redes Digitales, S.L.U.",regional_default_candidate,exclude_from_bulk_import,no,e-distribución — distribución eléctrica,https://www.edistribucion.com/es/conocenos/instalaciones-distribucion-red/distribucion-electrica.html,official_distributor_public,2026-05-06,"No incluir en bloque e-distribución; revisar aparte por solapes grandes con i-DE, UFD y pequeñas."
castilla_leon,La Sierpe,"e-distribución Redes Digitales, S.L.U.",regional_default_candidate,exclude_from_bulk_import,no,e-distribución — distribución eléctrica,https://www.edistribucion.com/es/conocenos/instalaciones-distribucion-red/distribucion-electrica.html,official_distributor_public,2026-05-06,"No incluir en bloque e-distribución; revisar aparte por solapes grandes con i-DE, UFD y pequeñas."
castilla_leon,La Tala,"e-distribución Redes Digitales, S.L.U.",regional_default_candidate,exclude_from_bulk_import,no,e-distribución — distribución eléctrica,https://www.edistribucion.com/es/conocenos/instalaciones-distribucion-red/distribucion-electrica.html,official_distributor_public,2026-05-06,"No incluir en bloque e-distribución; revisar aparte por solapes grandes con i-DE, UFD y pequeñas."
castilla_leon,La Torre,"e-distribución Redes Digitales, S.L.U.",regional_default_candidate,exclude_from_bulk_import,no,e-distribución — distribución eléctrica,https://www.edistribucion.com/es/conocenos/instalaciones-distribucion-red/distribucion-electrica.html,official_distributor_public,2026-05-06,"No incluir en bloque e-distribución; revisar aparte por solapes grandes con i-DE, UFD y pequeñas."
castilla_leon,La Torre del Valle,"e-distribución Redes Digitales, S.L.U.",regional_default_candidate,exclude_from_bulk_import,no,e-distribución — distribución eléctrica,https://www.edistribucion.com/es/conocenos/instalaciones-distribucion-red/distribucion-electrica.html,official_distributor_public,2026-05-06,"No incluir en bloque e-distribución; revisar aparte por solapes grandes con i-DE, UFD y pequeñas."
castilla_leon,La Unión de Campos,"e-distribución Redes Digitales, S.L.U.",regional_default_candidate,exclude_from_bulk_import,no,e-distribución — distribución eléctrica,https://www.edistribucion.com/es/conocenos/instalaciones-distribucion-red/distribucion-electrica.html,official_distributor_public,2026-05-06,"No incluir en bloque e-distribución; revisar aparte por solapes grandes con i-DE, UFD y pequeñas."
castilla_leon,La Vecilla,"e-distribución Redes Digitales, S.L.U.",regional_default_candidate,exclude_from_bulk_import,no,e-distribución — distribución eléctrica,https://www.edistribucion.com/es/conocenos/instalaciones-distribucion-red/distribucion-electrica.html,official_distributor_public,2026-05-06,"No incluir en bloque e-distribución; revisar aparte por solapes grandes con i-DE, UFD y pequeñas."
castilla_leon,La Vellés,"e-distribución Redes Digitales, S.L.U.",regional_default_candidate,exclude_from_bulk_import,no,e-distribución — distribución eléctrica,https://www.edistribucion.com/es/conocenos/instalaciones-distribucion-red/distribucion-electrica.html,official_distributor_public,2026-05-06,"No incluir en bloque e-distribución; revisar aparte por solapes grandes con i-DE, UFD y pequeñas."
castilla_leon,La Vid de Bureba,"e-distribución Redes Digitales, S.L.U.",regional_default_candidate,exclude_from_bulk_import,no,e-distribución — distribución eléctrica,https://www.edistribucion.com/es/conocenos/instalaciones-distribucion-red/distribucion-electrica.html,official_distributor_public,2026-05-06,"No incluir en bloque e-distribución; revisar aparte por solapes grandes con i-DE, UFD y pequeñas."
castilla_leon,La Vid de Ojeda,"e-distribución Redes Digitales, S.L.U.",regional_default_candidate,exclude_from_bulk_import,no,e-distribución — distribución eléctrica,https://www.edistribucion.com/es/conocenos/instalaciones-distribucion-red/distribucion-electrica.html,official_distributor_public,2026-05-06,"No incluir en bloque e-distribución; revisar aparte por solapes grandes con i-DE, UFD y pequeñas."
castilla_leon,La Vid y Barrios,"e-distribución Redes Digitales, S.L.U.",regional_default_candidate,exclude_from_bulk_import,no,e-distribución — distribución eléctrica,https://www.edistribucion.com/es/conocenos/instalaciones-distribucion-red/distribucion-electrica.html,official_distributor_public,2026-05-06,"No incluir en bloque e-distribución; revisar aparte por solapes grandes con i-DE, UFD y pequeñas."
castilla_leon,La Vídola,"e-distribución Redes Digitales, S.L.U.",regional_default_candidate,exclude_from_bulk_import,no,e-distribución — distribución eléctrica,https://www.edistribucion.com/es/conocenos/instalaciones-distribucion-red/distribucion-electrica.html,official_distributor_public,2026-05-06,"No incluir en bloque e-distribución; revisar aparte por solapes grandes con i-DE, UFD y pequeñas."
castilla_leon,La Zarza,"e-distribución Redes Digitales, S.L.U.",regional_default_candidate,exclude_from_bulk_import,no,e-distribución — distribución eléctrica,https://www.edistribucion.com/es/conocenos/instalaciones-distribucion-red/distribucion-electrica.html,official_distributor_public,2026-05-06,"No incluir en bloque e-distribución; revisar aparte por solapes grandes con i-DE, UFD y pequeñas."
castilla_leon,La Zarza de Pumareda,"e-distribución Redes Digitales, S.L.U.",regional_default_candidate,exclude_from_bulk_import,no,e-distribución — distribución eléctrica,https://www.edistribucion.com/es/conocenos/instalaciones-distribucion-red/distribucion-electrica.html,official_distributor_public,2026-05-06,"No incluir en bloque e-distribución; revisar aparte por solapes grandes con i-DE, UFD y pequeñas."
castilla_leon,Labajos,"e-distribución Redes Digitales, S.L.U.",regional_default_candidate,exclude_from_bulk_import,no,e-distribución — distribución eléctrica,https://www.edistribucion.com/es/conocenos/instalaciones-distribucion-red/distribucion-electrica.html,official_distributor_public,2026-05-06,"No incluir en bloque e-distribución; revisar aparte por solapes grandes con i-DE, UFD y pequeñas."
castilla_leon,Lagartos,"e-distribución Redes Digitales, S.L.U.",regional_default_candidate,exclude_from_bulk_import,no,e-distribución — distribución eléctrica,https://www.edistribucion.com/es/conocenos/instalaciones-distribucion-red/distribucion-electrica.html,official_distributor_public,2026-05-06,"No incluir en bloque e-distribución; revisar aparte por solapes grandes con i-DE, UFD y pequeñas."
castilla_leon,Laguna Dalga,"e-distribución Redes Digitales, S.L.U.",regional_default_candidate,exclude_from_bulk_import,no,e-distribución — distribución eléctrica,https://www.edistribucion.com/es/conocenos/instalaciones-distribucion-red/distribucion-electrica.html,official_distributor_public,2026-05-06,"No incluir en bloque e-distribución; revisar aparte por solapes grandes con i-DE, UFD y pequeñas."
castilla_leon,Laguna de Contreras,"e-distribución Redes Digitales, S.L.U.",regional_default_candidate,exclude_from_bulk_import,no,e-distribución — distribución eléctrica,https://www.edistribucion.com/es/conocenos/instalaciones-distribucion-red/distribucion-electrica.html,official_distributor_public,2026-05-06,"No incluir en bloque e-distribución; revisar aparte por solapes grandes con i-DE, UFD y pequeñas."
castilla_leon,Laguna de Duero,"e-distribución Redes Digitales, S.L.U.",regional_default_candidate,exclude_from_bulk_import,no,e-distribución — distribución eléctrica,https://www.edistribucion.com/es/conocenos/instalaciones-distribucion-red/distribucion-electrica.html,official_distributor_public,2026-05-06,"No incluir en bloque e-distribución; revisar aparte por solapes grandes con i-DE, UFD y pequeñas."
castilla_leon,Laguna de Negrillos,"e-distribución Redes Digitales, S.L.U.",regional_default_candidate,exclude_from_bulk_import,no,e-distribución — distribución eléctrica,https://www.edistribucion.com/es/conocenos/instalaciones-distribucion-red/distribucion-electrica.html,official_distributor_public,2026-05-06,"No incluir en bloque e-distribución; revisar aparte por solapes grandes con i-DE, UFD y pequeñas."
castilla_leon,Lagunilla,"e-distribución Redes Digitales, S.L.U.",regional_default_candidate,exclude_from_bulk_import,no,e-distribución — distribución eléctrica,https://www.edistribucion.com/es/conocenos/instalaciones-distribucion-red/distribucion-electrica.html,official_distributor_public,2026-05-06,"No incluir en bloque e-distribución; revisar aparte por solapes grandes con i-DE, UFD y pequeñas."
castilla_leon,Langa,"e-distribución Redes Digitales, S.L.U.",regional_default_candidate,exclude_from_bulk_import,no,e-distribución — distribución eléctrica,https://www.edistribucion.com/es/conocenos/instalaciones-distribucion-red/distribucion-electrica.html,official_distributor_public,2026-05-06,"No incluir en bloque e-distribución; revisar aparte por solapes grandes con i-DE, UFD y pequeñas."
castilla_leon,Langa de Duero,"e-distribución Redes Digitales, S.L.U.",regional_default_candidate,exclude_from_bulk_import,no,e-distribución — distribución eléctrica,https://www.edistribucion.com/es/conocenos/instalaciones-distribucion-red/distribucion-electrica.html,official_distributor_public,2026-05-06,"No incluir en bloque e-distribución; revisar aparte por solapes grandes con i-DE, UFD y pequeñas."
castilla_leon,Langayo,"e-distribución Redes Digitales, S.L.U.",regional_default_candidate,exclude_from_bulk_import,no,e-distribución — distribución eléctrica,https://www.edistribucion.com/es/conocenos/instalaciones-distribucion-red/distribucion-electrica.html,official_distributor_public,2026-05-06,"No incluir en bloque e-distribución; revisar aparte por solapes grandes con i-DE, UFD y pequeñas."
castilla_leon,Languilla,"e-distribución Redes Digitales, S.L.U.",regional_default_candidate,exclude_from_bulk_import,no,e-distribución — distribución eléctrica,https://www.edistribucion.com/es/conocenos/instalaciones-distribucion-red/distribucion-electrica.html,official_distributor_public,2026-05-06,"No incluir en bloque e-distribución; revisar aparte por solapes grandes con i-DE, UFD y pequeñas."
castilla_leon,Lantadilla,"e-distribución Redes Digitales, S.L.U.",regional_default_candidate,exclude_from_bulk_import,no,e-distribución — distribución eléctrica,https://www.edistribucion.com/es/conocenos/instalaciones-distribucion-red/distribucion-electrica.html,official_distributor_public,2026-05-06,"No incluir en bloque e-distribución; revisar aparte por solapes grandes con i-DE, UFD y pequeñas."
castilla_leon,Lanzahíta,"e-distribución Redes Digitales, S.L.U.",regional_default_candidate,exclude_from_bulk_import,no,e-distribución — distribución eléctrica,https://www.edistribucion.com/es/conocenos/instalaciones-distribucion-red/distribucion-electrica.html,official_distributor_public,2026-05-06,"No incluir en bloque e-distribución; revisar aparte por solapes grandes con i-DE, UFD y pequeñas."
castilla_leon,Larrodrigo,"e-distribución Redes Digitales, S.L.U.",regional_default_candidate,exclude_from_bulk_import,no,e-distribución — distribución eléctrica,https://www.edistribucion.com/es/conocenos/instalaciones-distribucion-red/distribucion-electrica.html,official_distributor_public,2026-05-06,"No incluir en bloque e-distribución; revisar aparte por solapes grandes con i-DE, UFD y pequeñas."
castilla_leon,Las Aldehuelas,"e-distribución Redes Digitales, S.L.U.",regional_default_candidate,exclude_from_bulk_import,no,e-distribución — distribución eléctrica,https://www.edistribucion.com/es/conocenos/instalaciones-distribucion-red/distribucion-electrica.html,official_distributor_public,2026-05-06,"No incluir en bloque e-distribución; revisar aparte por solapes grandes con i-DE, UFD y pequeñas."
castilla_leon,Las Berlanas,"e-distribución Redes Digitales, S.L.U.",regional_default_candidate,exclude_from_bulk_import,no,e-distribución — distribución eléctrica,https://www.edistribucion.com/es/conocenos/instalaciones-distribucion-red/distribucion-electrica.html,official_distributor_public,2026-05-06,"No incluir en bloque e-distribución; revisar aparte por solapes grandes con i-DE, UFD y pequeñas."
castilla_leon,Las Casas del Conde,"e-distribución Redes Digitales, S.L.U.",regional_default_candidate,exclude_from_bulk_import,no,e-distribución — distribución eléctrica,https://www.edistribucion.com/es/conocenos/instalaciones-distribucion-red/distribucion-electrica.html,official_distributor_public,2026-05-06,"No incluir en bloque e-distribución; revisar aparte por solapes grandes con i-DE, UFD y pequeñas."
castilla_leon,Las Hormazas,"e-distribución Redes Digitales, S.L.U.",regional_default_candidate,exclude_from_bulk_import,no,e-distribución — distribución eléctrica,https://www.edistribucion.com/es/conocenos/instalaciones-distribucion-red/distribucion-electrica.html,official_distributor_public,2026-05-06,"No incluir en bloque e-distribución; revisar aparte por solapes grandes con i-DE, UFD y pequeñas."
castilla_leon,Las Navas del Marqués,"e-distribución Redes Digitales, S.L.U.",regional_default_candidate,exclude_from_bulk_import,no,e-distribución — distribución eléctrica,https://www.edistribucion.com/es/conocenos/instalaciones-distribucion-red/distribucion-electrica.html,official_distributor_public,2026-05-06,"No incluir en bloque e-distribución; revisar aparte por solapes grandes con i-DE, UFD y pequeñas."
castilla_leon,Las Omañas,"e-distribución Redes Digitales, S.L.U.",regional_default_candidate,exclude_from_bulk_import,no,e-distribución — distribución eléctrica,https://www.edistribucion.com/es/conocenos/instalaciones-distribucion-red/distribucion-electrica.html,official_distributor_public,2026-05-06,"No incluir en bloque e-distribución; revisar aparte por solapes grandes con i-DE, UFD y pequeñas."
castilla_leon,Las Quintanillas,"e-distribución Redes Digitales, S.L.U.",regional_default_candidate,exclude_from_bulk_import,no,e-distribución — distribución eléctrica,https://www.edistribucion.com/es/conocenos/instalaciones-distribucion-red/distribucion-electrica.html,official_distributor_public,2026-05-06,"No incluir en bloque e-distribución; revisar aparte por solapes grandes con i-DE, UFD y pequeñas."
castilla_leon,Las Veguillas,"e-distribución Redes Digitales, S.L.U.",regional_default_candidate,exclude_from_bulk_import,no,e-distribución — distribución eléctrica,https://www.edistribucion.com/es/conocenos/instalaciones-distribucion-red/distribucion-electrica.html,official_distributor_public,2026-05-06,"No incluir en bloque e-distribución; revisar aparte por solapes grandes con i-DE, UFD y pequeñas."
castilla_leon,Lastras de Cuéllar,"e-distribución Redes Digitales, S.L.U.",regional_default_candidate,exclude_from_bulk_import,no,e-distribución — distribución eléctrica,https://www.edistribucion.com/es/conocenos/instalaciones-distribucion-red/distribucion-electrica.html,official_distributor_public,2026-05-06,"No incluir en bloque e-distribución; revisar aparte por solapes grandes con i-DE, UFD y pequeñas."
castilla_leon,Lastras del Pozo,"e-distribución Redes Digitales, S.L.U.",regional_default_candidate,exclude_from_bulk_import,no,e-distribución — distribución eléctrica,https://www.edistribucion.com/es/conocenos/instalaciones-distribucion-red/distribucion-electrica.html,official_distributor_public,2026-05-06,"No incluir en bloque e-distribución; revisar aparte por solapes grandes con i-DE, UFD y pequeñas."
castilla_leon,"Ledanía de 09162, 09290, 09412 y 09606","e-distribución Redes Digitales, S.L.U.",regional_default_candidate,exclude_from_bulk_import,no,e-distribución — distribución eléctrica,https://www.edistribucion.com/es/conocenos/instalaciones-distribucion-red/distribucion-electrica.html,official_distributor_public,2026-05-06,"No incluir en bloque e-distribución; revisar aparte por solapes grandes con i-DE, UFD y pequeñas."
castilla_leon,"Ledanía de Castrillo de la Reina, Hacinas y Salas de los Infantes","e-distribución Redes Digitales, S.L.U.",regional_default_candidate,exclude_from_bulk_import,no,e-distribución — distribución eléctrica,https://www.edistribucion.com/es/conocenos/instalaciones-distribucion-red/distribucion-electrica.html,official_distributor_public,2026-05-06,"No incluir en bloque e-distribución; revisar aparte por solapes grandes con i-DE, UFD y pequeñas."
castilla_leon,"Ledanía de Hacinas, Salas de los Infantes y Villanueva de Carazo","e-distribución Redes Digitales, S.L.U.",regional_default_candidate,exclude_from_bulk_import,no,e-distribución — distribución eléctrica,https://www.edistribucion.com/es/conocenos/instalaciones-distribucion-red/distribucion-electrica.html,official_distributor_public,2026-05-06,"No incluir en bloque e-distribución; revisar aparte por solapes grandes con i-DE, UFD y pequeñas."
castilla_leon,Ledanía de Hacinas y Salas de los Infantes,"e-distribución Redes Digitales, S.L.U.",regional_default_candidate,exclude_from_bulk_import,no,e-distribución — distribución eléctrica,https://www.edistribucion.com/es/conocenos/instalaciones-distribucion-red/distribucion-electrica.html,official_distributor_public,2026-05-06,"No incluir en bloque e-distribución; revisar aparte por solapes grandes con i-DE, UFD y pequeñas."
castilla_leon,Ledesma,"e-distribución Redes Digitales, S.L.U.",regional_default_candidate,exclude_from_bulk_import,no,e-distribución — distribución eléctrica,https://www.edistribucion.com/es/conocenos/instalaciones-distribucion-red/distribucion-electrica.html,official_distributor_public,2026-05-06,"No incluir en bloque e-distribución; revisar aparte por solapes grandes con i-DE, UFD y pequeñas."
castilla_leon,Ledigos,"e-distribución Redes Digitales, S.L.U.",regional_default_candidate,exclude_from_bulk_import,no,e-distribución — distribución eléctrica,https://www.edistribucion.com/es/conocenos/instalaciones-distribucion-red/distribucion-electrica.html,official_distributor_public,2026-05-06,"No incluir en bloque e-distribución; revisar aparte por solapes grandes con i-DE, UFD y pequeñas."
castilla_leon,Ledrada,"e-distribución Redes Digitales, S.L.U.",regional_default_candidate,exclude_from_bulk_import,no,e-distribución — distribución eléctrica,https://www.edistribucion.com/es/conocenos/instalaciones-distribucion-red/distribucion-electrica.html,official_distributor_public,2026-05-06,"No incluir en bloque e-distribución; revisar aparte por solapes grandes con i-DE, UFD y pequeñas."
castilla_leon,León,"e-distribución Redes Digitales, S.L.U.",regional_default_candidate,exclude_from_bulk_import,no,e-distribución — distribución eléctrica,https://www.edistribucion.com/es/conocenos/instalaciones-distribucion-red/distribucion-electrica.html,official_distributor_public,2026-05-06,"No incluir en bloque e-distribución; revisar aparte por solapes grandes con i-DE, UFD y pequeñas."
castilla_leon,Lerma,"e-distribución Redes Digitales, S.L.U.",regional_default_candidate,exclude_from_bulk_import,no,e-distribución — distribución eléctrica,https://www.edistribucion.com/es/conocenos/instalaciones-distribucion-red/distribucion-electrica.html,official_distributor_public,2026-05-06,"No incluir en bloque e-distribución; revisar aparte por solapes grandes con i-DE, UFD y pequeñas."
castilla_leon,Liceras,"e-distribución Redes Digitales, S.L.U.",regional_default_candidate,exclude_from_bulk_import,no,e-distribución — distribución eléctrica,https://www.edistribucion.com/es/conocenos/instalaciones-distribucion-red/distribucion-electrica.html,official_distributor_public,2026-05-06,"No incluir en bloque e-distribución; revisar aparte por solapes grandes con i-DE, UFD y pequeñas."
castilla_leon,Linares de Riofrío,"e-distribución Redes Digitales, S.L.U.",regional_default_candidate,exclude_from_bulk_import,no,e-distribución — distribución eléctrica,https://www.edistribucion.com/es/conocenos/instalaciones-distribucion-red/distribucion-electrica.html,official_distributor_public,2026-05-06,"No incluir en bloque e-distribución; revisar aparte por solapes grandes con i-DE, UFD y pequeñas."
castilla_leon,Llamas de la Ribera,"e-distribución Redes Digitales, S.L.U.",regional_default_candidate,exclude_from_bulk_import,no,e-distribución — distribución eléctrica,https://www.edistribucion.com/es/conocenos/instalaciones-distribucion-red/distribucion-electrica.html,official_distributor_public,2026-05-06,"No incluir en bloque e-distribución; revisar aparte por solapes grandes con i-DE, UFD y pequeñas."
castilla_leon,Llano de Bureba,"e-distribución Redes Digitales, S.L.U.",regional_default_candidate,exclude_from_bulk_import,no,e-distribución — distribución eléctrica,https://www.edistribucion.com/es/conocenos/instalaciones-distribucion-red/distribucion-electrica.html,official_distributor_public,2026-05-06,"No incluir en bloque e-distribución; revisar aparte por solapes grandes con i-DE, UFD y pequeñas."
castilla_leon,Llano de Olmedo,"e-distribución Redes Digitales, S.L.U.",regional_default_candidate,exclude_from_bulk_import,no,e-distribución — distribución eléctrica,https://www.edistribucion.com/es/conocenos/instalaciones-distribucion-red/distribucion-electrica.html,official_distributor_public,2026-05-06,"No incluir en bloque e-distribución; revisar aparte por solapes grandes con i-DE, UFD y pequeñas."
castilla_leon,Loma de Ucieza,"e-distribución Redes Digitales, S.L.U.",regional_default_candidate,exclude_from_bulk_import,no,e-distribución — distribución eléctrica,https://www.edistribucion.com/es/conocenos/instalaciones-distribucion-red/distribucion-electrica.html,official_distributor_public,2026-05-06,"No incluir en bloque e-distribución; revisar aparte por solapes grandes con i-DE, UFD y pequeñas."
castilla_leon,Lomas,"e-distribución Redes Digitales, S.L.U.",regional_default_candidate,exclude_from_bulk_import,no,e-distribución — distribución eléctrica,https://www.edistribucion.com/es/conocenos/instalaciones-distribucion-red/distribucion-electrica.html,official_distributor_public,2026-05-06,"No incluir en bloque e-distribución; revisar aparte por solapes grandes con i-DE, UFD y pequeñas."
castilla_leon,Lomoviejo,"e-distribución Redes Digitales, S.L.U.",regional_default_candidate,exclude_from_bulk_import,no,e-distribución — distribución eléctrica,https://www.edistribucion.com/es/conocenos/instalaciones-distribucion-red/distribucion-electrica.html,official_distributor_public,2026-05-06,"No incluir en bloque e-distribución; revisar aparte por solapes grandes con i-DE, UFD y pequeñas."
castilla_leon,Los Altos,"e-distribución Redes Digitales, S.L.U.",regional_default_candidate,exclude_from_bulk_import,no,e-distribución — distribución eléctrica,https://www.edistribucion.com/es/conocenos/instalaciones-distribucion-red/distribucion-electrica.html,official_distributor_public,2026-05-06,"No incluir en bloque e-distribución; revisar aparte por solapes grandes con i-DE, UFD y pequeñas."
castilla_leon,Los Ausines,"e-distribución Redes Digitales, S.L.U.",regional_default_candidate,exclude_from_bulk_import,no,e-distribución — distribución eléctrica,https://www.edistribucion.com/es/conocenos/instalaciones-distribucion-red/distribucion-electrica.html,official_distributor_public,2026-05-06,"No incluir en bloque e-distribución; revisar aparte por solapes grandes con i-DE, UFD y pequeñas."
castilla_leon,Los Balbases,"e-distribución Redes Digitales, S.L.U.",regional_default_candidate,exclude_from_bulk_import,no,e-distribución — distribución eléctrica,https://www.edistribucion.com/es/conocenos/instalaciones-distribucion-red/distribucion-electrica.html,official_distributor_public,2026-05-06,"No incluir en bloque e-distribución; revisar aparte por solapes grandes con i-DE, UFD y pequeñas."
castilla_leon,Los Barrios de Bureba,"e-distribución Redes Digitales, S.L.U.",regional_default_candidate,exclude_from_bulk_import,no,e-distribución — distribución eléctrica,https://www.edistribucion.com/es/conocenos/instalaciones-distribucion-red/distribucion-electrica.html,official_distributor_public,2026-05-06,"No incluir en bloque e-distribución; revisar aparte por solapes grandes con i-DE, UFD y pequeñas."
castilla_leon,Los Barrios de Luna,"e-distribución Redes Digitales, S.L.U.",regional_default_candidate,exclude_from_bulk_import,no,e-distribución — distribución eléctrica,https://www.edistribucion.com/es/conocenos/instalaciones-distribucion-red/distribucion-electrica.html,official_distributor_public,2026-05-06,"No incluir en bloque e-distribución; revisar aparte por solapes grandes con i-DE, UFD y pequeñas."
castilla_leon,Los Huertos,"e-distribución Redes Digitales, S.L.U.",regional_default_candidate,exclude_from_bulk_import,no,e-distribución — distribución eléctrica,https://www.edistribucion.com/es/conocenos/instalaciones-distribucion-red/distribucion-electrica.html,official_distributor_public,2026-05-06,"No incluir en bloque e-distribución; revisar aparte por solapes grandes con i-DE, UFD y pequeñas."
castilla_leon,Los Llanos de Tormes,"e-distribución Redes Digitales, S.L.U.",regional_default_candidate,exclude_from_bulk_import,no,e-distribución — distribución eléctrica,https://www.edistribucion.com/es/conocenos/instalaciones-distribucion-red/distribucion-electrica.html,official_distributor_public,2026-05-06,"No incluir en bloque e-distribución; revisar aparte por solapes grandes con i-DE, UFD y pequeñas."
castilla_leon,Los Rábanos,"e-distribución Redes Digitales, S.L.U.",regional_default_candidate,exclude_from_bulk_import,no,e-distribución — distribución eléctrica,https://www.edistribucion.com/es/conocenos/instalaciones-distribucion-red/distribucion-electrica.html,official_distributor_public,2026-05-06,"No incluir en bloque e-distribución; revisar aparte por solapes grandes con i-DE, UFD y pequeñas."
castilla_leon,Los Santos,"e-distribución Redes Digitales, S.L.U.",regional_default_candidate,exclude_from_bulk_import,no,e-distribución — distribución eléctrica,https://www.edistribucion.com/es/conocenos/instalaciones-distribucion-red/distribucion-electrica.html,official_distributor_public,2026-05-06,"No incluir en bloque e-distribución; revisar aparte por solapes grandes con i-DE, UFD y pequeñas."
castilla_leon,Los Villares de Soria,"e-distribución Redes Digitales, S.L.U.",regional_default_candidate,exclude_from_bulk_import,no,e-distribución — distribución eléctrica,https://www.edistribucion.com/es/conocenos/instalaciones-distribucion-red/distribucion-electrica.html,official_distributor_public,2026-05-06,"No incluir en bloque e-distribución; revisar aparte por solapes grandes con i-DE, UFD y pequeñas."
castilla_leon,Losacino,"e-distribución Redes Digitales, S.L.U.",regional_default_candidate,exclude_from_bulk_import,no,e-distribución — distribución eléctrica,https://www.edistribucion.com/es/conocenos/instalaciones-distribucion-red/distribucion-electrica.html,official_distributor_public,2026-05-06,"No incluir en bloque e-distribución; revisar aparte por solapes grandes con i-DE, UFD y pequeñas."
castilla_leon,Losacio,"e-distribución Redes Digitales, S.L.U.",regional_default_candidate,exclude_from_bulk_import,no,e-distribución — distribución eléctrica,https://www.edistribucion.com/es/conocenos/instalaciones-distribucion-red/distribucion-electrica.html,official_distributor_public,2026-05-06,"No incluir en bloque e-distribución; revisar aparte por solapes grandes con i-DE, UFD y pequeñas."
castilla_leon,Lubián,"e-distribución Redes Digitales, S.L.U.",regional_default_candidate,exclude_from_bulk_import,no,e-distribución — distribución eléctrica,https://www.edistribucion.com/es/conocenos/instalaciones-distribucion-red/distribucion-electrica.html,official_distributor_public,2026-05-06,"No incluir en bloque e-distribución; revisar aparte por solapes grandes con i-DE, UFD y pequeñas."
castilla_leon,Lucillo,"e-distribución Redes Digitales, S.L.U.",regional_default_candidate,exclude_from_bulk_import,no,e-distribución — distribución eléctrica,https://www.edistribucion.com/es/conocenos/instalaciones-distribucion-red/distribucion-electrica.html,official_distributor_public,2026-05-06,"No incluir en bloque e-distribución; revisar aparte por solapes grandes con i-DE, UFD y pequeñas."
castilla_leon,Luelmo,"e-distribución Redes Digitales, S.L.U.",regional_default_candidate,exclude_from_bulk_import,no,e-distribución — distribución eléctrica,https://www.edistribucion.com/es/conocenos/instalaciones-distribucion-red/distribucion-electrica.html,official_distributor_public,2026-05-06,"No incluir en bloque e-distribución; revisar aparte por solapes grandes con i-DE, UFD y pequeñas."
castilla_leon,Lumbrales,"e-distribución Redes Digitales, S.L.U.",regional_default_candidate,exclude_from_bulk_import,no,e-distribución — distribución eléctrica,https://www.edistribucion.com/es/conocenos/instalaciones-distribucion-red/distribucion-electrica.html,official_distributor_public,2026-05-06,"No incluir en bloque e-distribución; revisar aparte por solapes grandes con i-DE, UFD y pequeñas."
castilla_leon,Luyego,"e-distribución Redes Digitales, S.L.U.",regional_default_candidate,exclude_from_bulk_import,no,e-distribución — distribución eléctrica,https://www.edistribucion.com/es/conocenos/instalaciones-distribucion-red/distribucion-electrica.html,official_distributor_public,2026-05-06,"No incluir en bloque e-distribución; revisar aparte por solapes grandes con i-DE, UFD y pequeñas."
castilla_leon,Machacón,"e-distribución Redes Digitales, S.L.U.",regional_default_candidate,exclude_from_bulk_import,no,e-distribución — distribución eléctrica,https://www.edistribucion.com/es/conocenos/instalaciones-distribucion-red/distribucion-electrica.html,official_distributor_public,2026-05-06,"No incluir en bloque e-distribución; revisar aparte por solapes grandes con i-DE, UFD y pequeñas."
castilla_leon,Macotera,"e-distribución Redes Digitales, S.L.U.",regional_default_candidate,exclude_from_bulk_import,no,e-distribución — distribución eléctrica,https://www.edistribucion.com/es/conocenos/instalaciones-distribucion-red/distribucion-electrica.html,official_distributor_public,2026-05-06,"No incluir en bloque e-distribución; revisar aparte por solapes grandes con i-DE, UFD y pequeñas."
castilla_leon,Maderuelo,"e-distribución Redes Digitales, S.L.U.",regional_default_candidate,exclude_from_bulk_import,no,e-distribución — distribución eléctrica,https://www.edistribucion.com/es/conocenos/instalaciones-distribucion-red/distribucion-electrica.html,official_distributor_public,2026-05-06,"No incluir en bloque e-distribución; revisar aparte por solapes grandes con i-DE, UFD y pequeñas."
castilla_leon,Madridanos,"e-distribución Redes Digitales, S.L.U.",regional_default_candidate,exclude_from_bulk_import,no,e-distribución — distribución eléctrica,https://www.edistribucion.com/es/conocenos/instalaciones-distribucion-red/distribucion-electrica.html,official_distributor_public,2026-05-06,"No incluir en bloque e-distribución; revisar aparte por solapes grandes con i-DE, UFD y pequeñas."
castilla_leon,Madrigal de las Altas Torres,"e-distribución Redes Digitales, S.L.U.",regional_default_candidate,exclude_from_bulk_import,no,e-distribución — distribución eléctrica,https://www.edistribucion.com/es/conocenos/instalaciones-distribucion-red/distribucion-electrica.html,official_distributor_public,2026-05-06,"No incluir en bloque e-distribución; revisar aparte por solapes grandes con i-DE, UFD y pequeñas."
castilla_leon,Madrigal del Monte,"e-distribución Redes Digitales, S.L.U.",regional_default_candidate,exclude_from_bulk_import,no,e-distribución — distribución eléctrica,https://www.edistribucion.com/es/conocenos/instalaciones-distribucion-red/distribucion-electrica.html,official_distributor_public,2026-05-06,"No incluir en bloque e-distribución; revisar aparte por solapes grandes con i-DE, UFD y pequeñas."
castilla_leon,Madrigalejo del Monte,"e-distribución Redes Digitales, S.L.U.",regional_default_candidate,exclude_from_bulk_import,no,e-distribución — distribución eléctrica,https://www.edistribucion.com/es/conocenos/instalaciones-distribucion-red/distribucion-electrica.html,official_distributor_public,2026-05-06,"No incluir en bloque e-distribución; revisar aparte por solapes grandes con i-DE, UFD y pequeñas."
castilla_leon,Madroñal,"e-distribución Redes Digitales, S.L.U.",regional_default_candidate,exclude_from_bulk_import,no,e-distribución — distribución eléctrica,https://www.edistribucion.com/es/conocenos/instalaciones-distribucion-red/distribucion-electrica.html,official_distributor_public,2026-05-06,"No incluir en bloque e-distribución; revisar aparte por solapes grandes con i-DE, UFD y pequeñas."
castilla_leon,Maello,"e-distribución Redes Digitales, S.L.U.",regional_default_candidate,exclude_from_bulk_import,no,e-distribución — distribución eléctrica,https://www.edistribucion.com/es/conocenos/instalaciones-distribucion-red/distribucion-electrica.html,official_distributor_public,2026-05-06,"No incluir en bloque e-distribución; revisar aparte por solapes grandes con i-DE, UFD y pequeñas."
castilla_leon,Magaña,"e-distribución Redes Digitales, S.L.U.",regional_default_candidate,exclude_from_bulk_import,no,e-distribución — distribución eléctrica,https://www.edistribucion.com/es/conocenos/instalaciones-distribucion-red/distribucion-electrica.html,official_distributor_public,2026-05-06,"No incluir en bloque e-distribución; revisar aparte por solapes grandes con i-DE, UFD y pequeñas."
castilla_leon,Magaz de Cepeda,"e-distribución Redes Digitales, S.L.U.",regional_default_candidate,exclude_from_bulk_import,no,e-distribución — distribución eléctrica,https://www.edistribucion.com/es/conocenos/instalaciones-distribucion-red/distribucion-electrica.html,official_distributor_public,2026-05-06,"No incluir en bloque e-distribución; revisar aparte por solapes grandes con i-DE, UFD y pequeñas."
castilla_leon,Magaz de Pisuerga,"e-distribución Redes Digitales, S.L.U.",regional_default_candidate,exclude_from_bulk_import,no,e-distribución — distribución eléctrica,https://www.edistribucion.com/es/conocenos/instalaciones-distribucion-red/distribucion-electrica.html,official_distributor_public,2026-05-06,"No incluir en bloque e-distribución; revisar aparte por solapes grandes con i-DE, UFD y pequeñas."
castilla_leon,Mahamud,"e-distribución Redes Digitales, S.L.U.",regional_default_candidate,exclude_from_bulk_import,no,e-distribución — distribución eléctrica,https://www.edistribucion.com/es/conocenos/instalaciones-distribucion-red/distribucion-electrica.html,official_distributor_public,2026-05-06,"No incluir en bloque e-distribución; revisar aparte por solapes grandes con i-DE, UFD y pequeñas."
castilla_leon,Mahide,"e-distribución Redes Digitales, S.L.U.",regional_default_candidate,exclude_from_bulk_import,no,e-distribución — distribución eléctrica,https://www.edistribucion.com/es/conocenos/instalaciones-distribucion-red/distribucion-electrica.html,official_distributor_public,2026-05-06,"No incluir en bloque e-distribución; revisar aparte por solapes grandes con i-DE, UFD y pequeñas."
castilla_leon,Maire de Castroponce,"e-distribución Redes Digitales, S.L.U.",regional_default_candidate,exclude_from_bulk_import,no,e-distribución — distribución eléctrica,https://www.edistribucion.com/es/conocenos/instalaciones-distribucion-red/distribucion-electrica.html,official_distributor_public,2026-05-06,"No incluir en bloque e-distribución; revisar aparte por solapes grandes con i-DE, UFD y pequeñas."
castilla_leon,Maján,"e-distribución Redes Digitales, S.L.U.",regional_default_candidate,exclude_from_bulk_import,no,e-distribución — distribución eléctrica,https://www.edistribucion.com/es/conocenos/instalaciones-distribucion-red/distribucion-electrica.html,official_distributor_public,2026-05-06,"No incluir en bloque e-distribución; revisar aparte por solapes grandes con i-DE, UFD y pequeñas."
castilla_leon,Malpartida,"e-distribución Redes Digitales, S.L.U.",regional_default_candidate,exclude_from_bulk_import,no,e-distribución — distribución eléctrica,https://www.edistribucion.com/es/conocenos/instalaciones-distribucion-red/distribucion-electrica.html,official_distributor_public,2026-05-06,"No incluir en bloque e-distribución; revisar aparte por solapes grandes con i-DE, UFD y pequeñas."
castilla_leon,Malpartida de Corneja,"e-distribución Redes Digitales, S.L.U.",regional_default_candidate,exclude_from_bulk_import,no,e-distribución — distribución eléctrica,https://www.edistribucion.com/es/conocenos/instalaciones-distribucion-red/distribucion-electrica.html,official_distributor_public,2026-05-06,"No incluir en bloque e-distribución; revisar aparte por solapes grandes con i-DE, UFD y pequeñas."
castilla_leon,Malva,"e-distribución Redes Digitales, S.L.U.",regional_default_candidate,exclude_from_bulk_import,no,e-distribución — distribución eléctrica,https://www.edistribucion.com/es/conocenos/instalaciones-distribucion-red/distribucion-electrica.html,official_distributor_public,2026-05-06,"No incluir en bloque e-distribución; revisar aparte por solapes grandes con i-DE, UFD y pequeñas."
castilla_leon,Mamblas,"e-distribución Redes Digitales, S.L.U.",regional_default_candidate,exclude_from_bulk_import,no,e-distribución — distribución eléctrica,https://www.edistribucion.com/es/conocenos/instalaciones-distribucion-red/distribucion-electrica.html,official_distributor_public,2026-05-06,"No incluir en bloque e-distribución; revisar aparte por solapes grandes con i-DE, UFD y pequeñas."
castilla_leon,Mambrilla de Castrejón,"e-distribución Redes Digitales, S.L.U.",regional_default_candidate,exclude_from_bulk_import,no,e-distribución — distribución eléctrica,https://www.edistribucion.com/es/conocenos/instalaciones-distribucion-red/distribucion-electrica.html,official_distributor_public,2026-05-06,"No incluir en bloque e-distribución; revisar aparte por solapes grandes con i-DE, UFD y pequeñas."
castilla_leon,Mambrillas de Lara,"e-distribución Redes Digitales, S.L.U.",regional_default_candidate,exclude_from_bulk_import,no,e-distribución — distribución eléctrica,https://www.edistribucion.com/es/conocenos/instalaciones-distribucion-red/distribucion-electrica.html,official_distributor_public,2026-05-06,"No incluir en bloque e-distribución; revisar aparte por solapes grandes con i-DE, UFD y pequeñas."
castilla_leon,Mamolar,"e-distribución Redes Digitales, S.L.U.",regional_default_candidate,exclude_from_bulk_import,no,e-distribución — distribución eléctrica,https://www.edistribucion.com/es/conocenos/instalaciones-distribucion-red/distribucion-electrica.html,official_distributor_public,2026-05-06,"No incluir en bloque e-distribución; revisar aparte por solapes grandes con i-DE, UFD y pequeñas."
castilla_leon,Mancera de Abajo,"e-distribución Redes Digitales, S.L.U.",regional_default_candidate,exclude_from_bulk_import,no,e-distribución — distribución eléctrica,https://www.edistribucion.com/es/conocenos/instalaciones-distribucion-red/distribucion-electrica.html,official_distributor_public,2026-05-06,"No incluir en bloque e-distribución; revisar aparte por solapes grandes con i-DE, UFD y pequeñas."
castilla_leon,Mancera de Arriba,"e-distribución Redes Digitales, S.L.U.",regional_default_candidate,exclude_from_bulk_import,no,e-distribución — distribución eléctrica,https://www.edistribucion.com/es/conocenos/instalaciones-distribucion-red/distribucion-electrica.html,official_distributor_public,2026-05-06,"No incluir en bloque e-distribución; revisar aparte por solapes grandes con i-DE, UFD y pequeñas."
castilla_leon,Manciles,"e-distribución Redes Digitales, S.L.U.",regional_default_candidate,exclude_from_bulk_import,no,e-distribución — distribución eléctrica,https://www.edistribucion.com/es/conocenos/instalaciones-distribucion-red/distribucion-electrica.html,official_distributor_public,2026-05-06,"No incluir en bloque e-distribución; revisar aparte por solapes grandes con i-DE, UFD y pequeñas."
castilla_leon,Mancomunidad de Villagatón y Quintana del Castillo,"e-distribución Redes Digitales, S.L.U.",regional_default_candidate,exclude_from_bulk_import,no,e-distribución — distribución eléctrica,https://www.edistribucion.com/es/conocenos/instalaciones-distribucion-red/distribucion-electrica.html,official_distributor_public,2026-05-06,"No incluir en bloque e-distribución; revisar aparte por solapes grandes con i-DE, UFD y pequeñas."
castilla_leon,Manganeses de la Lampreana,"e-distribución Redes Digitales, S.L.U.",regional_default_candidate,exclude_from_bulk_import,no,e-distribución — distribución eléctrica,https://www.edistribucion.com/es/conocenos/instalaciones-distribucion-red/distribucion-electrica.html,official_distributor_public,2026-05-06,"No incluir en bloque e-distribución; revisar aparte por solapes grandes con i-DE, UFD y pequeñas."
castilla_leon,Manganeses de la Polvorosa,"e-distribución Redes Digitales, S.L.U.",regional_default_candidate,exclude_from_bulk_import,no,e-distribución — distribución eléctrica,https://www.edistribucion.com/es/conocenos/instalaciones-distribucion-red/distribucion-electrica.html,official_distributor_public,2026-05-06,"No incluir en bloque e-distribución; revisar aparte por solapes grandes con i-DE, UFD y pequeñas."
castilla_leon,Manjabálago y Ortigosa de Rioalmar,"e-distribución Redes Digitales, S.L.U.",regional_default_candidate,exclude_from_bulk_import,no,e-distribución — distribución eléctrica,https://www.edistribucion.com/es/conocenos/instalaciones-distribucion-red/distribucion-electrica.html,official_distributor_public,2026-05-06,"No incluir en bloque e-distribución; revisar aparte por solapes grandes con i-DE, UFD y pequeñas."
castilla_leon,Manquillos,"e-distribución Redes Digitales, S.L.U.",regional_default_candidate,exclude_from_bulk_import,no,e-distribución — distribución eléctrica,https://www.edistribucion.com/es/conocenos/instalaciones-distribucion-red/distribucion-electrica.html,official_distributor_public,2026-05-06,"No incluir en bloque e-distribución; revisar aparte por solapes grandes con i-DE, UFD y pequeñas."
castilla_leon,Mansilla de las Mulas,"e-distribución Redes Digitales, S.L.U.",regional_default_candidate,exclude_from_bulk_import,no,e-distribución — distribución eléctrica,https://www.edistribucion.com/es/conocenos/instalaciones-distribucion-red/distribucion-electrica.html,official_distributor_public,2026-05-06,"No incluir en bloque e-distribución; revisar aparte por solapes grandes con i-DE, UFD y pequeñas."
castilla_leon,Mansilla Mayor,"e-distribución Redes Digitales, S.L.U.",regional_default_candidate,exclude_from_bulk_import,no,e-distribución — distribución eléctrica,https://www.edistribucion.com/es/conocenos/instalaciones-distribucion-red/distribucion-electrica.html,official_distributor_public,2026-05-06,"No incluir en bloque e-distribución; revisar aparte por solapes grandes con i-DE, UFD y pequeñas."
castilla_leon,Mantinos,"e-distribución Redes Digitales, S.L.U.",regional_default_candidate,exclude_from_bulk_import,no,e-distribución — distribución eléctrica,https://www.edistribucion.com/es/conocenos/instalaciones-distribucion-red/distribucion-electrica.html,official_distributor_public,2026-05-06,"No incluir en bloque e-distribución; revisar aparte por solapes grandes con i-DE, UFD y pequeñas."
castilla_leon,Manzanal de Arriba,"e-distribución Redes Digitales, S.L.U.",regional_default_candidate,exclude_from_bulk_import,no,e-distribución — distribución eléctrica,https://www.edistribucion.com/es/conocenos/instalaciones-distribucion-red/distribucion-electrica.html,official_distributor_public,2026-05-06,"No incluir en bloque e-distribución; revisar aparte por solapes grandes con i-DE, UFD y pequeñas."
castilla_leon,Manzanal de los Infantes,"e-distribución Redes Digitales, S.L.U.",regional_default_candidate,exclude_from_bulk_import,no,e-distribución — distribución eléctrica,https://www.edistribucion.com/es/conocenos/instalaciones-distribucion-red/distribucion-electrica.html,official_distributor_public,2026-05-06,"No incluir en bloque e-distribución; revisar aparte por solapes grandes con i-DE, UFD y pequeñas."
castilla_leon,Manzanal del Barco,"e-distribución Redes Digitales, S.L.U.",regional_default_candidate,exclude_from_bulk_import,no,e-distribución — distribución eléctrica,https://www.edistribucion.com/es/conocenos/instalaciones-distribucion-red/distribucion-electrica.html,official_distributor_public,2026-05-06,"No incluir en bloque e-distribución; revisar aparte por solapes grandes con i-DE, UFD y pequeñas."
castilla_leon,Manzanillo,"e-distribución Redes Digitales, S.L.U.",regional_default_candidate,exclude_from_bulk_import,no,e-distribución — distribución eléctrica,https://www.edistribucion.com/es/conocenos/instalaciones-distribucion-red/distribucion-electrica.html,official_distributor_public,2026-05-06,"No incluir en bloque e-distribución; revisar aparte por solapes grandes con i-DE, UFD y pequeñas."
castilla_leon,Maraña,"e-distribución Redes Digitales, S.L.U.",regional_default_candidate,exclude_from_bulk_import,no,e-distribución — distribución eléctrica,https://www.edistribucion.com/es/conocenos/instalaciones-distribucion-red/distribucion-electrica.html,official_distributor_public,2026-05-06,"No incluir en bloque e-distribución; revisar aparte por solapes grandes con i-DE, UFD y pequeñas."
castilla_leon,Marazoleja,"e-distribución Redes Digitales, S.L.U.",regional_default_candidate,exclude_from_bulk_import,no,e-distribución — distribución eléctrica,https://www.edistribucion.com/es/conocenos/instalaciones-distribucion-red/distribucion-electrica.html,official_distributor_public,2026-05-06,"No incluir en bloque e-distribución; revisar aparte por solapes grandes con i-DE, UFD y pequeñas."
castilla_leon,Marazuela,"e-distribución Redes Digitales, S.L.U.",regional_default_candidate,exclude_from_bulk_import,no,e-distribución — distribución eléctrica,https://www.edistribucion.com/es/conocenos/instalaciones-distribucion-red/distribucion-electrica.html,official_distributor_public,2026-05-06,"No incluir en bloque e-distribución; revisar aparte por solapes grandes con i-DE, UFD y pequeñas."
castilla_leon,Marcilla de Campos,"e-distribución Redes Digitales, S.L.U.",regional_default_candidate,exclude_from_bulk_import,no,e-distribución — distribución eléctrica,https://www.edistribucion.com/es/conocenos/instalaciones-distribucion-red/distribucion-electrica.html,official_distributor_public,2026-05-06,"No incluir en bloque e-distribución; revisar aparte por solapes grandes con i-DE, UFD y pequeñas."
castilla_leon,Marlín,"e-distribución Redes Digitales, S.L.U.",regional_default_candidate,exclude_from_bulk_import,no,e-distribución — distribución eléctrica,https://www.edistribucion.com/es/conocenos/instalaciones-distribucion-red/distribucion-electrica.html,official_distributor_public,2026-05-06,"No incluir en bloque e-distribución; revisar aparte por solapes grandes con i-DE, UFD y pequeñas."
castilla_leon,Martiago,"e-distribución Redes Digitales, S.L.U.",regional_default_candidate,exclude_from_bulk_import,no,e-distribución — distribución eléctrica,https://www.edistribucion.com/es/conocenos/instalaciones-distribucion-red/distribucion-electrica.html,official_distributor_public,2026-05-06,"No incluir en bloque e-distribución; revisar aparte por solapes grandes con i-DE, UFD y pequeñas."
castilla_leon,Martiherrero,"e-distribución Redes Digitales, S.L.U.",regional_default_candidate,exclude_from_bulk_import,no,e-distribución — distribución eléctrica,https://www.edistribucion.com/es/conocenos/instalaciones-distribucion-red/distribucion-electrica.html,official_distributor_public,2026-05-06,"No incluir en bloque e-distribución; revisar aparte por solapes grandes con i-DE, UFD y pequeñas."
castilla_leon,Martín de Yeltes,"e-distribución Redes Digitales, S.L.U.",regional_default_candidate,exclude_from_bulk_import,no,e-distribución — distribución eléctrica,https://www.edistribucion.com/es/conocenos/instalaciones-distribucion-red/distribucion-electrica.html,official_distributor_public,2026-05-06,"No incluir en bloque e-distribución; revisar aparte por solapes grandes con i-DE, UFD y pequeñas."
castilla_leon,Martín Miguel,"e-distribución Redes Digitales, S.L.U.",regional_default_candidate,exclude_from_bulk_import,no,e-distribución — distribución eléctrica,https://www.edistribucion.com/es/conocenos/instalaciones-distribucion-red/distribucion-electrica.html,official_distributor_public,2026-05-06,"No incluir en bloque e-distribución; revisar aparte por solapes grandes con i-DE, UFD y pequeñas."
castilla_leon,Martín Muñoz de la Dehesa,"e-distribución Redes Digitales, S.L.U.",regional_default_candidate,exclude_from_bulk_import,no,e-distribución — distribución eléctrica,https://www.edistribucion.com/es/conocenos/instalaciones-distribucion-red/distribucion-electrica.html,official_distributor_public,2026-05-06,"No incluir en bloque e-distribución; revisar aparte por solapes grandes con i-DE, UFD y pequeñas."
castilla_leon,Martín Muñoz de las Posadas,"e-distribución Redes Digitales, S.L.U.",regional_default_candidate,exclude_from_bulk_import,no,e-distribución — distribución eléctrica,https://www.edistribucion.com/es/conocenos/instalaciones-distribucion-red/distribucion-electrica.html,official_distributor_public,2026-05-06,"No incluir en bloque e-distribución; revisar aparte por solapes grandes con i-DE, UFD y pequeñas."
castilla_leon,Martinamor,"e-distribución Redes Digitales, S.L.U.",regional_default_candidate,exclude_from_bulk_import,no,e-distribución — distribución eléctrica,https://www.edistribucion.com/es/conocenos/instalaciones-distribucion-red/distribucion-electrica.html,official_distributor_public,2026-05-06,"No incluir en bloque e-distribución; revisar aparte por solapes grandes con i-DE, UFD y pequeñas."
castilla_leon,Martínez,"e-distribución Redes Digitales, S.L.U.",regional_default_candidate,exclude_from_bulk_import,no,e-distribución — distribución eléctrica,https://www.edistribucion.com/es/conocenos/instalaciones-distribucion-red/distribucion-electrica.html,official_distributor_public,2026-05-06,"No incluir en bloque e-distribución; revisar aparte por solapes grandes con i-DE, UFD y pequeñas."
castilla_leon,Marugán,"e-distribución Redes Digitales, S.L.U.",regional_default_candidate,exclude_from_bulk_import,no,e-distribución — distribución eléctrica,https://www.edistribucion.com/es/conocenos/instalaciones-distribucion-red/distribucion-electrica.html,official_distributor_public,2026-05-06,"No incluir en bloque e-distribución; revisar aparte por solapes grandes con i-DE, UFD y pequeñas."
castilla_leon,Marzales,"e-distribución Redes Digitales, S.L.U.",regional_default_candidate,exclude_from_bulk_import,no,e-distribución — distribución eléctrica,https://www.edistribucion.com/es/conocenos/instalaciones-distribucion-red/distribucion-electrica.html,official_distributor_public,2026-05-06,"No incluir en bloque e-distribución; revisar aparte por solapes grandes con i-DE, UFD y pequeñas."
castilla_leon,Masueco,"e-distribución Redes Digitales, S.L.U.",regional_default_candidate,exclude_from_bulk_import,no,e-distribución — distribución eléctrica,https://www.edistribucion.com/es/conocenos/instalaciones-distribucion-red/distribucion-electrica.html,official_distributor_public,2026-05-06,"No incluir en bloque e-distribución; revisar aparte por solapes grandes con i-DE, UFD y pequeñas."
castilla_leon,Mata de Cuéllar,"e-distribución Redes Digitales, S.L.U.",regional_default_candidate,exclude_from_bulk_import,no,e-distribución — distribución eléctrica,https://www.edistribucion.com/es/conocenos/instalaciones-distribucion-red/distribucion-electrica.html,official_distributor_public,2026-05-06,"No incluir en bloque e-distribución; revisar aparte por solapes grandes con i-DE, UFD y pequeñas."
castilla_leon,Matabuena,"e-distribución Redes Digitales, S.L.U.",regional_default_candidate,exclude_from_bulk_import,no,e-distribución — distribución eléctrica,https://www.edistribucion.com/es/conocenos/instalaciones-distribucion-red/distribucion-electrica.html,official_distributor_public,2026-05-06,"No incluir en bloque e-distribución; revisar aparte por solapes grandes con i-DE, UFD y pequeñas."
castilla_leon,Matadeón de los Oteros,"e-distribución Redes Digitales, S.L.U.",regional_default_candidate,exclude_from_bulk_import,no,e-distribución — distribución eléctrica,https://www.edistribucion.com/es/conocenos/instalaciones-distribucion-red/distribucion-electrica.html,official_distributor_public,2026-05-06,"No incluir en bloque e-distribución; revisar aparte por solapes grandes con i-DE, UFD y pequeñas."
castilla_leon,Matalebreras,"e-distribución Redes Digitales, S.L.U.",regional_default_candidate,exclude_from_bulk_import,no,e-distribución — distribución eléctrica,https://www.edistribucion.com/es/conocenos/instalaciones-distribucion-red/distribucion-electrica.html,official_distributor_public,2026-05-06,"No incluir en bloque e-distribución; revisar aparte por solapes grandes con i-DE, UFD y pequeñas."
castilla_leon,Matallana de Torío,"e-distribución Redes Digitales, S.L.U.",regional_default_candidate,exclude_from_bulk_import,no,e-distribución — distribución eléctrica,https://www.edistribucion.com/es/conocenos/instalaciones-distribucion-red/distribucion-electrica.html,official_distributor_public,2026-05-06,"No incluir en bloque e-distribución; revisar aparte por solapes grandes con i-DE, UFD y pequeñas."
castilla_leon,Matamala de Almazán,"e-distribución Redes Digitales, S.L.U.",regional_default_candidate,exclude_from_bulk_import,no,e-distribución — distribución eléctrica,https://www.edistribucion.com/es/conocenos/instalaciones-distribucion-red/distribucion-electrica.html,official_distributor_public,2026-05-06,"No incluir en bloque e-distribución; revisar aparte por solapes grandes con i-DE, UFD y pequeñas."
castilla_leon,Matanza,"e-distribución Redes Digitales, S.L.U.",regional_default_candidate,exclude_from_bulk_import,no,e-distribución — distribución eléctrica,https://www.edistribucion.com/es/conocenos/instalaciones-distribucion-red/distribucion-electrica.html,official_distributor_public,2026-05-06,"No incluir en bloque e-distribución; revisar aparte por solapes grandes con i-DE, UFD y pequeñas."
castilla_leon,Matapozuelos,"e-distribución Redes Digitales, S.L.U.",regional_default_candidate,exclude_from_bulk_import,no,e-distribución — distribución eléctrica,https://www.edistribucion.com/es/conocenos/instalaciones-distribucion-red/distribucion-electrica.html,official_distributor_public,2026-05-06,"No incluir en bloque e-distribución; revisar aparte por solapes grandes con i-DE, UFD y pequeñas."
castilla_leon,Matilla de Arzón,"e-distribución Redes Digitales, S.L.U.",regional_default_candidate,exclude_from_bulk_import,no,e-distribución — distribución eléctrica,https://www.edistribucion.com/es/conocenos/instalaciones-distribucion-red/distribucion-electrica.html,official_distributor_public,2026-05-06,"No incluir en bloque e-distribución; revisar aparte por solapes grandes con i-DE, UFD y pequeñas."
castilla_leon,Matilla de los Caños,"e-distribución Redes Digitales, S.L.U.",regional_default_candidate,exclude_from_bulk_import,no,e-distribución — distribución eléctrica,https://www.edistribucion.com/es/conocenos/instalaciones-distribucion-red/distribucion-electrica.html,official_distributor_public,2026-05-06,"No incluir en bloque e-distribución; revisar aparte por solapes grandes con i-DE, UFD y pequeñas."
castilla_leon,Matilla de los Caños del Río,"e-distribución Redes Digitales, S.L.U.",regional_default_candidate,exclude_from_bulk_import,no,e-distribución — distribución eléctrica,https://www.edistribucion.com/es/conocenos/instalaciones-distribucion-red/distribucion-electrica.html,official_distributor_public,2026-05-06,"No incluir en bloque e-distribución; revisar aparte por solapes grandes con i-DE, UFD y pequeñas."
castilla_leon,Matilla la Seca,"e-distribución Redes Digitales, S.L.U.",regional_default_candidate,exclude_from_bulk_import,no,e-distribución — distribución eléctrica,https://www.edistribucion.com/es/conocenos/instalaciones-distribucion-red/distribucion-electrica.html,official_distributor_public,2026-05-06,"No incluir en bloque e-distribución; revisar aparte por solapes grandes con i-DE, UFD y pequeñas."
castilla_leon,Mayalde,"e-distribución Redes Digitales, S.L.U.",regional_default_candidate,exclude_from_bulk_import,no,e-distribución — distribución eléctrica,https://www.edistribucion.com/es/conocenos/instalaciones-distribucion-red/distribucion-electrica.html,official_distributor_public,2026-05-06,"No incluir en bloque e-distribución; revisar aparte por solapes grandes con i-DE, UFD y pequeñas."
castilla_leon,Mayorga,"e-distribución Redes Digitales, S.L.U.",regional_default_candidate,exclude_from_bulk_import,no,e-distribución — distribución eléctrica,https://www.edistribucion.com/es/conocenos/instalaciones-distribucion-red/distribucion-electrica.html,official_distributor_public,2026-05-06,"No incluir en bloque e-distribución; revisar aparte por solapes grandes con i-DE, UFD y pequeñas."
castilla_leon,Mazariegos,"e-distribución Redes Digitales, S.L.U.",regional_default_candidate,exclude_from_bulk_import,no,e-distribución — distribución eléctrica,https://www.edistribucion.com/es/conocenos/instalaciones-distribucion-red/distribucion-electrica.html,official_distributor_public,2026-05-06,"No incluir en bloque e-distribución; revisar aparte por solapes grandes con i-DE, UFD y pequeñas."
castilla_leon,Mazuecos de Valdeginate,"e-distribución Redes Digitales, S.L.U.",regional_default_candidate,exclude_from_bulk_import,no,e-distribución — distribución eléctrica,https://www.edistribucion.com/es/conocenos/instalaciones-distribucion-red/distribucion-electrica.html,official_distributor_public,2026-05-06,"No incluir en bloque e-distribución; revisar aparte por solapes grandes con i-DE, UFD y pequeñas."
castilla_leon,Mazuela,"e-distribución Redes Digitales, S.L.U.",regional_default_candidate,exclude_from_bulk_import,no,e-distribución — distribución eléctrica,https://www.edistribucion.com/es/conocenos/instalaciones-distribucion-red/distribucion-electrica.html,official_distributor_public,2026-05-06,"No incluir en bloque e-distribución; revisar aparte por solapes grandes con i-DE, UFD y pequeñas."
castilla_leon,Mecerreyes,"e-distribución Redes Digitales, S.L.U.",regional_default_candidate,exclude_from_bulk_import,no,e-distribución — distribución eléctrica,https://www.edistribucion.com/es/conocenos/instalaciones-distribucion-red/distribucion-electrica.html,official_distributor_public,2026-05-06,"No incluir en bloque e-distribución; revisar aparte por solapes grandes con i-DE, UFD y pequeñas."
castilla_leon,Mediana de Voltoya,"e-distribución Redes Digitales, S.L.U.",regional_default_candidate,exclude_from_bulk_import,no,e-distribución — distribución eléctrica,https://www.edistribucion.com/es/conocenos/instalaciones-distribucion-red/distribucion-electrica.html,official_distributor_public,2026-05-06,"No incluir en bloque e-distribución; revisar aparte por solapes grandes con i-DE, UFD y pequeñas."
castilla_leon,Medina de Pomar,"e-distribución Redes Digitales, S.L.U.",regional_default_candidate,exclude_from_bulk_import,no,e-distribución — distribución eléctrica,https://www.edistribucion.com/es/conocenos/instalaciones-distribucion-red/distribucion-electrica.html,official_distributor_public,2026-05-06,"No incluir en bloque e-distribución; revisar aparte por solapes grandes con i-DE, UFD y pequeñas."
castilla_leon,Medina de Rioseco,"e-distribución Redes Digitales, S.L.U.",regional_default_candidate,exclude_from_bulk_import,no,e-distribución — distribución eléctrica,https://www.edistribucion.com/es/conocenos/instalaciones-distribucion-red/distribucion-electrica.html,official_distributor_public,2026-05-06,"No incluir en bloque e-distribución; revisar aparte por solapes grandes con i-DE, UFD y pequeñas."
castilla_leon,Medina del Campo,"e-distribución Redes Digitales, S.L.U.",regional_default_candidate,exclude_from_bulk_import,no,e-distribución — distribución eléctrica,https://www.edistribucion.com/es/conocenos/instalaciones-distribucion-red/distribucion-electrica.html,official_distributor_public,2026-05-06,"No incluir en bloque e-distribución; revisar aparte por solapes grandes con i-DE, UFD y pequeñas."
castilla_leon,Medinaceli,"e-distribución Redes Digitales, S.L.U.",regional_default_candidate,exclude_from_bulk_import,no,e-distribución — distribución eléctrica,https://www.edistribucion.com/es/conocenos/instalaciones-distribucion-red/distribucion-electrica.html,official_distributor_public,2026-05-06,"No incluir en bloque e-distribución; revisar aparte por solapes grandes con i-DE, UFD y pequeñas."
castilla_leon,Medinilla,"e-distribución Redes Digitales, S.L.U.",regional_default_candidate,exclude_from_bulk_import,no,e-distribución — distribución eléctrica,https://www.edistribucion.com/es/conocenos/instalaciones-distribucion-red/distribucion-electrica.html,official_distributor_public,2026-05-06,"No incluir en bloque e-distribución; revisar aparte por solapes grandes con i-DE, UFD y pequeñas."
castilla_leon,Megeces,"e-distribución Redes Digitales, S.L.U.",regional_default_candidate,exclude_from_bulk_import,no,e-distribución — distribución eléctrica,https://www.edistribucion.com/es/conocenos/instalaciones-distribucion-red/distribucion-electrica.html,official_distributor_public,2026-05-06,"No incluir en bloque e-distribución; revisar aparte por solapes grandes con i-DE, UFD y pequeñas."
castilla_leon,Melgar de Abajo,"e-distribución Redes Digitales, S.L.U.",regional_default_candidate,exclude_from_bulk_import,no,e-distribución — distribución eléctrica,https://www.edistribucion.com/es/conocenos/instalaciones-distribucion-red/distribucion-electrica.html,official_distributor_public,2026-05-06,"No incluir en bloque e-distribución; revisar aparte por solapes grandes con i-DE, UFD y pequeñas."
castilla_leon,Melgar de Arriba,"e-distribución Redes Digitales, S.L.U.",regional_default_candidate,exclude_from_bulk_import,no,e-distribución — distribución eléctrica,https://www.edistribucion.com/es/conocenos/instalaciones-distribucion-red/distribucion-electrica.html,official_distributor_public,2026-05-06,"No incluir en bloque e-distribución; revisar aparte por solapes grandes con i-DE, UFD y pequeñas."
castilla_leon,Melgar de Fernamental,"e-distribución Redes Digitales, S.L.U.",regional_default_candidate,exclude_from_bulk_import,no,e-distribución — distribución eléctrica,https://www.edistribucion.com/es/conocenos/instalaciones-distribucion-red/distribucion-electrica.html,official_distributor_public,2026-05-06,"No incluir en bloque e-distribución; revisar aparte por solapes grandes con i-DE, UFD y pequeñas."
castilla_leon,Melgar de Tera,"e-distribución Redes Digitales, S.L.U.",regional_default_candidate,exclude_from_bulk_import,no,e-distribución — distribución eléctrica,https://www.edistribucion.com/es/conocenos/instalaciones-distribucion-red/distribucion-electrica.html,official_distributor_public,2026-05-06,"No incluir en bloque e-distribución; revisar aparte por solapes grandes con i-DE, UFD y pequeñas."
castilla_leon,Melgar de Yuso,"e-distribución Redes Digitales, S.L.U.",regional_default_candidate,exclude_from_bulk_import,no,e-distribución — distribución eléctrica,https://www.edistribucion.com/es/conocenos/instalaciones-distribucion-red/distribucion-electrica.html,official_distributor_public,2026-05-06,"No incluir en bloque e-distribución; revisar aparte por solapes grandes con i-DE, UFD y pequeñas."
castilla_leon,Melque de Cercos,"e-distribución Redes Digitales, S.L.U.",regional_default_candidate,exclude_from_bulk_import,no,e-distribución — distribución eléctrica,https://www.edistribucion.com/es/conocenos/instalaciones-distribucion-red/distribucion-electrica.html,official_distributor_public,2026-05-06,"No incluir en bloque e-distribución; revisar aparte por solapes grandes con i-DE, UFD y pequeñas."
castilla_leon,Membibre de la Hoz,"e-distribución Redes Digitales, S.L.U.",regional_default_candidate,exclude_from_bulk_import,no,e-distribución — distribución eléctrica,https://www.edistribucion.com/es/conocenos/instalaciones-distribucion-red/distribucion-electrica.html,official_distributor_public,2026-05-06,"No incluir en bloque e-distribución; revisar aparte por solapes grandes con i-DE, UFD y pequeñas."
castilla_leon,Membribe de la Sierra,"e-distribución Redes Digitales, S.L.U.",regional_default_candidate,exclude_from_bulk_import,no,e-distribución — distribución eléctrica,https://www.edistribucion.com/es/conocenos/instalaciones-distribucion-red/distribucion-electrica.html,official_distributor_public,2026-05-06,"No incluir en bloque e-distribución; revisar aparte por solapes grandes con i-DE, UFD y pequeñas."
castilla_leon,Meneses de Campos,"e-distribución Redes Digitales, S.L.U.",regional_default_candidate,exclude_from_bulk_import,no,e-distribución — distribución eléctrica,https://www.edistribucion.com/es/conocenos/instalaciones-distribucion-red/distribucion-electrica.html,official_distributor_public,2026-05-06,"No incluir en bloque e-distribución; revisar aparte por solapes grandes con i-DE, UFD y pequeñas."
castilla_leon,Mengamuñoz,"e-distribución Redes Digitales, S.L.U.",regional_default_candidate,exclude_from_bulk_import,no,e-distribución — distribución eléctrica,https://www.edistribucion.com/es/conocenos/instalaciones-distribucion-red/distribucion-electrica.html,official_distributor_public,2026-05-06,"No incluir en bloque e-distribución; revisar aparte por solapes grandes con i-DE, UFD y pequeñas."
castilla_leon,Merindad de Cuesta-Urria,"e-distribución Redes Digitales, S.L.U.",regional_default_candidate,exclude_from_bulk_import,no,e-distribución — distribución eléctrica,https://www.edistribucion.com/es/conocenos/instalaciones-distribucion-red/distribucion-electrica.html,official_distributor_public,2026-05-06,"No incluir en bloque e-distribución; revisar aparte por solapes grandes con i-DE, UFD y pequeñas."
castilla_leon,Merindad de Montija,"e-distribución Redes Digitales, S.L.U.",regional_default_candidate,exclude_from_bulk_import,no,e-distribución — distribución eléctrica,https://www.edistribucion.com/es/conocenos/instalaciones-distribucion-red/distribucion-electrica.html,official_distributor_public,2026-05-06,"No incluir en bloque e-distribución; revisar aparte por solapes grandes con i-DE, UFD y pequeñas."
castilla_leon,Merindad de Río Ubierna,"e-distribución Redes Digitales, S.L.U.",regional_default_candidate,exclude_from_bulk_import,no,e-distribución — distribución eléctrica,https://www.edistribucion.com/es/conocenos/instalaciones-distribucion-red/distribucion-electrica.html,official_distributor_public,2026-05-06,"No incluir en bloque e-distribución; revisar aparte por solapes grandes con i-DE, UFD y pequeñas."
castilla_leon,Merindad de Sotoscueva,"e-distribución Redes Digitales, S.L.U.",regional_default_candidate,exclude_from_bulk_import,no,e-distribución — distribución eléctrica,https://www.edistribucion.com/es/conocenos/instalaciones-distribucion-red/distribucion-electrica.html,official_distributor_public,2026-05-06,"No incluir en bloque e-distribución; revisar aparte por solapes grandes con i-DE, UFD y pequeñas."
castilla_leon,Merindad de Valdeporres,"e-distribución Redes Digitales, S.L.U.",regional_default_candidate,exclude_from_bulk_import,no,e-distribución — distribución eléctrica,https://www.edistribucion.com/es/conocenos/instalaciones-distribucion-red/distribucion-electrica.html,official_distributor_public,2026-05-06,"No incluir en bloque e-distribución; revisar aparte por solapes grandes con i-DE, UFD y pequeñas."
castilla_leon,Merindad de Valdivielso,"e-distribución Redes Digitales, S.L.U.",regional_default_candidate,exclude_from_bulk_import,no,e-distribución — distribución eléctrica,https://www.edistribucion.com/es/conocenos/instalaciones-distribucion-red/distribucion-electrica.html,official_distributor_public,2026-05-06,"No incluir en bloque e-distribución; revisar aparte por solapes grandes con i-DE, UFD y pequeñas."
castilla_leon,Mesegar de Corneja,"e-distribución Redes Digitales, S.L.U.",regional_default_candidate,exclude_from_bulk_import,no,e-distribución — distribución eléctrica,https://www.edistribucion.com/es/conocenos/instalaciones-distribucion-red/distribucion-electrica.html,official_distributor_public,2026-05-06,"No incluir en bloque e-distribución; revisar aparte por solapes grandes con i-DE, UFD y pequeñas."
castilla_leon,Micereces de Tera,"e-distribución Redes Digitales, S.L.U.",regional_default_candidate,exclude_from_bulk_import,no,e-distribución — distribución eléctrica,https://www.edistribucion.com/es/conocenos/instalaciones-distribucion-red/distribucion-electrica.html,official_distributor_public,2026-05-06,"No incluir en bloque e-distribución; revisar aparte por solapes grandes con i-DE, UFD y pequeñas."
castilla_leon,Micieces de Ojeda,"e-distribución Redes Digitales, S.L.U.",regional_default_candidate,exclude_from_bulk_import,no,e-distribución — distribución eléctrica,https://www.edistribucion.com/es/conocenos/instalaciones-distribucion-red/distribucion-electrica.html,official_distributor_public,2026-05-06,"No incluir en bloque e-distribución; revisar aparte por solapes grandes con i-DE, UFD y pequeñas."
castilla_leon,Mieza,"e-distribución Redes Digitales, S.L.U.",regional_default_candidate,exclude_from_bulk_import,no,e-distribución — distribución eléctrica,https://www.edistribucion.com/es/conocenos/instalaciones-distribucion-red/distribucion-electrica.html,official_distributor_public,2026-05-06,"No incluir en bloque e-distribución; revisar aparte por solapes grandes con i-DE, UFD y pequeñas."
castilla_leon,Migueláñez,"e-distribución Redes Digitales, S.L.U.",regional_default_candidate,exclude_from_bulk_import,no,e-distribución — distribución eléctrica,https://www.edistribucion.com/es/conocenos/instalaciones-distribucion-red/distribucion-electrica.html,official_distributor_public,2026-05-06,"No incluir en bloque e-distribución; revisar aparte por solapes grandes con i-DE, UFD y pequeñas."
castilla_leon,Mijares,"e-distribución Redes Digitales, S.L.U.",regional_default_candidate,exclude_from_bulk_import,no,e-distribución — distribución eléctrica,https://www.edistribucion.com/es/conocenos/instalaciones-distribucion-red/distribucion-electrica.html,official_distributor_public,2026-05-06,"No incluir en bloque e-distribución; revisar aparte por solapes grandes con i-DE, UFD y pequeñas."
castilla_leon,Milagros,"e-distribución Redes Digitales, S.L.U.",regional_default_candidate,exclude_from_bulk_import,no,e-distribución — distribución eléctrica,https://www.edistribucion.com/es/conocenos/instalaciones-distribucion-red/distribucion-electrica.html,official_distributor_public,2026-05-06,"No incluir en bloque e-distribución; revisar aparte por solapes grandes con i-DE, UFD y pequeñas."
castilla_leon,Milles de la Polvorosa,"e-distribución Redes Digitales, S.L.U.",regional_default_candidate,exclude_from_bulk_import,no,e-distribución — distribución eléctrica,https://www.edistribucion.com/es/conocenos/instalaciones-distribucion-red/distribucion-electrica.html,official_distributor_public,2026-05-06,"No incluir en bloque e-distribución; revisar aparte por solapes grandes con i-DE, UFD y pequeñas."
castilla_leon,Mingorría,"e-distribución Redes Digitales, S.L.U.",regional_default_candidate,exclude_from_bulk_import,no,e-distribución — distribución eléctrica,https://www.edistribucion.com/es/conocenos/instalaciones-distribucion-red/distribucion-electrica.html,official_distributor_public,2026-05-06,"No incluir en bloque e-distribución; revisar aparte por solapes grandes con i-DE, UFD y pequeñas."
castilla_leon,Miño de Medinaceli,"e-distribución Redes Digitales, S.L.U.",regional_default_candidate,exclude_from_bulk_import,no,e-distribución — distribución eléctrica,https://www.edistribucion.com/es/conocenos/instalaciones-distribucion-red/distribucion-electrica.html,official_distributor_public,2026-05-06,"No incluir en bloque e-distribución; revisar aparte por solapes grandes con i-DE, UFD y pequeñas."
castilla_leon,Miño de San Esteban,"e-distribución Redes Digitales, S.L.U.",regional_default_candidate,exclude_from_bulk_import,no,e-distribución — distribución eléctrica,https://www.edistribucion.com/es/conocenos/instalaciones-distribucion-red/distribucion-electrica.html,official_distributor_public,2026-05-06,"No incluir en bloque e-distribución; revisar aparte por solapes grandes con i-DE, UFD y pequeñas."
castilla_leon,Miranda de Azán,"e-distribución Redes Digitales, S.L.U.",regional_default_candidate,exclude_from_bulk_import,no,e-distribución — distribución eléctrica,https://www.edistribucion.com/es/conocenos/instalaciones-distribucion-red/distribucion-electrica.html,official_distributor_public,2026-05-06,"No incluir en bloque e-distribución; revisar aparte por solapes grandes con i-DE, UFD y pequeñas."
castilla_leon,Miranda de Ebro,"e-distribución Redes Digitales, S.L.U.",regional_default_candidate,exclude_from_bulk_import,no,e-distribución — distribución eléctrica,https://www.edistribucion.com/es/conocenos/instalaciones-distribucion-red/distribucion-electrica.html,official_distributor_public,2026-05-06,"No incluir en bloque e-distribución; revisar aparte por solapes grandes con i-DE, UFD y pequeñas."
castilla_leon,Miranda del Castañar,"e-distribución Redes Digitales, S.L.U.",regional_default_candidate,exclude_from_bulk_import,no,e-distribución — distribución eléctrica,https://www.edistribucion.com/es/conocenos/instalaciones-distribucion-red/distribucion-electrica.html,official_distributor_public,2026-05-06,"No incluir en bloque e-distribución; revisar aparte por solapes grandes con i-DE, UFD y pequeñas."
castilla_leon,Miraveche,"e-distribución Redes Digitales, S.L.U.",regional_default_candidate,exclude_from_bulk_import,no,e-distribución — distribución eléctrica,https://www.edistribucion.com/es/conocenos/instalaciones-distribucion-red/distribucion-electrica.html,official_distributor_public,2026-05-06,"No incluir en bloque e-distribución; revisar aparte por solapes grandes con i-DE, UFD y pequeñas."
castilla_leon,Mironcillo,"e-distribución Redes Digitales, S.L.U.",regional_default_candidate,exclude_from_bulk_import,no,e-distribución — distribución eléctrica,https://www.edistribucion.com/es/conocenos/instalaciones-distribucion-red/distribucion-electrica.html,official_distributor_public,2026-05-06,"No incluir en bloque e-distribución; revisar aparte por solapes grandes con i-DE, UFD y pequeñas."
castilla_leon,Mirueña de los Infanzones,"e-distribución Redes Digitales, S.L.U.",regional_default_candidate,exclude_from_bulk_import,no,e-distribución — distribución eléctrica,https://www.edistribucion.com/es/conocenos/instalaciones-distribucion-red/distribucion-electrica.html,official_distributor_public,2026-05-06,"No incluir en bloque e-distribución; revisar aparte por solapes grandes con i-DE, UFD y pequeñas."
castilla_leon,Modúbar de la Emparedada,"e-distribución Redes Digitales, S.L.U.",regional_default_candidate,exclude_from_bulk_import,no,e-distribución — distribución eléctrica,https://www.edistribucion.com/es/conocenos/instalaciones-distribucion-red/distribucion-electrica.html,official_distributor_public,2026-05-06,"No incluir en bloque e-distribución; revisar aparte por solapes grandes con i-DE, UFD y pequeñas."
castilla_leon,Mogarraz,"e-distribución Redes Digitales, S.L.U.",regional_default_candidate,exclude_from_bulk_import,no,e-distribución — distribución eléctrica,https://www.edistribucion.com/es/conocenos/instalaciones-distribucion-red/distribucion-electrica.html,official_distributor_public,2026-05-06,"No incluir en bloque e-distribución; revisar aparte por solapes grandes con i-DE, UFD y pequeñas."
castilla_leon,Mojados,"e-distribución Redes Digitales, S.L.U.",regional_default_candidate,exclude_from_bulk_import,no,e-distribución — distribución eléctrica,https://www.edistribucion.com/es/conocenos/instalaciones-distribucion-red/distribucion-electrica.html,official_distributor_public,2026-05-06,"No incluir en bloque e-distribución; revisar aparte por solapes grandes con i-DE, UFD y pequeñas."
castilla_leon,Molacillos,"e-distribución Redes Digitales, S.L.U.",regional_default_candidate,exclude_from_bulk_import,no,e-distribución — distribución eléctrica,https://www.edistribucion.com/es/conocenos/instalaciones-distribucion-red/distribucion-electrica.html,official_distributor_public,2026-05-06,"No incluir en bloque e-distribución; revisar aparte por solapes grandes con i-DE, UFD y pequeñas."
castilla_leon,Molezuelas de la Carballeda,"e-distribución Redes Digitales, S.L.U.",regional_default_candidate,exclude_from_bulk_import,no,e-distribución — distribución eléctrica,https://www.edistribucion.com/es/conocenos/instalaciones-distribucion-red/distribucion-electrica.html,official_distributor_public,2026-05-06,"No incluir en bloque e-distribución; revisar aparte por solapes grandes con i-DE, UFD y pequeñas."
castilla_leon,Molinaseca,"e-distribución Redes Digitales, S.L.U.",regional_default_candidate,exclude_from_bulk_import,no,e-distribución — distribución eléctrica,https://www.edistribucion.com/es/conocenos/instalaciones-distribucion-red/distribucion-electrica.html,official_distributor_public,2026-05-06,"No incluir en bloque e-distribución; revisar aparte por solapes grandes con i-DE, UFD y pequeñas."
castilla_leon,Molinillo,"e-distribución Redes Digitales, S.L.U.",regional_default_candidate,exclude_from_bulk_import,no,e-distribución — distribución eléctrica,https://www.edistribucion.com/es/conocenos/instalaciones-distribucion-red/distribucion-electrica.html,official_distributor_public,2026-05-06,"No incluir en bloque e-distribución; revisar aparte por solapes grandes con i-DE, UFD y pequeñas."
castilla_leon,Molinos de Duero,"e-distribución Redes Digitales, S.L.U.",regional_default_candidate,exclude_from_bulk_import,no,e-distribución — distribución eléctrica,https://www.edistribucion.com/es/conocenos/instalaciones-distribucion-red/distribucion-electrica.html,official_distributor_public,2026-05-06,"No incluir en bloque e-distribución; revisar aparte por solapes grandes con i-DE, UFD y pequeñas."
castilla_leon,Mombeltrán,"e-distribución Redes Digitales, S.L.U.",regional_default_candidate,exclude_from_bulk_import,no,e-distribución — distribución eléctrica,https://www.edistribucion.com/es/conocenos/instalaciones-distribucion-red/distribucion-electrica.html,official_distributor_public,2026-05-06,"No incluir en bloque e-distribución; revisar aparte por solapes grandes con i-DE, UFD y pequeñas."
castilla_leon,Momblona,"e-distribución Redes Digitales, S.L.U.",regional_default_candidate,exclude_from_bulk_import,no,e-distribución — distribución eléctrica,https://www.edistribucion.com/es/conocenos/instalaciones-distribucion-red/distribucion-electrica.html,official_distributor_public,2026-05-06,"No incluir en bloque e-distribución; revisar aparte por solapes grandes con i-DE, UFD y pequeñas."
castilla_leon,Mombuey,"e-distribución Redes Digitales, S.L.U.",regional_default_candidate,exclude_from_bulk_import,no,e-distribución — distribución eléctrica,https://www.edistribucion.com/es/conocenos/instalaciones-distribucion-red/distribucion-electrica.html,official_distributor_public,2026-05-06,"No incluir en bloque e-distribución; revisar aparte por solapes grandes con i-DE, UFD y pequeñas."
castilla_leon,Monasterio de la Sierra,"e-distribución Redes Digitales, S.L.U.",regional_default_candidate,exclude_from_bulk_import,no,e-distribución — distribución eléctrica,https://www.edistribucion.com/es/conocenos/instalaciones-distribucion-red/distribucion-electrica.html,official_distributor_public,2026-05-06,"No incluir en bloque e-distribución; revisar aparte por solapes grandes con i-DE, UFD y pequeñas."
castilla_leon,Monasterio de Rodilla,"e-distribución Redes Digitales, S.L.U.",regional_default_candidate,exclude_from_bulk_import,no,e-distribución — distribución eléctrica,https://www.edistribucion.com/es/conocenos/instalaciones-distribucion-red/distribucion-electrica.html,official_distributor_public,2026-05-06,"No incluir en bloque e-distribución; revisar aparte por solapes grandes con i-DE, UFD y pequeñas."
castilla_leon,Monasterio de Vega,"e-distribución Redes Digitales, S.L.U.",regional_default_candidate,exclude_from_bulk_import,no,e-distribución — distribución eléctrica,https://www.edistribucion.com/es/conocenos/instalaciones-distribucion-red/distribucion-electrica.html,official_distributor_public,2026-05-06,"No incluir en bloque e-distribución; revisar aparte por solapes grandes con i-DE, UFD y pequeñas."
castilla_leon,Moncalvillo,"e-distribución Redes Digitales, S.L.U.",regional_default_candidate,exclude_from_bulk_import,no,e-distribución — distribución eléctrica,https://www.edistribucion.com/es/conocenos/instalaciones-distribucion-red/distribucion-electrica.html,official_distributor_public,2026-05-06,"No incluir en bloque e-distribución; revisar aparte por solapes grandes con i-DE, UFD y pequeñas."
castilla_leon,Monfarracinos,"e-distribución Redes Digitales, S.L.U.",regional_default_candidate,exclude_from_bulk_import,no,e-distribución — distribución eléctrica,https://www.edistribucion.com/es/conocenos/instalaciones-distribucion-red/distribucion-electrica.html,official_distributor_public,2026-05-06,"No incluir en bloque e-distribución; revisar aparte por solapes grandes con i-DE, UFD y pequeñas."
castilla_leon,Monforte de la Sierra,"e-distribución Redes Digitales, S.L.U.",regional_default_candidate,exclude_from_bulk_import,no,e-distribución — distribución eléctrica,https://www.edistribucion.com/es/conocenos/instalaciones-distribucion-red/distribucion-electrica.html,official_distributor_public,2026-05-06,"No incluir en bloque e-distribución; revisar aparte por solapes grandes con i-DE, UFD y pequeñas."
castilla_leon,Monleón,"e-distribución Redes Digitales, S.L.U.",regional_default_candidate,exclude_from_bulk_import,no,e-distribución — distribución eléctrica,https://www.edistribucion.com/es/conocenos/instalaciones-distribucion-red/distribucion-electrica.html,official_distributor_public,2026-05-06,"No incluir en bloque e-distribución; revisar aparte por solapes grandes con i-DE, UFD y pequeñas."
castilla_leon,Monleras,"e-distribución Redes Digitales, S.L.U.",regional_default_candidate,exclude_from_bulk_import,no,e-distribución — distribución eléctrica,https://www.edistribucion.com/es/conocenos/instalaciones-distribucion-red/distribucion-electrica.html,official_distributor_public,2026-05-06,"No incluir en bloque e-distribución; revisar aparte por solapes grandes con i-DE, UFD y pequeñas."
castilla_leon,Monsagro,"e-distribución Redes Digitales, S.L.U.",regional_default_candidate,exclude_from_bulk_import,no,e-distribución — distribución eléctrica,https://www.edistribucion.com/es/conocenos/instalaciones-distribucion-red/distribucion-electrica.html,official_distributor_public,2026-05-06,"No incluir en bloque e-distribución; revisar aparte por solapes grandes con i-DE, UFD y pequeñas."
castilla_leon,Monsalupe,"e-distribución Redes Digitales, S.L.U.",regional_default_candidate,exclude_from_bulk_import,no,e-distribución — distribución eléctrica,https://www.edistribucion.com/es/conocenos/instalaciones-distribucion-red/distribucion-electrica.html,official_distributor_public,2026-05-06,"No incluir en bloque e-distribución; revisar aparte por solapes grandes con i-DE, UFD y pequeñas."
castilla_leon,Montamarta,"e-distribución Redes Digitales, S.L.U.",regional_default_candidate,exclude_from_bulk_import,no,e-distribución — distribución eléctrica,https://www.edistribucion.com/es/conocenos/instalaciones-distribucion-red/distribucion-electrica.html,official_distributor_public,2026-05-06,"No incluir en bloque e-distribución; revisar aparte por solapes grandes con i-DE, UFD y pequeñas."
castilla_leon,Monte de la Mata,"e-distribución Redes Digitales, S.L.U.",regional_default_candidate,exclude_from_bulk_import,no,e-distribución — distribución eléctrica,https://www.edistribucion.com/es/conocenos/instalaciones-distribucion-red/distribucion-electrica.html,official_distributor_public,2026-05-06,"No incluir en bloque e-distribución; revisar aparte por solapes grandes con i-DE, UFD y pequeñas."
castilla_leon,Monte Revenga,"e-distribución Redes Digitales, S.L.U.",regional_default_candidate,exclude_from_bulk_import,no,e-distribución — distribución eléctrica,https://www.edistribucion.com/es/conocenos/instalaciones-distribucion-red/distribucion-electrica.html,official_distributor_public,2026-05-06,"No incluir en bloque e-distribución; revisar aparte por solapes grandes con i-DE, UFD y pequeñas."
castilla_leon,Monteagudo de las Vicarías,"e-distribución Redes Digitales, S.L.U.",regional_default_candidate,exclude_from_bulk_import,no,e-distribución — distribución eléctrica,https://www.edistribucion.com/es/conocenos/instalaciones-distribucion-red/distribucion-electrica.html,official_distributor_public,2026-05-06,"No incluir en bloque e-distribución; revisar aparte por solapes grandes con i-DE, UFD y pequeñas."
castilla_leon,Montealegre de Campos,"e-distribución Redes Digitales, S.L.U.",regional_default_candidate,exclude_from_bulk_import,no,e-distribución — distribución eléctrica,https://www.edistribucion.com/es/conocenos/instalaciones-distribucion-red/distribucion-electrica.html,official_distributor_public,2026-05-06,"No incluir en bloque e-distribución; revisar aparte por solapes grandes con i-DE, UFD y pequeñas."
castilla_leon,Montejo,"e-distribución Redes Digitales, S.L.U.",regional_default_candidate,exclude_from_bulk_import,no,e-distribución — distribución eléctrica,https://www.edistribucion.com/es/conocenos/instalaciones-distribucion-red/distribucion-electrica.html,official_distributor_public,2026-05-06,"No incluir en bloque e-distribución; revisar aparte por solapes grandes con i-DE, UFD y pequeñas."
castilla_leon,Montejo de Arévalo,"e-distribución Redes Digitales, S.L.U.",regional_default_candidate,exclude_from_bulk_import,no,e-distribución — distribución eléctrica,https://www.edistribucion.com/es/conocenos/instalaciones-distribucion-red/distribucion-electrica.html,official_distributor_public,2026-05-06,"No incluir en bloque e-distribución; revisar aparte por solapes grandes con i-DE, UFD y pequeñas."
castilla_leon,Montejo de la Vega de la Serrezuela,"e-distribución Redes Digitales, S.L.U.",regional_default_candidate,exclude_from_bulk_import,no,e-distribución — distribución eléctrica,https://www.edistribucion.com/es/conocenos/instalaciones-distribucion-red/distribucion-electrica.html,official_distributor_public,2026-05-06,"No incluir en bloque e-distribución; revisar aparte por solapes grandes con i-DE, UFD y pequeñas."
castilla_leon,Montejo de Tiermes,"e-distribución Redes Digitales, S.L.U.",regional_default_candidate,exclude_from_bulk_import,no,e-distribución — distribución eléctrica,https://www.edistribucion.com/es/conocenos/instalaciones-distribucion-red/distribucion-electrica.html,official_distributor_public,2026-05-06,"No incluir en bloque e-distribución; revisar aparte por solapes grandes con i-DE, UFD y pequeñas."
castilla_leon,Montemayor de Pililla,"e-distribución Redes Digitales, S.L.U.",regional_default_candidate,exclude_from_bulk_import,no,e-distribución — distribución eléctrica,https://www.edistribucion.com/es/conocenos/instalaciones-distribucion-red/distribucion-electrica.html,official_distributor_public,2026-05-06,"No incluir en bloque e-distribución; revisar aparte por solapes grandes con i-DE, UFD y pequeñas."
castilla_leon,Montemayor del Río,"e-distribución Redes Digitales, S.L.U.",regional_default_candidate,exclude_from_bulk_import,no,e-distribución — distribución eléctrica,https://www.edistribucion.com/es/conocenos/instalaciones-distribucion-red/distribucion-electrica.html,official_distributor_public,2026-05-06,"No incluir en bloque e-distribución; revisar aparte por solapes grandes con i-DE, UFD y pequeñas."
castilla_leon,Montenegro de Cameros,"e-distribución Redes Digitales, S.L.U.",regional_default_candidate,exclude_from_bulk_import,no,e-distribución — distribución eléctrica,https://www.edistribucion.com/es/conocenos/instalaciones-distribucion-red/distribucion-electrica.html,official_distributor_public,2026-05-06,"No incluir en bloque e-distribución; revisar aparte por solapes grandes con i-DE, UFD y pequeñas."
castilla_leon,Monterrubio,"e-distribución Redes Digitales, S.L.U.",regional_default_candidate,exclude_from_bulk_import,no,e-distribución — distribución eléctrica,https://www.edistribucion.com/es/conocenos/instalaciones-distribucion-red/distribucion-electrica.html,official_distributor_public,2026-05-06,"No incluir en bloque e-distribución; revisar aparte por solapes grandes con i-DE, UFD y pequeñas."
castilla_leon,Monterrubio de Armuña,"e-distribución Redes Digitales, S.L.U.",regional_default_candidate,exclude_from_bulk_import,no,e-distribución — distribución eléctrica,https://www.edistribucion.com/es/conocenos/instalaciones-distribucion-red/distribucion-electrica.html,official_distributor_public,2026-05-06,"No incluir en bloque e-distribución; revisar aparte por solapes grandes con i-DE, UFD y pequeñas."
castilla_leon,Monterrubio de la Demanda,"e-distribución Redes Digitales, S.L.U.",regional_default_candidate,exclude_from_bulk_import,no,e-distribución — distribución eléctrica,https://www.edistribucion.com/es/conocenos/instalaciones-distribucion-red/distribucion-electrica.html,official_distributor_public,2026-05-06,"No incluir en bloque e-distribución; revisar aparte por solapes grandes con i-DE, UFD y pequeñas."
castilla_leon,Monterrubio de la Sierra,"e-distribución Redes Digitales, S.L.U.",regional_default_candidate,exclude_from_bulk_import,no,e-distribución — distribución eléctrica,https://www.edistribucion.com/es/conocenos/instalaciones-distribucion-red/distribucion-electrica.html,official_distributor_public,2026-05-06,"No incluir en bloque e-distribución; revisar aparte por solapes grandes con i-DE, UFD y pequeñas."
castilla_leon,Montorio,"e-distribución Redes Digitales, S.L.U.",regional_default_candidate,exclude_from_bulk_import,no,e-distribución — distribución eléctrica,https://www.edistribucion.com/es/conocenos/instalaciones-distribucion-red/distribucion-electrica.html,official_distributor_public,2026-05-06,"No incluir en bloque e-distribución; revisar aparte por solapes grandes con i-DE, UFD y pequeñas."
castilla_leon,Monzón de Campos,"e-distribución Redes Digitales, S.L.U.",regional_default_candidate,exclude_from_bulk_import,no,e-distribución — distribución eléctrica,https://www.edistribucion.com/es/conocenos/instalaciones-distribucion-red/distribucion-electrica.html,official_distributor_public,2026-05-06,"No incluir en bloque e-distribución; revisar aparte por solapes grandes con i-DE, UFD y pequeñas."
castilla_leon,Moradillo de Roa,"e-distribución Redes Digitales, S.L.U.",regional_default_candidate,exclude_from_bulk_import,no,e-distribución — distribución eléctrica,https://www.edistribucion.com/es/conocenos/instalaciones-distribucion-red/distribucion-electrica.html,official_distributor_public,2026-05-06,"No incluir en bloque e-distribución; revisar aparte por solapes grandes con i-DE, UFD y pequeñas."
castilla_leon,Moral de Hornuez,"e-distribución Redes Digitales, S.L.U.",regional_default_candidate,exclude_from_bulk_import,no,e-distribución — distribución eléctrica,https://www.edistribucion.com/es/conocenos/instalaciones-distribucion-red/distribucion-electrica.html,official_distributor_public,2026-05-06,"No incluir en bloque e-distribución; revisar aparte por solapes grandes con i-DE, UFD y pequeñas."
castilla_leon,Moral de la Reina,"e-distribución Redes Digitales, S.L.U.",regional_default_candidate,exclude_from_bulk_import,no,e-distribución — distribución eléctrica,https://www.edistribucion.com/es/conocenos/instalaciones-distribucion-red/distribucion-electrica.html,official_distributor_public,2026-05-06,"No incluir en bloque e-distribución; revisar aparte por solapes grandes con i-DE, UFD y pequeñas."
castilla_leon,Moral de Sayago,"e-distribución Redes Digitales, S.L.U.",regional_default_candidate,exclude_from_bulk_import,no,e-distribución — distribución eléctrica,https://www.edistribucion.com/es/conocenos/instalaciones-distribucion-red/distribucion-electrica.html,official_distributor_public,2026-05-06,"No incluir en bloque e-distribución; revisar aparte por solapes grandes con i-DE, UFD y pequeñas."
castilla_leon,Moraleja de las Panaderas,"e-distribución Redes Digitales, S.L.U.",regional_default_candidate,exclude_from_bulk_import,no,e-distribución — distribución eléctrica,https://www.edistribucion.com/es/conocenos/instalaciones-distribucion-red/distribucion-electrica.html,official_distributor_public,2026-05-06,"No incluir en bloque e-distribución; revisar aparte por solapes grandes con i-DE, UFD y pequeñas."
castilla_leon,Moraleja de Matacabras,"e-distribución Redes Digitales, S.L.U.",regional_default_candidate,exclude_from_bulk_import,no,e-distribución — distribución eléctrica,https://www.edistribucion.com/es/conocenos/instalaciones-distribucion-red/distribucion-electrica.html,official_distributor_public,2026-05-06,"No incluir en bloque e-distribución; revisar aparte por solapes grandes con i-DE, UFD y pequeñas."
castilla_leon,Moraleja de Sayago,"e-distribución Redes Digitales, S.L.U.",regional_default_candidate,exclude_from_bulk_import,no,e-distribución — distribución eléctrica,https://www.edistribucion.com/es/conocenos/instalaciones-distribucion-red/distribucion-electrica.html,official_distributor_public,2026-05-06,"No incluir en bloque e-distribución; revisar aparte por solapes grandes con i-DE, UFD y pequeñas."
castilla_leon,Moraleja del Vino,"e-distribución Redes Digitales, S.L.U.",regional_default_candidate,exclude_from_bulk_import,no,e-distribución — distribución eléctrica,https://www.edistribucion.com/es/conocenos/instalaciones-distribucion-red/distribucion-electrica.html,official_distributor_public,2026-05-06,"No incluir en bloque e-distribución; revisar aparte por solapes grandes con i-DE, UFD y pequeñas."
castilla_leon,Morales de Campos,"e-distribución Redes Digitales, S.L.U.",regional_default_candidate,exclude_from_bulk_import,no,e-distribución — distribución eléctrica,https://www.edistribucion.com/es/conocenos/instalaciones-distribucion-red/distribucion-electrica.html,official_distributor_public,2026-05-06,"No incluir en bloque e-distribución; revisar aparte por solapes grandes con i-DE, UFD y pequeñas."
castilla_leon,Morales de Rey,"e-distribución Redes Digitales, S.L.U.",regional_default_candidate,exclude_from_bulk_import,no,e-distribución — distribución eléctrica,https://www.edistribucion.com/es/conocenos/instalaciones-distribucion-red/distribucion-electrica.html,official_distributor_public,2026-05-06,"No incluir en bloque e-distribución; revisar aparte por solapes grandes con i-DE, UFD y pequeñas."
castilla_leon,Morales de Toro,"e-distribución Redes Digitales, S.L.U.",regional_default_candidate,exclude_from_bulk_import,no,e-distribución — distribución eléctrica,https://www.edistribucion.com/es/conocenos/instalaciones-distribucion-red/distribucion-electrica.html,official_distributor_public,2026-05-06,"No incluir en bloque e-distribución; revisar aparte por solapes grandes con i-DE, UFD y pequeñas."
castilla_leon,Morales de Valverde,"e-distribución Redes Digitales, S.L.U.",regional_default_candidate,exclude_from_bulk_import,no,e-distribución — distribución eléctrica,https://www.edistribucion.com/es/conocenos/instalaciones-distribucion-red/distribucion-electrica.html,official_distributor_public,2026-05-06,"No incluir en bloque e-distribución; revisar aparte por solapes grandes con i-DE, UFD y pequeñas."
castilla_leon,Morales del Vino,"e-distribución Redes Digitales, S.L.U.",regional_default_candidate,exclude_from_bulk_import,no,e-distribución — distribución eléctrica,https://www.edistribucion.com/es/conocenos/instalaciones-distribucion-red/distribucion-electrica.html,official_distributor_public,2026-05-06,"No incluir en bloque e-distribución; revisar aparte por solapes grandes con i-DE, UFD y pequeñas."
castilla_leon,Moralina,"e-distribución Redes Digitales, S.L.U.",regional_default_candidate,exclude_from_bulk_import,no,e-distribución — distribución eléctrica,https://www.edistribucion.com/es/conocenos/instalaciones-distribucion-red/distribucion-electrica.html,official_distributor_public,2026-05-06,"No incluir en bloque e-distribución; revisar aparte por solapes grandes con i-DE, UFD y pequeñas."
castilla_leon,Morasverdes,"e-distribución Redes Digitales, S.L.U.",regional_default_candidate,exclude_from_bulk_import,no,e-distribución — distribución eléctrica,https://www.edistribucion.com/es/conocenos/instalaciones-distribucion-red/distribucion-electrica.html,official_distributor_public,2026-05-06,"No incluir en bloque e-distribución; revisar aparte por solapes grandes con i-DE, UFD y pequeñas."
castilla_leon,Moratinos,"e-distribución Redes Digitales, S.L.U.",regional_default_candidate,exclude_from_bulk_import,no,e-distribución — distribución eléctrica,https://www.edistribucion.com/es/conocenos/instalaciones-distribucion-red/distribucion-electrica.html,official_distributor_public,2026-05-06,"No incluir en bloque e-distribución; revisar aparte por solapes grandes con i-DE, UFD y pequeñas."
castilla_leon,Moreruela de los Infanzones,"e-distribución Redes Digitales, S.L.U.",regional_default_candidate,exclude_from_bulk_import,no,e-distribución — distribución eléctrica,https://www.edistribucion.com/es/conocenos/instalaciones-distribucion-red/distribucion-electrica.html,official_distributor_public,2026-05-06,"No incluir en bloque e-distribución; revisar aparte por solapes grandes con i-DE, UFD y pequeñas."
castilla_leon,Moreruela de Tábara,"e-distribución Redes Digitales, S.L.U.",regional_default_candidate,exclude_from_bulk_import,no,e-distribución — distribución eléctrica,https://www.edistribucion.com/es/conocenos/instalaciones-distribucion-red/distribucion-electrica.html,official_distributor_public,2026-05-06,"No incluir en bloque e-distribución; revisar aparte por solapes grandes con i-DE, UFD y pequeñas."
castilla_leon,Morille,"e-distribución Redes Digitales, S.L.U.",regional_default_candidate,exclude_from_bulk_import,no,e-distribución — distribución eléctrica,https://www.edistribucion.com/es/conocenos/instalaciones-distribucion-red/distribucion-electrica.html,official_distributor_public,2026-05-06,"No incluir en bloque e-distribución; revisar aparte por solapes grandes con i-DE, UFD y pequeñas."
castilla_leon,Moríñigo,"e-distribución Redes Digitales, S.L.U.",regional_default_candidate,exclude_from_bulk_import,no,e-distribución — distribución eléctrica,https://www.edistribucion.com/es/conocenos/instalaciones-distribucion-red/distribucion-electrica.html,official_distributor_public,2026-05-06,"No incluir en bloque e-distribución; revisar aparte por solapes grandes con i-DE, UFD y pequeñas."
castilla_leon,Moriscos,"e-distribución Redes Digitales, S.L.U.",regional_default_candidate,exclude_from_bulk_import,no,e-distribución — distribución eléctrica,https://www.edistribucion.com/es/conocenos/instalaciones-distribucion-red/distribucion-electrica.html,official_distributor_public,2026-05-06,"No incluir en bloque e-distribución; revisar aparte por solapes grandes con i-DE, UFD y pequeñas."
castilla_leon,Morón de Almazán,"e-distribución Redes Digitales, S.L.U.",regional_default_candidate,exclude_from_bulk_import,no,e-distribución — distribución eléctrica,https://www.edistribucion.com/es/conocenos/instalaciones-distribucion-red/distribucion-electrica.html,official_distributor_public,2026-05-06,"No incluir en bloque e-distribución; revisar aparte por solapes grandes con i-DE, UFD y pequeñas."
castilla_leon,Moronta,"e-distribución Redes Digitales, S.L.U.",regional_default_candidate,exclude_from_bulk_import,no,e-distribución — distribución eléctrica,https://www.edistribucion.com/es/conocenos/instalaciones-distribucion-red/distribucion-electrica.html,official_distributor_public,2026-05-06,"No incluir en bloque e-distribución; revisar aparte por solapes grandes con i-DE, UFD y pequeñas."
castilla_leon,Mota del Marqués,"e-distribución Redes Digitales, S.L.U.",regional_default_candidate,exclude_from_bulk_import,no,e-distribución — distribución eléctrica,https://www.edistribucion.com/es/conocenos/instalaciones-distribucion-red/distribucion-electrica.html,official_distributor_public,2026-05-06,"No incluir en bloque e-distribución; revisar aparte por solapes grandes con i-DE, UFD y pequeñas."
castilla_leon,Mozárbez,"e-distribución Redes Digitales, S.L.U.",regional_default_candidate,exclude_from_bulk_import,no,e-distribución — distribución eléctrica,https://www.edistribucion.com/es/conocenos/instalaciones-distribucion-red/distribucion-electrica.html,official_distributor_public,2026-05-06,"No incluir en bloque e-distribución; revisar aparte por solapes grandes con i-DE, UFD y pequeñas."
castilla_leon,Mozoncillo,"e-distribución Redes Digitales, S.L.U.",regional_default_candidate,exclude_from_bulk_import,no,e-distribución — distribución eléctrica,https://www.edistribucion.com/es/conocenos/instalaciones-distribucion-red/distribucion-electrica.html,official_distributor_public,2026-05-06,"No incluir en bloque e-distribución; revisar aparte por solapes grandes con i-DE, UFD y pequeñas."
castilla_leon,Mucientes,"e-distribución Redes Digitales, S.L.U.",regional_default_candidate,exclude_from_bulk_import,no,e-distribución — distribución eléctrica,https://www.edistribucion.com/es/conocenos/instalaciones-distribucion-red/distribucion-electrica.html,official_distributor_public,2026-05-06,"No incluir en bloque e-distribución; revisar aparte por solapes grandes con i-DE, UFD y pequeñas."
castilla_leon,Mudá,"e-distribución Redes Digitales, S.L.U.",regional_default_candidate,exclude_from_bulk_import,no,e-distribución — distribución eléctrica,https://www.edistribucion.com/es/conocenos/instalaciones-distribucion-red/distribucion-electrica.html,official_distributor_public,2026-05-06,"No incluir en bloque e-distribución; revisar aparte por solapes grandes con i-DE, UFD y pequeñas."
castilla_leon,Muelas de los Caballeros,"e-distribución Redes Digitales, S.L.U.",regional_default_candidate,exclude_from_bulk_import,no,e-distribución — distribución eléctrica,https://www.edistribucion.com/es/conocenos/instalaciones-distribucion-red/distribucion-electrica.html,official_distributor_public,2026-05-06,"No incluir en bloque e-distribución; revisar aparte por solapes grandes con i-DE, UFD y pequeñas."
castilla_leon,Muelas del Pan,"e-distribución Redes Digitales, S.L.U.",regional_default_candidate,exclude_from_bulk_import,no,e-distribución — distribución eléctrica,https://www.edistribucion.com/es/conocenos/instalaciones-distribucion-red/distribucion-electrica.html,official_distributor_public,2026-05-06,"No incluir en bloque e-distribución; revisar aparte por solapes grandes con i-DE, UFD y pequeñas."
castilla_leon,Muga de Sayago,"e-distribución Redes Digitales, S.L.U.",regional_default_candidate,exclude_from_bulk_import,no,e-distribución — distribución eléctrica,https://www.edistribucion.com/es/conocenos/instalaciones-distribucion-red/distribucion-electrica.html,official_distributor_public,2026-05-06,"No incluir en bloque e-distribución; revisar aparte por solapes grandes con i-DE, UFD y pequeñas."
castilla_leon,Muñana,"e-distribución Redes Digitales, S.L.U.",regional_default_candidate,exclude_from_bulk_import,no,e-distribución — distribución eléctrica,https://www.edistribucion.com/es/conocenos/instalaciones-distribucion-red/distribucion-electrica.html,official_distributor_public,2026-05-06,"No incluir en bloque e-distribución; revisar aparte por solapes grandes con i-DE, UFD y pequeñas."
castilla_leon,Muñico,"e-distribución Redes Digitales, S.L.U.",regional_default_candidate,exclude_from_bulk_import,no,e-distribución — distribución eléctrica,https://www.edistribucion.com/es/conocenos/instalaciones-distribucion-red/distribucion-electrica.html,official_distributor_public,2026-05-06,"No incluir en bloque e-distribución; revisar aparte por solapes grandes con i-DE, UFD y pequeñas."
castilla_leon,Muñogalindo,"e-distribución Redes Digitales, S.L.U.",regional_default_candidate,exclude_from_bulk_import,no,e-distribución — distribución eléctrica,https://www.edistribucion.com/es/conocenos/instalaciones-distribucion-red/distribucion-electrica.html,official_distributor_public,2026-05-06,"No incluir en bloque e-distribución; revisar aparte por solapes grandes con i-DE, UFD y pequeñas."
castilla_leon,Muñogrande,"e-distribución Redes Digitales, S.L.U.",regional_default_candidate,exclude_from_bulk_import,no,e-distribución — distribución eléctrica,https://www.edistribucion.com/es/conocenos/instalaciones-distribucion-red/distribucion-electrica.html,official_distributor_public,2026-05-06,"No incluir en bloque e-distribución; revisar aparte por solapes grandes con i-DE, UFD y pequeñas."
castilla_leon,Muñomer del Peco,"e-distribución Redes Digitales, S.L.U.",regional_default_candidate,exclude_from_bulk_import,no,e-distribución — distribución eléctrica,https://www.edistribucion.com/es/conocenos/instalaciones-distribucion-red/distribucion-electrica.html,official_distributor_public,2026-05-06,"No incluir en bloque e-distribución; revisar aparte por solapes grandes con i-DE, UFD y pequeñas."
castilla_leon,Muñopedro,"e-distribución Redes Digitales, S.L.U.",regional_default_candidate,exclude_from_bulk_import,no,e-distribución — distribución eléctrica,https://www.edistribucion.com/es/conocenos/instalaciones-distribucion-red/distribucion-electrica.html,official_distributor_public,2026-05-06,"No incluir en bloque e-distribución; revisar aparte por solapes grandes con i-DE, UFD y pequeñas."
castilla_leon,Muñopepe,"e-distribución Redes Digitales, S.L.U.",regional_default_candidate,exclude_from_bulk_import,no,e-distribución — distribución eléctrica,https://www.edistribucion.com/es/conocenos/instalaciones-distribucion-red/distribucion-electrica.html,official_distributor_public,2026-05-06,"No incluir en bloque e-distribución; revisar aparte por solapes grandes con i-DE, UFD y pequeñas."
castilla_leon,Muñosancho,"e-distribución Redes Digitales, S.L.U.",regional_default_candidate,exclude_from_bulk_import,no,e-distribución — distribución eléctrica,https://www.edistribucion.com/es/conocenos/instalaciones-distribucion-red/distribucion-electrica.html,official_distributor_public,2026-05-06,"No incluir en bloque e-distribución; revisar aparte por solapes grandes con i-DE, UFD y pequeñas."
castilla_leon,Muñotello,"e-distribución Redes Digitales, S.L.U.",regional_default_candidate,exclude_from_bulk_import,no,e-distribución — distribución eléctrica,https://www.edistribucion.com/es/conocenos/instalaciones-distribucion-red/distribucion-electrica.html,official_distributor_public,2026-05-06,"No incluir en bloque e-distribución; revisar aparte por solapes grandes con i-DE, UFD y pequeñas."
castilla_leon,Muñoveros,"e-distribución Redes Digitales, S.L.U.",regional_default_candidate,exclude_from_bulk_import,no,e-distribución — distribución eléctrica,https://www.edistribucion.com/es/conocenos/instalaciones-distribucion-red/distribucion-electrica.html,official_distributor_public,2026-05-06,"No incluir en bloque e-distribución; revisar aparte por solapes grandes con i-DE, UFD y pequeñas."
castilla_leon,Murias de Paredes,"e-distribución Redes Digitales, S.L.U.",regional_default_candidate,exclude_from_bulk_import,no,e-distribución — distribución eléctrica,https://www.edistribucion.com/es/conocenos/instalaciones-distribucion-red/distribucion-electrica.html,official_distributor_public,2026-05-06,"No incluir en bloque e-distribución; revisar aparte por solapes grandes con i-DE, UFD y pequeñas."
castilla_leon,Muriel,"e-distribución Redes Digitales, S.L.U.",regional_default_candidate,exclude_from_bulk_import,no,e-distribución — distribución eléctrica,https://www.edistribucion.com/es/conocenos/instalaciones-distribucion-red/distribucion-electrica.html,official_distributor_public,2026-05-06,"No incluir en bloque e-distribución; revisar aparte por solapes grandes con i-DE, UFD y pequeñas."
castilla_leon,Muriel de la Fuente,"e-distribución Redes Digitales, S.L.U.",regional_default_candidate,exclude_from_bulk_import,no,e-distribución — distribución eléctrica,https://www.edistribucion.com/es/conocenos/instalaciones-distribucion-red/distribucion-electrica.html,official_distributor_public,2026-05-06,"No incluir en bloque e-distribución; revisar aparte por solapes grandes con i-DE, UFD y pequeñas."
castilla_leon,Muriel Viejo,"e-distribución Redes Digitales, S.L.U.",regional_default_candidate,exclude_from_bulk_import,no,e-distribución — distribución eléctrica,https://www.edistribucion.com/es/conocenos/instalaciones-distribucion-red/distribucion-electrica.html,official_distributor_public,2026-05-06,"No incluir en bloque e-distribución; revisar aparte por solapes grandes con i-DE, UFD y pequeñas."
castilla_leon,Nafría de Ucero,"e-distribución Redes Digitales, S.L.U.",regional_default_candidate,exclude_from_bulk_import,no,e-distribución — distribución eléctrica,https://www.edistribucion.com/es/conocenos/instalaciones-distribucion-red/distribucion-electrica.html,official_distributor_public,2026-05-06,"No incluir en bloque e-distribución; revisar aparte por solapes grandes con i-DE, UFD y pequeñas."
castilla_leon,Narrillos del Álamo,"e-distribución Redes Digitales, S.L.U.",regional_default_candidate,exclude_from_bulk_import,no,e-distribución — distribución eléctrica,https://www.edistribucion.com/es/conocenos/instalaciones-distribucion-red/distribucion-electrica.html,official_distributor_public,2026-05-06,"No incluir en bloque e-distribución; revisar aparte por solapes grandes con i-DE, UFD y pequeñas."
castilla_leon,Narrillos del Rebollar,"e-distribución Redes Digitales, S.L.U.",regional_default_candidate,exclude_from_bulk_import,no,e-distribución — distribución eléctrica,https://www.edistribucion.com/es/conocenos/instalaciones-distribucion-red/distribucion-electrica.html,official_distributor_public,2026-05-06,"No incluir en bloque e-distribución; revisar aparte por solapes grandes con i-DE, UFD y pequeñas."
castilla_leon,Narros,"e-distribución Redes Digitales, S.L.U.",regional_default_candidate,exclude_from_bulk_import,no,e-distribución — distribución eléctrica,https://www.edistribucion.com/es/conocenos/instalaciones-distribucion-red/distribucion-electrica.html,official_distributor_public,2026-05-06,"No incluir en bloque e-distribución; revisar aparte por solapes grandes con i-DE, UFD y pequeñas."
castilla_leon,Narros de Matalayegua,"e-distribución Redes Digitales, S.L.U.",regional_default_candidate,exclude_from_bulk_import,no,e-distribución — distribución eléctrica,https://www.edistribucion.com/es/conocenos/instalaciones-distribucion-red/distribucion-electrica.html,official_distributor_public,2026-05-06,"No incluir en bloque e-distribución; revisar aparte por solapes grandes con i-DE, UFD y pequeñas."
castilla_leon,Narros de Saldueña,"e-distribución Redes Digitales, S.L.U.",regional_default_candidate,exclude_from_bulk_import,no,e-distribución — distribución eléctrica,https://www.edistribucion.com/es/conocenos/instalaciones-distribucion-red/distribucion-electrica.html,official_distributor_public,2026-05-06,"No incluir en bloque e-distribución; revisar aparte por solapes grandes con i-DE, UFD y pequeñas."
castilla_leon,Narros del Castillo,"e-distribución Redes Digitales, S.L.U.",regional_default_candidate,exclude_from_bulk_import,no,e-distribución — distribución eléctrica,https://www.edistribucion.com/es/conocenos/instalaciones-distribucion-red/distribucion-electrica.html,official_distributor_public,2026-05-06,"No incluir en bloque e-distribución; revisar aparte por solapes grandes con i-DE, UFD y pequeñas."
castilla_leon,Narros del Puerto,"e-distribución Redes Digitales, S.L.U.",regional_default_candidate,exclude_from_bulk_import,no,e-distribución — distribución eléctrica,https://www.edistribucion.com/es/conocenos/instalaciones-distribucion-red/distribucion-electrica.html,official_distributor_public,2026-05-06,"No incluir en bloque e-distribución; revisar aparte por solapes grandes con i-DE, UFD y pequeñas."
castilla_leon,Nava de Arévalo,"e-distribución Redes Digitales, S.L.U.",regional_default_candidate,exclude_from_bulk_import,no,e-distribución — distribución eléctrica,https://www.edistribucion.com/es/conocenos/instalaciones-distribucion-red/distribucion-electrica.html,official_distributor_public,2026-05-06,"No incluir en bloque e-distribución; revisar aparte por solapes grandes con i-DE, UFD y pequeñas."
castilla_leon,Nava de Béjar,"e-distribución Redes Digitales, S.L.U.",regional_default_candidate,exclude_from_bulk_import,no,e-distribución — distribución eléctrica,https://www.edistribucion.com/es/conocenos/instalaciones-distribucion-red/distribucion-electrica.html,official_distributor_public,2026-05-06,"No incluir en bloque e-distribución; revisar aparte por solapes grandes con i-DE, UFD y pequeñas."
castilla_leon,Nava de Francia,"e-distribución Redes Digitales, S.L.U.",regional_default_candidate,exclude_from_bulk_import,no,e-distribución — distribución eléctrica,https://www.edistribucion.com/es/conocenos/instalaciones-distribucion-red/distribucion-electrica.html,official_distributor_public,2026-05-06,"No incluir en bloque e-distribución; revisar aparte por solapes grandes con i-DE, UFD y pequeñas."
castilla_leon,Nava de la Asunción,"e-distribución Redes Digitales, S.L.U.",regional_default_candidate,exclude_from_bulk_import,no,e-distribución — distribución eléctrica,https://www.edistribucion.com/es/conocenos/instalaciones-distribucion-red/distribucion-electrica.html,official_distributor_public,2026-05-06,"No incluir en bloque e-distribución; revisar aparte por solapes grandes con i-DE, UFD y pequeñas."
castilla_leon,Nava de Roa,"e-distribución Redes Digitales, S.L.U.",regional_default_candidate,exclude_from_bulk_import,no,e-distribución — distribución eléctrica,https://www.edistribucion.com/es/conocenos/instalaciones-distribucion-red/distribucion-electrica.html,official_distributor_public,2026-05-06,"No incluir en bloque e-distribución; revisar aparte por solapes grandes con i-DE, UFD y pequeñas."
castilla_leon,Nava de Sotrobal,"e-distribución Redes Digitales, S.L.U.",regional_default_candidate,exclude_from_bulk_import,no,e-distribución — distribución eléctrica,https://www.edistribucion.com/es/conocenos/instalaciones-distribucion-red/distribucion-electrica.html,official_distributor_public,2026-05-06,"No incluir en bloque e-distribución; revisar aparte por solapes grandes con i-DE, UFD y pequeñas."
castilla_leon,Nava del Barco,"e-distribución Redes Digitales, S.L.U.",regional_default_candidate,exclude_from_bulk_import,no,e-distribución — distribución eléctrica,https://www.edistribucion.com/es/conocenos/instalaciones-distribucion-red/distribucion-electrica.html,official_distributor_public,2026-05-06,"No incluir en bloque e-distribución; revisar aparte por solapes grandes con i-DE, UFD y pequeñas."
castilla_leon,Nava del Rey,"e-distribución Redes Digitales, S.L.U.",regional_default_candidate,exclude_from_bulk_import,no,e-distribución — distribución eléctrica,https://www.edistribucion.com/es/conocenos/instalaciones-distribucion-red/distribucion-electrica.html,official_distributor_public,2026-05-06,"No incluir en bloque e-distribución; revisar aparte por solapes grandes con i-DE, UFD y pequeñas."
castilla_leon,Navacarros,"e-distribución Redes Digitales, S.L.U.",regional_default_candidate,exclude_from_bulk_import,no,e-distribución — distribución eléctrica,https://www.edistribucion.com/es/conocenos/instalaciones-distribucion-red/distribucion-electrica.html,official_distributor_public,2026-05-06,"No incluir en bloque e-distribución; revisar aparte por solapes grandes con i-DE, UFD y pequeñas."
castilla_leon,Navacepedilla de Corneja,"e-distribución Redes Digitales, S.L.U.",regional_default_candidate,exclude_from_bulk_import,no,e-distribución — distribución eléctrica,https://www.edistribucion.com/es/conocenos/instalaciones-distribucion-red/distribucion-electrica.html,official_distributor_public,2026-05-06,"No incluir en bloque e-distribución; revisar aparte por solapes grandes con i-DE, UFD y pequeñas."
castilla_leon,Navadijos,"e-distribución Redes Digitales, S.L.U.",regional_default_candidate,exclude_from_bulk_import,no,e-distribución — distribución eléctrica,https://www.edistribucion.com/es/conocenos/instalaciones-distribucion-red/distribucion-electrica.html,official_distributor_public,2026-05-06,"No incluir en bloque e-distribución; revisar aparte por solapes grandes con i-DE, UFD y pequeñas."
castilla_leon,Navaescurial,"e-distribución Redes Digitales, S.L.U.",regional_default_candidate,exclude_from_bulk_import,no,e-distribución — distribución eléctrica,https://www.edistribucion.com/es/conocenos/instalaciones-distribucion-red/distribucion-electrica.html,official_distributor_public,2026-05-06,"No incluir en bloque e-distribución; revisar aparte por solapes grandes con i-DE, UFD y pequeñas."
castilla_leon,Navafría,"e-distribución Redes Digitales, S.L.U.",regional_default_candidate,exclude_from_bulk_import,no,e-distribución — distribución eléctrica,https://www.edistribucion.com/es/conocenos/instalaciones-distribucion-red/distribucion-electrica.html,official_distributor_public,2026-05-06,"No incluir en bloque e-distribución; revisar aparte por solapes grandes con i-DE, UFD y pequeñas."
castilla_leon,Navahondilla,"e-distribución Redes Digitales, S.L.U.",regional_default_candidate,exclude_from_bulk_import,no,e-distribución — distribución eléctrica,https://www.edistribucion.com/es/conocenos/instalaciones-distribucion-red/distribucion-electrica.html,official_distributor_public,2026-05-06,"No incluir en bloque e-distribución; revisar aparte por solapes grandes con i-DE, UFD y pequeñas."
castilla_leon,Navalacruz,"e-distribución Redes Digitales, S.L.U.",regional_default_candidate,exclude_from_bulk_import,no,e-distribución — distribución eléctrica,https://www.edistribucion.com/es/conocenos/instalaciones-distribucion-red/distribucion-electrica.html,official_distributor_public,2026-05-06,"No incluir en bloque e-distribución; revisar aparte por solapes grandes con i-DE, UFD y pequeñas."
castilla_leon,Navaleno,"e-distribución Redes Digitales, S.L.U.",regional_default_candidate,exclude_from_bulk_import,no,e-distribución — distribución eléctrica,https://www.edistribucion.com/es/conocenos/instalaciones-distribucion-red/distribucion-electrica.html,official_distributor_public,2026-05-06,"No incluir en bloque e-distribución; revisar aparte por solapes grandes con i-DE, UFD y pequeñas."
castilla_leon,Navales,"e-distribución Redes Digitales, S.L.U.",regional_default_candidate,exclude_from_bulk_import,no,e-distribución — distribución eléctrica,https://www.edistribucion.com/es/conocenos/instalaciones-distribucion-red/distribucion-electrica.html,official_distributor_public,2026-05-06,"No incluir en bloque e-distribución; revisar aparte por solapes grandes con i-DE, UFD y pequeñas."
castilla_leon,Navalilla,"e-distribución Redes Digitales, S.L.U.",regional_default_candidate,exclude_from_bulk_import,no,e-distribución — distribución eléctrica,https://www.edistribucion.com/es/conocenos/instalaciones-distribucion-red/distribucion-electrica.html,official_distributor_public,2026-05-06,"No incluir en bloque e-distribución; revisar aparte por solapes grandes con i-DE, UFD y pequeñas."
castilla_leon,Navalmanzano,"e-distribución Redes Digitales, S.L.U.",regional_default_candidate,exclude_from_bulk_import,no,e-distribución — distribución eléctrica,https://www.edistribucion.com/es/conocenos/instalaciones-distribucion-red/distribucion-electrica.html,official_distributor_public,2026-05-06,"No incluir en bloque e-distribución; revisar aparte por solapes grandes con i-DE, UFD y pequeñas."
castilla_leon,Navalmoral,"e-distribución Redes Digitales, S.L.U.",regional_default_candidate,exclude_from_bulk_import,no,e-distribución — distribución eléctrica,https://www.edistribucion.com/es/conocenos/instalaciones-distribucion-red/distribucion-electrica.html,official_distributor_public,2026-05-06,"No incluir en bloque e-distribución; revisar aparte por solapes grandes con i-DE, UFD y pequeñas."
castilla_leon,Navalmoral de Béjar,"e-distribución Redes Digitales, S.L.U.",regional_default_candidate,exclude_from_bulk_import,no,e-distribución — distribución eléctrica,https://www.edistribucion.com/es/conocenos/instalaciones-distribucion-red/distribucion-electrica.html,official_distributor_public,2026-05-06,"No incluir en bloque e-distribución; revisar aparte por solapes grandes con i-DE, UFD y pequeñas."
castilla_leon,Navalonguilla,"e-distribución Redes Digitales, S.L.U.",regional_default_candidate,exclude_from_bulk_import,no,e-distribución — distribución eléctrica,https://www.edistribucion.com/es/conocenos/instalaciones-distribucion-red/distribucion-electrica.html,official_distributor_public,2026-05-06,"No incluir en bloque e-distribución; revisar aparte por solapes grandes con i-DE, UFD y pequeñas."
castilla_leon,Navalosa,"e-distribución Redes Digitales, S.L.U.",regional_default_candidate,exclude_from_bulk_import,no,e-distribución — distribución eléctrica,https://www.edistribucion.com/es/conocenos/instalaciones-distribucion-red/distribucion-electrica.html,official_distributor_public,2026-05-06,"No incluir en bloque e-distribución; revisar aparte por solapes grandes con i-DE, UFD y pequeñas."
castilla_leon,Navalperal de Pinares,"e-distribución Redes Digitales, S.L.U.",regional_default_candidate,exclude_from_bulk_import,no,e-distribución — distribución eléctrica,https://www.edistribucion.com/es/conocenos/instalaciones-distribucion-red/distribucion-electrica.html,official_distributor_public,2026-05-06,"No incluir en bloque e-distribución; revisar aparte por solapes grandes con i-DE, UFD y pequeñas."
castilla_leon,Navalperal de Tormes,"e-distribución Redes Digitales, S.L.U.",regional_default_candidate,exclude_from_bulk_import,no,e-distribución — distribución eléctrica,https://www.edistribucion.com/es/conocenos/instalaciones-distribucion-red/distribucion-electrica.html,official_distributor_public,2026-05-06,"No incluir en bloque e-distribución; revisar aparte por solapes grandes con i-DE, UFD y pequeñas."
castilla_leon,Navaluenga,"e-distribución Redes Digitales, S.L.U.",regional_default_candidate,exclude_from_bulk_import,no,e-distribución — distribución eléctrica,https://www.edistribucion.com/es/conocenos/instalaciones-distribucion-red/distribucion-electrica.html,official_distributor_public,2026-05-06,"No incluir en bloque e-distribución; revisar aparte por solapes grandes con i-DE, UFD y pequeñas."
castilla_leon,Navamorales,"e-distribución Redes Digitales, S.L.U.",regional_default_candidate,exclude_from_bulk_import,no,e-distribución — distribución eléctrica,https://www.edistribucion.com/es/conocenos/instalaciones-distribucion-red/distribucion-electrica.html,official_distributor_public,2026-05-06,"No incluir en bloque e-distribución; revisar aparte por solapes grandes con i-DE, UFD y pequeñas."
castilla_leon,Navaquesera,"e-distribución Redes Digitales, S.L.U.",regional_default_candidate,exclude_from_bulk_import,no,e-distribución — distribución eléctrica,https://www.edistribucion.com/es/conocenos/instalaciones-distribucion-red/distribucion-electrica.html,official_distributor_public,2026-05-06,"No incluir en bloque e-distribución; revisar aparte por solapes grandes con i-DE, UFD y pequeñas."
castilla_leon,Navares de Ayuso,"e-distribución Redes Digitales, S.L.U.",regional_default_candidate,exclude_from_bulk_import,no,e-distribución — distribución eléctrica,https://www.edistribucion.com/es/conocenos/instalaciones-distribucion-red/distribucion-electrica.html,official_distributor_public,2026-05-06,"No incluir en bloque e-distribución; revisar aparte por solapes grandes con i-DE, UFD y pequeñas."
castilla_leon,Navares de Enmedio,"e-distribución Redes Digitales, S.L.U.",regional_default_candidate,exclude_from_bulk_import,no,e-distribución — distribución eléctrica,https://www.edistribucion.com/es/conocenos/instalaciones-distribucion-red/distribucion-electrica.html,official_distributor_public,2026-05-06,"No incluir en bloque e-distribución; revisar aparte por solapes grandes con i-DE, UFD y pequeñas."
castilla_leon,Navares de las Cuevas,"e-distribución Redes Digitales, S.L.U.",regional_default_candidate,exclude_from_bulk_import,no,e-distribución — distribución eléctrica,https://www.edistribucion.com/es/conocenos/instalaciones-distribucion-red/distribucion-electrica.html,official_distributor_public,2026-05-06,"No incluir en bloque e-distribución; revisar aparte por solapes grandes con i-DE, UFD y pequeñas."
castilla_leon,Navarredonda de Gredos,"e-distribución Redes Digitales, S.L.U.",regional_default_candidate,exclude_from_bulk_import,no,e-distribución — distribución eléctrica,https://www.edistribucion.com/es/conocenos/instalaciones-distribucion-red/distribucion-electrica.html,official_distributor_public,2026-05-06,"No incluir en bloque e-distribución; revisar aparte por solapes grandes con i-DE, UFD y pequeñas."
castilla_leon,Navarredonda de la Rinconada,"e-distribución Redes Digitales, S.L.U.",regional_default_candidate,exclude_from_bulk_import,no,e-distribución — distribución eléctrica,https://www.edistribucion.com/es/conocenos/instalaciones-distribucion-red/distribucion-electrica.html,official_distributor_public,2026-05-06,"No incluir en bloque e-distribución; revisar aparte por solapes grandes con i-DE, UFD y pequeñas."
castilla_leon,Navarredondilla,"e-distribución Redes Digitales, S.L.U.",regional_default_candidate,exclude_from_bulk_import,no,e-distribución — distribución eléctrica,https://www.edistribucion.com/es/conocenos/instalaciones-distribucion-red/distribucion-electrica.html,official_distributor_public,2026-05-06,"No incluir en bloque e-distribución; revisar aparte por solapes grandes con i-DE, UFD y pequeñas."
castilla_leon,Navarrevisca,"e-distribución Redes Digitales, S.L.U.",regional_default_candidate,exclude_from_bulk_import,no,e-distribución — distribución eléctrica,https://www.edistribucion.com/es/conocenos/instalaciones-distribucion-red/distribucion-electrica.html,official_distributor_public,2026-05-06,"No incluir en bloque e-distribución; revisar aparte por solapes grandes con i-DE, UFD y pequeñas."
castilla_leon,Navas de Bureba,"e-distribución Redes Digitales, S.L.U.",regional_default_candidate,exclude_from_bulk_import,no,e-distribución — distribución eléctrica,https://www.edistribucion.com/es/conocenos/instalaciones-distribucion-red/distribucion-electrica.html,official_distributor_public,2026-05-06,"No incluir en bloque e-distribución; revisar aparte por solapes grandes con i-DE, UFD y pequeñas."
castilla_leon,Navas de Oro,"e-distribución Redes Digitales, S.L.U.",regional_default_candidate,exclude_from_bulk_import,no,e-distribución — distribución eléctrica,https://www.edistribucion.com/es/conocenos/instalaciones-distribucion-red/distribucion-electrica.html,official_distributor_public,2026-05-06,"No incluir en bloque e-distribución; revisar aparte por solapes grandes con i-DE, UFD y pequeñas."
castilla_leon,Navas de Riofrío,"e-distribución Redes Digitales, S.L.U.",regional_default_candidate,exclude_from_bulk_import,no,e-distribución — distribución eléctrica,https://www.edistribucion.com/es/conocenos/instalaciones-distribucion-red/distribucion-electrica.html,official_distributor_public,2026-05-06,"No incluir en bloque e-distribución; revisar aparte por solapes grandes con i-DE, UFD y pequeñas."
castilla_leon,Navas de San Antonio,"e-distribución Redes Digitales, S.L.U.",regional_default_candidate,exclude_from_bulk_import,no,e-distribución — distribución eléctrica,https://www.edistribucion.com/es/conocenos/instalaciones-distribucion-red/distribucion-electrica.html,official_distributor_public,2026-05-06,"No incluir en bloque e-distribución; revisar aparte por solapes grandes con i-DE, UFD y pequeñas."
castilla_leon,Navasfrías,"e-distribución Redes Digitales, S.L.U.",regional_default_candidate,exclude_from_bulk_import,no,e-distribución — distribución eléctrica,https://www.edistribucion.com/es/conocenos/instalaciones-distribucion-red/distribucion-electrica.html,official_distributor_public,2026-05-06,"No incluir en bloque e-distribución; revisar aparte por solapes grandes con i-DE, UFD y pequeñas."
castilla_leon,Navatalgordo,"e-distribución Redes Digitales, S.L.U.",regional_default_candidate,exclude_from_bulk_import,no,e-distribución — distribución eléctrica,https://www.edistribucion.com/es/conocenos/instalaciones-distribucion-red/distribucion-electrica.html,official_distributor_public,2026-05-06,"No incluir en bloque e-distribución; revisar aparte por solapes grandes con i-DE, UFD y pequeñas."
castilla_leon,Navatejares,"e-distribución Redes Digitales, S.L.U.",regional_default_candidate,exclude_from_bulk_import,no,e-distribución — distribución eléctrica,https://www.edistribucion.com/es/conocenos/instalaciones-distribucion-red/distribucion-electrica.html,official_distributor_public,2026-05-06,"No incluir en bloque e-distribución; revisar aparte por solapes grandes con i-DE, UFD y pequeñas."
castilla_leon,Navianos de Valverde,"e-distribución Redes Digitales, S.L.U.",regional_default_candidate,exclude_from_bulk_import,no,e-distribución — distribución eléctrica,https://www.edistribucion.com/es/conocenos/instalaciones-distribucion-red/distribucion-electrica.html,official_distributor_public,2026-05-06,"No incluir en bloque e-distribución; revisar aparte por solapes grandes con i-DE, UFD y pequeñas."
castilla_leon,Nebreda,"e-distribución Redes Digitales, S.L.U.",regional_default_candidate,exclude_from_bulk_import,no,e-distribución — distribución eléctrica,https://www.edistribucion.com/es/conocenos/instalaciones-distribucion-red/distribucion-electrica.html,official_distributor_public,2026-05-06,"No incluir en bloque e-distribución; revisar aparte por solapes grandes con i-DE, UFD y pequeñas."
castilla_leon,Negrilla de Palencia,"e-distribución Redes Digitales, S.L.U.",regional_default_candidate,exclude_from_bulk_import,no,e-distribución — distribución eléctrica,https://www.edistribucion.com/es/conocenos/instalaciones-distribucion-red/distribucion-electrica.html,official_distributor_public,2026-05-06,"No incluir en bloque e-distribución; revisar aparte por solapes grandes con i-DE, UFD y pequeñas."
castilla_leon,Neila,"e-distribución Redes Digitales, S.L.U.",regional_default_candidate,exclude_from_bulk_import,no,e-distribución — distribución eléctrica,https://www.edistribucion.com/es/conocenos/instalaciones-distribucion-red/distribucion-electrica.html,official_distributor_public,2026-05-06,"No incluir en bloque e-distribución; revisar aparte por solapes grandes con i-DE, UFD y pequeñas."
castilla_leon,Neila de San Miguel,"e-distribución Redes Digitales, S.L.U.",regional_default_candidate,exclude_from_bulk_import,no,e-distribución — distribución eléctrica,https://www.edistribucion.com/es/conocenos/instalaciones-distribucion-red/distribucion-electrica.html,official_distributor_public,2026-05-06,"No incluir en bloque e-distribución; revisar aparte por solapes grandes con i-DE, UFD y pequeñas."
castilla_leon,Nepas,"e-distribución Redes Digitales, S.L.U.",regional_default_candidate,exclude_from_bulk_import,no,e-distribución — distribución eléctrica,https://www.edistribucion.com/es/conocenos/instalaciones-distribucion-red/distribucion-electrica.html,official_distributor_public,2026-05-06,"No incluir en bloque e-distribución; revisar aparte por solapes grandes con i-DE, UFD y pequeñas."
castilla_leon,Nieva,"e-distribución Redes Digitales, S.L.U.",regional_default_candidate,exclude_from_bulk_import,no,e-distribución — distribución eléctrica,https://www.edistribucion.com/es/conocenos/instalaciones-distribucion-red/distribucion-electrica.html,official_distributor_public,2026-05-06,"No incluir en bloque e-distribución; revisar aparte por solapes grandes con i-DE, UFD y pequeñas."
castilla_leon,Niharra,"e-distribución Redes Digitales, S.L.U.",regional_default_candidate,exclude_from_bulk_import,no,e-distribución — distribución eléctrica,https://www.edistribucion.com/es/conocenos/instalaciones-distribucion-red/distribucion-electrica.html,official_distributor_public,2026-05-06,"No incluir en bloque e-distribución; revisar aparte por solapes grandes con i-DE, UFD y pequeñas."
castilla_leon,Noceda del Bierzo,"e-distribución Redes Digitales, S.L.U.",regional_default_candidate,exclude_from_bulk_import,no,e-distribución — distribución eléctrica,https://www.edistribucion.com/es/conocenos/instalaciones-distribucion-red/distribucion-electrica.html,official_distributor_public,2026-05-06,"No incluir en bloque e-distribución; revisar aparte por solapes grandes con i-DE, UFD y pequeñas."
castilla_leon,Nogal de las Huertas,"e-distribución Redes Digitales, S.L.U.",regional_default_candidate,exclude_from_bulk_import,no,e-distribución — distribución eléctrica,https://www.edistribucion.com/es/conocenos/instalaciones-distribucion-red/distribucion-electrica.html,official_distributor_public,2026-05-06,"No incluir en bloque e-distribución; revisar aparte por solapes grandes con i-DE, UFD y pequeñas."
castilla_leon,Nolay,"e-distribución Redes Digitales, S.L.U.",regional_default_candidate,exclude_from_bulk_import,no,e-distribución — distribución eléctrica,https://www.edistribucion.com/es/conocenos/instalaciones-distribucion-red/distribucion-electrica.html,official_distributor_public,2026-05-06,"No incluir en bloque e-distribución; revisar aparte por solapes grandes con i-DE, UFD y pequeñas."
castilla_leon,Noviercas,"e-distribución Redes Digitales, S.L.U.",regional_default_candidate,exclude_from_bulk_import,no,e-distribución — distribución eléctrica,https://www.edistribucion.com/es/conocenos/instalaciones-distribucion-red/distribucion-electrica.html,official_distributor_public,2026-05-06,"No incluir en bloque e-distribución; revisar aparte por solapes grandes con i-DE, UFD y pequeñas."
castilla_leon,Nueva Villa de las Torres,"e-distribución Redes Digitales, S.L.U.",regional_default_candidate,exclude_from_bulk_import,no,e-distribución — distribución eléctrica,https://www.edistribucion.com/es/conocenos/instalaciones-distribucion-red/distribucion-electrica.html,official_distributor_public,2026-05-06,"No incluir en bloque e-distribución; revisar aparte por solapes grandes con i-DE, UFD y pequeñas."
castilla_leon,Oencia,"e-distribución Redes Digitales, S.L.U.",regional_default_candidate,exclude_from_bulk_import,no,e-distribución — distribución eléctrica,https://www.edistribucion.com/es/conocenos/instalaciones-distribucion-red/distribucion-electrica.html,official_distributor_public,2026-05-06,"No incluir en bloque e-distribución; revisar aparte por solapes grandes con i-DE, UFD y pequeñas."
castilla_leon,Ojos-Albos,"e-distribución Redes Digitales, S.L.U.",regional_default_candidate,exclude_from_bulk_import,no,e-distribución — distribución eléctrica,https://www.edistribucion.com/es/conocenos/instalaciones-distribucion-red/distribucion-electrica.html,official_distributor_public,2026-05-06,"No incluir en bloque e-distribución; revisar aparte por solapes grandes con i-DE, UFD y pequeñas."
castilla_leon,Olea de Boedo,"e-distribución Redes Digitales, S.L.U.",regional_default_candidate,exclude_from_bulk_import,no,e-distribución — distribución eléctrica,https://www.edistribucion.com/es/conocenos/instalaciones-distribucion-red/distribucion-electrica.html,official_distributor_public,2026-05-06,"No incluir en bloque e-distribución; revisar aparte por solapes grandes con i-DE, UFD y pequeñas."
castilla_leon,Olivares de Duero,"e-distribución Redes Digitales, S.L.U.",regional_default_candidate,exclude_from_bulk_import,no,e-distribución — distribución eléctrica,https://www.edistribucion.com/es/conocenos/instalaciones-distribucion-red/distribucion-electrica.html,official_distributor_public,2026-05-06,"No incluir en bloque e-distribución; revisar aparte por solapes grandes con i-DE, UFD y pequeñas."
castilla_leon,Olmedillo de Roa,"e-distribución Redes Digitales, S.L.U.",regional_default_candidate,exclude_from_bulk_import,no,e-distribución — distribución eléctrica,https://www.edistribucion.com/es/conocenos/instalaciones-distribucion-red/distribucion-electrica.html,official_distributor_public,2026-05-06,"No incluir en bloque e-distribución; revisar aparte por solapes grandes con i-DE, UFD y pequeñas."
castilla_leon,Olmedo,"e-distribución Redes Digitales, S.L.U.",regional_default_candidate,exclude_from_bulk_import,no,e-distribución — distribución eléctrica,https://www.edistribucion.com/es/conocenos/instalaciones-distribucion-red/distribucion-electrica.html,official_distributor_public,2026-05-06,"No incluir en bloque e-distribución; revisar aparte por solapes grandes con i-DE, UFD y pequeñas."
castilla_leon,Olmedo de Camaces,"e-distribución Redes Digitales, S.L.U.",regional_default_candidate,exclude_from_bulk_import,no,e-distribución — distribución eléctrica,https://www.edistribucion.com/es/conocenos/instalaciones-distribucion-red/distribucion-electrica.html,official_distributor_public,2026-05-06,"No incluir en bloque e-distribución; revisar aparte por solapes grandes con i-DE, UFD y pequeñas."
castilla_leon,Olmillos de Castro,"e-distribución Redes Digitales, S.L.U.",regional_default_candidate,exclude_from_bulk_import,no,e-distribución — distribución eléctrica,https://www.edistribucion.com/es/conocenos/instalaciones-distribucion-red/distribucion-electrica.html,official_distributor_public,2026-05-06,"No incluir en bloque e-distribución; revisar aparte por solapes grandes con i-DE, UFD y pequeñas."
castilla_leon,Olmillos de Muñó,"e-distribución Redes Digitales, S.L.U.",regional_default_candidate,exclude_from_bulk_import,no,e-distribución — distribución eléctrica,https://www.edistribucion.com/es/conocenos/instalaciones-distribucion-red/distribucion-electrica.html,official_distributor_public,2026-05-06,"No incluir en bloque e-distribución; revisar aparte por solapes grandes con i-DE, UFD y pequeñas."
castilla_leon,Olmos de Esgueva,"e-distribución Redes Digitales, S.L.U.",regional_default_candidate,exclude_from_bulk_import,no,e-distribución — distribución eléctrica,https://www.edistribucion.com/es/conocenos/instalaciones-distribucion-red/distribucion-electrica.html,official_distributor_public,2026-05-06,"No incluir en bloque e-distribución; revisar aparte por solapes grandes con i-DE, UFD y pequeñas."
castilla_leon,Olmos de Ojeda,"e-distribución Redes Digitales, S.L.U.",regional_default_candidate,exclude_from_bulk_import,no,e-distribución — distribución eléctrica,https://www.edistribucion.com/es/conocenos/instalaciones-distribucion-red/distribucion-electrica.html,official_distributor_public,2026-05-06,"No incluir en bloque e-distribución; revisar aparte por solapes grandes con i-DE, UFD y pequeñas."
castilla_leon,Olmos de Peñafiel,"e-distribución Redes Digitales, S.L.U.",regional_default_candidate,exclude_from_bulk_import,no,e-distribución — distribución eléctrica,https://www.edistribucion.com/es/conocenos/instalaciones-distribucion-red/distribucion-electrica.html,official_distributor_public,2026-05-06,"No incluir en bloque e-distribución; revisar aparte por solapes grandes con i-DE, UFD y pequeñas."
castilla_leon,Olombrada,"e-distribución Redes Digitales, S.L.U.",regional_default_candidate,exclude_from_bulk_import,no,e-distribución — distribución eléctrica,https://www.edistribucion.com/es/conocenos/instalaciones-distribucion-red/distribucion-electrica.html,official_distributor_public,2026-05-06,"No incluir en bloque e-distribución; revisar aparte por solapes grandes con i-DE, UFD y pequeñas."
castilla_leon,Ólvega,"e-distribución Redes Digitales, S.L.U.",regional_default_candidate,exclude_from_bulk_import,no,e-distribución — distribución eléctrica,https://www.edistribucion.com/es/conocenos/instalaciones-distribucion-red/distribucion-electrica.html,official_distributor_public,2026-05-06,"No incluir en bloque e-distribución; revisar aparte por solapes grandes con i-DE, UFD y pequeñas."
castilla_leon,Oña,"e-distribución Redes Digitales, S.L.U.",regional_default_candidate,exclude_from_bulk_import,no,e-distribución — distribución eléctrica,https://www.edistribucion.com/es/conocenos/instalaciones-distribucion-red/distribucion-electrica.html,official_distributor_public,2026-05-06,"No incluir en bloque e-distribución; revisar aparte por solapes grandes con i-DE, UFD y pequeñas."
castilla_leon,Oncala,"e-distribución Redes Digitales, S.L.U.",regional_default_candidate,exclude_from_bulk_import,no,e-distribución — distribución eléctrica,https://www.edistribucion.com/es/conocenos/instalaciones-distribucion-red/distribucion-electrica.html,official_distributor_public,2026-05-06,"No incluir en bloque e-distribución; revisar aparte por solapes grandes con i-DE, UFD y pequeñas."
castilla_leon,Onzonilla,"e-distribución Redes Digitales, S.L.U.",regional_default_candidate,exclude_from_bulk_import,no,e-distribución — distribución eléctrica,https://www.edistribucion.com/es/conocenos/instalaciones-distribucion-red/distribucion-electrica.html,official_distributor_public,2026-05-06,"No incluir en bloque e-distribución; revisar aparte por solapes grandes con i-DE, UFD y pequeñas."
castilla_leon,Oquillas,"e-distribución Redes Digitales, S.L.U.",regional_default_candidate,exclude_from_bulk_import,no,e-distribución — distribución eléctrica,https://www.edistribucion.com/es/conocenos/instalaciones-distribucion-red/distribucion-electrica.html,official_distributor_public,2026-05-06,"No incluir en bloque e-distribución; revisar aparte por solapes grandes con i-DE, UFD y pequeñas."
castilla_leon,Orbaneja Riopico,"e-distribución Redes Digitales, S.L.U.",regional_default_candidate,exclude_from_bulk_import,no,e-distribución — distribución eléctrica,https://www.edistribucion.com/es/conocenos/instalaciones-distribucion-red/distribucion-electrica.html,official_distributor_public,2026-05-06,"No incluir en bloque e-distribución; revisar aparte por solapes grandes con i-DE, UFD y pequeñas."
castilla_leon,Orbita,"e-distribución Redes Digitales, S.L.U.",regional_default_candidate,exclude_from_bulk_import,no,e-distribución — distribución eléctrica,https://www.edistribucion.com/es/conocenos/instalaciones-distribucion-red/distribucion-electrica.html,official_distributor_public,2026-05-06,"No incluir en bloque e-distribución; revisar aparte por solapes grandes con i-DE, UFD y pequeñas."
castilla_leon,Orejana,"e-distribución Redes Digitales, S.L.U.",regional_default_candidate,exclude_from_bulk_import,no,e-distribución — distribución eléctrica,https://www.edistribucion.com/es/conocenos/instalaciones-distribucion-red/distribucion-electrica.html,official_distributor_public,2026-05-06,"No incluir en bloque e-distribución; revisar aparte por solapes grandes con i-DE, UFD y pequeñas."
castilla_leon,Ortigosa de Pestaño,"e-distribución Redes Digitales, S.L.U.",regional_default_candidate,exclude_from_bulk_import,no,e-distribución — distribución eléctrica,https://www.edistribucion.com/es/conocenos/instalaciones-distribucion-red/distribucion-electrica.html,official_distributor_public,2026-05-06,"No incluir en bloque e-distribución; revisar aparte por solapes grandes con i-DE, UFD y pequeñas."
castilla_leon,Ortigosa del Monte,"e-distribución Redes Digitales, S.L.U.",regional_default_candidate,exclude_from_bulk_import,no,e-distribución — distribución eléctrica,https://www.edistribucion.com/es/conocenos/instalaciones-distribucion-red/distribucion-electrica.html,official_distributor_public,2026-05-06,"No incluir en bloque e-distribución; revisar aparte por solapes grandes con i-DE, UFD y pequeñas."
castilla_leon,Oseja de Sajambre,"e-distribución Redes Digitales, S.L.U.",regional_default_candidate,exclude_from_bulk_import,no,e-distribución — distribución eléctrica,https://www.edistribucion.com/es/conocenos/instalaciones-distribucion-red/distribucion-electrica.html,official_distributor_public,2026-05-06,"No incluir en bloque e-distribución; revisar aparte por solapes grandes con i-DE, UFD y pequeñas."
castilla_leon,Osornillo,"e-distribución Redes Digitales, S.L.U.",regional_default_candidate,exclude_from_bulk_import,no,e-distribución — distribución eléctrica,https://www.edistribucion.com/es/conocenos/instalaciones-distribucion-red/distribucion-electrica.html,official_distributor_public,2026-05-06,"No incluir en bloque e-distribución; revisar aparte por solapes grandes con i-DE, UFD y pequeñas."
castilla_leon,Osorno la Mayor,"e-distribución Redes Digitales, S.L.U.",regional_default_candidate,exclude_from_bulk_import,no,e-distribución — distribución eléctrica,https://www.edistribucion.com/es/conocenos/instalaciones-distribucion-red/distribucion-electrica.html,official_distributor_public,2026-05-06,"No incluir en bloque e-distribución; revisar aparte por solapes grandes con i-DE, UFD y pequeñas."
castilla_leon,Otero de Bodas,"e-distribución Redes Digitales, S.L.U.",regional_default_candidate,exclude_from_bulk_import,no,e-distribución — distribución eléctrica,https://www.edistribucion.com/es/conocenos/instalaciones-distribucion-red/distribucion-electrica.html,official_distributor_public,2026-05-06,"No incluir en bloque e-distribución; revisar aparte por solapes grandes con i-DE, UFD y pequeñas."
castilla_leon,Otero de Herreros,"e-distribución Redes Digitales, S.L.U.",regional_default_candidate,exclude_from_bulk_import,no,e-distribución — distribución eléctrica,https://www.edistribucion.com/es/conocenos/instalaciones-distribucion-red/distribucion-electrica.html,official_distributor_public,2026-05-06,"No incluir en bloque e-distribución; revisar aparte por solapes grandes con i-DE, UFD y pequeñas."
castilla_leon,Padiernos,"e-distribución Redes Digitales, S.L.U.",regional_default_candidate,exclude_from_bulk_import,no,e-distribución — distribución eléctrica,https://www.edistribucion.com/es/conocenos/instalaciones-distribucion-red/distribucion-electrica.html,official_distributor_public,2026-05-06,"No incluir en bloque e-distribución; revisar aparte por solapes grandes con i-DE, UFD y pequeñas."
castilla_leon,Padilla de Abajo,"e-distribución Redes Digitales, S.L.U.",regional_default_candidate,exclude_from_bulk_import,no,e-distribución — distribución eléctrica,https://www.edistribucion.com/es/conocenos/instalaciones-distribucion-red/distribucion-electrica.html,official_distributor_public,2026-05-06,"No incluir en bloque e-distribución; revisar aparte por solapes grandes con i-DE, UFD y pequeñas."
castilla_leon,Padilla de Arriba,"e-distribución Redes Digitales, S.L.U.",regional_default_candidate,exclude_from_bulk_import,no,e-distribución — distribución eléctrica,https://www.edistribucion.com/es/conocenos/instalaciones-distribucion-red/distribucion-electrica.html,official_distributor_public,2026-05-06,"No incluir en bloque e-distribución; revisar aparte por solapes grandes con i-DE, UFD y pequeñas."
castilla_leon,Padrones de Bureba,"e-distribución Redes Digitales, S.L.U.",regional_default_candidate,exclude_from_bulk_import,no,e-distribución — distribución eléctrica,https://www.edistribucion.com/es/conocenos/instalaciones-distribucion-red/distribucion-electrica.html,official_distributor_public,2026-05-06,"No incluir en bloque e-distribución; revisar aparte por solapes grandes con i-DE, UFD y pequeñas."
castilla_leon,Pajarejos,"e-distribución Redes Digitales, S.L.U.",regional_default_candidate,exclude_from_bulk_import,no,e-distribución — distribución eléctrica,https://www.edistribucion.com/es/conocenos/instalaciones-distribucion-red/distribucion-electrica.html,official_distributor_public,2026-05-06,"No incluir en bloque e-distribución; revisar aparte por solapes grandes con i-DE, UFD y pequeñas."
castilla_leon,Pajares de Adaja,"e-distribución Redes Digitales, S.L.U.",regional_default_candidate,exclude_from_bulk_import,no,e-distribución — distribución eléctrica,https://www.edistribucion.com/es/conocenos/instalaciones-distribucion-red/distribucion-electrica.html,official_distributor_public,2026-05-06,"No incluir en bloque e-distribución; revisar aparte por solapes grandes con i-DE, UFD y pequeñas."
castilla_leon,Pajares de la Laguna,"e-distribución Redes Digitales, S.L.U.",regional_default_candidate,exclude_from_bulk_import,no,e-distribución — distribución eléctrica,https://www.edistribucion.com/es/conocenos/instalaciones-distribucion-red/distribucion-electrica.html,official_distributor_public,2026-05-06,"No incluir en bloque e-distribución; revisar aparte por solapes grandes con i-DE, UFD y pequeñas."
castilla_leon,Pajares de la Lampreana,"e-distribución Redes Digitales, S.L.U.",regional_default_candidate,exclude_from_bulk_import,no,e-distribución — distribución eléctrica,https://www.edistribucion.com/es/conocenos/instalaciones-distribucion-red/distribucion-electrica.html,official_distributor_public,2026-05-06,"No incluir en bloque e-distribución; revisar aparte por solapes grandes con i-DE, UFD y pequeñas."
castilla_leon,Pajares de los Oteros,"e-distribución Redes Digitales, S.L.U.",regional_default_candidate,exclude_from_bulk_import,no,e-distribución — distribución eléctrica,https://www.edistribucion.com/es/conocenos/instalaciones-distribucion-red/distribucion-electrica.html,official_distributor_public,2026-05-06,"No incluir en bloque e-distribución; revisar aparte por solapes grandes con i-DE, UFD y pequeñas."
castilla_leon,Palacios de Goda,"e-distribución Redes Digitales, S.L.U.",regional_default_candidate,exclude_from_bulk_import,no,e-distribución — distribución eléctrica,https://www.edistribucion.com/es/conocenos/instalaciones-distribucion-red/distribucion-electrica.html,official_distributor_public,2026-05-06,"No incluir en bloque e-distribución; revisar aparte por solapes grandes con i-DE, UFD y pequeñas."
castilla_leon,Palacios de la Sierra,"e-distribución Redes Digitales, S.L.U.",regional_default_candidate,exclude_from_bulk_import,no,e-distribución — distribución eléctrica,https://www.edistribucion.com/es/conocenos/instalaciones-distribucion-red/distribucion-electrica.html,official_distributor_public,2026-05-06,"No incluir en bloque e-distribución; revisar aparte por solapes grandes con i-DE, UFD y pequeñas."
castilla_leon,Palacios de la Valduerna,"e-distribución Redes Digitales, S.L.U.",regional_default_candidate,exclude_from_bulk_import,no,e-distribución — distribución eléctrica,https://www.edistribucion.com/es/conocenos/instalaciones-distribucion-red/distribucion-electrica.html,official_distributor_public,2026-05-06,"No incluir en bloque e-distribución; revisar aparte por solapes grandes con i-DE, UFD y pequeñas."
castilla_leon,Palacios de Riopisuerga,"e-distribución Redes Digitales, S.L.U.",regional_default_candidate,exclude_from_bulk_import,no,e-distribución — distribución eléctrica,https://www.edistribucion.com/es/conocenos/instalaciones-distribucion-red/distribucion-electrica.html,official_distributor_public,2026-05-06,"No incluir en bloque e-distribución; revisar aparte por solapes grandes con i-DE, UFD y pequeñas."
castilla_leon,Palacios de Sanabria,"e-distribución Redes Digitales, S.L.U.",regional_default_candidate,exclude_from_bulk_import,no,e-distribución — distribución eléctrica,https://www.edistribucion.com/es/conocenos/instalaciones-distribucion-red/distribucion-electrica.html,official_distributor_public,2026-05-06,"No incluir en bloque e-distribución; revisar aparte por solapes grandes con i-DE, UFD y pequeñas."
castilla_leon,Palacios del Arzobispo,"e-distribución Redes Digitales, S.L.U.",regional_default_candidate,exclude_from_bulk_import,no,e-distribución — distribución eléctrica,https://www.edistribucion.com/es/conocenos/instalaciones-distribucion-red/distribucion-electrica.html,official_distributor_public,2026-05-06,"No incluir en bloque e-distribución; revisar aparte por solapes grandes con i-DE, UFD y pequeñas."
castilla_leon,Palacios del Pan,"e-distribución Redes Digitales, S.L.U.",regional_default_candidate,exclude_from_bulk_import,no,e-distribución — distribución eléctrica,https://www.edistribucion.com/es/conocenos/instalaciones-distribucion-red/distribucion-electrica.html,official_distributor_public,2026-05-06,"No incluir en bloque e-distribución; revisar aparte por solapes grandes con i-DE, UFD y pequeñas."
castilla_leon,Palacios del Sil,"e-distribución Redes Digitales, S.L.U.",regional_default_candidate,exclude_from_bulk_import,no,e-distribución — distribución eléctrica,https://www.edistribucion.com/es/conocenos/instalaciones-distribucion-red/distribucion-electrica.html,official_distributor_public,2026-05-06,"No incluir en bloque e-distribución; revisar aparte por solapes grandes con i-DE, UFD y pequeñas."
castilla_leon,Palaciosrubios,"e-distribución Redes Digitales, S.L.U.",regional_default_candidate,exclude_from_bulk_import,no,e-distribución — distribución eléctrica,https://www.edistribucion.com/es/conocenos/instalaciones-distribucion-red/distribucion-electrica.html,official_distributor_public,2026-05-06,"No incluir en bloque e-distribución; revisar aparte por solapes grandes con i-DE, UFD y pequeñas."
castilla_leon,Palazuelo de Vedija,"e-distribución Redes Digitales, S.L.U.",regional_default_candidate,exclude_from_bulk_import,no,e-distribución — distribución eléctrica,https://www.edistribucion.com/es/conocenos/instalaciones-distribucion-red/distribucion-electrica.html,official_distributor_public,2026-05-06,"No incluir en bloque e-distribución; revisar aparte por solapes grandes con i-DE, UFD y pequeñas."
castilla_leon,Palazuelos de Eresma,"e-distribución Redes Digitales, S.L.U.",regional_default_candidate,exclude_from_bulk_import,no,e-distribución — distribución eléctrica,https://www.edistribucion.com/es/conocenos/instalaciones-distribucion-red/distribucion-electrica.html,official_distributor_public,2026-05-06,"No incluir en bloque e-distribución; revisar aparte por solapes grandes con i-DE, UFD y pequeñas."
castilla_leon,Palazuelos de la Sierra,"e-distribución Redes Digitales, S.L.U.",regional_default_candidate,exclude_from_bulk_import,no,e-distribución — distribución eléctrica,https://www.edistribucion.com/es/conocenos/instalaciones-distribucion-red/distribucion-electrica.html,official_distributor_public,2026-05-06,"No incluir en bloque e-distribución; revisar aparte por solapes grandes con i-DE, UFD y pequeñas."
castilla_leon,Palazuelos de Muñó,"e-distribución Redes Digitales, S.L.U.",regional_default_candidate,exclude_from_bulk_import,no,e-distribución — distribución eléctrica,https://www.edistribucion.com/es/conocenos/instalaciones-distribucion-red/distribucion-electrica.html,official_distributor_public,2026-05-06,"No incluir en bloque e-distribución; revisar aparte por solapes grandes con i-DE, UFD y pequeñas."
castilla_leon,Palencia,"e-distribución Redes Digitales, S.L.U.",regional_default_candidate,exclude_from_bulk_import,no,e-distribución — distribución eléctrica,https://www.edistribucion.com/es/conocenos/instalaciones-distribucion-red/distribucion-electrica.html,official_distributor_public,2026-05-06,"No incluir en bloque e-distribución; revisar aparte por solapes grandes con i-DE, UFD y pequeñas."
castilla_leon,Palencia de Negrilla,"e-distribución Redes Digitales, S.L.U.",regional_default_candidate,exclude_from_bulk_import,no,e-distribución — distribución eléctrica,https://www.edistribucion.com/es/conocenos/instalaciones-distribucion-red/distribucion-electrica.html,official_distributor_public,2026-05-06,"No incluir en bloque e-distribución; revisar aparte por solapes grandes con i-DE, UFD y pequeñas."
castilla_leon,Palenzuela,"e-distribución Redes Digitales, S.L.U.",regional_default_candidate,exclude_from_bulk_import,no,e-distribución — distribución eléctrica,https://www.edistribucion.com/es/conocenos/instalaciones-distribucion-red/distribucion-electrica.html,official_distributor_public,2026-05-06,"No incluir en bloque e-distribución; revisar aparte por solapes grandes con i-DE, UFD y pequeñas."
castilla_leon,Pampliega,"e-distribución Redes Digitales, S.L.U.",regional_default_candidate,exclude_from_bulk_import,no,e-distribución — distribución eléctrica,https://www.edistribucion.com/es/conocenos/instalaciones-distribucion-red/distribucion-electrica.html,official_distributor_public,2026-05-06,"No incluir en bloque e-distribución; revisar aparte por solapes grandes con i-DE, UFD y pequeñas."
castilla_leon,Pancorbo,"e-distribución Redes Digitales, S.L.U.",regional_default_candidate,exclude_from_bulk_import,no,e-distribución — distribución eléctrica,https://www.edistribucion.com/es/conocenos/instalaciones-distribucion-red/distribucion-electrica.html,official_distributor_public,2026-05-06,"No incluir en bloque e-distribución; revisar aparte por solapes grandes con i-DE, UFD y pequeñas."
castilla_leon,Papatrigo,"e-distribución Redes Digitales, S.L.U.",regional_default_candidate,exclude_from_bulk_import,no,e-distribución — distribución eléctrica,https://www.edistribucion.com/es/conocenos/instalaciones-distribucion-red/distribucion-electrica.html,official_distributor_public,2026-05-06,"No incluir en bloque e-distribución; revisar aparte por solapes grandes con i-DE, UFD y pequeñas."
castilla_leon,Parada de Arriba,"e-distribución Redes Digitales, S.L.U.",regional_default_candidate,exclude_from_bulk_import,no,e-distribución — distribución eléctrica,https://www.edistribucion.com/es/conocenos/instalaciones-distribucion-red/distribucion-electrica.html,official_distributor_public,2026-05-06,"No incluir en bloque e-distribución; revisar aparte por solapes grandes con i-DE, UFD y pequeñas."
castilla_leon,Parada de Rubiales,"e-distribución Redes Digitales, S.L.U.",regional_default_candidate,exclude_from_bulk_import,no,e-distribución — distribución eléctrica,https://www.edistribucion.com/es/conocenos/instalaciones-distribucion-red/distribucion-electrica.html,official_distributor_public,2026-05-06,"No incluir en bloque e-distribución; revisar aparte por solapes grandes con i-DE, UFD y pequeñas."
castilla_leon,Paradinas de San Juan,"e-distribución Redes Digitales, S.L.U.",regional_default_candidate,exclude_from_bulk_import,no,e-distribución — distribución eléctrica,https://www.edistribucion.com/es/conocenos/instalaciones-distribucion-red/distribucion-electrica.html,official_distributor_public,2026-05-06,"No incluir en bloque e-distribución; revisar aparte por solapes grandes con i-DE, UFD y pequeñas."
castilla_leon,Páramo de Boedo,"e-distribución Redes Digitales, S.L.U.",regional_default_candidate,exclude_from_bulk_import,no,e-distribución — distribución eléctrica,https://www.edistribucion.com/es/conocenos/instalaciones-distribucion-red/distribucion-electrica.html,official_distributor_public,2026-05-06,"No incluir en bloque e-distribución; revisar aparte por solapes grandes con i-DE, UFD y pequeñas."
castilla_leon,Páramo del Sil,"e-distribución Redes Digitales, S.L.U.",regional_default_candidate,exclude_from_bulk_import,no,e-distribución — distribución eléctrica,https://www.edistribucion.com/es/conocenos/instalaciones-distribucion-red/distribucion-electrica.html,official_distributor_public,2026-05-06,"No incluir en bloque e-distribución; revisar aparte por solapes grandes con i-DE, UFD y pequeñas."
castilla_leon,Pardilla,"e-distribución Redes Digitales, S.L.U.",regional_default_candidate,exclude_from_bulk_import,no,e-distribución — distribución eléctrica,https://www.edistribucion.com/es/conocenos/instalaciones-distribucion-red/distribucion-electrica.html,official_distributor_public,2026-05-06,"No incluir en bloque e-distribución; revisar aparte por solapes grandes con i-DE, UFD y pequeñas."
castilla_leon,Paredes de Nava,"e-distribución Redes Digitales, S.L.U.",regional_default_candidate,exclude_from_bulk_import,no,e-distribución — distribución eléctrica,https://www.edistribucion.com/es/conocenos/instalaciones-distribucion-red/distribucion-electrica.html,official_distributor_public,2026-05-06,"No incluir en bloque e-distribución; revisar aparte por solapes grandes con i-DE, UFD y pequeñas."
castilla_leon,Partido de la Sierra en Tobalina,"e-distribución Redes Digitales, S.L.U.",regional_default_candidate,exclude_from_bulk_import,no,e-distribución — distribución eléctrica,https://www.edistribucion.com/es/conocenos/instalaciones-distribucion-red/distribucion-electrica.html,official_distributor_public,2026-05-06,"No incluir en bloque e-distribución; revisar aparte por solapes grandes con i-DE, UFD y pequeñas."
castilla_leon,Pascualcobo,"e-distribución Redes Digitales, S.L.U.",regional_default_candidate,exclude_from_bulk_import,no,e-distribución — distribución eléctrica,https://www.edistribucion.com/es/conocenos/instalaciones-distribucion-red/distribucion-electrica.html,official_distributor_public,2026-05-06,"No incluir en bloque e-distribución; revisar aparte por solapes grandes con i-DE, UFD y pequeñas."
castilla_leon,Pastores,"e-distribución Redes Digitales, S.L.U.",regional_default_candidate,exclude_from_bulk_import,no,e-distribución — distribución eléctrica,https://www.edistribucion.com/es/conocenos/instalaciones-distribucion-red/distribucion-electrica.html,official_distributor_public,2026-05-06,"No incluir en bloque e-distribución; revisar aparte por solapes grandes con i-DE, UFD y pequeñas."
castilla_leon,Payo de Ojeda,"e-distribución Redes Digitales, S.L.U.",regional_default_candidate,exclude_from_bulk_import,no,e-distribución — distribución eléctrica,https://www.edistribucion.com/es/conocenos/instalaciones-distribucion-red/distribucion-electrica.html,official_distributor_public,2026-05-06,"No incluir en bloque e-distribución; revisar aparte por solapes grandes con i-DE, UFD y pequeñas."
castilla_leon,Pedrajas de San Esteban,"e-distribución Redes Digitales, S.L.U.",regional_default_candidate,exclude_from_bulk_import,no,e-distribución — distribución eléctrica,https://www.edistribucion.com/es/conocenos/instalaciones-distribucion-red/distribucion-electrica.html,official_distributor_public,2026-05-06,"No incluir en bloque e-distribución; revisar aparte por solapes grandes con i-DE, UFD y pequeñas."
castilla_leon,Pedralba de la Pradería,"e-distribución Redes Digitales, S.L.U.",regional_default_candidate,exclude_from_bulk_import,no,e-distribución — distribución eléctrica,https://www.edistribucion.com/es/conocenos/instalaciones-distribucion-red/distribucion-electrica.html,official_distributor_public,2026-05-06,"No incluir en bloque e-distribución; revisar aparte por solapes grandes con i-DE, UFD y pequeñas."
castilla_leon,Pedraza,"e-distribución Redes Digitales, S.L.U.",regional_default_candidate,exclude_from_bulk_import,no,e-distribución — distribución eléctrica,https://www.edistribucion.com/es/conocenos/instalaciones-distribucion-red/distribucion-electrica.html,official_distributor_public,2026-05-06,"No incluir en bloque e-distribución; revisar aparte por solapes grandes con i-DE, UFD y pequeñas."
castilla_leon,Pedraza de Alba,"e-distribución Redes Digitales, S.L.U.",regional_default_candidate,exclude_from_bulk_import,no,e-distribución — distribución eléctrica,https://www.edistribucion.com/es/conocenos/instalaciones-distribucion-red/distribucion-electrica.html,official_distributor_public,2026-05-06,"No incluir en bloque e-distribución; revisar aparte por solapes grandes con i-DE, UFD y pequeñas."
castilla_leon,Pedraza de Campos,"e-distribución Redes Digitales, S.L.U.",regional_default_candidate,exclude_from_bulk_import,no,e-distribución — distribución eléctrica,https://www.edistribucion.com/es/conocenos/instalaciones-distribucion-red/distribucion-electrica.html,official_distributor_public,2026-05-06,"No incluir en bloque e-distribución; revisar aparte por solapes grandes con i-DE, UFD y pequeñas."
castilla_leon,Pedro Bernardo,"e-distribución Redes Digitales, S.L.U.",regional_default_candidate,exclude_from_bulk_import,no,e-distribución — distribución eléctrica,https://www.edistribucion.com/es/conocenos/instalaciones-distribucion-red/distribucion-electrica.html,official_distributor_public,2026-05-06,"No incluir en bloque e-distribución; revisar aparte por solapes grandes con i-DE, UFD y pequeñas."
castilla_leon,Pedro-Rodríguez,"e-distribución Redes Digitales, S.L.U.",regional_default_candidate,exclude_from_bulk_import,no,e-distribución — distribución eléctrica,https://www.edistribucion.com/es/conocenos/instalaciones-distribucion-red/distribucion-electrica.html,official_distributor_public,2026-05-06,"No incluir en bloque e-distribución; revisar aparte por solapes grandes con i-DE, UFD y pequeñas."
castilla_leon,Pedrosa de Duero,"e-distribución Redes Digitales, S.L.U.",regional_default_candidate,exclude_from_bulk_import,no,e-distribución — distribución eléctrica,https://www.edistribucion.com/es/conocenos/instalaciones-distribucion-red/distribucion-electrica.html,official_distributor_public,2026-05-06,"No incluir en bloque e-distribución; revisar aparte por solapes grandes con i-DE, UFD y pequeñas."
castilla_leon,Pedrosa de la Vega,"e-distribución Redes Digitales, S.L.U.",regional_default_candidate,exclude_from_bulk_import,no,e-distribución — distribución eléctrica,https://www.edistribucion.com/es/conocenos/instalaciones-distribucion-red/distribucion-electrica.html,official_distributor_public,2026-05-06,"No incluir en bloque e-distribución; revisar aparte por solapes grandes con i-DE, UFD y pequeñas."
castilla_leon,Pedrosa de Río Úrbel,"e-distribución Redes Digitales, S.L.U.",regional_default_candidate,exclude_from_bulk_import,no,e-distribución — distribución eléctrica,https://www.edistribucion.com/es/conocenos/instalaciones-distribucion-red/distribucion-electrica.html,official_distributor_public,2026-05-06,"No incluir en bloque e-distribución; revisar aparte por solapes grandes con i-DE, UFD y pequeñas."
castilla_leon,Pedrosa del Páramo,"e-distribución Redes Digitales, S.L.U.",regional_default_candidate,exclude_from_bulk_import,no,e-distribución — distribución eléctrica,https://www.edistribucion.com/es/conocenos/instalaciones-distribucion-red/distribucion-electrica.html,official_distributor_public,2026-05-06,"No incluir en bloque e-distribución; revisar aparte por solapes grandes con i-DE, UFD y pequeñas."
castilla_leon,Pedrosa del Príncipe,"e-distribución Redes Digitales, S.L.U.",regional_default_candidate,exclude_from_bulk_import,no,e-distribución — distribución eléctrica,https://www.edistribucion.com/es/conocenos/instalaciones-distribucion-red/distribucion-electrica.html,official_distributor_public,2026-05-06,"No incluir en bloque e-distribución; revisar aparte por solapes grandes con i-DE, UFD y pequeñas."
castilla_leon,Pedrosa del Rey,"e-distribución Redes Digitales, S.L.U.",regional_default_candidate,exclude_from_bulk_import,no,e-distribución — distribución eléctrica,https://www.edistribucion.com/es/conocenos/instalaciones-distribucion-red/distribucion-electrica.html,official_distributor_public,2026-05-06,"No incluir en bloque e-distribución; revisar aparte por solapes grandes con i-DE, UFD y pequeñas."
castilla_leon,Pedrosillo de Alba,"e-distribución Redes Digitales, S.L.U.",regional_default_candidate,exclude_from_bulk_import,no,e-distribución — distribución eléctrica,https://www.edistribucion.com/es/conocenos/instalaciones-distribucion-red/distribucion-electrica.html,official_distributor_public,2026-05-06,"No incluir en bloque e-distribución; revisar aparte por solapes grandes con i-DE, UFD y pequeñas."
castilla_leon,Pedrosillo de los Aires,"e-distribución Redes Digitales, S.L.U.",regional_default_candidate,exclude_from_bulk_import,no,e-distribución — distribución eléctrica,https://www.edistribucion.com/es/conocenos/instalaciones-distribucion-red/distribucion-electrica.html,official_distributor_public,2026-05-06,"No incluir en bloque e-distribución; revisar aparte por solapes grandes con i-DE, UFD y pequeñas."
castilla_leon,Pedrosillo el Ralo,"e-distribución Redes Digitales, S.L.U.",regional_default_candidate,exclude_from_bulk_import,no,e-distribución — distribución eléctrica,https://www.edistribucion.com/es/conocenos/instalaciones-distribucion-red/distribucion-electrica.html,official_distributor_public,2026-05-06,"No incluir en bloque e-distribución; revisar aparte por solapes grandes con i-DE, UFD y pequeñas."
castilla_leon,Peguerinos,"e-distribución Redes Digitales, S.L.U.",regional_default_candidate,exclude_from_bulk_import,no,e-distribución — distribución eléctrica,https://www.edistribucion.com/es/conocenos/instalaciones-distribucion-red/distribucion-electrica.html,official_distributor_public,2026-05-06,"No incluir en bloque e-distribución; revisar aparte por solapes grandes con i-DE, UFD y pequeñas."
castilla_leon,Pelabravo,"e-distribución Redes Digitales, S.L.U.",regional_default_candidate,exclude_from_bulk_import,no,e-distribución — distribución eléctrica,https://www.edistribucion.com/es/conocenos/instalaciones-distribucion-red/distribucion-electrica.html,official_distributor_public,2026-05-06,"No incluir en bloque e-distribución; revisar aparte por solapes grandes con i-DE, UFD y pequeñas."
castilla_leon,Pelarrodríguez,"e-distribución Redes Digitales, S.L.U.",regional_default_candidate,exclude_from_bulk_import,no,e-distribución — distribución eléctrica,https://www.edistribucion.com/es/conocenos/instalaciones-distribucion-red/distribucion-electrica.html,official_distributor_public,2026-05-06,"No incluir en bloque e-distribución; revisar aparte por solapes grandes con i-DE, UFD y pequeñas."
castilla_leon,Pelayos,"e-distribución Redes Digitales, S.L.U.",regional_default_candidate,exclude_from_bulk_import,no,e-distribución — distribución eléctrica,https://www.edistribucion.com/es/conocenos/instalaciones-distribucion-red/distribucion-electrica.html,official_distributor_public,2026-05-06,"No incluir en bloque e-distribución; revisar aparte por solapes grandes con i-DE, UFD y pequeñas."
castilla_leon,Pelayos del Arroyo,"e-distribución Redes Digitales, S.L.U.",regional_default_candidate,exclude_from_bulk_import,no,e-distribución — distribución eléctrica,https://www.edistribucion.com/es/conocenos/instalaciones-distribucion-red/distribucion-electrica.html,official_distributor_public,2026-05-06,"No incluir en bloque e-distribución; revisar aparte por solapes grandes con i-DE, UFD y pequeñas."
castilla_leon,Peleagonzalo,"e-distribución Redes Digitales, S.L.U.",regional_default_candidate,exclude_from_bulk_import,no,e-distribución — distribución eléctrica,https://www.edistribucion.com/es/conocenos/instalaciones-distribucion-red/distribucion-electrica.html,official_distributor_public,2026-05-06,"No incluir en bloque e-distribución; revisar aparte por solapes grandes con i-DE, UFD y pequeñas."
castilla_leon,Peleas de Abajo,"e-distribución Redes Digitales, S.L.U.",regional_default_candidate,exclude_from_bulk_import,no,e-distribución — distribución eléctrica,https://www.edistribucion.com/es/conocenos/instalaciones-distribucion-red/distribucion-electrica.html,official_distributor_public,2026-05-06,"No incluir en bloque e-distribución; revisar aparte por solapes grandes con i-DE, UFD y pequeñas."
castilla_leon,Peñacaballera,"e-distribución Redes Digitales, S.L.U.",regional_default_candidate,exclude_from_bulk_import,no,e-distribución — distribución eléctrica,https://www.edistribucion.com/es/conocenos/instalaciones-distribucion-red/distribucion-electrica.html,official_distributor_public,2026-05-06,"No incluir en bloque e-distribución; revisar aparte por solapes grandes con i-DE, UFD y pequeñas."
castilla_leon,Peñafiel,"e-distribución Redes Digitales, S.L.U.",regional_default_candidate,exclude_from_bulk_import,no,e-distribución — distribución eléctrica,https://www.edistribucion.com/es/conocenos/instalaciones-distribucion-red/distribucion-electrica.html,official_distributor_public,2026-05-06,"No incluir en bloque e-distribución; revisar aparte por solapes grandes con i-DE, UFD y pequeñas."
castilla_leon,Peñaflor de Hornija,"e-distribución Redes Digitales, S.L.U.",regional_default_candidate,exclude_from_bulk_import,no,e-distribución — distribución eléctrica,https://www.edistribucion.com/es/conocenos/instalaciones-distribucion-red/distribucion-electrica.html,official_distributor_public,2026-05-06,"No incluir en bloque e-distribución; revisar aparte por solapes grandes con i-DE, UFD y pequeñas."
castilla_leon,Peñalba de Ávila,"e-distribución Redes Digitales, S.L.U.",regional_default_candidate,exclude_from_bulk_import,no,e-distribución — distribución eléctrica,https://www.edistribucion.com/es/conocenos/instalaciones-distribucion-red/distribucion-electrica.html,official_distributor_public,2026-05-06,"No incluir en bloque e-distribución; revisar aparte por solapes grandes con i-DE, UFD y pequeñas."
castilla_leon,Peñaparda,"e-distribución Redes Digitales, S.L.U.",regional_default_candidate,exclude_from_bulk_import,no,e-distribución — distribución eléctrica,https://www.edistribucion.com/es/conocenos/instalaciones-distribucion-red/distribucion-electrica.html,official_distributor_public,2026-05-06,"No incluir en bloque e-distribución; revisar aparte por solapes grandes con i-DE, UFD y pequeñas."
castilla_leon,Peñaranda de Bracamonte,"e-distribución Redes Digitales, S.L.U.",regional_default_candidate,exclude_from_bulk_import,no,e-distribución — distribución eléctrica,https://www.edistribucion.com/es/conocenos/instalaciones-distribucion-red/distribucion-electrica.html,official_distributor_public,2026-05-06,"No incluir en bloque e-distribución; revisar aparte por solapes grandes con i-DE, UFD y pequeñas."
castilla_leon,Peñaranda de Duero,"e-distribución Redes Digitales, S.L.U.",regional_default_candidate,exclude_from_bulk_import,no,e-distribución — distribución eléctrica,https://www.edistribucion.com/es/conocenos/instalaciones-distribucion-red/distribucion-electrica.html,official_distributor_public,2026-05-06,"No incluir en bloque e-distribución; revisar aparte por solapes grandes con i-DE, UFD y pequeñas."
castilla_leon,Peñarandilla,"e-distribución Redes Digitales, S.L.U.",regional_default_candidate,exclude_from_bulk_import,no,e-distribución — distribución eléctrica,https://www.edistribucion.com/es/conocenos/instalaciones-distribucion-red/distribucion-electrica.html,official_distributor_public,2026-05-06,"No incluir en bloque e-distribución; revisar aparte por solapes grandes con i-DE, UFD y pequeñas."
castilla_leon,Peñausende,"e-distribución Redes Digitales, S.L.U.",regional_default_candidate,exclude_from_bulk_import,no,e-distribución — distribución eléctrica,https://www.edistribucion.com/es/conocenos/instalaciones-distribucion-red/distribucion-electrica.html,official_distributor_public,2026-05-06,"No incluir en bloque e-distribución; revisar aparte por solapes grandes con i-DE, UFD y pequeñas."
castilla_leon,Peque,"e-distribución Redes Digitales, S.L.U.",regional_default_candidate,exclude_from_bulk_import,no,e-distribución — distribución eléctrica,https://www.edistribucion.com/es/conocenos/instalaciones-distribucion-red/distribucion-electrica.html,official_distributor_public,2026-05-06,"No incluir en bloque e-distribución; revisar aparte por solapes grandes con i-DE, UFD y pequeñas."
castilla_leon,Peral de Arlanza,"e-distribución Redes Digitales, S.L.U.",regional_default_candidate,exclude_from_bulk_import,no,e-distribución — distribución eléctrica,https://www.edistribucion.com/es/conocenos/instalaciones-distribucion-red/distribucion-electrica.html,official_distributor_public,2026-05-06,"No incluir en bloque e-distribución; revisar aparte por solapes grandes con i-DE, UFD y pequeñas."
castilla_leon,Peralejos de Abajo,"e-distribución Redes Digitales, S.L.U.",regional_default_candidate,exclude_from_bulk_import,no,e-distribución — distribución eléctrica,https://www.edistribucion.com/es/conocenos/instalaciones-distribucion-red/distribucion-electrica.html,official_distributor_public,2026-05-06,"No incluir en bloque e-distribución; revisar aparte por solapes grandes con i-DE, UFD y pequeñas."
castilla_leon,Peralejos de Arriba,"e-distribución Redes Digitales, S.L.U.",regional_default_candidate,exclude_from_bulk_import,no,e-distribución — distribución eléctrica,https://www.edistribucion.com/es/conocenos/instalaciones-distribucion-red/distribucion-electrica.html,official_distributor_public,2026-05-06,"No incluir en bloque e-distribución; revisar aparte por solapes grandes con i-DE, UFD y pequeñas."
castilla_leon,Perales,"e-distribución Redes Digitales, S.L.U.",regional_default_candidate,exclude_from_bulk_import,no,e-distribución — distribución eléctrica,https://www.edistribucion.com/es/conocenos/instalaciones-distribucion-red/distribucion-electrica.html,official_distributor_public,2026-05-06,"No incluir en bloque e-distribución; revisar aparte por solapes grandes con i-DE, UFD y pequeñas."
castilla_leon,Peranzanes,"e-distribución Redes Digitales, S.L.U.",regional_default_candidate,exclude_from_bulk_import,no,e-distribución — distribución eléctrica,https://www.edistribucion.com/es/conocenos/instalaciones-distribucion-red/distribucion-electrica.html,official_distributor_public,2026-05-06,"No incluir en bloque e-distribución; revisar aparte por solapes grandes con i-DE, UFD y pequeñas."
castilla_leon,Pereña de la Ribera,"e-distribución Redes Digitales, S.L.U.",regional_default_candidate,exclude_from_bulk_import,no,e-distribución — distribución eléctrica,https://www.edistribucion.com/es/conocenos/instalaciones-distribucion-red/distribucion-electrica.html,official_distributor_public,2026-05-06,"No incluir en bloque e-distribución; revisar aparte por solapes grandes con i-DE, UFD y pequeñas."
castilla_leon,Pereruela,"e-distribución Redes Digitales, S.L.U.",regional_default_candidate,exclude_from_bulk_import,no,e-distribución — distribución eléctrica,https://www.edistribucion.com/es/conocenos/instalaciones-distribucion-red/distribucion-electrica.html,official_distributor_public,2026-05-06,"No incluir en bloque e-distribución; revisar aparte por solapes grandes con i-DE, UFD y pequeñas."
castilla_leon,Perilla de Castro,"e-distribución Redes Digitales, S.L.U.",regional_default_candidate,exclude_from_bulk_import,no,e-distribución — distribución eléctrica,https://www.edistribucion.com/es/conocenos/instalaciones-distribucion-red/distribucion-electrica.html,official_distributor_public,2026-05-06,"No incluir en bloque e-distribución; revisar aparte por solapes grandes con i-DE, UFD y pequeñas."
castilla_leon,Peromingo,"e-distribución Redes Digitales, S.L.U.",regional_default_candidate,exclude_from_bulk_import,no,e-distribución — distribución eléctrica,https://www.edistribucion.com/es/conocenos/instalaciones-distribucion-red/distribucion-electrica.html,official_distributor_public,2026-05-06,"No incluir en bloque e-distribución; revisar aparte por solapes grandes con i-DE, UFD y pequeñas."
castilla_leon,Perosillo,"e-distribución Redes Digitales, S.L.U.",regional_default_candidate,exclude_from_bulk_import,no,e-distribución — distribución eléctrica,https://www.edistribucion.com/es/conocenos/instalaciones-distribucion-red/distribucion-electrica.html,official_distributor_public,2026-05-06,"No incluir en bloque e-distribución; revisar aparte por solapes grandes con i-DE, UFD y pequeñas."
castilla_leon,Pesquera de Duero,"e-distribución Redes Digitales, S.L.U.",regional_default_candidate,exclude_from_bulk_import,no,e-distribución — distribución eléctrica,https://www.edistribucion.com/es/conocenos/instalaciones-distribucion-red/distribucion-electrica.html,official_distributor_public,2026-05-06,"No incluir en bloque e-distribución; revisar aparte por solapes grandes con i-DE, UFD y pequeñas."
castilla_leon,Pías,"e-distribución Redes Digitales, S.L.U.",regional_default_candidate,exclude_from_bulk_import,no,e-distribución — distribución eléctrica,https://www.edistribucion.com/es/conocenos/instalaciones-distribucion-red/distribucion-electrica.html,official_distributor_public,2026-05-06,"No incluir en bloque e-distribución; revisar aparte por solapes grandes con i-DE, UFD y pequeñas."
castilla_leon,Piedrahíta,"e-distribución Redes Digitales, S.L.U.",regional_default_candidate,exclude_from_bulk_import,no,e-distribución — distribución eléctrica,https://www.edistribucion.com/es/conocenos/instalaciones-distribucion-red/distribucion-electrica.html,official_distributor_public,2026-05-06,"No incluir en bloque e-distribución; revisar aparte por solapes grandes con i-DE, UFD y pequeñas."
castilla_leon,Piedrahita de Castro,"e-distribución Redes Digitales, S.L.U.",regional_default_candidate,exclude_from_bulk_import,no,e-distribución — distribución eléctrica,https://www.edistribucion.com/es/conocenos/instalaciones-distribucion-red/distribucion-electrica.html,official_distributor_public,2026-05-06,"No incluir en bloque e-distribución; revisar aparte por solapes grandes con i-DE, UFD y pequeñas."
castilla_leon,Piedralaves,"e-distribución Redes Digitales, S.L.U.",regional_default_candidate,exclude_from_bulk_import,no,e-distribución — distribución eléctrica,https://www.edistribucion.com/es/conocenos/instalaciones-distribucion-red/distribucion-electrica.html,official_distributor_public,2026-05-06,"No incluir en bloque e-distribución; revisar aparte por solapes grandes con i-DE, UFD y pequeñas."
castilla_leon,Piérnigas,"e-distribución Redes Digitales, S.L.U.",regional_default_candidate,exclude_from_bulk_import,no,e-distribución — distribución eléctrica,https://www.edistribucion.com/es/conocenos/instalaciones-distribucion-red/distribucion-electrica.html,official_distributor_public,2026-05-06,"No incluir en bloque e-distribución; revisar aparte por solapes grandes con i-DE, UFD y pequeñas."
castilla_leon,Piña de Campos,"e-distribución Redes Digitales, S.L.U.",regional_default_candidate,exclude_from_bulk_import,no,e-distribución — distribución eléctrica,https://www.edistribucion.com/es/conocenos/instalaciones-distribucion-red/distribucion-electrica.html,official_distributor_public,2026-05-06,"No incluir en bloque e-distribución; revisar aparte por solapes grandes con i-DE, UFD y pequeñas."
castilla_leon,Piña de Esgueva,"e-distribución Redes Digitales, S.L.U.",regional_default_candidate,exclude_from_bulk_import,no,e-distribución — distribución eléctrica,https://www.edistribucion.com/es/conocenos/instalaciones-distribucion-red/distribucion-electrica.html,official_distributor_public,2026-05-06,"No incluir en bloque e-distribución; revisar aparte por solapes grandes con i-DE, UFD y pequeñas."
castilla_leon,Pinarejos,"e-distribución Redes Digitales, S.L.U.",regional_default_candidate,exclude_from_bulk_import,no,e-distribución — distribución eléctrica,https://www.edistribucion.com/es/conocenos/instalaciones-distribucion-red/distribucion-electrica.html,official_distributor_public,2026-05-06,"No incluir en bloque e-distribución; revisar aparte por solapes grandes con i-DE, UFD y pequeñas."
castilla_leon,Pinarnegrillo,"e-distribución Redes Digitales, S.L.U.",regional_default_candidate,exclude_from_bulk_import,no,e-distribución — distribución eléctrica,https://www.edistribucion.com/es/conocenos/instalaciones-distribucion-red/distribucion-electrica.html,official_distributor_public,2026-05-06,"No incluir en bloque e-distribución; revisar aparte por solapes grandes con i-DE, UFD y pequeñas."
castilla_leon,Pineda de la Sierra,"e-distribución Redes Digitales, S.L.U.",regional_default_candidate,exclude_from_bulk_import,no,e-distribución — distribución eléctrica,https://www.edistribucion.com/es/conocenos/instalaciones-distribucion-red/distribucion-electrica.html,official_distributor_public,2026-05-06,"No incluir en bloque e-distribución; revisar aparte por solapes grandes con i-DE, UFD y pequeñas."
castilla_leon,Pineda Trasmonte,"e-distribución Redes Digitales, S.L.U.",regional_default_candidate,exclude_from_bulk_import,no,e-distribución — distribución eléctrica,https://www.edistribucion.com/es/conocenos/instalaciones-distribucion-red/distribucion-electrica.html,official_distributor_public,2026-05-06,"No incluir en bloque e-distribución; revisar aparte por solapes grandes con i-DE, UFD y pequeñas."
castilla_leon,Pinedas,"e-distribución Redes Digitales, S.L.U.",regional_default_candidate,exclude_from_bulk_import,no,e-distribución — distribución eléctrica,https://www.edistribucion.com/es/conocenos/instalaciones-distribucion-red/distribucion-electrica.html,official_distributor_public,2026-05-06,"No incluir en bloque e-distribución; revisar aparte por solapes grandes con i-DE, UFD y pequeñas."
castilla_leon,Piñel de Abajo,"e-distribución Redes Digitales, S.L.U.",regional_default_candidate,exclude_from_bulk_import,no,e-distribución — distribución eléctrica,https://www.edistribucion.com/es/conocenos/instalaciones-distribucion-red/distribucion-electrica.html,official_distributor_public,2026-05-06,"No incluir en bloque e-distribución; revisar aparte por solapes grandes con i-DE, UFD y pequeñas."
castilla_leon,Piñel de Arriba,"e-distribución Redes Digitales, S.L.U.",regional_default_candidate,exclude_from_bulk_import,no,e-distribución — distribución eléctrica,https://www.edistribucion.com/es/conocenos/instalaciones-distribucion-red/distribucion-electrica.html,official_distributor_public,2026-05-06,"No incluir en bloque e-distribución; revisar aparte por solapes grandes con i-DE, UFD y pequeñas."
castilla_leon,Pinilla de los Barruecos,"e-distribución Redes Digitales, S.L.U.",regional_default_candidate,exclude_from_bulk_import,no,e-distribución — distribución eléctrica,https://www.edistribucion.com/es/conocenos/instalaciones-distribucion-red/distribucion-electrica.html,official_distributor_public,2026-05-06,"No incluir en bloque e-distribución; revisar aparte por solapes grandes con i-DE, UFD y pequeñas."
castilla_leon,Pinilla de los Moros,"e-distribución Redes Digitales, S.L.U.",regional_default_candidate,exclude_from_bulk_import,no,e-distribución — distribución eléctrica,https://www.edistribucion.com/es/conocenos/instalaciones-distribucion-red/distribucion-electrica.html,official_distributor_public,2026-05-06,"No incluir en bloque e-distribución; revisar aparte por solapes grandes con i-DE, UFD y pequeñas."
castilla_leon,Pinilla de Toro,"e-distribución Redes Digitales, S.L.U.",regional_default_candidate,exclude_from_bulk_import,no,e-distribución — distribución eléctrica,https://www.edistribucion.com/es/conocenos/instalaciones-distribucion-red/distribucion-electrica.html,official_distributor_public,2026-05-06,"No incluir en bloque e-distribución; revisar aparte por solapes grandes con i-DE, UFD y pequeñas."
castilla_leon,Pinilla del Campo,"e-distribución Redes Digitales, S.L.U.",regional_default_candidate,exclude_from_bulk_import,no,e-distribución — distribución eléctrica,https://www.edistribucion.com/es/conocenos/instalaciones-distribucion-red/distribucion-electrica.html,official_distributor_public,2026-05-06,"No incluir en bloque e-distribución; revisar aparte por solapes grandes con i-DE, UFD y pequeñas."
castilla_leon,Pinilla Trasmonte,"e-distribución Redes Digitales, S.L.U.",regional_default_candidate,exclude_from_bulk_import,no,e-distribución — distribución eléctrica,https://www.edistribucion.com/es/conocenos/instalaciones-distribucion-red/distribucion-electrica.html,official_distributor_public,2026-05-06,"No incluir en bloque e-distribución; revisar aparte por solapes grandes con i-DE, UFD y pequeñas."
castilla_leon,Pino del Oro,"e-distribución Redes Digitales, S.L.U.",regional_default_candidate,exclude_from_bulk_import,no,e-distribución — distribución eléctrica,https://www.edistribucion.com/es/conocenos/instalaciones-distribucion-red/distribucion-electrica.html,official_distributor_public,2026-05-06,"No incluir en bloque e-distribución; revisar aparte por solapes grandes con i-DE, UFD y pequeñas."
castilla_leon,Pino del Río,"e-distribución Redes Digitales, S.L.U.",regional_default_candidate,exclude_from_bulk_import,no,e-distribución — distribución eléctrica,https://www.edistribucion.com/es/conocenos/instalaciones-distribucion-red/distribucion-electrica.html,official_distributor_public,2026-05-06,"No incluir en bloque e-distribución; revisar aparte por solapes grandes con i-DE, UFD y pequeñas."
castilla_leon,Pitiegua,"e-distribución Redes Digitales, S.L.U.",regional_default_candidate,exclude_from_bulk_import,no,e-distribución — distribución eléctrica,https://www.edistribucion.com/es/conocenos/instalaciones-distribucion-red/distribucion-electrica.html,official_distributor_public,2026-05-06,"No incluir en bloque e-distribución; revisar aparte por solapes grandes con i-DE, UFD y pequeñas."
castilla_leon,Pizarral,"e-distribución Redes Digitales, S.L.U.",regional_default_candidate,exclude_from_bulk_import,no,e-distribución — distribución eléctrica,https://www.edistribucion.com/es/conocenos/instalaciones-distribucion-red/distribucion-electrica.html,official_distributor_public,2026-05-06,"No incluir en bloque e-distribución; revisar aparte por solapes grandes con i-DE, UFD y pequeñas."
castilla_leon,Población de Arroyo,"e-distribución Redes Digitales, S.L.U.",regional_default_candidate,exclude_from_bulk_import,no,e-distribución — distribución eléctrica,https://www.edistribucion.com/es/conocenos/instalaciones-distribucion-red/distribucion-electrica.html,official_distributor_public,2026-05-06,"No incluir en bloque e-distribución; revisar aparte por solapes grandes con i-DE, UFD y pequeñas."
castilla_leon,Población de Campos,"e-distribución Redes Digitales, S.L.U.",regional_default_candidate,exclude_from_bulk_import,no,e-distribución — distribución eléctrica,https://www.edistribucion.com/es/conocenos/instalaciones-distribucion-red/distribucion-electrica.html,official_distributor_public,2026-05-06,"No incluir en bloque e-distribución; revisar aparte por solapes grandes con i-DE, UFD y pequeñas."
castilla_leon,Población de Cerrato,"e-distribución Redes Digitales, S.L.U.",regional_default_candidate,exclude_from_bulk_import,no,e-distribución — distribución eléctrica,https://www.edistribucion.com/es/conocenos/instalaciones-distribucion-red/distribucion-electrica.html,official_distributor_public,2026-05-06,"No incluir en bloque e-distribución; revisar aparte por solapes grandes con i-DE, UFD y pequeñas."
castilla_leon,Pobladura de Pelayo García,"e-distribución Redes Digitales, S.L.U.",regional_default_candidate,exclude_from_bulk_import,no,e-distribución — distribución eléctrica,https://www.edistribucion.com/es/conocenos/instalaciones-distribucion-red/distribucion-electrica.html,official_distributor_public,2026-05-06,"No incluir en bloque e-distribución; revisar aparte por solapes grandes con i-DE, UFD y pequeñas."
castilla_leon,Pobladura de Valderaduey,"e-distribución Redes Digitales, S.L.U.",regional_default_candidate,exclude_from_bulk_import,no,e-distribución — distribución eléctrica,https://www.edistribucion.com/es/conocenos/instalaciones-distribucion-red/distribucion-electrica.html,official_distributor_public,2026-05-06,"No incluir en bloque e-distribución; revisar aparte por solapes grandes con i-DE, UFD y pequeñas."
castilla_leon,Pobladura del Valle,"e-distribución Redes Digitales, S.L.U.",regional_default_candidate,exclude_from_bulk_import,no,e-distribución — distribución eléctrica,https://www.edistribucion.com/es/conocenos/instalaciones-distribucion-red/distribucion-electrica.html,official_distributor_public,2026-05-06,"No incluir en bloque e-distribución; revisar aparte por solapes grandes con i-DE, UFD y pequeñas."
castilla_leon,Polentinos,"e-distribución Redes Digitales, S.L.U.",regional_default_candidate,exclude_from_bulk_import,no,e-distribución — distribución eléctrica,https://www.edistribucion.com/es/conocenos/instalaciones-distribucion-red/distribucion-electrica.html,official_distributor_public,2026-05-06,"No incluir en bloque e-distribución; revisar aparte por solapes grandes con i-DE, UFD y pequeñas."
castilla_leon,Pollos,"e-distribución Redes Digitales, S.L.U.",regional_default_candidate,exclude_from_bulk_import,no,e-distribución — distribución eléctrica,https://www.edistribucion.com/es/conocenos/instalaciones-distribucion-red/distribucion-electrica.html,official_distributor_public,2026-05-06,"No incluir en bloque e-distribución; revisar aparte por solapes grandes con i-DE, UFD y pequeñas."
castilla_leon,Pomar de Valdivia,"e-distribución Redes Digitales, S.L.U.",regional_default_candidate,exclude_from_bulk_import,no,e-distribución — distribución eléctrica,https://www.edistribucion.com/es/conocenos/instalaciones-distribucion-red/distribucion-electrica.html,official_distributor_public,2026-05-06,"No incluir en bloque e-distribución; revisar aparte por solapes grandes con i-DE, UFD y pequeñas."
castilla_leon,Ponferrada,"e-distribución Redes Digitales, S.L.U.",regional_default_candidate,exclude_from_bulk_import,no,e-distribución — distribución eléctrica,https://www.edistribucion.com/es/conocenos/instalaciones-distribucion-red/distribucion-electrica.html,official_distributor_public,2026-05-06,"No incluir en bloque e-distribución; revisar aparte por solapes grandes con i-DE, UFD y pequeñas."
castilla_leon,Portillo,"e-distribución Redes Digitales, S.L.U.",regional_default_candidate,exclude_from_bulk_import,no,e-distribución — distribución eléctrica,https://www.edistribucion.com/es/conocenos/instalaciones-distribucion-red/distribucion-electrica.html,official_distributor_public,2026-05-06,"No incluir en bloque e-distribución; revisar aparte por solapes grandes con i-DE, UFD y pequeñas."
castilla_leon,Portillo de Soria,"e-distribución Redes Digitales, S.L.U.",regional_default_candidate,exclude_from_bulk_import,no,e-distribución — distribución eléctrica,https://www.edistribucion.com/es/conocenos/instalaciones-distribucion-red/distribucion-electrica.html,official_distributor_public,2026-05-06,"No incluir en bloque e-distribución; revisar aparte por solapes grandes con i-DE, UFD y pequeñas."
castilla_leon,Porto,"e-distribución Redes Digitales, S.L.U.",regional_default_candidate,exclude_from_bulk_import,no,e-distribución — distribución eléctrica,https://www.edistribucion.com/es/conocenos/instalaciones-distribucion-red/distribucion-electrica.html,official_distributor_public,2026-05-06,"No incluir en bloque e-distribución; revisar aparte por solapes grandes con i-DE, UFD y pequeñas."
castilla_leon,Posada de Valdeón,"e-distribución Redes Digitales, S.L.U.",regional_default_candidate,exclude_from_bulk_import,no,e-distribución — distribución eléctrica,https://www.edistribucion.com/es/conocenos/instalaciones-distribucion-red/distribucion-electrica.html,official_distributor_public,2026-05-06,"No incluir en bloque e-distribución; revisar aparte por solapes grandes con i-DE, UFD y pequeñas."
castilla_leon,Poveda,"e-distribución Redes Digitales, S.L.U.",regional_default_candidate,exclude_from_bulk_import,no,e-distribución — distribución eléctrica,https://www.edistribucion.com/es/conocenos/instalaciones-distribucion-red/distribucion-electrica.html,official_distributor_public,2026-05-06,"No incluir en bloque e-distribución; revisar aparte por solapes grandes con i-DE, UFD y pequeñas."
castilla_leon,Poveda de las Cintas,"e-distribución Redes Digitales, S.L.U.",regional_default_candidate,exclude_from_bulk_import,no,e-distribución — distribución eléctrica,https://www.edistribucion.com/es/conocenos/instalaciones-distribucion-red/distribucion-electrica.html,official_distributor_public,2026-05-06,"No incluir en bloque e-distribución; revisar aparte por solapes grandes con i-DE, UFD y pequeñas."
castilla_leon,Poyales del Hoyo,"e-distribución Redes Digitales, S.L.U.",regional_default_candidate,exclude_from_bulk_import,no,e-distribución — distribución eléctrica,https://www.edistribucion.com/es/conocenos/instalaciones-distribucion-red/distribucion-electrica.html,official_distributor_public,2026-05-06,"No incluir en bloque e-distribución; revisar aparte por solapes grandes con i-DE, UFD y pequeñas."
castilla_leon,Poza de la Sal,"e-distribución Redes Digitales, S.L.U.",regional_default_candidate,exclude_from_bulk_import,no,e-distribución — distribución eléctrica,https://www.edistribucion.com/es/conocenos/instalaciones-distribucion-red/distribucion-electrica.html,official_distributor_public,2026-05-06,"No incluir en bloque e-distribución; revisar aparte por solapes grandes con i-DE, UFD y pequeñas."
castilla_leon,Poza de la Vega,"e-distribución Redes Digitales, S.L.U.",regional_default_candidate,exclude_from_bulk_import,no,e-distribución — distribución eléctrica,https://www.edistribucion.com/es/conocenos/instalaciones-distribucion-red/distribucion-electrica.html,official_distributor_public,2026-05-06,"No incluir en bloque e-distribución; revisar aparte por solapes grandes con i-DE, UFD y pequeñas."
castilla_leon,Pozal de Gallinas,"e-distribución Redes Digitales, S.L.U.",regional_default_candidate,exclude_from_bulk_import,no,e-distribución — distribución eléctrica,https://www.edistribucion.com/es/conocenos/instalaciones-distribucion-red/distribucion-electrica.html,official_distributor_public,2026-05-06,"No incluir en bloque e-distribución; revisar aparte por solapes grandes con i-DE, UFD y pequeñas."
castilla_leon,Pozaldez,"e-distribución Redes Digitales, S.L.U.",regional_default_candidate,exclude_from_bulk_import,no,e-distribución — distribución eléctrica,https://www.edistribucion.com/es/conocenos/instalaciones-distribucion-red/distribucion-electrica.html,official_distributor_public,2026-05-06,"No incluir en bloque e-distribución; revisar aparte por solapes grandes con i-DE, UFD y pequeñas."
castilla_leon,Pozalmuro,"e-distribución Redes Digitales, S.L.U.",regional_default_candidate,exclude_from_bulk_import,no,e-distribución — distribución eléctrica,https://www.edistribucion.com/es/conocenos/instalaciones-distribucion-red/distribucion-electrica.html,official_distributor_public,2026-05-06,"No incluir en bloque e-distribución; revisar aparte por solapes grandes con i-DE, UFD y pequeñas."
castilla_leon,Pozanco,"e-distribución Redes Digitales, S.L.U.",regional_default_candidate,exclude_from_bulk_import,no,e-distribución — distribución eléctrica,https://www.edistribucion.com/es/conocenos/instalaciones-distribucion-red/distribucion-electrica.html,official_distributor_public,2026-05-06,"No incluir en bloque e-distribución; revisar aparte por solapes grandes con i-DE, UFD y pequeñas."
castilla_leon,Pozo de Urama,"e-distribución Redes Digitales, S.L.U.",regional_default_candidate,exclude_from_bulk_import,no,e-distribución — distribución eléctrica,https://www.edistribucion.com/es/conocenos/instalaciones-distribucion-red/distribucion-electrica.html,official_distributor_public,2026-05-06,"No incluir en bloque e-distribución; revisar aparte por solapes grandes con i-DE, UFD y pequeñas."
castilla_leon,Pozoantiguo,"e-distribución Redes Digitales, S.L.U.",regional_default_candidate,exclude_from_bulk_import,no,e-distribución — distribución eléctrica,https://www.edistribucion.com/es/conocenos/instalaciones-distribucion-red/distribucion-electrica.html,official_distributor_public,2026-05-06,"No incluir en bloque e-distribución; revisar aparte por solapes grandes con i-DE, UFD y pequeñas."
castilla_leon,Pozos de Hinojo,"e-distribución Redes Digitales, S.L.U.",regional_default_candidate,exclude_from_bulk_import,no,e-distribución — distribución eléctrica,https://www.edistribucion.com/es/conocenos/instalaciones-distribucion-red/distribucion-electrica.html,official_distributor_public,2026-05-06,"No incluir en bloque e-distribución; revisar aparte por solapes grandes con i-DE, UFD y pequeñas."
castilla_leon,Pozuelo de la Orden,"e-distribución Redes Digitales, S.L.U.",regional_default_candidate,exclude_from_bulk_import,no,e-distribución — distribución eléctrica,https://www.edistribucion.com/es/conocenos/instalaciones-distribucion-red/distribucion-electrica.html,official_distributor_public,2026-05-06,"No incluir en bloque e-distribución; revisar aparte por solapes grandes con i-DE, UFD y pequeñas."
castilla_leon,Pozuelo de Tábara,"e-distribución Redes Digitales, S.L.U.",regional_default_candidate,exclude_from_bulk_import,no,e-distribución — distribución eléctrica,https://www.edistribucion.com/es/conocenos/instalaciones-distribucion-red/distribucion-electrica.html,official_distributor_public,2026-05-06,"No incluir en bloque e-distribución; revisar aparte por solapes grandes con i-DE, UFD y pequeñas."
castilla_leon,Pozuelo del Páramo,"e-distribución Redes Digitales, S.L.U.",regional_default_candidate,exclude_from_bulk_import,no,e-distribución — distribución eléctrica,https://www.edistribucion.com/es/conocenos/instalaciones-distribucion-red/distribucion-electrica.html,official_distributor_public,2026-05-06,"No incluir en bloque e-distribución; revisar aparte por solapes grandes con i-DE, UFD y pequeñas."
castilla_leon,Prádanos de Bureba,"e-distribución Redes Digitales, S.L.U.",regional_default_candidate,exclude_from_bulk_import,no,e-distribución — distribución eléctrica,https://www.edistribucion.com/es/conocenos/instalaciones-distribucion-red/distribucion-electrica.html,official_distributor_public,2026-05-06,"No incluir en bloque e-distribución; revisar aparte por solapes grandes con i-DE, UFD y pequeñas."
castilla_leon,Prádanos de Ojeda,"e-distribución Redes Digitales, S.L.U.",regional_default_candidate,exclude_from_bulk_import,no,e-distribución — distribución eléctrica,https://www.edistribucion.com/es/conocenos/instalaciones-distribucion-red/distribucion-electrica.html,official_distributor_public,2026-05-06,"No incluir en bloque e-distribución; revisar aparte por solapes grandes con i-DE, UFD y pequeñas."
castilla_leon,Prádena,"e-distribución Redes Digitales, S.L.U.",regional_default_candidate,exclude_from_bulk_import,no,e-distribución — distribución eléctrica,https://www.edistribucion.com/es/conocenos/instalaciones-distribucion-red/distribucion-electrica.html,official_distributor_public,2026-05-06,"No incluir en bloque e-distribución; revisar aparte por solapes grandes con i-DE, UFD y pequeñas."
castilla_leon,Prado,"e-distribución Redes Digitales, S.L.U.",regional_default_candidate,exclude_from_bulk_import,no,e-distribución — distribución eléctrica,https://www.edistribucion.com/es/conocenos/instalaciones-distribucion-red/distribucion-electrica.html,official_distributor_public,2026-05-06,"No incluir en bloque e-distribución; revisar aparte por solapes grandes con i-DE, UFD y pequeñas."
castilla_leon,Prado de la Guzpeña,"e-distribución Redes Digitales, S.L.U.",regional_default_candidate,exclude_from_bulk_import,no,e-distribución — distribución eléctrica,https://www.edistribucion.com/es/conocenos/instalaciones-distribucion-red/distribucion-electrica.html,official_distributor_public,2026-05-06,"No incluir en bloque e-distribución; revisar aparte por solapes grandes con i-DE, UFD y pequeñas."
castilla_leon,Pradoluengo,"e-distribución Redes Digitales, S.L.U.",regional_default_candidate,exclude_from_bulk_import,no,e-distribución — distribución eléctrica,https://www.edistribucion.com/es/conocenos/instalaciones-distribucion-red/distribucion-electrica.html,official_distributor_public,2026-05-06,"No incluir en bloque e-distribución; revisar aparte por solapes grandes con i-DE, UFD y pequeñas."
castilla_leon,Pradosegar,"e-distribución Redes Digitales, S.L.U.",regional_default_candidate,exclude_from_bulk_import,no,e-distribución — distribución eléctrica,https://www.edistribucion.com/es/conocenos/instalaciones-distribucion-red/distribucion-electrica.html,official_distributor_public,2026-05-06,"No incluir en bloque e-distribución; revisar aparte por solapes grandes con i-DE, UFD y pequeñas."
castilla_leon,Presencio,"e-distribución Redes Digitales, S.L.U.",regional_default_candidate,exclude_from_bulk_import,no,e-distribución — distribución eléctrica,https://www.edistribucion.com/es/conocenos/instalaciones-distribucion-red/distribucion-electrica.html,official_distributor_public,2026-05-06,"No incluir en bloque e-distribución; revisar aparte por solapes grandes con i-DE, UFD y pequeñas."
castilla_leon,Priaranza del Bierzo,"e-distribución Redes Digitales, S.L.U.",regional_default_candidate,exclude_from_bulk_import,no,e-distribución — distribución eléctrica,https://www.edistribucion.com/es/conocenos/instalaciones-distribucion-red/distribucion-electrica.html,official_distributor_public,2026-05-06,"No incluir en bloque e-distribución; revisar aparte por solapes grandes con i-DE, UFD y pequeñas."
castilla_leon,Prioro,"e-distribución Redes Digitales, S.L.U.",regional_default_candidate,exclude_from_bulk_import,no,e-distribución — distribución eléctrica,https://www.edistribucion.com/es/conocenos/instalaciones-distribucion-red/distribucion-electrica.html,official_distributor_public,2026-05-06,"No incluir en bloque e-distribución; revisar aparte por solapes grandes con i-DE, UFD y pequeñas."
castilla_leon,Puebla de Azaba,"e-distribución Redes Digitales, S.L.U.",regional_default_candidate,exclude_from_bulk_import,no,e-distribución — distribución eléctrica,https://www.edistribucion.com/es/conocenos/instalaciones-distribucion-red/distribucion-electrica.html,official_distributor_public,2026-05-06,"No incluir en bloque e-distribución; revisar aparte por solapes grandes con i-DE, UFD y pequeñas."
castilla_leon,Puebla de Lillo,"e-distribución Redes Digitales, S.L.U.",regional_default_candidate,exclude_from_bulk_import,no,e-distribución — distribución eléctrica,https://www.edistribucion.com/es/conocenos/instalaciones-distribucion-red/distribucion-electrica.html,official_distributor_public,2026-05-06,"No incluir en bloque e-distribución; revisar aparte por solapes grandes con i-DE, UFD y pequeñas."
castilla_leon,Puebla de Pedraza,"e-distribución Redes Digitales, S.L.U.",regional_default_candidate,exclude_from_bulk_import,no,e-distribución — distribución eléctrica,https://www.edistribucion.com/es/conocenos/instalaciones-distribucion-red/distribucion-electrica.html,official_distributor_public,2026-05-06,"No incluir en bloque e-distribución; revisar aparte por solapes grandes con i-DE, UFD y pequeñas."
castilla_leon,Puebla de San Medel,"e-distribución Redes Digitales, S.L.U.",regional_default_candidate,exclude_from_bulk_import,no,e-distribución — distribución eléctrica,https://www.edistribucion.com/es/conocenos/instalaciones-distribucion-red/distribucion-electrica.html,official_distributor_public,2026-05-06,"No incluir en bloque e-distribución; revisar aparte por solapes grandes con i-DE, UFD y pequeñas."
castilla_leon,Puebla de Sanabria,"e-distribución Redes Digitales, S.L.U.",regional_default_candidate,exclude_from_bulk_import,no,e-distribución — distribución eléctrica,https://www.edistribucion.com/es/conocenos/instalaciones-distribucion-red/distribucion-electrica.html,official_distributor_public,2026-05-06,"No incluir en bloque e-distribución; revisar aparte por solapes grandes con i-DE, UFD y pequeñas."
castilla_leon,Puebla de Yeltes,"e-distribución Redes Digitales, S.L.U.",regional_default_candidate,exclude_from_bulk_import,no,e-distribución — distribución eléctrica,https://www.edistribucion.com/es/conocenos/instalaciones-distribucion-red/distribucion-electrica.html,official_distributor_public,2026-05-06,"No incluir en bloque e-distribución; revisar aparte por solapes grandes con i-DE, UFD y pequeñas."
castilla_leon,Pueblica de Valverde,"e-distribución Redes Digitales, S.L.U.",regional_default_candidate,exclude_from_bulk_import,no,e-distribución — distribución eléctrica,https://www.edistribucion.com/es/conocenos/instalaciones-distribucion-red/distribucion-electrica.html,official_distributor_public,2026-05-06,"No incluir en bloque e-distribución; revisar aparte por solapes grandes con i-DE, UFD y pequeñas."
castilla_leon,Puente de Domingo Flórez,"e-distribución Redes Digitales, S.L.U.",regional_default_candidate,exclude_from_bulk_import,no,e-distribución — distribución eléctrica,https://www.edistribucion.com/es/conocenos/instalaciones-distribucion-red/distribucion-electrica.html,official_distributor_public,2026-05-06,"No incluir en bloque e-distribución; revisar aparte por solapes grandes con i-DE, UFD y pequeñas."
castilla_leon,Puente del Congosto,"e-distribución Redes Digitales, S.L.U.",regional_default_candidate,exclude_from_bulk_import,no,e-distribución — distribución eléctrica,https://www.edistribucion.com/es/conocenos/instalaciones-distribucion-red/distribucion-electrica.html,official_distributor_public,2026-05-06,"No incluir en bloque e-distribución; revisar aparte por solapes grandes con i-DE, UFD y pequeñas."
castilla_leon,Puentedura,"e-distribución Redes Digitales, S.L.U.",regional_default_candidate,exclude_from_bulk_import,no,e-distribución — distribución eléctrica,https://www.edistribucion.com/es/conocenos/instalaciones-distribucion-red/distribucion-electrica.html,official_distributor_public,2026-05-06,"No incluir en bloque e-distribución; revisar aparte por solapes grandes con i-DE, UFD y pequeñas."
castilla_leon,Puertas,"e-distribución Redes Digitales, S.L.U.",regional_default_candidate,exclude_from_bulk_import,no,e-distribución — distribución eléctrica,https://www.edistribucion.com/es/conocenos/instalaciones-distribucion-red/distribucion-electrica.html,official_distributor_public,2026-05-06,"No incluir en bloque e-distribución; revisar aparte por solapes grandes con i-DE, UFD y pequeñas."
castilla_leon,Puerto Castilla,"e-distribución Redes Digitales, S.L.U.",regional_default_candidate,exclude_from_bulk_import,no,e-distribución — distribución eléctrica,https://www.edistribucion.com/es/conocenos/instalaciones-distribucion-red/distribucion-electrica.html,official_distributor_public,2026-05-06,"No incluir en bloque e-distribución; revisar aparte por solapes grandes con i-DE, UFD y pequeñas."
castilla_leon,Puerto de Béjar,"e-distribución Redes Digitales, S.L.U.",regional_default_candidate,exclude_from_bulk_import,no,e-distribución — distribución eléctrica,https://www.edistribucion.com/es/conocenos/instalaciones-distribucion-red/distribucion-electrica.html,official_distributor_public,2026-05-06,"No incluir en bloque e-distribución; revisar aparte por solapes grandes con i-DE, UFD y pequeñas."
castilla_leon,Puerto Seguro,"e-distribución Redes Digitales, S.L.U.",regional_default_candidate,exclude_from_bulk_import,no,e-distribución — distribución eléctrica,https://www.edistribucion.com/es/conocenos/instalaciones-distribucion-red/distribucion-electrica.html,official_distributor_public,2026-05-06,"No incluir en bloque e-distribución; revisar aparte por solapes grandes con i-DE, UFD y pequeñas."
castilla_leon,Puras,"e-distribución Redes Digitales, S.L.U.",regional_default_candidate,exclude_from_bulk_import,no,e-distribución — distribución eléctrica,https://www.edistribucion.com/es/conocenos/instalaciones-distribucion-red/distribucion-electrica.html,official_distributor_public,2026-05-06,"No incluir en bloque e-distribución; revisar aparte por solapes grandes con i-DE, UFD y pequeñas."
castilla_leon,Quemada,"e-distribución Redes Digitales, S.L.U.",regional_default_candidate,exclude_from_bulk_import,no,e-distribución — distribución eléctrica,https://www.edistribucion.com/es/conocenos/instalaciones-distribucion-red/distribucion-electrica.html,official_distributor_public,2026-05-06,"No incluir en bloque e-distribución; revisar aparte por solapes grandes con i-DE, UFD y pequeñas."
castilla_leon,Quiñonería,"e-distribución Redes Digitales, S.L.U.",regional_default_candidate,exclude_from_bulk_import,no,e-distribución — distribución eléctrica,https://www.edistribucion.com/es/conocenos/instalaciones-distribucion-red/distribucion-electrica.html,official_distributor_public,2026-05-06,"No incluir en bloque e-distribución; revisar aparte por solapes grandes con i-DE, UFD y pequeñas."
castilla_leon,Quintana del Castillo,"e-distribución Redes Digitales, S.L.U.",regional_default_candidate,exclude_from_bulk_import,no,e-distribución — distribución eléctrica,https://www.edistribucion.com/es/conocenos/instalaciones-distribucion-red/distribucion-electrica.html,official_distributor_public,2026-05-06,"No incluir en bloque e-distribución; revisar aparte por solapes grandes con i-DE, UFD y pequeñas."
castilla_leon,Quintana del Marco,"e-distribución Redes Digitales, S.L.U.",regional_default_candidate,exclude_from_bulk_import,no,e-distribución — distribución eléctrica,https://www.edistribucion.com/es/conocenos/instalaciones-distribucion-red/distribucion-electrica.html,official_distributor_public,2026-05-06,"No incluir en bloque e-distribución; revisar aparte por solapes grandes con i-DE, UFD y pequeñas."
castilla_leon,Quintana del Pidio,"e-distribución Redes Digitales, S.L.U.",regional_default_candidate,exclude_from_bulk_import,no,e-distribución — distribución eléctrica,https://www.edistribucion.com/es/conocenos/instalaciones-distribucion-red/distribucion-electrica.html,official_distributor_public,2026-05-06,"No incluir en bloque e-distribución; revisar aparte por solapes grandes con i-DE, UFD y pequeñas."
castilla_leon,Quintana del Puente,"e-distribución Redes Digitales, S.L.U.",regional_default_candidate,exclude_from_bulk_import,no,e-distribución — distribución eléctrica,https://www.edistribucion.com/es/conocenos/instalaciones-distribucion-red/distribucion-electrica.html,official_distributor_public,2026-05-06,"No incluir en bloque e-distribución; revisar aparte por solapes grandes con i-DE, UFD y pequeñas."
castilla_leon,Quintana Redonda,"e-distribución Redes Digitales, S.L.U.",regional_default_candidate,exclude_from_bulk_import,no,e-distribución — distribución eléctrica,https://www.edistribucion.com/es/conocenos/instalaciones-distribucion-red/distribucion-electrica.html,official_distributor_public,2026-05-06,"No incluir en bloque e-distribución; revisar aparte por solapes grandes con i-DE, UFD y pequeñas."
castilla_leon,Quintana y Congosto,"e-distribución Redes Digitales, S.L.U.",regional_default_candidate,exclude_from_bulk_import,no,e-distribución — distribución eléctrica,https://www.edistribucion.com/es/conocenos/instalaciones-distribucion-red/distribucion-electrica.html,official_distributor_public,2026-05-06,"No incluir en bloque e-distribución; revisar aparte por solapes grandes con i-DE, UFD y pequeñas."
castilla_leon,Quintanabureba,"e-distribución Redes Digitales, S.L.U.",regional_default_candidate,exclude_from_bulk_import,no,e-distribución — distribución eléctrica,https://www.edistribucion.com/es/conocenos/instalaciones-distribucion-red/distribucion-electrica.html,official_distributor_public,2026-05-06,"No incluir en bloque e-distribución; revisar aparte por solapes grandes con i-DE, UFD y pequeñas."
castilla_leon,Quintanaélez,"e-distribución Redes Digitales, S.L.U.",regional_default_candidate,exclude_from_bulk_import,no,e-distribución — distribución eléctrica,https://www.edistribucion.com/es/conocenos/instalaciones-distribucion-red/distribucion-electrica.html,official_distributor_public,2026-05-06,"No incluir en bloque e-distribución; revisar aparte por solapes grandes con i-DE, UFD y pequeñas."
castilla_leon,Quintanaortuño,"e-distribución Redes Digitales, S.L.U.",regional_default_candidate,exclude_from_bulk_import,no,e-distribución — distribución eléctrica,https://www.edistribucion.com/es/conocenos/instalaciones-distribucion-red/distribucion-electrica.html,official_distributor_public,2026-05-06,"No incluir en bloque e-distribución; revisar aparte por solapes grandes con i-DE, UFD y pequeñas."
castilla_leon,Quintanapalla,"e-distribución Redes Digitales, S.L.U.",regional_default_candidate,exclude_from_bulk_import,no,e-distribución — distribución eléctrica,https://www.edistribucion.com/es/conocenos/instalaciones-distribucion-red/distribucion-electrica.html,official_distributor_public,2026-05-06,"No incluir en bloque e-distribución; revisar aparte por solapes grandes con i-DE, UFD y pequeñas."
castilla_leon,Quintanar de la Sierra,"e-distribución Redes Digitales, S.L.U.",regional_default_candidate,exclude_from_bulk_import,no,e-distribución — distribución eléctrica,https://www.edistribucion.com/es/conocenos/instalaciones-distribucion-red/distribucion-electrica.html,official_distributor_public,2026-05-06,"No incluir en bloque e-distribución; revisar aparte por solapes grandes con i-DE, UFD y pequeñas."
castilla_leon,Quintanas de Gormaz,"e-distribución Redes Digitales, S.L.U.",regional_default_candidate,exclude_from_bulk_import,no,e-distribución — distribución eléctrica,https://www.edistribucion.com/es/conocenos/instalaciones-distribucion-red/distribucion-electrica.html,official_distributor_public,2026-05-06,"No incluir en bloque e-distribución; revisar aparte por solapes grandes con i-DE, UFD y pequeñas."
castilla_leon,Quintanavides,"e-distribución Redes Digitales, S.L.U.",regional_default_candidate,exclude_from_bulk_import,no,e-distribución — distribución eléctrica,https://www.edistribucion.com/es/conocenos/instalaciones-distribucion-red/distribucion-electrica.html,official_distributor_public,2026-05-06,"No incluir en bloque e-distribución; revisar aparte por solapes grandes con i-DE, UFD y pequeñas."
castilla_leon,Quintanilla de Arriba,"e-distribución Redes Digitales, S.L.U.",regional_default_candidate,exclude_from_bulk_import,no,e-distribución — distribución eléctrica,https://www.edistribucion.com/es/conocenos/instalaciones-distribucion-red/distribucion-electrica.html,official_distributor_public,2026-05-06,"No incluir en bloque e-distribución; revisar aparte por solapes grandes con i-DE, UFD y pequeñas."
castilla_leon,Quintanilla de la Mata,"e-distribución Redes Digitales, S.L.U.",regional_default_candidate,exclude_from_bulk_import,no,e-distribución — distribución eléctrica,https://www.edistribucion.com/es/conocenos/instalaciones-distribucion-red/distribucion-electrica.html,official_distributor_public,2026-05-06,"No incluir en bloque e-distribución; revisar aparte por solapes grandes con i-DE, UFD y pequeñas."
castilla_leon,Quintanilla de Onésimo,"e-distribución Redes Digitales, S.L.U.",regional_default_candidate,exclude_from_bulk_import,no,e-distribución — distribución eléctrica,https://www.edistribucion.com/es/conocenos/instalaciones-distribucion-red/distribucion-electrica.html,official_distributor_public,2026-05-06,"No incluir en bloque e-distribución; revisar aparte por solapes grandes con i-DE, UFD y pequeñas."
castilla_leon,Quintanilla de Onsoña,"e-distribución Redes Digitales, S.L.U.",regional_default_candidate,exclude_from_bulk_import,no,e-distribución — distribución eléctrica,https://www.edistribucion.com/es/conocenos/instalaciones-distribucion-red/distribucion-electrica.html,official_distributor_public,2026-05-06,"No incluir en bloque e-distribución; revisar aparte por solapes grandes con i-DE, UFD y pequeñas."
castilla_leon,Quintanilla de Trigueros,"e-distribución Redes Digitales, S.L.U.",regional_default_candidate,exclude_from_bulk_import,no,e-distribución — distribución eléctrica,https://www.edistribucion.com/es/conocenos/instalaciones-distribucion-red/distribucion-electrica.html,official_distributor_public,2026-05-06,"No incluir en bloque e-distribución; revisar aparte por solapes grandes con i-DE, UFD y pequeñas."
castilla_leon,Quintanilla de Urz,"e-distribución Redes Digitales, S.L.U.",regional_default_candidate,exclude_from_bulk_import,no,e-distribución — distribución eléctrica,https://www.edistribucion.com/es/conocenos/instalaciones-distribucion-red/distribucion-electrica.html,official_distributor_public,2026-05-06,"No incluir en bloque e-distribución; revisar aparte por solapes grandes con i-DE, UFD y pequeñas."
castilla_leon,Quintanilla del Agua y Tordueles,"e-distribución Redes Digitales, S.L.U.",regional_default_candidate,exclude_from_bulk_import,no,e-distribución — distribución eléctrica,https://www.edistribucion.com/es/conocenos/instalaciones-distribucion-red/distribucion-electrica.html,official_distributor_public,2026-05-06,"No incluir en bloque e-distribución; revisar aparte por solapes grandes con i-DE, UFD y pequeñas."
castilla_leon,Quintanilla del Coco,"e-distribución Redes Digitales, S.L.U.",regional_default_candidate,exclude_from_bulk_import,no,e-distribución — distribución eléctrica,https://www.edistribucion.com/es/conocenos/instalaciones-distribucion-red/distribucion-electrica.html,official_distributor_public,2026-05-06,"No incluir en bloque e-distribución; revisar aparte por solapes grandes con i-DE, UFD y pequeñas."
castilla_leon,Quintanilla del Molar,"e-distribución Redes Digitales, S.L.U.",regional_default_candidate,exclude_from_bulk_import,no,e-distribución — distribución eléctrica,https://www.edistribucion.com/es/conocenos/instalaciones-distribucion-red/distribucion-electrica.html,official_distributor_public,2026-05-06,"No incluir en bloque e-distribución; revisar aparte por solapes grandes con i-DE, UFD y pequeñas."
castilla_leon,Quintanilla del Monte,"e-distribución Redes Digitales, S.L.U.",regional_default_candidate,exclude_from_bulk_import,no,e-distribución — distribución eléctrica,https://www.edistribucion.com/es/conocenos/instalaciones-distribucion-red/distribucion-electrica.html,official_distributor_public,2026-05-06,"No incluir en bloque e-distribución; revisar aparte por solapes grandes con i-DE, UFD y pequeñas."
castilla_leon,Quintanilla del Olmo,"e-distribución Redes Digitales, S.L.U.",regional_default_candidate,exclude_from_bulk_import,no,e-distribución — distribución eléctrica,https://www.edistribucion.com/es/conocenos/instalaciones-distribucion-red/distribucion-electrica.html,official_distributor_public,2026-05-06,"No incluir en bloque e-distribución; revisar aparte por solapes grandes con i-DE, UFD y pequeñas."
castilla_leon,Quintanilla San García,"e-distribución Redes Digitales, S.L.U.",regional_default_candidate,exclude_from_bulk_import,no,e-distribución — distribución eléctrica,https://www.edistribucion.com/es/conocenos/instalaciones-distribucion-red/distribucion-electrica.html,official_distributor_public,2026-05-06,"No incluir en bloque e-distribución; revisar aparte por solapes grandes con i-DE, UFD y pequeñas."
castilla_leon,Quintanilla Vivar,"e-distribución Redes Digitales, S.L.U.",regional_default_candidate,exclude_from_bulk_import,no,e-distribución — distribución eléctrica,https://www.edistribucion.com/es/conocenos/instalaciones-distribucion-red/distribucion-electrica.html,official_distributor_public,2026-05-06,"No incluir en bloque e-distribución; revisar aparte por solapes grandes con i-DE, UFD y pequeñas."
castilla_leon,Quiruelas de Vidriales,"e-distribución Redes Digitales, S.L.U.",regional_default_candidate,exclude_from_bulk_import,no,e-distribución — distribución eléctrica,https://www.edistribucion.com/es/conocenos/instalaciones-distribucion-red/distribucion-electrica.html,official_distributor_public,2026-05-06,"No incluir en bloque e-distribución; revisar aparte por solapes grandes con i-DE, UFD y pequeñas."
castilla_leon,Rabanales,"e-distribución Redes Digitales, S.L.U.",regional_default_candidate,exclude_from_bulk_import,no,e-distribución — distribución eléctrica,https://www.edistribucion.com/es/conocenos/instalaciones-distribucion-red/distribucion-electrica.html,official_distributor_public,2026-05-06,"No incluir en bloque e-distribución; revisar aparte por solapes grandes con i-DE, UFD y pequeñas."
castilla_leon,Rabanera del Pinar,"e-distribución Redes Digitales, S.L.U.",regional_default_candidate,exclude_from_bulk_import,no,e-distribución — distribución eléctrica,https://www.edistribucion.com/es/conocenos/instalaciones-distribucion-red/distribucion-electrica.html,official_distributor_public,2026-05-06,"No incluir en bloque e-distribución; revisar aparte por solapes grandes con i-DE, UFD y pequeñas."
castilla_leon,Rábano,"e-distribución Redes Digitales, S.L.U.",regional_default_candidate,exclude_from_bulk_import,no,e-distribución — distribución eléctrica,https://www.edistribucion.com/es/conocenos/instalaciones-distribucion-red/distribucion-electrica.html,official_distributor_public,2026-05-06,"No incluir en bloque e-distribución; revisar aparte por solapes grandes con i-DE, UFD y pequeñas."
castilla_leon,Rábano de Aliste,"e-distribución Redes Digitales, S.L.U.",regional_default_candidate,exclude_from_bulk_import,no,e-distribución — distribución eléctrica,https://www.edistribucion.com/es/conocenos/instalaciones-distribucion-red/distribucion-electrica.html,official_distributor_public,2026-05-06,"No incluir en bloque e-distribución; revisar aparte por solapes grandes con i-DE, UFD y pequeñas."
castilla_leon,Rábanos,"e-distribución Redes Digitales, S.L.U.",regional_default_candidate,exclude_from_bulk_import,no,e-distribución — distribución eléctrica,https://www.edistribucion.com/es/conocenos/instalaciones-distribucion-red/distribucion-electrica.html,official_distributor_public,2026-05-06,"No incluir en bloque e-distribución; revisar aparte por solapes grandes con i-DE, UFD y pequeñas."
castilla_leon,Rabé de las Calzadas,"e-distribución Redes Digitales, S.L.U.",regional_default_candidate,exclude_from_bulk_import,no,e-distribución — distribución eléctrica,https://www.edistribucion.com/es/conocenos/instalaciones-distribucion-red/distribucion-electrica.html,official_distributor_public,2026-05-06,"No incluir en bloque e-distribución; revisar aparte por solapes grandes con i-DE, UFD y pequeñas."
castilla_leon,Rágama,"e-distribución Redes Digitales, S.L.U.",regional_default_candidate,exclude_from_bulk_import,no,e-distribución — distribución eléctrica,https://www.edistribucion.com/es/conocenos/instalaciones-distribucion-red/distribucion-electrica.html,official_distributor_public,2026-05-06,"No incluir en bloque e-distribución; revisar aparte por solapes grandes con i-DE, UFD y pequeñas."
castilla_leon,Ramiro,"e-distribución Redes Digitales, S.L.U.",regional_default_candidate,exclude_from_bulk_import,no,e-distribución — distribución eléctrica,https://www.edistribucion.com/es/conocenos/instalaciones-distribucion-red/distribucion-electrica.html,official_distributor_public,2026-05-06,"No incluir en bloque e-distribución; revisar aparte por solapes grandes con i-DE, UFD y pequeñas."
castilla_leon,Rapariegos,"e-distribución Redes Digitales, S.L.U.",regional_default_candidate,exclude_from_bulk_import,no,e-distribución — distribución eléctrica,https://www.edistribucion.com/es/conocenos/instalaciones-distribucion-red/distribucion-electrica.html,official_distributor_public,2026-05-06,"No incluir en bloque e-distribución; revisar aparte por solapes grandes con i-DE, UFD y pequeñas."
castilla_leon,Rasueros,"e-distribución Redes Digitales, S.L.U.",regional_default_candidate,exclude_from_bulk_import,no,e-distribución — distribución eléctrica,https://www.edistribucion.com/es/conocenos/instalaciones-distribucion-red/distribucion-electrica.html,official_distributor_public,2026-05-06,"No incluir en bloque e-distribución; revisar aparte por solapes grandes con i-DE, UFD y pequeñas."
castilla_leon,Real Sitio de San Ildefonso,"e-distribución Redes Digitales, S.L.U.",regional_default_candidate,exclude_from_bulk_import,no,e-distribución — distribución eléctrica,https://www.edistribucion.com/es/conocenos/instalaciones-distribucion-red/distribucion-electrica.html,official_distributor_public,2026-05-06,"No incluir en bloque e-distribución; revisar aparte por solapes grandes con i-DE, UFD y pequeñas."
castilla_leon,Rebollar,"e-distribución Redes Digitales, S.L.U.",regional_default_candidate,exclude_from_bulk_import,no,e-distribución — distribución eléctrica,https://www.edistribucion.com/es/conocenos/instalaciones-distribucion-red/distribucion-electrica.html,official_distributor_public,2026-05-06,"No incluir en bloque e-distribución; revisar aparte por solapes grandes con i-DE, UFD y pequeñas."
castilla_leon,Rebolledo de la Torre,"e-distribución Redes Digitales, S.L.U.",regional_default_candidate,exclude_from_bulk_import,no,e-distribución — distribución eléctrica,https://www.edistribucion.com/es/conocenos/instalaciones-distribucion-red/distribucion-electrica.html,official_distributor_public,2026-05-06,"No incluir en bloque e-distribución; revisar aparte por solapes grandes con i-DE, UFD y pequeñas."
castilla_leon,Rebollo,"e-distribución Redes Digitales, S.L.U.",regional_default_candidate,exclude_from_bulk_import,no,e-distribución — distribución eléctrica,https://www.edistribucion.com/es/conocenos/instalaciones-distribucion-red/distribucion-electrica.html,official_distributor_public,2026-05-06,"No incluir en bloque e-distribución; revisar aparte por solapes grandes con i-DE, UFD y pequeñas."
castilla_leon,Recuerda,"e-distribución Redes Digitales, S.L.U.",regional_default_candidate,exclude_from_bulk_import,no,e-distribución — distribución eléctrica,https://www.edistribucion.com/es/conocenos/instalaciones-distribucion-red/distribucion-electrica.html,official_distributor_public,2026-05-06,"No incluir en bloque e-distribución; revisar aparte por solapes grandes con i-DE, UFD y pequeñas."
castilla_leon,Redecilla del Camino,"e-distribución Redes Digitales, S.L.U.",regional_default_candidate,exclude_from_bulk_import,no,e-distribución — distribución eléctrica,https://www.edistribucion.com/es/conocenos/instalaciones-distribucion-red/distribucion-electrica.html,official_distributor_public,2026-05-06,"No incluir en bloque e-distribución; revisar aparte por solapes grandes con i-DE, UFD y pequeñas."
castilla_leon,Redecilla del Campo,"e-distribución Redes Digitales, S.L.U.",regional_default_candidate,exclude_from_bulk_import,no,e-distribución — distribución eléctrica,https://www.edistribucion.com/es/conocenos/instalaciones-distribucion-red/distribucion-electrica.html,official_distributor_public,2026-05-06,"No incluir en bloque e-distribución; revisar aparte por solapes grandes con i-DE, UFD y pequeñas."
castilla_leon,Regueras de Arriba,"e-distribución Redes Digitales, S.L.U.",regional_default_candidate,exclude_from_bulk_import,no,e-distribución — distribución eléctrica,https://www.edistribucion.com/es/conocenos/instalaciones-distribucion-red/distribucion-electrica.html,official_distributor_public,2026-05-06,"No incluir en bloque e-distribución; revisar aparte por solapes grandes con i-DE, UFD y pequeñas."
castilla_leon,Regumiel de la Sierra,"e-distribución Redes Digitales, S.L.U.",regional_default_candidate,exclude_from_bulk_import,no,e-distribución — distribución eléctrica,https://www.edistribucion.com/es/conocenos/instalaciones-distribucion-red/distribucion-electrica.html,official_distributor_public,2026-05-06,"No incluir en bloque e-distribución; revisar aparte por solapes grandes con i-DE, UFD y pequeñas."
castilla_leon,Reinoso,"e-distribución Redes Digitales, S.L.U.",regional_default_candidate,exclude_from_bulk_import,no,e-distribución — distribución eléctrica,https://www.edistribucion.com/es/conocenos/instalaciones-distribucion-red/distribucion-electrica.html,official_distributor_public,2026-05-06,"No incluir en bloque e-distribución; revisar aparte por solapes grandes con i-DE, UFD y pequeñas."
castilla_leon,Reinoso de Cerrato,"e-distribución Redes Digitales, S.L.U.",regional_default_candidate,exclude_from_bulk_import,no,e-distribución — distribución eléctrica,https://www.edistribucion.com/es/conocenos/instalaciones-distribucion-red/distribucion-electrica.html,official_distributor_public,2026-05-06,"No incluir en bloque e-distribución; revisar aparte por solapes grandes con i-DE, UFD y pequeñas."
castilla_leon,Rello,"e-distribución Redes Digitales, S.L.U.",regional_default_candidate,exclude_from_bulk_import,no,e-distribución — distribución eléctrica,https://www.edistribucion.com/es/conocenos/instalaciones-distribucion-red/distribucion-electrica.html,official_distributor_public,2026-05-06,"No incluir en bloque e-distribución; revisar aparte por solapes grandes con i-DE, UFD y pequeñas."
castilla_leon,Remondo,"e-distribución Redes Digitales, S.L.U.",regional_default_candidate,exclude_from_bulk_import,no,e-distribución — distribución eléctrica,https://www.edistribucion.com/es/conocenos/instalaciones-distribucion-red/distribucion-electrica.html,official_distributor_public,2026-05-06,"No incluir en bloque e-distribución; revisar aparte por solapes grandes con i-DE, UFD y pequeñas."
castilla_leon,Renedo de Esgueva,"e-distribución Redes Digitales, S.L.U.",regional_default_candidate,exclude_from_bulk_import,no,e-distribución — distribución eléctrica,https://www.edistribucion.com/es/conocenos/instalaciones-distribucion-red/distribucion-electrica.html,official_distributor_public,2026-05-06,"No incluir en bloque e-distribución; revisar aparte por solapes grandes con i-DE, UFD y pequeñas."
castilla_leon,Renedo de la Vega,"e-distribución Redes Digitales, S.L.U.",regional_default_candidate,exclude_from_bulk_import,no,e-distribución — distribución eléctrica,https://www.edistribucion.com/es/conocenos/instalaciones-distribucion-red/distribucion-electrica.html,official_distributor_public,2026-05-06,"No incluir en bloque e-distribución; revisar aparte por solapes grandes con i-DE, UFD y pequeñas."
castilla_leon,Renieblas,"e-distribución Redes Digitales, S.L.U.",regional_default_candidate,exclude_from_bulk_import,no,e-distribución — distribución eléctrica,https://www.edistribucion.com/es/conocenos/instalaciones-distribucion-red/distribucion-electrica.html,official_distributor_public,2026-05-06,"No incluir en bloque e-distribución; revisar aparte por solapes grandes con i-DE, UFD y pequeñas."
castilla_leon,Requejo,"e-distribución Redes Digitales, S.L.U.",regional_default_candidate,exclude_from_bulk_import,no,e-distribución — distribución eléctrica,https://www.edistribucion.com/es/conocenos/instalaciones-distribucion-red/distribucion-electrica.html,official_distributor_public,2026-05-06,"No incluir en bloque e-distribución; revisar aparte por solapes grandes con i-DE, UFD y pequeñas."
castilla_leon,Requena de Campos,"e-distribución Redes Digitales, S.L.U.",regional_default_candidate,exclude_from_bulk_import,no,e-distribución — distribución eléctrica,https://www.edistribucion.com/es/conocenos/instalaciones-distribucion-red/distribucion-electrica.html,official_distributor_public,2026-05-06,"No incluir en bloque e-distribución; revisar aparte por solapes grandes con i-DE, UFD y pequeñas."
castilla_leon,Respenda de la Peña,"e-distribución Redes Digitales, S.L.U.",regional_default_candidate,exclude_from_bulk_import,no,e-distribución — distribución eléctrica,https://www.edistribucion.com/es/conocenos/instalaciones-distribucion-red/distribucion-electrica.html,official_distributor_public,2026-05-06,"No incluir en bloque e-distribución; revisar aparte por solapes grandes con i-DE, UFD y pequeñas."
castilla_leon,Retortillo,"e-distribución Redes Digitales, S.L.U.",regional_default_candidate,exclude_from_bulk_import,no,e-distribución — distribución eléctrica,https://www.edistribucion.com/es/conocenos/instalaciones-distribucion-red/distribucion-electrica.html,official_distributor_public,2026-05-06,"No incluir en bloque e-distribución; revisar aparte por solapes grandes con i-DE, UFD y pequeñas."
castilla_leon,Retortillo de Soria,"e-distribución Redes Digitales, S.L.U.",regional_default_candidate,exclude_from_bulk_import,no,e-distribución — distribución eléctrica,https://www.edistribucion.com/es/conocenos/instalaciones-distribucion-red/distribucion-electrica.html,official_distributor_public,2026-05-06,"No incluir en bloque e-distribución; revisar aparte por solapes grandes con i-DE, UFD y pequeñas."
castilla_leon,Retuerta,"e-distribución Redes Digitales, S.L.U.",regional_default_candidate,exclude_from_bulk_import,no,e-distribución — distribución eléctrica,https://www.edistribucion.com/es/conocenos/instalaciones-distribucion-red/distribucion-electrica.html,official_distributor_public,2026-05-06,"No incluir en bloque e-distribución; revisar aparte por solapes grandes con i-DE, UFD y pequeñas."
castilla_leon,Revellinos,"e-distribución Redes Digitales, S.L.U.",regional_default_candidate,exclude_from_bulk_import,no,e-distribución — distribución eléctrica,https://www.edistribucion.com/es/conocenos/instalaciones-distribucion-red/distribucion-electrica.html,official_distributor_public,2026-05-06,"No incluir en bloque e-distribución; revisar aparte por solapes grandes con i-DE, UFD y pequeñas."
castilla_leon,Revenga de Campos,"e-distribución Redes Digitales, S.L.U.",regional_default_candidate,exclude_from_bulk_import,no,e-distribución — distribución eléctrica,https://www.edistribucion.com/es/conocenos/instalaciones-distribucion-red/distribucion-electrica.html,official_distributor_public,2026-05-06,"No incluir en bloque e-distribución; revisar aparte por solapes grandes con i-DE, UFD y pequeñas."
castilla_leon,Revilla de Collazos,"e-distribución Redes Digitales, S.L.U.",regional_default_candidate,exclude_from_bulk_import,no,e-distribución — distribución eléctrica,https://www.edistribucion.com/es/conocenos/instalaciones-distribucion-red/distribucion-electrica.html,official_distributor_public,2026-05-06,"No incluir en bloque e-distribución; revisar aparte por solapes grandes con i-DE, UFD y pequeñas."
castilla_leon,Revilla del Campo,"e-distribución Redes Digitales, S.L.U.",regional_default_candidate,exclude_from_bulk_import,no,e-distribución — distribución eléctrica,https://www.edistribucion.com/es/conocenos/instalaciones-distribucion-red/distribucion-electrica.html,official_distributor_public,2026-05-06,"No incluir en bloque e-distribución; revisar aparte por solapes grandes con i-DE, UFD y pequeñas."
castilla_leon,Revilla Vallejera,"e-distribución Redes Digitales, S.L.U.",regional_default_candidate,exclude_from_bulk_import,no,e-distribución — distribución eléctrica,https://www.edistribucion.com/es/conocenos/instalaciones-distribucion-red/distribucion-electrica.html,official_distributor_public,2026-05-06,"No incluir en bloque e-distribución; revisar aparte por solapes grandes con i-DE, UFD y pequeñas."
castilla_leon,Revillarruz,"e-distribución Redes Digitales, S.L.U.",regional_default_candidate,exclude_from_bulk_import,no,e-distribución — distribución eléctrica,https://www.edistribucion.com/es/conocenos/instalaciones-distribucion-red/distribucion-electrica.html,official_distributor_public,2026-05-06,"No incluir en bloque e-distribución; revisar aparte por solapes grandes con i-DE, UFD y pequeñas."
castilla_leon,Reyero,"e-distribución Redes Digitales, S.L.U.",regional_default_candidate,exclude_from_bulk_import,no,e-distribución — distribución eléctrica,https://www.edistribucion.com/es/conocenos/instalaciones-distribucion-red/distribucion-electrica.html,official_distributor_public,2026-05-06,"No incluir en bloque e-distribución; revisar aparte por solapes grandes con i-DE, UFD y pequeñas."
castilla_leon,Rezmondo,"e-distribución Redes Digitales, S.L.U.",regional_default_candidate,exclude_from_bulk_import,no,e-distribución — distribución eléctrica,https://www.edistribucion.com/es/conocenos/instalaciones-distribucion-red/distribucion-electrica.html,official_distributor_public,2026-05-06,"No incluir en bloque e-distribución; revisar aparte por solapes grandes con i-DE, UFD y pequeñas."
castilla_leon,Reznos,"e-distribución Redes Digitales, S.L.U.",regional_default_candidate,exclude_from_bulk_import,no,e-distribución — distribución eléctrica,https://www.edistribucion.com/es/conocenos/instalaciones-distribucion-red/distribucion-electrica.html,official_distributor_public,2026-05-06,"No incluir en bloque e-distribución; revisar aparte por solapes grandes con i-DE, UFD y pequeñas."
castilla_leon,Riaguas de San Bartolomé,"e-distribución Redes Digitales, S.L.U.",regional_default_candidate,exclude_from_bulk_import,no,e-distribución — distribución eléctrica,https://www.edistribucion.com/es/conocenos/instalaciones-distribucion-red/distribucion-electrica.html,official_distributor_public,2026-05-06,"No incluir en bloque e-distribución; revisar aparte por solapes grandes con i-DE, UFD y pequeñas."
castilla_leon,Riaño,"e-distribución Redes Digitales, S.L.U.",regional_default_candidate,exclude_from_bulk_import,no,e-distribución — distribución eléctrica,https://www.edistribucion.com/es/conocenos/instalaciones-distribucion-red/distribucion-electrica.html,official_distributor_public,2026-05-06,"No incluir en bloque e-distribución; revisar aparte por solapes grandes con i-DE, UFD y pequeñas."
castilla_leon,Riaza,"e-distribución Redes Digitales, S.L.U.",regional_default_candidate,exclude_from_bulk_import,no,e-distribución — distribución eléctrica,https://www.edistribucion.com/es/conocenos/instalaciones-distribucion-red/distribucion-electrica.html,official_distributor_public,2026-05-06,"No incluir en bloque e-distribución; revisar aparte por solapes grandes con i-DE, UFD y pequeñas."
castilla_leon,Ribas de Campos,"e-distribución Redes Digitales, S.L.U.",regional_default_candidate,exclude_from_bulk_import,no,e-distribución — distribución eléctrica,https://www.edistribucion.com/es/conocenos/instalaciones-distribucion-red/distribucion-electrica.html,official_distributor_public,2026-05-06,"No incluir en bloque e-distribución; revisar aparte por solapes grandes con i-DE, UFD y pequeñas."
castilla_leon,Riberos de la Cueza,"e-distribución Redes Digitales, S.L.U.",regional_default_candidate,exclude_from_bulk_import,no,e-distribución — distribución eléctrica,https://www.edistribucion.com/es/conocenos/instalaciones-distribucion-red/distribucion-electrica.html,official_distributor_public,2026-05-06,"No incluir en bloque e-distribución; revisar aparte por solapes grandes con i-DE, UFD y pequeñas."
castilla_leon,Ribota,"e-distribución Redes Digitales, S.L.U.",regional_default_candidate,exclude_from_bulk_import,no,e-distribución — distribución eléctrica,https://www.edistribucion.com/es/conocenos/instalaciones-distribucion-red/distribucion-electrica.html,official_distributor_public,2026-05-06,"No incluir en bloque e-distribución; revisar aparte por solapes grandes con i-DE, UFD y pequeñas."
castilla_leon,Riego de la Vega,"e-distribución Redes Digitales, S.L.U.",regional_default_candidate,exclude_from_bulk_import,no,e-distribución — distribución eléctrica,https://www.edistribucion.com/es/conocenos/instalaciones-distribucion-red/distribucion-electrica.html,official_distributor_public,2026-05-06,"No incluir en bloque e-distribución; revisar aparte por solapes grandes con i-DE, UFD y pequeñas."
castilla_leon,Riello,"e-distribución Redes Digitales, S.L.U.",regional_default_candidate,exclude_from_bulk_import,no,e-distribución — distribución eléctrica,https://www.edistribucion.com/es/conocenos/instalaciones-distribucion-red/distribucion-electrica.html,official_distributor_public,2026-05-06,"No incluir en bloque e-distribución; revisar aparte por solapes grandes con i-DE, UFD y pequeñas."
castilla_leon,Riocabado,"e-distribución Redes Digitales, S.L.U.",regional_default_candidate,exclude_from_bulk_import,no,e-distribución — distribución eléctrica,https://www.edistribucion.com/es/conocenos/instalaciones-distribucion-red/distribucion-electrica.html,official_distributor_public,2026-05-06,"No incluir en bloque e-distribución; revisar aparte por solapes grandes con i-DE, UFD y pequeñas."
castilla_leon,Riocavado de la Sierra,"e-distribución Redes Digitales, S.L.U.",regional_default_candidate,exclude_from_bulk_import,no,e-distribución — distribución eléctrica,https://www.edistribucion.com/es/conocenos/instalaciones-distribucion-red/distribucion-electrica.html,official_distributor_public,2026-05-06,"No incluir en bloque e-distribución; revisar aparte por solapes grandes con i-DE, UFD y pequeñas."
castilla_leon,Riofrío,"e-distribución Redes Digitales, S.L.U.",regional_default_candidate,exclude_from_bulk_import,no,e-distribución — distribución eléctrica,https://www.edistribucion.com/es/conocenos/instalaciones-distribucion-red/distribucion-electrica.html,official_distributor_public,2026-05-06,"No incluir en bloque e-distribución; revisar aparte por solapes grandes con i-DE, UFD y pequeñas."
castilla_leon,Riofrío de Aliste,"e-distribución Redes Digitales, S.L.U.",regional_default_candidate,exclude_from_bulk_import,no,e-distribución — distribución eléctrica,https://www.edistribucion.com/es/conocenos/instalaciones-distribucion-red/distribucion-electrica.html,official_distributor_public,2026-05-06,"No incluir en bloque e-distribución; revisar aparte por solapes grandes con i-DE, UFD y pequeñas."
castilla_leon,Riofrío de Riaza,"e-distribución Redes Digitales, S.L.U.",regional_default_candidate,exclude_from_bulk_import,no,e-distribución — distribución eléctrica,https://www.edistribucion.com/es/conocenos/instalaciones-distribucion-red/distribucion-electrica.html,official_distributor_public,2026-05-06,"No incluir en bloque e-distribución; revisar aparte por solapes grandes con i-DE, UFD y pequeñas."
castilla_leon,Rionegro del Puente,"e-distribución Redes Digitales, S.L.U.",regional_default_candidate,exclude_from_bulk_import,no,e-distribución — distribución eléctrica,https://www.edistribucion.com/es/conocenos/instalaciones-distribucion-red/distribucion-electrica.html,official_distributor_public,2026-05-06,"No incluir en bloque e-distribución; revisar aparte por solapes grandes con i-DE, UFD y pequeñas."
castilla_leon,Rioseco de Soria,"e-distribución Redes Digitales, S.L.U.",regional_default_candidate,exclude_from_bulk_import,no,e-distribución — distribución eléctrica,https://www.edistribucion.com/es/conocenos/instalaciones-distribucion-red/distribucion-electrica.html,official_distributor_public,2026-05-06,"No incluir en bloque e-distribución; revisar aparte por solapes grandes con i-DE, UFD y pequeñas."
castilla_leon,Rioseco de Tapia,"e-distribución Redes Digitales, S.L.U.",regional_default_candidate,exclude_from_bulk_import,no,e-distribución — distribución eléctrica,https://www.edistribucion.com/es/conocenos/instalaciones-distribucion-red/distribucion-electrica.html,official_distributor_public,2026-05-06,"No incluir en bloque e-distribución; revisar aparte por solapes grandes con i-DE, UFD y pequeñas."
castilla_leon,Rivilla de Barajas,"e-distribución Redes Digitales, S.L.U.",regional_default_candidate,exclude_from_bulk_import,no,e-distribución — distribución eléctrica,https://www.edistribucion.com/es/conocenos/instalaciones-distribucion-red/distribucion-electrica.html,official_distributor_public,2026-05-06,"No incluir en bloque e-distribución; revisar aparte por solapes grandes con i-DE, UFD y pequeñas."
castilla_leon,Roa,"e-distribución Redes Digitales, S.L.U.",regional_default_candidate,exclude_from_bulk_import,no,e-distribución — distribución eléctrica,https://www.edistribucion.com/es/conocenos/instalaciones-distribucion-red/distribucion-electrica.html,official_distributor_public,2026-05-06,"No incluir en bloque e-distribución; revisar aparte por solapes grandes con i-DE, UFD y pequeñas."
castilla_leon,Roales,"e-distribución Redes Digitales, S.L.U.",regional_default_candidate,exclude_from_bulk_import,no,e-distribución — distribución eléctrica,https://www.edistribucion.com/es/conocenos/instalaciones-distribucion-red/distribucion-electrica.html,official_distributor_public,2026-05-06,"No incluir en bloque e-distribución; revisar aparte por solapes grandes con i-DE, UFD y pequeñas."
castilla_leon,Roales de Campos,"e-distribución Redes Digitales, S.L.U.",regional_default_candidate,exclude_from_bulk_import,no,e-distribución — distribución eléctrica,https://www.edistribucion.com/es/conocenos/instalaciones-distribucion-red/distribucion-electrica.html,official_distributor_public,2026-05-06,"No incluir en bloque e-distribución; revisar aparte por solapes grandes con i-DE, UFD y pequeñas."
castilla_leon,Robladillo,"e-distribución Redes Digitales, S.L.U.",regional_default_candidate,exclude_from_bulk_import,no,e-distribución — distribución eléctrica,https://www.edistribucion.com/es/conocenos/instalaciones-distribucion-red/distribucion-electrica.html,official_distributor_public,2026-05-06,"No incluir en bloque e-distribución; revisar aparte por solapes grandes con i-DE, UFD y pequeñas."
castilla_leon,Robleda,"e-distribución Redes Digitales, S.L.U.",regional_default_candidate,exclude_from_bulk_import,no,e-distribución — distribución eléctrica,https://www.edistribucion.com/es/conocenos/instalaciones-distribucion-red/distribucion-electrica.html,official_distributor_public,2026-05-06,"No incluir en bloque e-distribución; revisar aparte por solapes grandes con i-DE, UFD y pequeñas."
castilla_leon,Robleda-Cervantes,"e-distribución Redes Digitales, S.L.U.",regional_default_candidate,exclude_from_bulk_import,no,e-distribución — distribución eléctrica,https://www.edistribucion.com/es/conocenos/instalaciones-distribucion-red/distribucion-electrica.html,official_distributor_public,2026-05-06,"No incluir en bloque e-distribución; revisar aparte por solapes grandes con i-DE, UFD y pequeñas."
castilla_leon,Robliza de Cojos,"e-distribución Redes Digitales, S.L.U.",regional_default_candidate,exclude_from_bulk_import,no,e-distribución — distribución eléctrica,https://www.edistribucion.com/es/conocenos/instalaciones-distribucion-red/distribucion-electrica.html,official_distributor_public,2026-05-06,"No incluir en bloque e-distribución; revisar aparte por solapes grandes con i-DE, UFD y pequeñas."
castilla_leon,Roda de Eresma,"e-distribución Redes Digitales, S.L.U.",regional_default_candidate,exclude_from_bulk_import,no,e-distribución — distribución eléctrica,https://www.edistribucion.com/es/conocenos/instalaciones-distribucion-red/distribucion-electrica.html,official_distributor_public,2026-05-06,"No incluir en bloque e-distribución; revisar aparte por solapes grandes con i-DE, UFD y pequeñas."
castilla_leon,Roelos de Sayago,"e-distribución Redes Digitales, S.L.U.",regional_default_candidate,exclude_from_bulk_import,no,e-distribución — distribución eléctrica,https://www.edistribucion.com/es/conocenos/instalaciones-distribucion-red/distribucion-electrica.html,official_distributor_public,2026-05-06,"No incluir en bloque e-distribución; revisar aparte por solapes grandes con i-DE, UFD y pequeñas."
castilla_leon,Rojas,"e-distribución Redes Digitales, S.L.U.",regional_default_candidate,exclude_from_bulk_import,no,e-distribución — distribución eléctrica,https://www.edistribucion.com/es/conocenos/instalaciones-distribucion-red/distribucion-electrica.html,official_distributor_public,2026-05-06,"No incluir en bloque e-distribución; revisar aparte por solapes grandes con i-DE, UFD y pequeñas."
castilla_leon,Rollamienta,"e-distribución Redes Digitales, S.L.U.",regional_default_candidate,exclude_from_bulk_import,no,e-distribución — distribución eléctrica,https://www.edistribucion.com/es/conocenos/instalaciones-distribucion-red/distribucion-electrica.html,official_distributor_public,2026-05-06,"No incluir en bloque e-distribución; revisar aparte por solapes grandes con i-DE, UFD y pequeñas."
castilla_leon,Rollán,"e-distribución Redes Digitales, S.L.U.",regional_default_candidate,exclude_from_bulk_import,no,e-distribución — distribución eléctrica,https://www.edistribucion.com/es/conocenos/instalaciones-distribucion-red/distribucion-electrica.html,official_distributor_public,2026-05-06,"No incluir en bloque e-distribución; revisar aparte por solapes grandes con i-DE, UFD y pequeñas."
castilla_leon,Roperuelos del Páramo,"e-distribución Redes Digitales, S.L.U.",regional_default_candidate,exclude_from_bulk_import,no,e-distribución — distribución eléctrica,https://www.edistribucion.com/es/conocenos/instalaciones-distribucion-red/distribucion-electrica.html,official_distributor_public,2026-05-06,"No incluir en bloque e-distribución; revisar aparte por solapes grandes con i-DE, UFD y pequeñas."
castilla_leon,Rosinos de la Requejada,"e-distribución Redes Digitales, S.L.U.",regional_default_candidate,exclude_from_bulk_import,no,e-distribución — distribución eléctrica,https://www.edistribucion.com/es/conocenos/instalaciones-distribucion-red/distribucion-electrica.html,official_distributor_public,2026-05-06,"No incluir en bloque e-distribución; revisar aparte por solapes grandes con i-DE, UFD y pequeñas."
castilla_leon,Roturas,"e-distribución Redes Digitales, S.L.U.",regional_default_candidate,exclude_from_bulk_import,no,e-distribución — distribución eléctrica,https://www.edistribucion.com/es/conocenos/instalaciones-distribucion-red/distribucion-electrica.html,official_distributor_public,2026-05-06,"No incluir en bloque e-distribución; revisar aparte por solapes grandes con i-DE, UFD y pequeñas."
castilla_leon,Royuela de Río Franco,"e-distribución Redes Digitales, S.L.U.",regional_default_candidate,exclude_from_bulk_import,no,e-distribución — distribución eléctrica,https://www.edistribucion.com/es/conocenos/instalaciones-distribucion-red/distribucion-electrica.html,official_distributor_public,2026-05-06,"No incluir en bloque e-distribución; revisar aparte por solapes grandes con i-DE, UFD y pequeñas."
castilla_leon,Rubena,"e-distribución Redes Digitales, S.L.U.",regional_default_candidate,exclude_from_bulk_import,no,e-distribución — distribución eléctrica,https://www.edistribucion.com/es/conocenos/instalaciones-distribucion-red/distribucion-electrica.html,official_distributor_public,2026-05-06,"No incluir en bloque e-distribución; revisar aparte por solapes grandes con i-DE, UFD y pequeñas."
castilla_leon,Rubí de Bracamonte,"e-distribución Redes Digitales, S.L.U.",regional_default_candidate,exclude_from_bulk_import,no,e-distribución — distribución eléctrica,https://www.edistribucion.com/es/conocenos/instalaciones-distribucion-red/distribucion-electrica.html,official_distributor_public,2026-05-06,"No incluir en bloque e-distribución; revisar aparte por solapes grandes con i-DE, UFD y pequeñas."
castilla_leon,Rublacedo de Abajo,"e-distribución Redes Digitales, S.L.U.",regional_default_candidate,exclude_from_bulk_import,no,e-distribución — distribución eléctrica,https://www.edistribucion.com/es/conocenos/instalaciones-distribucion-red/distribucion-electrica.html,official_distributor_public,2026-05-06,"No incluir en bloque e-distribución; revisar aparte por solapes grandes con i-DE, UFD y pequeñas."
castilla_leon,Rucandio,"e-distribución Redes Digitales, S.L.U.",regional_default_candidate,exclude_from_bulk_import,no,e-distribución — distribución eléctrica,https://www.edistribucion.com/es/conocenos/instalaciones-distribucion-red/distribucion-electrica.html,official_distributor_public,2026-05-06,"No incluir en bloque e-distribución; revisar aparte por solapes grandes con i-DE, UFD y pequeñas."
castilla_leon,Rueda,"e-distribución Redes Digitales, S.L.U.",regional_default_candidate,exclude_from_bulk_import,no,e-distribución — distribución eléctrica,https://www.edistribucion.com/es/conocenos/instalaciones-distribucion-red/distribucion-electrica.html,official_distributor_public,2026-05-06,"No incluir en bloque e-distribución; revisar aparte por solapes grandes con i-DE, UFD y pequeñas."
castilla_leon,Sabero,"e-distribución Redes Digitales, S.L.U.",regional_default_candidate,exclude_from_bulk_import,no,e-distribución — distribución eléctrica,https://www.edistribucion.com/es/conocenos/instalaciones-distribucion-red/distribucion-electrica.html,official_distributor_public,2026-05-06,"No incluir en bloque e-distribución; revisar aparte por solapes grandes con i-DE, UFD y pequeñas."
castilla_leon,Sacramenia,"e-distribución Redes Digitales, S.L.U.",regional_default_candidate,exclude_from_bulk_import,no,e-distribución — distribución eléctrica,https://www.edistribucion.com/es/conocenos/instalaciones-distribucion-red/distribucion-electrica.html,official_distributor_public,2026-05-06,"No incluir en bloque e-distribución; revisar aparte por solapes grandes con i-DE, UFD y pequeñas."
castilla_leon,Saelices de Mayorga,"e-distribución Redes Digitales, S.L.U.",regional_default_candidate,exclude_from_bulk_import,no,e-distribución — distribución eléctrica,https://www.edistribucion.com/es/conocenos/instalaciones-distribucion-red/distribucion-electrica.html,official_distributor_public,2026-05-06,"No incluir en bloque e-distribución; revisar aparte por solapes grandes con i-DE, UFD y pequeñas."
castilla_leon,Saelices el Chico,"e-distribución Redes Digitales, S.L.U.",regional_default_candidate,exclude_from_bulk_import,no,e-distribución — distribución eléctrica,https://www.edistribucion.com/es/conocenos/instalaciones-distribucion-red/distribucion-electrica.html,official_distributor_public,2026-05-06,"No incluir en bloque e-distribución; revisar aparte por solapes grandes con i-DE, UFD y pequeñas."
castilla_leon,Sahagún,"e-distribución Redes Digitales, S.L.U.",regional_default_candidate,exclude_from_bulk_import,no,e-distribución — distribución eléctrica,https://www.edistribucion.com/es/conocenos/instalaciones-distribucion-red/distribucion-electrica.html,official_distributor_public,2026-05-06,"No incluir en bloque e-distribución; revisar aparte por solapes grandes con i-DE, UFD y pequeñas."
castilla_leon,Salamanca,"e-distribución Redes Digitales, S.L.U.",regional_default_candidate,exclude_from_bulk_import,no,e-distribución — distribución eléctrica,https://www.edistribucion.com/es/conocenos/instalaciones-distribucion-red/distribucion-electrica.html,official_distributor_public,2026-05-06,"No incluir en bloque e-distribución; revisar aparte por solapes grandes con i-DE, UFD y pequeñas."
castilla_leon,Salas de Bureba,"e-distribución Redes Digitales, S.L.U.",regional_default_candidate,exclude_from_bulk_import,no,e-distribución — distribución eléctrica,https://www.edistribucion.com/es/conocenos/instalaciones-distribucion-red/distribucion-electrica.html,official_distributor_public,2026-05-06,"No incluir en bloque e-distribución; revisar aparte por solapes grandes con i-DE, UFD y pequeñas."
castilla_leon,Salas de los Infantes,"e-distribución Redes Digitales, S.L.U.",regional_default_candidate,exclude_from_bulk_import,no,e-distribución — distribución eléctrica,https://www.edistribucion.com/es/conocenos/instalaciones-distribucion-red/distribucion-electrica.html,official_distributor_public,2026-05-06,"No incluir en bloque e-distribución; revisar aparte por solapes grandes con i-DE, UFD y pequeñas."
castilla_leon,Salce,"e-distribución Redes Digitales, S.L.U.",regional_default_candidate,exclude_from_bulk_import,no,e-distribución — distribución eléctrica,https://www.edistribucion.com/es/conocenos/instalaciones-distribucion-red/distribucion-electrica.html,official_distributor_public,2026-05-06,"No incluir en bloque e-distribución; revisar aparte por solapes grandes con i-DE, UFD y pequeñas."
castilla_leon,Saldaña,"e-distribución Redes Digitales, S.L.U.",regional_default_candidate,exclude_from_bulk_import,no,e-distribución — distribución eléctrica,https://www.edistribucion.com/es/conocenos/instalaciones-distribucion-red/distribucion-electrica.html,official_distributor_public,2026-05-06,"No incluir en bloque e-distribución; revisar aparte por solapes grandes con i-DE, UFD y pequeñas."
castilla_leon,Saldaña de Burgos,"e-distribución Redes Digitales, S.L.U.",regional_default_candidate,exclude_from_bulk_import,no,e-distribución — distribución eléctrica,https://www.edistribucion.com/es/conocenos/instalaciones-distribucion-red/distribucion-electrica.html,official_distributor_public,2026-05-06,"No incluir en bloque e-distribución; revisar aparte por solapes grandes con i-DE, UFD y pequeñas."
castilla_leon,Saldeana,"e-distribución Redes Digitales, S.L.U.",regional_default_candidate,exclude_from_bulk_import,no,e-distribución — distribución eléctrica,https://www.edistribucion.com/es/conocenos/instalaciones-distribucion-red/distribucion-electrica.html,official_distributor_public,2026-05-06,"No incluir en bloque e-distribución; revisar aparte por solapes grandes con i-DE, UFD y pequeñas."
castilla_leon,Salduero,"e-distribución Redes Digitales, S.L.U.",regional_default_candidate,exclude_from_bulk_import,no,e-distribución — distribución eléctrica,https://www.edistribucion.com/es/conocenos/instalaciones-distribucion-red/distribucion-electrica.html,official_distributor_public,2026-05-06,"No incluir en bloque e-distribución; revisar aparte por solapes grandes con i-DE, UFD y pequeñas."
castilla_leon,Salinas de Pisuerga,"e-distribución Redes Digitales, S.L.U.",regional_default_candidate,exclude_from_bulk_import,no,e-distribución — distribución eléctrica,https://www.edistribucion.com/es/conocenos/instalaciones-distribucion-red/distribucion-electrica.html,official_distributor_public,2026-05-06,"No incluir en bloque e-distribución; revisar aparte por solapes grandes con i-DE, UFD y pequeñas."
castilla_leon,Salinillas de Bureba,"e-distribución Redes Digitales, S.L.U.",regional_default_candidate,exclude_from_bulk_import,no,e-distribución — distribución eléctrica,https://www.edistribucion.com/es/conocenos/instalaciones-distribucion-red/distribucion-electrica.html,official_distributor_public,2026-05-06,"No incluir en bloque e-distribución; revisar aparte por solapes grandes con i-DE, UFD y pequeñas."
castilla_leon,Salmoral,"e-distribución Redes Digitales, S.L.U.",regional_default_candidate,exclude_from_bulk_import,no,e-distribución — distribución eléctrica,https://www.edistribucion.com/es/conocenos/instalaciones-distribucion-red/distribucion-electrica.html,official_distributor_public,2026-05-06,"No incluir en bloque e-distribución; revisar aparte por solapes grandes con i-DE, UFD y pequeñas."
castilla_leon,Salobral,"e-distribución Redes Digitales, S.L.U.",regional_default_candidate,exclude_from_bulk_import,no,e-distribución — distribución eléctrica,https://www.edistribucion.com/es/conocenos/instalaciones-distribucion-red/distribucion-electrica.html,official_distributor_public,2026-05-06,"No incluir en bloque e-distribución; revisar aparte por solapes grandes con i-DE, UFD y pequeñas."
castilla_leon,Salvadiós,"e-distribución Redes Digitales, S.L.U.",regional_default_candidate,exclude_from_bulk_import,no,e-distribución — distribución eléctrica,https://www.edistribucion.com/es/conocenos/instalaciones-distribucion-red/distribucion-electrica.html,official_distributor_public,2026-05-06,"No incluir en bloque e-distribución; revisar aparte por solapes grandes con i-DE, UFD y pequeñas."
castilla_leon,Salvador de Zapardiel,"e-distribución Redes Digitales, S.L.U.",regional_default_candidate,exclude_from_bulk_import,no,e-distribución — distribución eléctrica,https://www.edistribucion.com/es/conocenos/instalaciones-distribucion-red/distribucion-electrica.html,official_distributor_public,2026-05-06,"No incluir en bloque e-distribución; revisar aparte por solapes grandes con i-DE, UFD y pequeñas."
castilla_leon,Salvatierra de Tormes,"e-distribución Redes Digitales, S.L.U.",regional_default_candidate,exclude_from_bulk_import,no,e-distribución — distribución eléctrica,https://www.edistribucion.com/es/conocenos/instalaciones-distribucion-red/distribucion-electrica.html,official_distributor_public,2026-05-06,"No incluir en bloque e-distribución; revisar aparte por solapes grandes con i-DE, UFD y pequeñas."
castilla_leon,Samboal,"e-distribución Redes Digitales, S.L.U.",regional_default_candidate,exclude_from_bulk_import,no,e-distribución — distribución eléctrica,https://www.edistribucion.com/es/conocenos/instalaciones-distribucion-red/distribucion-electrica.html,official_distributor_public,2026-05-06,"No incluir en bloque e-distribución; revisar aparte por solapes grandes con i-DE, UFD y pequeñas."
castilla_leon,Samir de los Caños,"e-distribución Redes Digitales, S.L.U.",regional_default_candidate,exclude_from_bulk_import,no,e-distribución — distribución eléctrica,https://www.edistribucion.com/es/conocenos/instalaciones-distribucion-red/distribucion-electrica.html,official_distributor_public,2026-05-06,"No incluir en bloque e-distribución; revisar aparte por solapes grandes con i-DE, UFD y pequeñas."
castilla_leon,San Adrián de Juarros,"e-distribución Redes Digitales, S.L.U.",regional_default_candidate,exclude_from_bulk_import,no,e-distribución — distribución eléctrica,https://www.edistribucion.com/es/conocenos/instalaciones-distribucion-red/distribucion-electrica.html,official_distributor_public,2026-05-06,"No incluir en bloque e-distribución; revisar aparte por solapes grandes con i-DE, UFD y pequeñas."
castilla_leon,San Adrián del Valle,"e-distribución Redes Digitales, S.L.U.",regional_default_candidate,exclude_from_bulk_import,no,e-distribución — distribución eléctrica,https://www.edistribucion.com/es/conocenos/instalaciones-distribucion-red/distribucion-electrica.html,official_distributor_public,2026-05-06,"No incluir en bloque e-distribución; revisar aparte por solapes grandes con i-DE, UFD y pequeñas."
castilla_leon,San Agustín del Pozo,"e-distribución Redes Digitales, S.L.U.",regional_default_candidate,exclude_from_bulk_import,no,e-distribución — distribución eléctrica,https://www.edistribucion.com/es/conocenos/instalaciones-distribucion-red/distribucion-electrica.html,official_distributor_public,2026-05-06,"No incluir en bloque e-distribución; revisar aparte por solapes grandes con i-DE, UFD y pequeñas."
castilla_leon,San Andrés del Rabanedo,"e-distribución Redes Digitales, S.L.U.",regional_default_candidate,exclude_from_bulk_import,no,e-distribución — distribución eléctrica,https://www.edistribucion.com/es/conocenos/instalaciones-distribucion-red/distribucion-electrica.html,official_distributor_public,2026-05-06,"No incluir en bloque e-distribución; revisar aparte por solapes grandes con i-DE, UFD y pequeñas."
castilla_leon,San Bartolomé,"e-distribución Redes Digitales, S.L.U.",regional_default_candidate,exclude_from_bulk_import,no,e-distribución — distribución eléctrica,https://www.edistribucion.com/es/conocenos/instalaciones-distribucion-red/distribucion-electrica.html,official_distributor_public,2026-05-06,"No incluir en bloque e-distribución; revisar aparte por solapes grandes con i-DE, UFD y pequeñas."
castilla_leon,San Bartolomé de Béjar,"e-distribución Redes Digitales, S.L.U.",regional_default_candidate,exclude_from_bulk_import,no,e-distribución — distribución eléctrica,https://www.edistribucion.com/es/conocenos/instalaciones-distribucion-red/distribucion-electrica.html,official_distributor_public,2026-05-06,"No incluir en bloque e-distribución; revisar aparte por solapes grandes con i-DE, UFD y pequeñas."
castilla_leon,San Bartolomé de Corneja,"e-distribución Redes Digitales, S.L.U.",regional_default_candidate,exclude_from_bulk_import,no,e-distribución — distribución eléctrica,https://www.edistribucion.com/es/conocenos/instalaciones-distribucion-red/distribucion-electrica.html,official_distributor_public,2026-05-06,"No incluir en bloque e-distribución; revisar aparte por solapes grandes con i-DE, UFD y pequeñas."
castilla_leon,San Bartolomé de Pinares,"e-distribución Redes Digitales, S.L.U.",regional_default_candidate,exclude_from_bulk_import,no,e-distribución — distribución eléctrica,https://www.edistribucion.com/es/conocenos/instalaciones-distribucion-red/distribucion-electrica.html,official_distributor_public,2026-05-06,"No incluir en bloque e-distribución; revisar aparte por solapes grandes con i-DE, UFD y pequeñas."
castilla_leon,San Cebrián de Campos,"e-distribución Redes Digitales, S.L.U.",regional_default_candidate,exclude_from_bulk_import,no,e-distribución — distribución eléctrica,https://www.edistribucion.com/es/conocenos/instalaciones-distribucion-red/distribucion-electrica.html,official_distributor_public,2026-05-06,"No incluir en bloque e-distribución; revisar aparte por solapes grandes con i-DE, UFD y pequeñas."
castilla_leon,San Cebrián de Castro,"e-distribución Redes Digitales, S.L.U.",regional_default_candidate,exclude_from_bulk_import,no,e-distribución — distribución eléctrica,https://www.edistribucion.com/es/conocenos/instalaciones-distribucion-red/distribucion-electrica.html,official_distributor_public,2026-05-06,"No incluir en bloque e-distribución; revisar aparte por solapes grandes con i-DE, UFD y pequeñas."
castilla_leon,San Cebrián de Mazote,"e-distribución Redes Digitales, S.L.U.",regional_default_candidate,exclude_from_bulk_import,no,e-distribución — distribución eléctrica,https://www.edistribucion.com/es/conocenos/instalaciones-distribucion-red/distribucion-electrica.html,official_distributor_public,2026-05-06,"No incluir en bloque e-distribución; revisar aparte por solapes grandes con i-DE, UFD y pequeñas."
castilla_leon,San Cebrián de Mudá,"e-distribución Redes Digitales, S.L.U.",regional_default_candidate,exclude_from_bulk_import,no,e-distribución — distribución eléctrica,https://www.edistribucion.com/es/conocenos/instalaciones-distribucion-red/distribucion-electrica.html,official_distributor_public,2026-05-06,"No incluir en bloque e-distribución; revisar aparte por solapes grandes con i-DE, UFD y pequeñas."
castilla_leon,San Cristóbal de Boedo,"e-distribución Redes Digitales, S.L.U.",regional_default_candidate,exclude_from_bulk_import,no,e-distribución — distribución eléctrica,https://www.edistribucion.com/es/conocenos/instalaciones-distribucion-red/distribucion-electrica.html,official_distributor_public,2026-05-06,"No incluir en bloque e-distribución; revisar aparte por solapes grandes con i-DE, UFD y pequeñas."
castilla_leon,San Cristóbal de Cuéllar,"e-distribución Redes Digitales, S.L.U.",regional_default_candidate,exclude_from_bulk_import,no,e-distribución — distribución eléctrica,https://www.edistribucion.com/es/conocenos/instalaciones-distribucion-red/distribucion-electrica.html,official_distributor_public,2026-05-06,"No incluir en bloque e-distribución; revisar aparte por solapes grandes con i-DE, UFD y pequeñas."
castilla_leon,San Cristóbal de Entreviñas,"e-distribución Redes Digitales, S.L.U.",regional_default_candidate,exclude_from_bulk_import,no,e-distribución — distribución eléctrica,https://www.edistribucion.com/es/conocenos/instalaciones-distribucion-red/distribucion-electrica.html,official_distributor_public,2026-05-06,"No incluir en bloque e-distribución; revisar aparte por solapes grandes con i-DE, UFD y pequeñas."
castilla_leon,San Cristóbal de la Cuesta,"e-distribución Redes Digitales, S.L.U.",regional_default_candidate,exclude_from_bulk_import,no,e-distribución — distribución eléctrica,https://www.edistribucion.com/es/conocenos/instalaciones-distribucion-red/distribucion-electrica.html,official_distributor_public,2026-05-06,"No incluir en bloque e-distribución; revisar aparte por solapes grandes con i-DE, UFD y pequeñas."
castilla_leon,San Cristóbal de la Polantera,"e-distribución Redes Digitales, S.L.U.",regional_default_candidate,exclude_from_bulk_import,no,e-distribución — distribución eléctrica,https://www.edistribucion.com/es/conocenos/instalaciones-distribucion-red/distribucion-electrica.html,official_distributor_public,2026-05-06,"No incluir en bloque e-distribución; revisar aparte por solapes grandes con i-DE, UFD y pequeñas."
castilla_leon,San Cristóbal de la Vega,"e-distribución Redes Digitales, S.L.U.",regional_default_candidate,exclude_from_bulk_import,no,e-distribución — distribución eléctrica,https://www.edistribucion.com/es/conocenos/instalaciones-distribucion-red/distribucion-electrica.html,official_distributor_public,2026-05-06,"No incluir en bloque e-distribución; revisar aparte por solapes grandes con i-DE, UFD y pequeñas."
castilla_leon,San Cristóbal de Segovia,"e-distribución Redes Digitales, S.L.U.",regional_default_candidate,exclude_from_bulk_import,no,e-distribución — distribución eléctrica,https://www.edistribucion.com/es/conocenos/instalaciones-distribucion-red/distribucion-electrica.html,official_distributor_public,2026-05-06,"No incluir en bloque e-distribución; revisar aparte por solapes grandes con i-DE, UFD y pequeñas."
castilla_leon,San Emiliano,"e-distribución Redes Digitales, S.L.U.",regional_default_candidate,exclude_from_bulk_import,no,e-distribución — distribución eléctrica,https://www.edistribucion.com/es/conocenos/instalaciones-distribucion-red/distribucion-electrica.html,official_distributor_public,2026-05-06,"No incluir en bloque e-distribución; revisar aparte por solapes grandes con i-DE, UFD y pequeñas."
castilla_leon,San Esteban de Gormaz,"e-distribución Redes Digitales, S.L.U.",regional_default_candidate,exclude_from_bulk_import,no,e-distribución — distribución eléctrica,https://www.edistribucion.com/es/conocenos/instalaciones-distribucion-red/distribucion-electrica.html,official_distributor_public,2026-05-06,"No incluir en bloque e-distribución; revisar aparte por solapes grandes con i-DE, UFD y pequeñas."
castilla_leon,San Esteban de la Sierra,"e-distribución Redes Digitales, S.L.U.",regional_default_candidate,exclude_from_bulk_import,no,e-distribución — distribución eléctrica,https://www.edistribucion.com/es/conocenos/instalaciones-distribucion-red/distribucion-electrica.html,official_distributor_public,2026-05-06,"No incluir en bloque e-distribución; revisar aparte por solapes grandes con i-DE, UFD y pequeñas."
castilla_leon,San Esteban de los Patos,"e-distribución Redes Digitales, S.L.U.",regional_default_candidate,exclude_from_bulk_import,no,e-distribución — distribución eléctrica,https://www.edistribucion.com/es/conocenos/instalaciones-distribucion-red/distribucion-electrica.html,official_distributor_public,2026-05-06,"No incluir en bloque e-distribución; revisar aparte por solapes grandes con i-DE, UFD y pequeñas."
castilla_leon,San Esteban de Nogales,"e-distribución Redes Digitales, S.L.U.",regional_default_candidate,exclude_from_bulk_import,no,e-distribución — distribución eléctrica,https://www.edistribucion.com/es/conocenos/instalaciones-distribucion-red/distribucion-electrica.html,official_distributor_public,2026-05-06,"No incluir en bloque e-distribución; revisar aparte por solapes grandes con i-DE, UFD y pequeñas."
castilla_leon,San Esteban de Zapardiel,"e-distribución Redes Digitales, S.L.U.",regional_default_candidate,exclude_from_bulk_import,no,e-distribución — distribución eléctrica,https://www.edistribucion.com/es/conocenos/instalaciones-distribucion-red/distribucion-electrica.html,official_distributor_public,2026-05-06,"No incluir en bloque e-distribución; revisar aparte por solapes grandes con i-DE, UFD y pequeñas."
castilla_leon,San Esteban del Molar,"e-distribución Redes Digitales, S.L.U.",regional_default_candidate,exclude_from_bulk_import,no,e-distribución — distribución eléctrica,https://www.edistribucion.com/es/conocenos/instalaciones-distribucion-red/distribucion-electrica.html,official_distributor_public,2026-05-06,"No incluir en bloque e-distribución; revisar aparte por solapes grandes con i-DE, UFD y pequeñas."
castilla_leon,San Esteban del Valle,"e-distribución Redes Digitales, S.L.U.",regional_default_candidate,exclude_from_bulk_import,no,e-distribución — distribución eléctrica,https://www.edistribucion.com/es/conocenos/instalaciones-distribucion-red/distribucion-electrica.html,official_distributor_public,2026-05-06,"No incluir en bloque e-distribución; revisar aparte por solapes grandes con i-DE, UFD y pequeñas."
castilla_leon,San Felices,"e-distribución Redes Digitales, S.L.U.",regional_default_candidate,exclude_from_bulk_import,no,e-distribución — distribución eléctrica,https://www.edistribucion.com/es/conocenos/instalaciones-distribucion-red/distribucion-electrica.html,official_distributor_public,2026-05-06,"No incluir en bloque e-distribución; revisar aparte por solapes grandes con i-DE, UFD y pequeñas."
castilla_leon,San Felices de los Gallegos,"e-distribución Redes Digitales, S.L.U.",regional_default_candidate,exclude_from_bulk_import,no,e-distribución — distribución eléctrica,https://www.edistribucion.com/es/conocenos/instalaciones-distribucion-red/distribucion-electrica.html,official_distributor_public,2026-05-06,"No incluir en bloque e-distribución; revisar aparte por solapes grandes con i-DE, UFD y pequeñas."
castilla_leon,San García de Ingelmos,"e-distribución Redes Digitales, S.L.U.",regional_default_candidate,exclude_from_bulk_import,no,e-distribución — distribución eléctrica,https://www.edistribucion.com/es/conocenos/instalaciones-distribucion-red/distribucion-electrica.html,official_distributor_public,2026-05-06,"No incluir en bloque e-distribución; revisar aparte por solapes grandes con i-DE, UFD y pequeñas."
castilla_leon,San Juan de Gredos,"e-distribución Redes Digitales, S.L.U.",regional_default_candidate,exclude_from_bulk_import,no,e-distribución — distribución eléctrica,https://www.edistribucion.com/es/conocenos/instalaciones-distribucion-red/distribucion-electrica.html,official_distributor_public,2026-05-06,"No incluir en bloque e-distribución; revisar aparte por solapes grandes con i-DE, UFD y pequeñas."
castilla_leon,San Juan de la Encinilla,"e-distribución Redes Digitales, S.L.U.",regional_default_candidate,exclude_from_bulk_import,no,e-distribución — distribución eléctrica,https://www.edistribucion.com/es/conocenos/instalaciones-distribucion-red/distribucion-electrica.html,official_distributor_public,2026-05-06,"No incluir en bloque e-distribución; revisar aparte por solapes grandes con i-DE, UFD y pequeñas."
castilla_leon,San Juan de la Nava,"e-distribución Redes Digitales, S.L.U.",regional_default_candidate,exclude_from_bulk_import,no,e-distribución — distribución eléctrica,https://www.edistribucion.com/es/conocenos/instalaciones-distribucion-red/distribucion-electrica.html,official_distributor_public,2026-05-06,"No incluir en bloque e-distribución; revisar aparte por solapes grandes con i-DE, UFD y pequeñas."
castilla_leon,San Juan del Molinillo,"e-distribución Redes Digitales, S.L.U.",regional_default_candidate,exclude_from_bulk_import,no,e-distribución — distribución eléctrica,https://www.edistribucion.com/es/conocenos/instalaciones-distribucion-red/distribucion-electrica.html,official_distributor_public,2026-05-06,"No incluir en bloque e-distribución; revisar aparte por solapes grandes con i-DE, UFD y pequeñas."
castilla_leon,San Juan del Monte,"e-distribución Redes Digitales, S.L.U.",regional_default_candidate,exclude_from_bulk_import,no,e-distribución — distribución eléctrica,https://www.edistribucion.com/es/conocenos/instalaciones-distribucion-red/distribucion-electrica.html,official_distributor_public,2026-05-06,"No incluir en bloque e-distribución; revisar aparte por solapes grandes con i-DE, UFD y pequeñas."
castilla_leon,San Juan del Olmo,"e-distribución Redes Digitales, S.L.U.",regional_default_candidate,exclude_from_bulk_import,no,e-distribución — distribución eléctrica,https://www.edistribucion.com/es/conocenos/instalaciones-distribucion-red/distribucion-electrica.html,official_distributor_public,2026-05-06,"No incluir en bloque e-distribución; revisar aparte por solapes grandes con i-DE, UFD y pequeñas."
castilla_leon,San Justo,"e-distribución Redes Digitales, S.L.U.",regional_default_candidate,exclude_from_bulk_import,no,e-distribución — distribución eléctrica,https://www.edistribucion.com/es/conocenos/instalaciones-distribucion-red/distribucion-electrica.html,official_distributor_public,2026-05-06,"No incluir en bloque e-distribución; revisar aparte por solapes grandes con i-DE, UFD y pequeñas."
castilla_leon,San Justo de la Vega,"e-distribución Redes Digitales, S.L.U.",regional_default_candidate,exclude_from_bulk_import,no,e-distribución — distribución eléctrica,https://www.edistribucion.com/es/conocenos/instalaciones-distribucion-red/distribucion-electrica.html,official_distributor_public,2026-05-06,"No incluir en bloque e-distribución; revisar aparte por solapes grandes con i-DE, UFD y pequeñas."
castilla_leon,San Leonardo de Yagüe,"e-distribución Redes Digitales, S.L.U.",regional_default_candidate,exclude_from_bulk_import,no,e-distribución — distribución eléctrica,https://www.edistribucion.com/es/conocenos/instalaciones-distribucion-red/distribucion-electrica.html,official_distributor_public,2026-05-06,"No incluir en bloque e-distribución; revisar aparte por solapes grandes con i-DE, UFD y pequeñas."
castilla_leon,San Llorente,"e-distribución Redes Digitales, S.L.U.",regional_default_candidate,exclude_from_bulk_import,no,e-distribución — distribución eléctrica,https://www.edistribucion.com/es/conocenos/instalaciones-distribucion-red/distribucion-electrica.html,official_distributor_public,2026-05-06,"No incluir en bloque e-distribución; revisar aparte por solapes grandes con i-DE, UFD y pequeñas."
castilla_leon,San Lorenzo de Tormes,"e-distribución Redes Digitales, S.L.U.",regional_default_candidate,exclude_from_bulk_import,no,e-distribución — distribución eléctrica,https://www.edistribucion.com/es/conocenos/instalaciones-distribucion-red/distribucion-electrica.html,official_distributor_public,2026-05-06,"No incluir en bloque e-distribución; revisar aparte por solapes grandes con i-DE, UFD y pequeñas."
castilla_leon,San Mamés de Burgos,"e-distribución Redes Digitales, S.L.U.",regional_default_candidate,exclude_from_bulk_import,no,e-distribución — distribución eléctrica,https://www.edistribucion.com/es/conocenos/instalaciones-distribucion-red/distribucion-electrica.html,official_distributor_public,2026-05-06,"No incluir en bloque e-distribución; revisar aparte por solapes grandes con i-DE, UFD y pequeñas."
castilla_leon,San Mamés de Campos,"e-distribución Redes Digitales, S.L.U.",regional_default_candidate,exclude_from_bulk_import,no,e-distribución — distribución eléctrica,https://www.edistribucion.com/es/conocenos/instalaciones-distribucion-red/distribucion-electrica.html,official_distributor_public,2026-05-06,"No incluir en bloque e-distribución; revisar aparte por solapes grandes con i-DE, UFD y pequeñas."
castilla_leon,San Martín de la Vega del Alberche,"e-distribución Redes Digitales, S.L.U.",regional_default_candidate,exclude_from_bulk_import,no,e-distribución — distribución eléctrica,https://www.edistribucion.com/es/conocenos/instalaciones-distribucion-red/distribucion-electrica.html,official_distributor_public,2026-05-06,"No incluir en bloque e-distribución; revisar aparte por solapes grandes con i-DE, UFD y pequeñas."
castilla_leon,San Martín de Rubiales,"e-distribución Redes Digitales, S.L.U.",regional_default_candidate,exclude_from_bulk_import,no,e-distribución — distribución eléctrica,https://www.edistribucion.com/es/conocenos/instalaciones-distribucion-red/distribucion-electrica.html,official_distributor_public,2026-05-06,"No incluir en bloque e-distribución; revisar aparte por solapes grandes con i-DE, UFD y pequeñas."
castilla_leon,San Martín de Valderaduey,"e-distribución Redes Digitales, S.L.U.",regional_default_candidate,exclude_from_bulk_import,no,e-distribución — distribución eléctrica,https://www.edistribucion.com/es/conocenos/instalaciones-distribucion-red/distribucion-electrica.html,official_distributor_public,2026-05-06,"No incluir en bloque e-distribución; revisar aparte por solapes grandes con i-DE, UFD y pequeñas."
castilla_leon,San Martín de Valvení,"e-distribución Redes Digitales, S.L.U.",regional_default_candidate,exclude_from_bulk_import,no,e-distribución — distribución eléctrica,https://www.edistribucion.com/es/conocenos/instalaciones-distribucion-red/distribucion-electrica.html,official_distributor_public,2026-05-06,"No incluir en bloque e-distribución; revisar aparte por solapes grandes con i-DE, UFD y pequeñas."
castilla_leon,San Martín del Castañar,"e-distribución Redes Digitales, S.L.U.",regional_default_candidate,exclude_from_bulk_import,no,e-distribución — distribución eléctrica,https://www.edistribucion.com/es/conocenos/instalaciones-distribucion-red/distribucion-electrica.html,official_distributor_public,2026-05-06,"No incluir en bloque e-distribución; revisar aparte por solapes grandes con i-DE, UFD y pequeñas."
castilla_leon,San Martín del Pimpollar,"e-distribución Redes Digitales, S.L.U.",regional_default_candidate,exclude_from_bulk_import,no,e-distribución — distribución eléctrica,https://www.edistribucion.com/es/conocenos/instalaciones-distribucion-red/distribucion-electrica.html,official_distributor_public,2026-05-06,"No incluir en bloque e-distribución; revisar aparte por solapes grandes con i-DE, UFD y pequeñas."
castilla_leon,San Martín y Mudrián,"e-distribución Redes Digitales, S.L.U.",regional_default_candidate,exclude_from_bulk_import,no,e-distribución — distribución eléctrica,https://www.edistribucion.com/es/conocenos/instalaciones-distribucion-red/distribucion-electrica.html,official_distributor_public,2026-05-06,"No incluir en bloque e-distribución; revisar aparte por solapes grandes con i-DE, UFD y pequeñas."
castilla_leon,San Miguel de Bernuy,"e-distribución Redes Digitales, S.L.U.",regional_default_candidate,exclude_from_bulk_import,no,e-distribución — distribución eléctrica,https://www.edistribucion.com/es/conocenos/instalaciones-distribucion-red/distribucion-electrica.html,official_distributor_public,2026-05-06,"No incluir en bloque e-distribución; revisar aparte por solapes grandes con i-DE, UFD y pequeñas."
castilla_leon,San Miguel de Corneja,"e-distribución Redes Digitales, S.L.U.",regional_default_candidate,exclude_from_bulk_import,no,e-distribución — distribución eléctrica,https://www.edistribucion.com/es/conocenos/instalaciones-distribucion-red/distribucion-electrica.html,official_distributor_public,2026-05-06,"No incluir en bloque e-distribución; revisar aparte por solapes grandes con i-DE, UFD y pequeñas."
castilla_leon,San Miguel de la Ribera,"e-distribución Redes Digitales, S.L.U.",regional_default_candidate,exclude_from_bulk_import,no,e-distribución — distribución eléctrica,https://www.edistribucion.com/es/conocenos/instalaciones-distribucion-red/distribucion-electrica.html,official_distributor_public,2026-05-06,"No incluir en bloque e-distribución; revisar aparte por solapes grandes con i-DE, UFD y pequeñas."
castilla_leon,San Miguel de Serrezuela,"e-distribución Redes Digitales, S.L.U.",regional_default_candidate,exclude_from_bulk_import,no,e-distribución — distribución eléctrica,https://www.edistribucion.com/es/conocenos/instalaciones-distribucion-red/distribucion-electrica.html,official_distributor_public,2026-05-06,"No incluir en bloque e-distribución; revisar aparte por solapes grandes con i-DE, UFD y pequeñas."
castilla_leon,San Miguel de Valero,"e-distribución Redes Digitales, S.L.U.",regional_default_candidate,exclude_from_bulk_import,no,e-distribución — distribución eléctrica,https://www.edistribucion.com/es/conocenos/instalaciones-distribucion-red/distribucion-electrica.html,official_distributor_public,2026-05-06,"No incluir en bloque e-distribución; revisar aparte por solapes grandes con i-DE, UFD y pequeñas."
castilla_leon,San Miguel del Arroyo,"e-distribución Redes Digitales, S.L.U.",regional_default_candidate,exclude_from_bulk_import,no,e-distribución — distribución eléctrica,https://www.edistribucion.com/es/conocenos/instalaciones-distribucion-red/distribucion-electrica.html,official_distributor_public,2026-05-06,"No incluir en bloque e-distribución; revisar aparte por solapes grandes con i-DE, UFD y pequeñas."
castilla_leon,San Miguel del Pino,"e-distribución Redes Digitales, S.L.U.",regional_default_candidate,exclude_from_bulk_import,no,e-distribución — distribución eléctrica,https://www.edistribucion.com/es/conocenos/instalaciones-distribucion-red/distribucion-electrica.html,official_distributor_public,2026-05-06,"No incluir en bloque e-distribución; revisar aparte por solapes grandes con i-DE, UFD y pequeñas."
castilla_leon,San Miguel del Robledo,"e-distribución Redes Digitales, S.L.U.",regional_default_candidate,exclude_from_bulk_import,no,e-distribución — distribución eléctrica,https://www.edistribucion.com/es/conocenos/instalaciones-distribucion-red/distribucion-electrica.html,official_distributor_public,2026-05-06,"No incluir en bloque e-distribución; revisar aparte por solapes grandes con i-DE, UFD y pequeñas."
castilla_leon,San Miguel del Valle,"e-distribución Redes Digitales, S.L.U.",regional_default_candidate,exclude_from_bulk_import,no,e-distribución — distribución eléctrica,https://www.edistribucion.com/es/conocenos/instalaciones-distribucion-red/distribucion-electrica.html,official_distributor_public,2026-05-06,"No incluir en bloque e-distribución; revisar aparte por solapes grandes con i-DE, UFD y pequeñas."
castilla_leon,San Millán de Lara,"e-distribución Redes Digitales, S.L.U.",regional_default_candidate,exclude_from_bulk_import,no,e-distribución — distribución eléctrica,https://www.edistribucion.com/es/conocenos/instalaciones-distribucion-red/distribucion-electrica.html,official_distributor_public,2026-05-06,"No incluir en bloque e-distribución; revisar aparte por solapes grandes con i-DE, UFD y pequeñas."
castilla_leon,San Millán de los Caballeros,"e-distribución Redes Digitales, S.L.U.",regional_default_candidate,exclude_from_bulk_import,no,e-distribución — distribución eléctrica,https://www.edistribucion.com/es/conocenos/instalaciones-distribucion-red/distribucion-electrica.html,official_distributor_public,2026-05-06,"No incluir en bloque e-distribución; revisar aparte por solapes grandes con i-DE, UFD y pequeñas."
castilla_leon,San Morales,"e-distribución Redes Digitales, S.L.U.",regional_default_candidate,exclude_from_bulk_import,no,e-distribución — distribución eléctrica,https://www.edistribucion.com/es/conocenos/instalaciones-distribucion-red/distribucion-electrica.html,official_distributor_public,2026-05-06,"No incluir en bloque e-distribución; revisar aparte por solapes grandes con i-DE, UFD y pequeñas."
castilla_leon,San Muñoz,"e-distribución Redes Digitales, S.L.U.",regional_default_candidate,exclude_from_bulk_import,no,e-distribución — distribución eléctrica,https://www.edistribucion.com/es/conocenos/instalaciones-distribucion-red/distribucion-electrica.html,official_distributor_public,2026-05-06,"No incluir en bloque e-distribución; revisar aparte por solapes grandes con i-DE, UFD y pequeñas."
castilla_leon,San Pablo de la Moraleja,"e-distribución Redes Digitales, S.L.U.",regional_default_candidate,exclude_from_bulk_import,no,e-distribución — distribución eléctrica,https://www.edistribucion.com/es/conocenos/instalaciones-distribucion-red/distribucion-electrica.html,official_distributor_public,2026-05-06,"No incluir en bloque e-distribución; revisar aparte por solapes grandes con i-DE, UFD y pequeñas."
castilla_leon,San Pascual,"e-distribución Redes Digitales, S.L.U.",regional_default_candidate,exclude_from_bulk_import,no,e-distribución — distribución eléctrica,https://www.edistribucion.com/es/conocenos/instalaciones-distribucion-red/distribucion-electrica.html,official_distributor_public,2026-05-06,"No incluir en bloque e-distribución; revisar aparte por solapes grandes con i-DE, UFD y pequeñas."
castilla_leon,San Pedro Bercianos,"e-distribución Redes Digitales, S.L.U.",regional_default_candidate,exclude_from_bulk_import,no,e-distribución — distribución eléctrica,https://www.edistribucion.com/es/conocenos/instalaciones-distribucion-red/distribucion-electrica.html,official_distributor_public,2026-05-06,"No incluir en bloque e-distribución; revisar aparte por solapes grandes con i-DE, UFD y pequeñas."
castilla_leon,San Pedro de Ceque,"e-distribución Redes Digitales, S.L.U.",regional_default_candidate,exclude_from_bulk_import,no,e-distribución — distribución eléctrica,https://www.edistribucion.com/es/conocenos/instalaciones-distribucion-red/distribucion-electrica.html,official_distributor_public,2026-05-06,"No incluir en bloque e-distribución; revisar aparte por solapes grandes con i-DE, UFD y pequeñas."
castilla_leon,San Pedro de Gaíllos,"e-distribución Redes Digitales, S.L.U.",regional_default_candidate,exclude_from_bulk_import,no,e-distribución — distribución eléctrica,https://www.edistribucion.com/es/conocenos/instalaciones-distribucion-red/distribucion-electrica.html,official_distributor_public,2026-05-06,"No incluir en bloque e-distribución; revisar aparte por solapes grandes con i-DE, UFD y pequeñas."
castilla_leon,San Pedro de la Nave-Almendra,"e-distribución Redes Digitales, S.L.U.",regional_default_candidate,exclude_from_bulk_import,no,e-distribución — distribución eléctrica,https://www.edistribucion.com/es/conocenos/instalaciones-distribucion-red/distribucion-electrica.html,official_distributor_public,2026-05-06,"No incluir en bloque e-distribución; revisar aparte por solapes grandes con i-DE, UFD y pequeñas."
castilla_leon,San Pedro de Latarce,"e-distribución Redes Digitales, S.L.U.",regional_default_candidate,exclude_from_bulk_import,no,e-distribución — distribución eléctrica,https://www.edistribucion.com/es/conocenos/instalaciones-distribucion-red/distribucion-electrica.html,official_distributor_public,2026-05-06,"No incluir en bloque e-distribución; revisar aparte por solapes grandes con i-DE, UFD y pequeñas."
castilla_leon,San Pedro de Rozados,"e-distribución Redes Digitales, S.L.U.",regional_default_candidate,exclude_from_bulk_import,no,e-distribución — distribución eléctrica,https://www.edistribucion.com/es/conocenos/instalaciones-distribucion-red/distribucion-electrica.html,official_distributor_public,2026-05-06,"No incluir en bloque e-distribución; revisar aparte por solapes grandes con i-DE, UFD y pequeñas."
castilla_leon,San Pedro del Arroyo,"e-distribución Redes Digitales, S.L.U.",regional_default_candidate,exclude_from_bulk_import,no,e-distribución — distribución eléctrica,https://www.edistribucion.com/es/conocenos/instalaciones-distribucion-red/distribucion-electrica.html,official_distributor_public,2026-05-06,"No incluir en bloque e-distribución; revisar aparte por solapes grandes con i-DE, UFD y pequeñas."
castilla_leon,San Pedro del Valle,"e-distribución Redes Digitales, S.L.U.",regional_default_candidate,exclude_from_bulk_import,no,e-distribución — distribución eléctrica,https://www.edistribucion.com/es/conocenos/instalaciones-distribucion-red/distribucion-electrica.html,official_distributor_public,2026-05-06,"No incluir en bloque e-distribución; revisar aparte por solapes grandes con i-DE, UFD y pequeñas."
castilla_leon,San Pedro Manrique,"e-distribución Redes Digitales, S.L.U.",regional_default_candidate,exclude_from_bulk_import,no,e-distribución — distribución eléctrica,https://www.edistribucion.com/es/conocenos/instalaciones-distribucion-red/distribucion-electrica.html,official_distributor_public,2026-05-06,"No incluir en bloque e-distribución; revisar aparte por solapes grandes con i-DE, UFD y pequeñas."
castilla_leon,San Pelayo,"e-distribución Redes Digitales, S.L.U.",regional_default_candidate,exclude_from_bulk_import,no,e-distribución — distribución eléctrica,https://www.edistribucion.com/es/conocenos/instalaciones-distribucion-red/distribucion-electrica.html,official_distributor_public,2026-05-06,"No incluir en bloque e-distribución; revisar aparte por solapes grandes con i-DE, UFD y pequeñas."
castilla_leon,San Pelayo de Guareña,"e-distribución Redes Digitales, S.L.U.",regional_default_candidate,exclude_from_bulk_import,no,e-distribución — distribución eléctrica,https://www.edistribucion.com/es/conocenos/instalaciones-distribucion-red/distribucion-electrica.html,official_distributor_public,2026-05-06,"No incluir en bloque e-distribución; revisar aparte por solapes grandes con i-DE, UFD y pequeñas."
castilla_leon,San Román de Hornija,"e-distribución Redes Digitales, S.L.U.",regional_default_candidate,exclude_from_bulk_import,no,e-distribución — distribución eléctrica,https://www.edistribucion.com/es/conocenos/instalaciones-distribucion-red/distribucion-electrica.html,official_distributor_public,2026-05-06,"No incluir en bloque e-distribución; revisar aparte por solapes grandes con i-DE, UFD y pequeñas."
castilla_leon,San Román de la Cuba,"e-distribución Redes Digitales, S.L.U.",regional_default_candidate,exclude_from_bulk_import,no,e-distribución — distribución eléctrica,https://www.edistribucion.com/es/conocenos/instalaciones-distribucion-red/distribucion-electrica.html,official_distributor_public,2026-05-06,"No incluir en bloque e-distribución; revisar aparte por solapes grandes con i-DE, UFD y pequeñas."
castilla_leon,San Salvador,"e-distribución Redes Digitales, S.L.U.",regional_default_candidate,exclude_from_bulk_import,no,e-distribución — distribución eléctrica,https://www.edistribucion.com/es/conocenos/instalaciones-distribucion-red/distribucion-electrica.html,official_distributor_public,2026-05-06,"No incluir en bloque e-distribución; revisar aparte por solapes grandes con i-DE, UFD y pequeñas."
castilla_leon,San Vicente de Arévalo,"e-distribución Redes Digitales, S.L.U.",regional_default_candidate,exclude_from_bulk_import,no,e-distribución — distribución eléctrica,https://www.edistribucion.com/es/conocenos/instalaciones-distribucion-red/distribucion-electrica.html,official_distributor_public,2026-05-06,"No incluir en bloque e-distribución; revisar aparte por solapes grandes con i-DE, UFD y pequeñas."
castilla_leon,San Vicente de la Cabeza,"e-distribución Redes Digitales, S.L.U.",regional_default_candidate,exclude_from_bulk_import,no,e-distribución — distribución eléctrica,https://www.edistribucion.com/es/conocenos/instalaciones-distribucion-red/distribucion-electrica.html,official_distributor_public,2026-05-06,"No incluir en bloque e-distribución; revisar aparte por solapes grandes con i-DE, UFD y pequeñas."
castilla_leon,San Vicente del Palacio,"e-distribución Redes Digitales, S.L.U.",regional_default_candidate,exclude_from_bulk_import,no,e-distribución — distribución eléctrica,https://www.edistribucion.com/es/conocenos/instalaciones-distribucion-red/distribucion-electrica.html,official_distributor_public,2026-05-06,"No incluir en bloque e-distribución; revisar aparte por solapes grandes con i-DE, UFD y pequeñas."
castilla_leon,San Vicente del Valle,"e-distribución Redes Digitales, S.L.U.",regional_default_candidate,exclude_from_bulk_import,no,e-distribución — distribución eléctrica,https://www.edistribucion.com/es/conocenos/instalaciones-distribucion-red/distribucion-electrica.html,official_distributor_public,2026-05-06,"No incluir en bloque e-distribución; revisar aparte por solapes grandes con i-DE, UFD y pequeñas."
castilla_leon,San Vitero,"e-distribución Redes Digitales, S.L.U.",regional_default_candidate,exclude_from_bulk_import,no,e-distribución — distribución eléctrica,https://www.edistribucion.com/es/conocenos/instalaciones-distribucion-red/distribucion-electrica.html,official_distributor_public,2026-05-06,"No incluir en bloque e-distribución; revisar aparte por solapes grandes con i-DE, UFD y pequeñas."
castilla_leon,Sancedo,"e-distribución Redes Digitales, S.L.U.",regional_default_candidate,exclude_from_bulk_import,no,e-distribución — distribución eléctrica,https://www.edistribucion.com/es/conocenos/instalaciones-distribucion-red/distribucion-electrica.html,official_distributor_public,2026-05-06,"No incluir en bloque e-distribución; revisar aparte por solapes grandes con i-DE, UFD y pequeñas."
castilla_leon,Sanchidrián,"e-distribución Redes Digitales, S.L.U.",regional_default_candidate,exclude_from_bulk_import,no,e-distribución — distribución eléctrica,https://www.edistribucion.com/es/conocenos/instalaciones-distribucion-red/distribucion-electrica.html,official_distributor_public,2026-05-06,"No incluir en bloque e-distribución; revisar aparte por solapes grandes con i-DE, UFD y pequeñas."
castilla_leon,Sanchón de la Ribera,"e-distribución Redes Digitales, S.L.U.",regional_default_candidate,exclude_from_bulk_import,no,e-distribución — distribución eléctrica,https://www.edistribucion.com/es/conocenos/instalaciones-distribucion-red/distribucion-electrica.html,official_distributor_public,2026-05-06,"No incluir en bloque e-distribución; revisar aparte por solapes grandes con i-DE, UFD y pequeñas."
castilla_leon,Sanchón de la Sagrada,"e-distribución Redes Digitales, S.L.U.",regional_default_candidate,exclude_from_bulk_import,no,e-distribución — distribución eléctrica,https://www.edistribucion.com/es/conocenos/instalaciones-distribucion-red/distribucion-electrica.html,official_distributor_public,2026-05-06,"No incluir en bloque e-distribución; revisar aparte por solapes grandes con i-DE, UFD y pequeñas."
castilla_leon,Sanchonuño,"e-distribución Redes Digitales, S.L.U.",regional_default_candidate,exclude_from_bulk_import,no,e-distribución — distribución eléctrica,https://www.edistribucion.com/es/conocenos/instalaciones-distribucion-red/distribucion-electrica.html,official_distributor_public,2026-05-06,"No incluir en bloque e-distribución; revisar aparte por solapes grandes con i-DE, UFD y pequeñas."
castilla_leon,Sanchorreja,"e-distribución Redes Digitales, S.L.U.",regional_default_candidate,exclude_from_bulk_import,no,e-distribución — distribución eléctrica,https://www.edistribucion.com/es/conocenos/instalaciones-distribucion-red/distribucion-electrica.html,official_distributor_public,2026-05-06,"No incluir en bloque e-distribución; revisar aparte por solapes grandes con i-DE, UFD y pequeñas."
castilla_leon,Sanchotello,"e-distribución Redes Digitales, S.L.U.",regional_default_candidate,exclude_from_bulk_import,no,e-distribución — distribución eléctrica,https://www.edistribucion.com/es/conocenos/instalaciones-distribucion-red/distribucion-electrica.html,official_distributor_public,2026-05-06,"No incluir en bloque e-distribución; revisar aparte por solapes grandes con i-DE, UFD y pequeñas."
castilla_leon,Sancti-Spíritus,"e-distribución Redes Digitales, S.L.U.",regional_default_candidate,exclude_from_bulk_import,no,e-distribución — distribución eléctrica,https://www.edistribucion.com/es/conocenos/instalaciones-distribucion-red/distribucion-electrica.html,official_distributor_public,2026-05-06,"No incluir en bloque e-distribución; revisar aparte por solapes grandes con i-DE, UFD y pequeñas."
castilla_leon,Sando,"e-distribución Redes Digitales, S.L.U.",regional_default_candidate,exclude_from_bulk_import,no,e-distribución — distribución eléctrica,https://www.edistribucion.com/es/conocenos/instalaciones-distribucion-red/distribucion-electrica.html,official_distributor_public,2026-05-06,"No incluir en bloque e-distribución; revisar aparte por solapes grandes con i-DE, UFD y pequeñas."
castilla_leon,Sangarcía,"e-distribución Redes Digitales, S.L.U.",regional_default_candidate,exclude_from_bulk_import,no,e-distribución — distribución eléctrica,https://www.edistribucion.com/es/conocenos/instalaciones-distribucion-red/distribucion-electrica.html,official_distributor_public,2026-05-06,"No incluir en bloque e-distribución; revisar aparte por solapes grandes con i-DE, UFD y pequeñas."
castilla_leon,Santa Cecilia,"e-distribución Redes Digitales, S.L.U.",regional_default_candidate,exclude_from_bulk_import,no,e-distribución — distribución eléctrica,https://www.edistribucion.com/es/conocenos/instalaciones-distribucion-red/distribucion-electrica.html,official_distributor_public,2026-05-06,"No incluir en bloque e-distribución; revisar aparte por solapes grandes con i-DE, UFD y pequeñas."
castilla_leon,Santa Cecilia del Alcor,"e-distribución Redes Digitales, S.L.U.",regional_default_candidate,exclude_from_bulk_import,no,e-distribución — distribución eléctrica,https://www.edistribucion.com/es/conocenos/instalaciones-distribucion-red/distribucion-electrica.html,official_distributor_public,2026-05-06,"No incluir en bloque e-distribución; revisar aparte por solapes grandes con i-DE, UFD y pequeñas."
castilla_leon,Santa Clara de Avedillo,"e-distribución Redes Digitales, S.L.U.",regional_default_candidate,exclude_from_bulk_import,no,e-distribución — distribución eléctrica,https://www.edistribucion.com/es/conocenos/instalaciones-distribucion-red/distribucion-electrica.html,official_distributor_public,2026-05-06,"No incluir en bloque e-distribución; revisar aparte por solapes grandes con i-DE, UFD y pequeñas."
castilla_leon,Santa Colomba de Curueño,"e-distribución Redes Digitales, S.L.U.",regional_default_candidate,exclude_from_bulk_import,no,e-distribución — distribución eléctrica,https://www.edistribucion.com/es/conocenos/instalaciones-distribucion-red/distribucion-electrica.html,official_distributor_public,2026-05-06,"No incluir en bloque e-distribución; revisar aparte por solapes grandes con i-DE, UFD y pequeñas."
castilla_leon,Santa Colomba de las Monjas,"e-distribución Redes Digitales, S.L.U.",regional_default_candidate,exclude_from_bulk_import,no,e-distribución — distribución eléctrica,https://www.edistribucion.com/es/conocenos/instalaciones-distribucion-red/distribucion-electrica.html,official_distributor_public,2026-05-06,"No incluir en bloque e-distribución; revisar aparte por solapes grandes con i-DE, UFD y pequeñas."
castilla_leon,Santa Colomba de Somoza,"e-distribución Redes Digitales, S.L.U.",regional_default_candidate,exclude_from_bulk_import,no,e-distribución — distribución eléctrica,https://www.edistribucion.com/es/conocenos/instalaciones-distribucion-red/distribucion-electrica.html,official_distributor_public,2026-05-06,"No incluir en bloque e-distribución; revisar aparte por solapes grandes con i-DE, UFD y pequeñas."
castilla_leon,Santa Cristina de la Polvorosa,"e-distribución Redes Digitales, S.L.U.",regional_default_candidate,exclude_from_bulk_import,no,e-distribución — distribución eléctrica,https://www.edistribucion.com/es/conocenos/instalaciones-distribucion-red/distribucion-electrica.html,official_distributor_public,2026-05-06,"No incluir en bloque e-distribución; revisar aparte por solapes grandes con i-DE, UFD y pequeñas."
castilla_leon,Santa Cristina de Valmadrigal,"e-distribución Redes Digitales, S.L.U.",regional_default_candidate,exclude_from_bulk_import,no,e-distribución — distribución eléctrica,https://www.edistribucion.com/es/conocenos/instalaciones-distribucion-red/distribucion-electrica.html,official_distributor_public,2026-05-06,"No incluir en bloque e-distribución; revisar aparte por solapes grandes con i-DE, UFD y pequeñas."
castilla_leon,Santa Croya de Tera,"e-distribución Redes Digitales, S.L.U.",regional_default_candidate,exclude_from_bulk_import,no,e-distribución — distribución eléctrica,https://www.edistribucion.com/es/conocenos/instalaciones-distribucion-red/distribucion-electrica.html,official_distributor_public,2026-05-06,"No incluir en bloque e-distribución; revisar aparte por solapes grandes con i-DE, UFD y pequeñas."
castilla_leon,Santa Cruz de Boedo,"e-distribución Redes Digitales, S.L.U.",regional_default_candidate,exclude_from_bulk_import,no,e-distribución — distribución eléctrica,https://www.edistribucion.com/es/conocenos/instalaciones-distribucion-red/distribucion-electrica.html,official_distributor_public,2026-05-06,"No incluir en bloque e-distribución; revisar aparte por solapes grandes con i-DE, UFD y pequeñas."
castilla_leon,Santa Cruz de la Salceda,"e-distribución Redes Digitales, S.L.U.",regional_default_candidate,exclude_from_bulk_import,no,e-distribución — distribución eléctrica,https://www.edistribucion.com/es/conocenos/instalaciones-distribucion-red/distribucion-electrica.html,official_distributor_public,2026-05-06,"No incluir en bloque e-distribución; revisar aparte por solapes grandes con i-DE, UFD y pequeñas."
castilla_leon,Santa Cruz de Pinares,"e-distribución Redes Digitales, S.L.U.",regional_default_candidate,exclude_from_bulk_import,no,e-distribución — distribución eléctrica,https://www.edistribucion.com/es/conocenos/instalaciones-distribucion-red/distribucion-electrica.html,official_distributor_public,2026-05-06,"No incluir en bloque e-distribución; revisar aparte por solapes grandes con i-DE, UFD y pequeñas."
castilla_leon,Santa Cruz de Yanguas,"e-distribución Redes Digitales, S.L.U.",regional_default_candidate,exclude_from_bulk_import,no,e-distribución — distribución eléctrica,https://www.edistribucion.com/es/conocenos/instalaciones-distribucion-red/distribucion-electrica.html,official_distributor_public,2026-05-06,"No incluir en bloque e-distribución; revisar aparte por solapes grandes con i-DE, UFD y pequeñas."
castilla_leon,Santa Cruz del Valle,"e-distribución Redes Digitales, S.L.U.",regional_default_candidate,exclude_from_bulk_import,no,e-distribución — distribución eléctrica,https://www.edistribucion.com/es/conocenos/instalaciones-distribucion-red/distribucion-electrica.html,official_distributor_public,2026-05-06,"No incluir en bloque e-distribución; revisar aparte por solapes grandes con i-DE, UFD y pequeñas."
castilla_leon,Santa Cruz del Valle Urbión,"e-distribución Redes Digitales, S.L.U.",regional_default_candidate,exclude_from_bulk_import,no,e-distribución — distribución eléctrica,https://www.edistribucion.com/es/conocenos/instalaciones-distribucion-red/distribucion-electrica.html,official_distributor_public,2026-05-06,"No incluir en bloque e-distribución; revisar aparte por solapes grandes con i-DE, UFD y pequeñas."
castilla_leon,Santa Elena de Jamuz,"e-distribución Redes Digitales, S.L.U.",regional_default_candidate,exclude_from_bulk_import,no,e-distribución — distribución eléctrica,https://www.edistribucion.com/es/conocenos/instalaciones-distribucion-red/distribucion-electrica.html,official_distributor_public,2026-05-06,"No incluir en bloque e-distribución; revisar aparte por solapes grandes con i-DE, UFD y pequeñas."
castilla_leon,Santa Eufemia del Arroyo,"e-distribución Redes Digitales, S.L.U.",regional_default_candidate,exclude_from_bulk_import,no,e-distribución — distribución eléctrica,https://www.edistribucion.com/es/conocenos/instalaciones-distribucion-red/distribucion-electrica.html,official_distributor_public,2026-05-06,"No incluir en bloque e-distribución; revisar aparte por solapes grandes con i-DE, UFD y pequeñas."
castilla_leon,Santa Eufemia del Barco,"e-distribución Redes Digitales, S.L.U.",regional_default_candidate,exclude_from_bulk_import,no,e-distribución — distribución eléctrica,https://www.edistribucion.com/es/conocenos/instalaciones-distribucion-red/distribucion-electrica.html,official_distributor_public,2026-05-06,"No incluir en bloque e-distribución; revisar aparte por solapes grandes con i-DE, UFD y pequeñas."
castilla_leon,Santa Gadea del Cid,"e-distribución Redes Digitales, S.L.U.",regional_default_candidate,exclude_from_bulk_import,no,e-distribución — distribución eléctrica,https://www.edistribucion.com/es/conocenos/instalaciones-distribucion-red/distribucion-electrica.html,official_distributor_public,2026-05-06,"No incluir en bloque e-distribución; revisar aparte por solapes grandes con i-DE, UFD y pequeñas."
castilla_leon,Santa Inés,"e-distribución Redes Digitales, S.L.U.",regional_default_candidate,exclude_from_bulk_import,no,e-distribución — distribución eléctrica,https://www.edistribucion.com/es/conocenos/instalaciones-distribucion-red/distribucion-electrica.html,official_distributor_public,2026-05-06,"No incluir en bloque e-distribución; revisar aparte por solapes grandes con i-DE, UFD y pequeñas."
castilla_leon,Santa María de Huerta,"e-distribución Redes Digitales, S.L.U.",regional_default_candidate,exclude_from_bulk_import,no,e-distribución — distribución eléctrica,https://www.edistribucion.com/es/conocenos/instalaciones-distribucion-red/distribucion-electrica.html,official_distributor_public,2026-05-06,"No incluir en bloque e-distribución; revisar aparte por solapes grandes con i-DE, UFD y pequeñas."
castilla_leon,Santa María de la Isla,"e-distribución Redes Digitales, S.L.U.",regional_default_candidate,exclude_from_bulk_import,no,e-distribución — distribución eléctrica,https://www.edistribucion.com/es/conocenos/instalaciones-distribucion-red/distribucion-electrica.html,official_distributor_public,2026-05-06,"No incluir en bloque e-distribución; revisar aparte por solapes grandes con i-DE, UFD y pequeñas."
castilla_leon,Santa María de la Vega,"e-distribución Redes Digitales, S.L.U.",regional_default_candidate,exclude_from_bulk_import,no,e-distribución — distribución eléctrica,https://www.edistribucion.com/es/conocenos/instalaciones-distribucion-red/distribucion-electrica.html,official_distributor_public,2026-05-06,"No incluir en bloque e-distribución; revisar aparte por solapes grandes con i-DE, UFD y pequeñas."
castilla_leon,Santa María de las Hoyas,"e-distribución Redes Digitales, S.L.U.",regional_default_candidate,exclude_from_bulk_import,no,e-distribución — distribución eléctrica,https://www.edistribucion.com/es/conocenos/instalaciones-distribucion-red/distribucion-electrica.html,official_distributor_public,2026-05-06,"No incluir en bloque e-distribución; revisar aparte por solapes grandes con i-DE, UFD y pequeñas."
castilla_leon,Santa María de los Caballeros,"e-distribución Redes Digitales, S.L.U.",regional_default_candidate,exclude_from_bulk_import,no,e-distribución — distribución eléctrica,https://www.edistribucion.com/es/conocenos/instalaciones-distribucion-red/distribucion-electrica.html,official_distributor_public,2026-05-06,"No incluir en bloque e-distribución; revisar aparte por solapes grandes con i-DE, UFD y pequeñas."
castilla_leon,Santa María de Ordás,"e-distribución Redes Digitales, S.L.U.",regional_default_candidate,exclude_from_bulk_import,no,e-distribución — distribución eléctrica,https://www.edistribucion.com/es/conocenos/instalaciones-distribucion-red/distribucion-electrica.html,official_distributor_public,2026-05-06,"No incluir en bloque e-distribución; revisar aparte por solapes grandes con i-DE, UFD y pequeñas."
castilla_leon,Santa María de Sando,"e-distribución Redes Digitales, S.L.U.",regional_default_candidate,exclude_from_bulk_import,no,e-distribución — distribución eléctrica,https://www.edistribucion.com/es/conocenos/instalaciones-distribucion-red/distribucion-electrica.html,official_distributor_public,2026-05-06,"No incluir en bloque e-distribución; revisar aparte por solapes grandes con i-DE, UFD y pequeñas."
castilla_leon,Santa María de Valverde,"e-distribución Redes Digitales, S.L.U.",regional_default_candidate,exclude_from_bulk_import,no,e-distribución — distribución eléctrica,https://www.edistribucion.com/es/conocenos/instalaciones-distribucion-red/distribucion-electrica.html,official_distributor_public,2026-05-06,"No incluir en bloque e-distribución; revisar aparte por solapes grandes con i-DE, UFD y pequeñas."
castilla_leon,Santa María del Arroyo,"e-distribución Redes Digitales, S.L.U.",regional_default_candidate,exclude_from_bulk_import,no,e-distribución — distribución eléctrica,https://www.edistribucion.com/es/conocenos/instalaciones-distribucion-red/distribucion-electrica.html,official_distributor_public,2026-05-06,"No incluir en bloque e-distribución; revisar aparte por solapes grandes con i-DE, UFD y pequeñas."
castilla_leon,Santa María del Berrocal,"e-distribución Redes Digitales, S.L.U.",regional_default_candidate,exclude_from_bulk_import,no,e-distribución — distribución eléctrica,https://www.edistribucion.com/es/conocenos/instalaciones-distribucion-red/distribucion-electrica.html,official_distributor_public,2026-05-06,"No incluir en bloque e-distribución; revisar aparte por solapes grandes con i-DE, UFD y pequeñas."
castilla_leon,Santa María del Campo,"e-distribución Redes Digitales, S.L.U.",regional_default_candidate,exclude_from_bulk_import,no,e-distribución — distribución eléctrica,https://www.edistribucion.com/es/conocenos/instalaciones-distribucion-red/distribucion-electrica.html,official_distributor_public,2026-05-06,"No incluir en bloque e-distribución; revisar aparte por solapes grandes con i-DE, UFD y pequeñas."
castilla_leon,Santa María del Cubillo,"e-distribución Redes Digitales, S.L.U.",regional_default_candidate,exclude_from_bulk_import,no,e-distribución — distribución eléctrica,https://www.edistribucion.com/es/conocenos/instalaciones-distribucion-red/distribucion-electrica.html,official_distributor_public,2026-05-06,"No incluir en bloque e-distribución; revisar aparte por solapes grandes con i-DE, UFD y pequeñas."
castilla_leon,Santa María del Invierno,"e-distribución Redes Digitales, S.L.U.",regional_default_candidate,exclude_from_bulk_import,no,e-distribución — distribución eléctrica,https://www.edistribucion.com/es/conocenos/instalaciones-distribucion-red/distribucion-electrica.html,official_distributor_public,2026-05-06,"No incluir en bloque e-distribución; revisar aparte por solapes grandes con i-DE, UFD y pequeñas."
castilla_leon,Santa María del Mercadillo,"e-distribución Redes Digitales, S.L.U.",regional_default_candidate,exclude_from_bulk_import,no,e-distribución — distribución eléctrica,https://www.edistribucion.com/es/conocenos/instalaciones-distribucion-red/distribucion-electrica.html,official_distributor_public,2026-05-06,"No incluir en bloque e-distribución; revisar aparte por solapes grandes con i-DE, UFD y pequeñas."
castilla_leon,Santa María del Monte de Cea,"e-distribución Redes Digitales, S.L.U.",regional_default_candidate,exclude_from_bulk_import,no,e-distribución — distribución eléctrica,https://www.edistribucion.com/es/conocenos/instalaciones-distribucion-red/distribucion-electrica.html,official_distributor_public,2026-05-06,"No incluir en bloque e-distribución; revisar aparte por solapes grandes con i-DE, UFD y pequeñas."
castilla_leon,Santa María del Páramo,"e-distribución Redes Digitales, S.L.U.",regional_default_candidate,exclude_from_bulk_import,no,e-distribución — distribución eléctrica,https://www.edistribucion.com/es/conocenos/instalaciones-distribucion-red/distribucion-electrica.html,official_distributor_public,2026-05-06,"No incluir en bloque e-distribución; revisar aparte por solapes grandes con i-DE, UFD y pequeñas."
castilla_leon,Santa María del Tiétar,"e-distribución Redes Digitales, S.L.U.",regional_default_candidate,exclude_from_bulk_import,no,e-distribución — distribución eléctrica,https://www.edistribucion.com/es/conocenos/instalaciones-distribucion-red/distribucion-electrica.html,official_distributor_public,2026-05-06,"No incluir en bloque e-distribución; revisar aparte por solapes grandes con i-DE, UFD y pequeñas."
castilla_leon,Santa María la Real de Nieva,"e-distribución Redes Digitales, S.L.U.",regional_default_candidate,exclude_from_bulk_import,no,e-distribución — distribución eléctrica,https://www.edistribucion.com/es/conocenos/instalaciones-distribucion-red/distribucion-electrica.html,official_distributor_public,2026-05-06,"No incluir en bloque e-distribución; revisar aparte por solapes grandes con i-DE, UFD y pequeñas."
castilla_leon,Santa María Ribarredonda,"e-distribución Redes Digitales, S.L.U.",regional_default_candidate,exclude_from_bulk_import,no,e-distribución — distribución eléctrica,https://www.edistribucion.com/es/conocenos/instalaciones-distribucion-red/distribucion-electrica.html,official_distributor_public,2026-05-06,"No incluir en bloque e-distribución; revisar aparte por solapes grandes con i-DE, UFD y pequeñas."
castilla_leon,Santa Marina del Rey,"e-distribución Redes Digitales, S.L.U.",regional_default_candidate,exclude_from_bulk_import,no,e-distribución — distribución eléctrica,https://www.edistribucion.com/es/conocenos/instalaciones-distribucion-red/distribucion-electrica.html,official_distributor_public,2026-05-06,"No incluir en bloque e-distribución; revisar aparte por solapes grandes con i-DE, UFD y pequeñas."
castilla_leon,Santa Marta de Tormes,"e-distribución Redes Digitales, S.L.U.",regional_default_candidate,exclude_from_bulk_import,no,e-distribución — distribución eléctrica,https://www.edistribucion.com/es/conocenos/instalaciones-distribucion-red/distribucion-electrica.html,official_distributor_public,2026-05-06,"No incluir en bloque e-distribución; revisar aparte por solapes grandes con i-DE, UFD y pequeñas."
castilla_leon,Santa Marta del Cerro,"e-distribución Redes Digitales, S.L.U.",regional_default_candidate,exclude_from_bulk_import,no,e-distribución — distribución eléctrica,https://www.edistribucion.com/es/conocenos/instalaciones-distribucion-red/distribucion-electrica.html,official_distributor_public,2026-05-06,"No incluir en bloque e-distribución; revisar aparte por solapes grandes con i-DE, UFD y pequeñas."
castilla_leon,Santa Olalla de Bureba,"e-distribución Redes Digitales, S.L.U.",regional_default_candidate,exclude_from_bulk_import,no,e-distribución — distribución eléctrica,https://www.edistribucion.com/es/conocenos/instalaciones-distribucion-red/distribucion-electrica.html,official_distributor_public,2026-05-06,"No incluir en bloque e-distribución; revisar aparte por solapes grandes con i-DE, UFD y pequeñas."
castilla_leon,Santas Martas,"e-distribución Redes Digitales, S.L.U.",regional_default_candidate,exclude_from_bulk_import,no,e-distribución — distribución eléctrica,https://www.edistribucion.com/es/conocenos/instalaciones-distribucion-red/distribucion-electrica.html,official_distributor_public,2026-05-06,"No incluir en bloque e-distribución; revisar aparte por solapes grandes con i-DE, UFD y pequeñas."
castilla_leon,Santervás de Campos,"e-distribución Redes Digitales, S.L.U.",regional_default_candidate,exclude_from_bulk_import,no,e-distribución — distribución eléctrica,https://www.edistribucion.com/es/conocenos/instalaciones-distribucion-red/distribucion-electrica.html,official_distributor_public,2026-05-06,"No incluir en bloque e-distribución; revisar aparte por solapes grandes con i-DE, UFD y pequeñas."
castilla_leon,Santervás de la Vega,"e-distribución Redes Digitales, S.L.U.",regional_default_candidate,exclude_from_bulk_import,no,e-distribución — distribución eléctrica,https://www.edistribucion.com/es/conocenos/instalaciones-distribucion-red/distribucion-electrica.html,official_distributor_public,2026-05-06,"No incluir en bloque e-distribución; revisar aparte por solapes grandes con i-DE, UFD y pequeñas."
castilla_leon,Santiago de la Puebla,"e-distribución Redes Digitales, S.L.U.",regional_default_candidate,exclude_from_bulk_import,no,e-distribución — distribución eléctrica,https://www.edistribucion.com/es/conocenos/instalaciones-distribucion-red/distribucion-electrica.html,official_distributor_public,2026-05-06,"No incluir en bloque e-distribución; revisar aparte por solapes grandes con i-DE, UFD y pequeñas."
castilla_leon,Santiago del Collado,"e-distribución Redes Digitales, S.L.U.",regional_default_candidate,exclude_from_bulk_import,no,e-distribución — distribución eléctrica,https://www.edistribucion.com/es/conocenos/instalaciones-distribucion-red/distribucion-electrica.html,official_distributor_public,2026-05-06,"No incluir en bloque e-distribución; revisar aparte por solapes grandes con i-DE, UFD y pequeñas."
castilla_leon,Santiago del Tormes,"e-distribución Redes Digitales, S.L.U.",regional_default_candidate,exclude_from_bulk_import,no,e-distribución — distribución eléctrica,https://www.edistribucion.com/es/conocenos/instalaciones-distribucion-red/distribucion-electrica.html,official_distributor_public,2026-05-06,"No incluir en bloque e-distribución; revisar aparte por solapes grandes con i-DE, UFD y pequeñas."
castilla_leon,Santiago Millas,"e-distribución Redes Digitales, S.L.U.",regional_default_candidate,exclude_from_bulk_import,no,e-distribución — distribución eléctrica,https://www.edistribucion.com/es/conocenos/instalaciones-distribucion-red/distribucion-electrica.html,official_distributor_public,2026-05-06,"No incluir en bloque e-distribución; revisar aparte por solapes grandes con i-DE, UFD y pequeñas."
castilla_leon,Santibáñez de Béjar,"e-distribución Redes Digitales, S.L.U.",regional_default_candidate,exclude_from_bulk_import,no,e-distribución — distribución eléctrica,https://www.edistribucion.com/es/conocenos/instalaciones-distribucion-red/distribucion-electrica.html,official_distributor_public,2026-05-06,"No incluir en bloque e-distribución; revisar aparte por solapes grandes con i-DE, UFD y pequeñas."
castilla_leon,Santibáñez de Ecla,"e-distribución Redes Digitales, S.L.U.",regional_default_candidate,exclude_from_bulk_import,no,e-distribución — distribución eléctrica,https://www.edistribucion.com/es/conocenos/instalaciones-distribucion-red/distribucion-electrica.html,official_distributor_public,2026-05-06,"No incluir en bloque e-distribución; revisar aparte por solapes grandes con i-DE, UFD y pequeñas."
castilla_leon,Santibáñez de Esgueva,"e-distribución Redes Digitales, S.L.U.",regional_default_candidate,exclude_from_bulk_import,no,e-distribución — distribución eléctrica,https://www.edistribucion.com/es/conocenos/instalaciones-distribucion-red/distribucion-electrica.html,official_distributor_public,2026-05-06,"No incluir en bloque e-distribución; revisar aparte por solapes grandes con i-DE, UFD y pequeñas."
castilla_leon,Santibáñez de la Peña,"e-distribución Redes Digitales, S.L.U.",regional_default_candidate,exclude_from_bulk_import,no,e-distribución — distribución eléctrica,https://www.edistribucion.com/es/conocenos/instalaciones-distribucion-red/distribucion-electrica.html,official_distributor_public,2026-05-06,"No incluir en bloque e-distribución; revisar aparte por solapes grandes con i-DE, UFD y pequeñas."
castilla_leon,Santibáñez de la Sierra,"e-distribución Redes Digitales, S.L.U.",regional_default_candidate,exclude_from_bulk_import,no,e-distribución — distribución eléctrica,https://www.edistribucion.com/es/conocenos/instalaciones-distribucion-red/distribucion-electrica.html,official_distributor_public,2026-05-06,"No incluir en bloque e-distribución; revisar aparte por solapes grandes con i-DE, UFD y pequeñas."
castilla_leon,Santibáñez de Tera,"e-distribución Redes Digitales, S.L.U.",regional_default_candidate,exclude_from_bulk_import,no,e-distribución — distribución eléctrica,https://www.edistribucion.com/es/conocenos/instalaciones-distribucion-red/distribucion-electrica.html,official_distributor_public,2026-05-06,"No incluir en bloque e-distribución; revisar aparte por solapes grandes con i-DE, UFD y pequeñas."
castilla_leon,Santibáñez de Valcorba,"e-distribución Redes Digitales, S.L.U.",regional_default_candidate,exclude_from_bulk_import,no,e-distribución — distribución eléctrica,https://www.edistribucion.com/es/conocenos/instalaciones-distribucion-red/distribucion-electrica.html,official_distributor_public,2026-05-06,"No incluir en bloque e-distribución; revisar aparte por solapes grandes con i-DE, UFD y pequeñas."
castilla_leon,Santibáñez de Vidriales,"e-distribución Redes Digitales, S.L.U.",regional_default_candidate,exclude_from_bulk_import,no,e-distribución — distribución eléctrica,https://www.edistribucion.com/es/conocenos/instalaciones-distribucion-red/distribucion-electrica.html,official_distributor_public,2026-05-06,"No incluir en bloque e-distribución; revisar aparte por solapes grandes con i-DE, UFD y pequeñas."
castilla_leon,Santibáñez del Val,"e-distribución Redes Digitales, S.L.U.",regional_default_candidate,exclude_from_bulk_import,no,e-distribución — distribución eléctrica,https://www.edistribucion.com/es/conocenos/instalaciones-distribucion-red/distribucion-electrica.html,official_distributor_public,2026-05-06,"No incluir en bloque e-distribución; revisar aparte por solapes grandes con i-DE, UFD y pequeñas."
castilla_leon,Santiuste de Pedraza,"e-distribución Redes Digitales, S.L.U.",regional_default_candidate,exclude_from_bulk_import,no,e-distribución — distribución eléctrica,https://www.edistribucion.com/es/conocenos/instalaciones-distribucion-red/distribucion-electrica.html,official_distributor_public,2026-05-06,"No incluir en bloque e-distribución; revisar aparte por solapes grandes con i-DE, UFD y pequeñas."
castilla_leon,Santiuste de San Juan Bautista,"e-distribución Redes Digitales, S.L.U.",regional_default_candidate,exclude_from_bulk_import,no,e-distribución — distribución eléctrica,https://www.edistribucion.com/es/conocenos/instalaciones-distribucion-red/distribucion-electrica.html,official_distributor_public,2026-05-06,"No incluir en bloque e-distribución; revisar aparte por solapes grandes con i-DE, UFD y pequeñas."
castilla_leon,Santiz,"e-distribución Redes Digitales, S.L.U.",regional_default_candidate,exclude_from_bulk_import,no,e-distribución — distribución eléctrica,https://www.edistribucion.com/es/conocenos/instalaciones-distribucion-red/distribucion-electrica.html,official_distributor_public,2026-05-06,"No incluir en bloque e-distribución; revisar aparte por solapes grandes con i-DE, UFD y pequeñas."
castilla_leon,Santo Domingo de las Posadas,"e-distribución Redes Digitales, S.L.U.",regional_default_candidate,exclude_from_bulk_import,no,e-distribución — distribución eléctrica,https://www.edistribucion.com/es/conocenos/instalaciones-distribucion-red/distribucion-electrica.html,official_distributor_public,2026-05-06,"No incluir en bloque e-distribución; revisar aparte por solapes grandes con i-DE, UFD y pequeñas."
castilla_leon,Santo Domingo de Pirón,"e-distribución Redes Digitales, S.L.U.",regional_default_candidate,exclude_from_bulk_import,no,e-distribución — distribución eléctrica,https://www.edistribucion.com/es/conocenos/instalaciones-distribucion-red/distribucion-electrica.html,official_distributor_public,2026-05-06,"No incluir en bloque e-distribución; revisar aparte por solapes grandes con i-DE, UFD y pequeñas."
castilla_leon,Santo Domingo de Silos,"e-distribución Redes Digitales, S.L.U.",regional_default_candidate,exclude_from_bulk_import,no,e-distribución — distribución eléctrica,https://www.edistribucion.com/es/conocenos/instalaciones-distribucion-red/distribucion-electrica.html,official_distributor_public,2026-05-06,"No incluir en bloque e-distribución; revisar aparte por solapes grandes con i-DE, UFD y pequeñas."
castilla_leon,Santo Tomé de Zabarcos,"e-distribución Redes Digitales, S.L.U.",regional_default_candidate,exclude_from_bulk_import,no,e-distribución — distribución eléctrica,https://www.edistribucion.com/es/conocenos/instalaciones-distribucion-red/distribucion-electrica.html,official_distributor_public,2026-05-06,"No incluir en bloque e-distribución; revisar aparte por solapes grandes con i-DE, UFD y pequeñas."
castilla_leon,Santo Tomé del Puerto,"e-distribución Redes Digitales, S.L.U.",regional_default_candidate,exclude_from_bulk_import,no,e-distribución — distribución eléctrica,https://www.edistribucion.com/es/conocenos/instalaciones-distribucion-red/distribucion-electrica.html,official_distributor_public,2026-05-06,"No incluir en bloque e-distribución; revisar aparte por solapes grandes con i-DE, UFD y pequeñas."
castilla_leon,Santovenia,"e-distribución Redes Digitales, S.L.U.",regional_default_candidate,exclude_from_bulk_import,no,e-distribución — distribución eléctrica,https://www.edistribucion.com/es/conocenos/instalaciones-distribucion-red/distribucion-electrica.html,official_distributor_public,2026-05-06,"No incluir en bloque e-distribución; revisar aparte por solapes grandes con i-DE, UFD y pequeñas."
castilla_leon,Santovenia de la Valdoncina,"e-distribución Redes Digitales, S.L.U.",regional_default_candidate,exclude_from_bulk_import,no,e-distribución — distribución eléctrica,https://www.edistribucion.com/es/conocenos/instalaciones-distribucion-red/distribucion-electrica.html,official_distributor_public,2026-05-06,"No incluir en bloque e-distribución; revisar aparte por solapes grandes con i-DE, UFD y pequeñas."
castilla_leon,Santovenia de Pisuerga,"e-distribución Redes Digitales, S.L.U.",regional_default_candidate,exclude_from_bulk_import,no,e-distribución — distribución eléctrica,https://www.edistribucion.com/es/conocenos/instalaciones-distribucion-red/distribucion-electrica.html,official_distributor_public,2026-05-06,"No incluir en bloque e-distribución; revisar aparte por solapes grandes con i-DE, UFD y pequeñas."
castilla_leon,Santoyo,"e-distribución Redes Digitales, S.L.U.",regional_default_candidate,exclude_from_bulk_import,no,e-distribución — distribución eléctrica,https://www.edistribucion.com/es/conocenos/instalaciones-distribucion-red/distribucion-electrica.html,official_distributor_public,2026-05-06,"No incluir en bloque e-distribución; revisar aparte por solapes grandes con i-DE, UFD y pequeñas."
castilla_leon,Sanzoles,"e-distribución Redes Digitales, S.L.U.",regional_default_candidate,exclude_from_bulk_import,no,e-distribución — distribución eléctrica,https://www.edistribucion.com/es/conocenos/instalaciones-distribucion-red/distribucion-electrica.html,official_distributor_public,2026-05-06,"No incluir en bloque e-distribución; revisar aparte por solapes grandes con i-DE, UFD y pequeñas."
castilla_leon,Sardón de Duero,"e-distribución Redes Digitales, S.L.U.",regional_default_candidate,exclude_from_bulk_import,no,e-distribución — distribución eléctrica,https://www.edistribucion.com/es/conocenos/instalaciones-distribucion-red/distribucion-electrica.html,official_distributor_public,2026-05-06,"No incluir en bloque e-distribución; revisar aparte por solapes grandes con i-DE, UFD y pequeñas."
castilla_leon,Sardón de los Frailes,"e-distribución Redes Digitales, S.L.U.",regional_default_candidate,exclude_from_bulk_import,no,e-distribución — distribución eléctrica,https://www.edistribucion.com/es/conocenos/instalaciones-distribucion-red/distribucion-electrica.html,official_distributor_public,2026-05-06,"No incluir en bloque e-distribución; revisar aparte por solapes grandes con i-DE, UFD y pequeñas."
castilla_leon,Sargentes de la Lora,"e-distribución Redes Digitales, S.L.U.",regional_default_candidate,exclude_from_bulk_import,no,e-distribución — distribución eléctrica,https://www.edistribucion.com/es/conocenos/instalaciones-distribucion-red/distribucion-electrica.html,official_distributor_public,2026-05-06,"No incluir en bloque e-distribución; revisar aparte por solapes grandes con i-DE, UFD y pequeñas."
castilla_leon,Sariegos,"e-distribución Redes Digitales, S.L.U.",regional_default_candidate,exclude_from_bulk_import,no,e-distribución — distribución eléctrica,https://www.edistribucion.com/es/conocenos/instalaciones-distribucion-red/distribucion-electrica.html,official_distributor_public,2026-05-06,"No incluir en bloque e-distribución; revisar aparte por solapes grandes con i-DE, UFD y pequeñas."
castilla_leon,Sarracín,"e-distribución Redes Digitales, S.L.U.",regional_default_candidate,exclude_from_bulk_import,no,e-distribución — distribución eléctrica,https://www.edistribucion.com/es/conocenos/instalaciones-distribucion-red/distribucion-electrica.html,official_distributor_public,2026-05-06,"No incluir en bloque e-distribución; revisar aparte por solapes grandes con i-DE, UFD y pequeñas."
castilla_leon,Sasamón,"e-distribución Redes Digitales, S.L.U.",regional_default_candidate,exclude_from_bulk_import,no,e-distribución — distribución eléctrica,https://www.edistribucion.com/es/conocenos/instalaciones-distribucion-red/distribucion-electrica.html,official_distributor_public,2026-05-06,"No incluir en bloque e-distribución; revisar aparte por solapes grandes con i-DE, UFD y pequeñas."
castilla_leon,Saucelle,"e-distribución Redes Digitales, S.L.U.",regional_default_candidate,exclude_from_bulk_import,no,e-distribución — distribución eléctrica,https://www.edistribucion.com/es/conocenos/instalaciones-distribucion-red/distribucion-electrica.html,official_distributor_public,2026-05-06,"No incluir en bloque e-distribución; revisar aparte por solapes grandes con i-DE, UFD y pequeñas."
castilla_leon,Sauquillo de Cabezas,"e-distribución Redes Digitales, S.L.U.",regional_default_candidate,exclude_from_bulk_import,no,e-distribución — distribución eléctrica,https://www.edistribucion.com/es/conocenos/instalaciones-distribucion-red/distribucion-electrica.html,official_distributor_public,2026-05-06,"No incluir en bloque e-distribución; revisar aparte por solapes grandes con i-DE, UFD y pequeñas."
castilla_leon,Sebúlcor,"e-distribución Redes Digitales, S.L.U.",regional_default_candidate,exclude_from_bulk_import,no,e-distribución — distribución eléctrica,https://www.edistribucion.com/es/conocenos/instalaciones-distribucion-red/distribucion-electrica.html,official_distributor_public,2026-05-06,"No incluir en bloque e-distribución; revisar aparte por solapes grandes con i-DE, UFD y pequeñas."
castilla_leon,Segovia,"e-distribución Redes Digitales, S.L.U.",regional_default_candidate,exclude_from_bulk_import,no,e-distribución — distribución eléctrica,https://www.edistribucion.com/es/conocenos/instalaciones-distribucion-red/distribucion-electrica.html,official_distributor_public,2026-05-06,"No incluir en bloque e-distribución; revisar aparte por solapes grandes con i-DE, UFD y pequeñas."
castilla_leon,Sena de Luna,"e-distribución Redes Digitales, S.L.U.",regional_default_candidate,exclude_from_bulk_import,no,e-distribución — distribución eléctrica,https://www.edistribucion.com/es/conocenos/instalaciones-distribucion-red/distribucion-electrica.html,official_distributor_public,2026-05-06,"No incluir en bloque e-distribución; revisar aparte por solapes grandes con i-DE, UFD y pequeñas."
castilla_leon,Sepulcro-Hilario,"e-distribución Redes Digitales, S.L.U.",regional_default_candidate,exclude_from_bulk_import,no,e-distribución — distribución eléctrica,https://www.edistribucion.com/es/conocenos/instalaciones-distribucion-red/distribucion-electrica.html,official_distributor_public,2026-05-06,"No incluir en bloque e-distribución; revisar aparte por solapes grandes con i-DE, UFD y pequeñas."
castilla_leon,Sepúlveda,"e-distribución Redes Digitales, S.L.U.",regional_default_candidate,exclude_from_bulk_import,no,e-distribución — distribución eléctrica,https://www.edistribucion.com/es/conocenos/instalaciones-distribucion-red/distribucion-electrica.html,official_distributor_public,2026-05-06,"No incluir en bloque e-distribución; revisar aparte por solapes grandes con i-DE, UFD y pequeñas."
castilla_leon,Sequera de Fresno,"e-distribución Redes Digitales, S.L.U.",regional_default_candidate,exclude_from_bulk_import,no,e-distribución — distribución eléctrica,https://www.edistribucion.com/es/conocenos/instalaciones-distribucion-red/distribucion-electrica.html,official_distributor_public,2026-05-06,"No incluir en bloque e-distribución; revisar aparte por solapes grandes con i-DE, UFD y pequeñas."
castilla_leon,Sequeros,"e-distribución Redes Digitales, S.L.U.",regional_default_candidate,exclude_from_bulk_import,no,e-distribución — distribución eléctrica,https://www.edistribucion.com/es/conocenos/instalaciones-distribucion-red/distribucion-electrica.html,official_distributor_public,2026-05-06,"No incluir en bloque e-distribución; revisar aparte por solapes grandes con i-DE, UFD y pequeñas."
castilla_leon,Serón de Nágima,"e-distribución Redes Digitales, S.L.U.",regional_default_candidate,exclude_from_bulk_import,no,e-distribución — distribución eléctrica,https://www.edistribucion.com/es/conocenos/instalaciones-distribucion-red/distribucion-electrica.html,official_distributor_public,2026-05-06,"No incluir en bloque e-distribución; revisar aparte por solapes grandes con i-DE, UFD y pequeñas."
castilla_leon,Serrada,"e-distribución Redes Digitales, S.L.U.",regional_default_candidate,exclude_from_bulk_import,no,e-distribución — distribución eléctrica,https://www.edistribucion.com/es/conocenos/instalaciones-distribucion-red/distribucion-electrica.html,official_distributor_public,2026-05-06,"No incluir en bloque e-distribución; revisar aparte por solapes grandes con i-DE, UFD y pequeñas."
castilla_leon,Serradilla del Arroyo,"e-distribución Redes Digitales, S.L.U.",regional_default_candidate,exclude_from_bulk_import,no,e-distribución — distribución eléctrica,https://www.edistribucion.com/es/conocenos/instalaciones-distribucion-red/distribucion-electrica.html,official_distributor_public,2026-05-06,"No incluir en bloque e-distribución; revisar aparte por solapes grandes con i-DE, UFD y pequeñas."
castilla_leon,Serradilla del Llano,"e-distribución Redes Digitales, S.L.U.",regional_default_candidate,exclude_from_bulk_import,no,e-distribución — distribución eléctrica,https://www.edistribucion.com/es/conocenos/instalaciones-distribucion-red/distribucion-electrica.html,official_distributor_public,2026-05-06,"No incluir en bloque e-distribución; revisar aparte por solapes grandes con i-DE, UFD y pequeñas."
castilla_leon,Serranillos,"e-distribución Redes Digitales, S.L.U.",regional_default_candidate,exclude_from_bulk_import,no,e-distribución — distribución eléctrica,https://www.edistribucion.com/es/conocenos/instalaciones-distribucion-red/distribucion-electrica.html,official_distributor_public,2026-05-06,"No incluir en bloque e-distribución; revisar aparte por solapes grandes con i-DE, UFD y pequeñas."
castilla_leon,Siete Iglesias de Trabancos,"e-distribución Redes Digitales, S.L.U.",regional_default_candidate,exclude_from_bulk_import,no,e-distribución — distribución eléctrica,https://www.edistribucion.com/es/conocenos/instalaciones-distribucion-red/distribucion-electrica.html,official_distributor_public,2026-05-06,"No incluir en bloque e-distribución; revisar aparte por solapes grandes con i-DE, UFD y pequeñas."
castilla_leon,Sieteiglesias de Tormes,"e-distribución Redes Digitales, S.L.U.",regional_default_candidate,exclude_from_bulk_import,no,e-distribución — distribución eléctrica,https://www.edistribucion.com/es/conocenos/instalaciones-distribucion-red/distribucion-electrica.html,official_distributor_public,2026-05-06,"No incluir en bloque e-distribución; revisar aparte por solapes grandes con i-DE, UFD y pequeñas."
castilla_leon,Sigeres,"e-distribución Redes Digitales, S.L.U.",regional_default_candidate,exclude_from_bulk_import,no,e-distribución — distribución eléctrica,https://www.edistribucion.com/es/conocenos/instalaciones-distribucion-red/distribucion-electrica.html,official_distributor_public,2026-05-06,"No incluir en bloque e-distribución; revisar aparte por solapes grandes con i-DE, UFD y pequeñas."
castilla_leon,Simancas,"e-distribución Redes Digitales, S.L.U.",regional_default_candidate,exclude_from_bulk_import,no,e-distribución — distribución eléctrica,https://www.edistribucion.com/es/conocenos/instalaciones-distribucion-red/distribucion-electrica.html,official_distributor_public,2026-05-06,"No incluir en bloque e-distribución; revisar aparte por solapes grandes con i-DE, UFD y pequeñas."
castilla_leon,Sinlabajos,"e-distribución Redes Digitales, S.L.U.",regional_default_candidate,exclude_from_bulk_import,no,e-distribución — distribución eléctrica,https://www.edistribucion.com/es/conocenos/instalaciones-distribucion-red/distribucion-electrica.html,official_distributor_public,2026-05-06,"No incluir en bloque e-distribución; revisar aparte por solapes grandes con i-DE, UFD y pequeñas."
castilla_leon,Sobradillo,"e-distribución Redes Digitales, S.L.U.",regional_default_candidate,exclude_from_bulk_import,no,e-distribución — distribución eléctrica,https://www.edistribucion.com/es/conocenos/instalaciones-distribucion-red/distribucion-electrica.html,official_distributor_public,2026-05-06,"No incluir en bloque e-distribución; revisar aparte por solapes grandes con i-DE, UFD y pequeñas."
castilla_leon,Sobrado,"e-distribución Redes Digitales, S.L.U.",regional_default_candidate,exclude_from_bulk_import,no,e-distribución — distribución eléctrica,https://www.edistribucion.com/es/conocenos/instalaciones-distribucion-red/distribucion-electrica.html,official_distributor_public,2026-05-06,"No incluir en bloque e-distribución; revisar aparte por solapes grandes con i-DE, UFD y pequeñas."
castilla_leon,Solana de Ávila,"e-distribución Redes Digitales, S.L.U.",regional_default_candidate,exclude_from_bulk_import,no,e-distribución — distribución eléctrica,https://www.edistribucion.com/es/conocenos/instalaciones-distribucion-red/distribucion-electrica.html,official_distributor_public,2026-05-06,"No incluir en bloque e-distribución; revisar aparte por solapes grandes con i-DE, UFD y pequeñas."
castilla_leon,Solana de Rioalmar,"e-distribución Redes Digitales, S.L.U.",regional_default_candidate,exclude_from_bulk_import,no,e-distribución — distribución eléctrica,https://www.edistribucion.com/es/conocenos/instalaciones-distribucion-red/distribucion-electrica.html,official_distributor_public,2026-05-06,"No incluir en bloque e-distribución; revisar aparte por solapes grandes con i-DE, UFD y pequeñas."
castilla_leon,Solarana,"e-distribución Redes Digitales, S.L.U.",regional_default_candidate,exclude_from_bulk_import,no,e-distribución — distribución eléctrica,https://www.edistribucion.com/es/conocenos/instalaciones-distribucion-red/distribucion-electrica.html,official_distributor_public,2026-05-06,"No incluir en bloque e-distribución; revisar aparte por solapes grandes con i-DE, UFD y pequeñas."
castilla_leon,Soliedra,"e-distribución Redes Digitales, S.L.U.",regional_default_candidate,exclude_from_bulk_import,no,e-distribución — distribución eléctrica,https://www.edistribucion.com/es/conocenos/instalaciones-distribucion-red/distribucion-electrica.html,official_distributor_public,2026-05-06,"No incluir en bloque e-distribución; revisar aparte por solapes grandes con i-DE, UFD y pequeñas."
castilla_leon,Solosancho,"e-distribución Redes Digitales, S.L.U.",regional_default_candidate,exclude_from_bulk_import,no,e-distribución — distribución eléctrica,https://www.edistribucion.com/es/conocenos/instalaciones-distribucion-red/distribucion-electrica.html,official_distributor_public,2026-05-06,"No incluir en bloque e-distribución; revisar aparte por solapes grandes con i-DE, UFD y pequeñas."
castilla_leon,Soncarazo,"e-distribución Redes Digitales, S.L.U.",regional_default_candidate,exclude_from_bulk_import,no,e-distribución — distribución eléctrica,https://www.edistribucion.com/es/conocenos/instalaciones-distribucion-red/distribucion-electrica.html,official_distributor_public,2026-05-06,"No incluir en bloque e-distribución; revisar aparte por solapes grandes con i-DE, UFD y pequeñas."
castilla_leon,Sordillos,"e-distribución Redes Digitales, S.L.U.",regional_default_candidate,exclude_from_bulk_import,no,e-distribución — distribución eléctrica,https://www.edistribucion.com/es/conocenos/instalaciones-distribucion-red/distribucion-electrica.html,official_distributor_public,2026-05-06,"No incluir en bloque e-distribución; revisar aparte por solapes grandes con i-DE, UFD y pequeñas."
castilla_leon,Soria,"e-distribución Redes Digitales, S.L.U.",regional_default_candidate,exclude_from_bulk_import,no,e-distribución — distribución eléctrica,https://www.edistribucion.com/es/conocenos/instalaciones-distribucion-red/distribucion-electrica.html,official_distributor_public,2026-05-06,"No incluir en bloque e-distribución; revisar aparte por solapes grandes con i-DE, UFD y pequeñas."
castilla_leon,Sorihuela,"e-distribución Redes Digitales, S.L.U.",regional_default_candidate,exclude_from_bulk_import,no,e-distribución — distribución eléctrica,https://www.edistribucion.com/es/conocenos/instalaciones-distribucion-red/distribucion-electrica.html,official_distributor_public,2026-05-06,"No incluir en bloque e-distribución; revisar aparte por solapes grandes con i-DE, UFD y pequeñas."
castilla_leon,Sotalbo,"e-distribución Redes Digitales, S.L.U.",regional_default_candidate,exclude_from_bulk_import,no,e-distribución — distribución eléctrica,https://www.edistribucion.com/es/conocenos/instalaciones-distribucion-red/distribucion-electrica.html,official_distributor_public,2026-05-06,"No incluir en bloque e-distribución; revisar aparte por solapes grandes con i-DE, UFD y pequeñas."
castilla_leon,Sotillo,"e-distribución Redes Digitales, S.L.U.",regional_default_candidate,exclude_from_bulk_import,no,e-distribución — distribución eléctrica,https://www.edistribucion.com/es/conocenos/instalaciones-distribucion-red/distribucion-electrica.html,official_distributor_public,2026-05-06,"No incluir en bloque e-distribución; revisar aparte por solapes grandes con i-DE, UFD y pequeñas."
castilla_leon,Sotillo de la Adrada,"e-distribución Redes Digitales, S.L.U.",regional_default_candidate,exclude_from_bulk_import,no,e-distribución — distribución eléctrica,https://www.edistribucion.com/es/conocenos/instalaciones-distribucion-red/distribucion-electrica.html,official_distributor_public,2026-05-06,"No incluir en bloque e-distribución; revisar aparte por solapes grandes con i-DE, UFD y pequeñas."
castilla_leon,Sotillo de la Ribera,"e-distribución Redes Digitales, S.L.U.",regional_default_candidate,exclude_from_bulk_import,no,e-distribución — distribución eléctrica,https://www.edistribucion.com/es/conocenos/instalaciones-distribucion-red/distribucion-electrica.html,official_distributor_public,2026-05-06,"No incluir en bloque e-distribución; revisar aparte por solapes grandes con i-DE, UFD y pequeñas."
castilla_leon,Sotillo del Rincón,"e-distribución Redes Digitales, S.L.U.",regional_default_candidate,exclude_from_bulk_import,no,e-distribución — distribución eléctrica,https://www.edistribucion.com/es/conocenos/instalaciones-distribucion-red/distribucion-electrica.html,official_distributor_public,2026-05-06,"No incluir en bloque e-distribución; revisar aparte por solapes grandes con i-DE, UFD y pequeñas."
castilla_leon,Soto de Cerrato,"e-distribución Redes Digitales, S.L.U.",regional_default_candidate,exclude_from_bulk_import,no,e-distribución — distribución eléctrica,https://www.edistribucion.com/es/conocenos/instalaciones-distribucion-red/distribucion-electrica.html,official_distributor_public,2026-05-06,"No incluir en bloque e-distribución; revisar aparte por solapes grandes con i-DE, UFD y pequeñas."
castilla_leon,Soto de la Vega,"e-distribución Redes Digitales, S.L.U.",regional_default_candidate,exclude_from_bulk_import,no,e-distribución — distribución eléctrica,https://www.edistribucion.com/es/conocenos/instalaciones-distribucion-red/distribucion-electrica.html,official_distributor_public,2026-05-06,"No incluir en bloque e-distribución; revisar aparte por solapes grandes con i-DE, UFD y pequeñas."
castilla_leon,Soto y Amío,"e-distribución Redes Digitales, S.L.U.",regional_default_candidate,exclude_from_bulk_import,no,e-distribución — distribución eléctrica,https://www.edistribucion.com/es/conocenos/instalaciones-distribucion-red/distribucion-electrica.html,official_distributor_public,2026-05-06,"No incluir en bloque e-distribución; revisar aparte por solapes grandes con i-DE, UFD y pequeñas."
castilla_leon,Sotobañado y Priorato,"e-distribución Redes Digitales, S.L.U.",regional_default_candidate,exclude_from_bulk_import,no,e-distribución — distribución eléctrica,https://www.edistribucion.com/es/conocenos/instalaciones-distribucion-red/distribucion-electrica.html,official_distributor_public,2026-05-06,"No incluir en bloque e-distribución; revisar aparte por solapes grandes con i-DE, UFD y pequeñas."
castilla_leon,Sotosalbos,"e-distribución Redes Digitales, S.L.U.",regional_default_candidate,exclude_from_bulk_import,no,e-distribución — distribución eléctrica,https://www.edistribucion.com/es/conocenos/instalaciones-distribucion-red/distribucion-electrica.html,official_distributor_public,2026-05-06,"No incluir en bloque e-distribución; revisar aparte por solapes grandes con i-DE, UFD y pequeñas."
castilla_leon,Sotoserrano,"e-distribución Redes Digitales, S.L.U.",regional_default_candidate,exclude_from_bulk_import,no,e-distribución — distribución eléctrica,https://www.edistribucion.com/es/conocenos/instalaciones-distribucion-red/distribucion-electrica.html,official_distributor_public,2026-05-06,"No incluir en bloque e-distribución; revisar aparte por solapes grandes con i-DE, UFD y pequeñas."
castilla_leon,Sotragero,"e-distribución Redes Digitales, S.L.U.",regional_default_candidate,exclude_from_bulk_import,no,e-distribución — distribución eléctrica,https://www.edistribucion.com/es/conocenos/instalaciones-distribucion-red/distribucion-electrica.html,official_distributor_public,2026-05-06,"No incluir en bloque e-distribución; revisar aparte por solapes grandes con i-DE, UFD y pequeñas."
castilla_leon,Sotresgudo,"e-distribución Redes Digitales, S.L.U.",regional_default_candidate,exclude_from_bulk_import,no,e-distribución — distribución eléctrica,https://www.edistribucion.com/es/conocenos/instalaciones-distribucion-red/distribucion-electrica.html,official_distributor_public,2026-05-06,"No incluir en bloque e-distribución; revisar aparte por solapes grandes con i-DE, UFD y pequeñas."
castilla_leon,Suellacabras,"e-distribución Redes Digitales, S.L.U.",regional_default_candidate,exclude_from_bulk_import,no,e-distribución — distribución eléctrica,https://www.edistribucion.com/es/conocenos/instalaciones-distribucion-red/distribucion-electrica.html,official_distributor_public,2026-05-06,"No incluir en bloque e-distribución; revisar aparte por solapes grandes con i-DE, UFD y pequeñas."
castilla_leon,Susinos del Páramo,"e-distribución Redes Digitales, S.L.U.",regional_default_candidate,exclude_from_bulk_import,no,e-distribución — distribución eléctrica,https://www.edistribucion.com/es/conocenos/instalaciones-distribucion-red/distribucion-electrica.html,official_distributor_public,2026-05-06,"No incluir en bloque e-distribución; revisar aparte por solapes grandes con i-DE, UFD y pequeñas."
castilla_leon,Tabanera de Cerrato,"e-distribución Redes Digitales, S.L.U.",regional_default_candidate,exclude_from_bulk_import,no,e-distribución — distribución eléctrica,https://www.edistribucion.com/es/conocenos/instalaciones-distribucion-red/distribucion-electrica.html,official_distributor_public,2026-05-06,"No incluir en bloque e-distribución; revisar aparte por solapes grandes con i-DE, UFD y pequeñas."
castilla_leon,Tabanera de Valdavia,"e-distribución Redes Digitales, S.L.U.",regional_default_candidate,exclude_from_bulk_import,no,e-distribución — distribución eléctrica,https://www.edistribucion.com/es/conocenos/instalaciones-distribucion-red/distribucion-electrica.html,official_distributor_public,2026-05-06,"No incluir en bloque e-distribución; revisar aparte por solapes grandes con i-DE, UFD y pequeñas."
castilla_leon,Tabanera la Luenga,"e-distribución Redes Digitales, S.L.U.",regional_default_candidate,exclude_from_bulk_import,no,e-distribución — distribución eléctrica,https://www.edistribucion.com/es/conocenos/instalaciones-distribucion-red/distribucion-electrica.html,official_distributor_public,2026-05-06,"No incluir en bloque e-distribución; revisar aparte por solapes grandes con i-DE, UFD y pequeñas."
castilla_leon,Tábara,"e-distribución Redes Digitales, S.L.U.",regional_default_candidate,exclude_from_bulk_import,no,e-distribución — distribución eléctrica,https://www.edistribucion.com/es/conocenos/instalaciones-distribucion-red/distribucion-electrica.html,official_distributor_public,2026-05-06,"No incluir en bloque e-distribución; revisar aparte por solapes grandes con i-DE, UFD y pequeñas."
castilla_leon,Tabera de Abajo,"e-distribución Redes Digitales, S.L.U.",regional_default_candidate,exclude_from_bulk_import,no,e-distribución — distribución eléctrica,https://www.edistribucion.com/es/conocenos/instalaciones-distribucion-red/distribucion-electrica.html,official_distributor_public,2026-05-06,"No incluir en bloque e-distribución; revisar aparte por solapes grandes con i-DE, UFD y pequeñas."
castilla_leon,Tajahuerce,"e-distribución Redes Digitales, S.L.U.",regional_default_candidate,exclude_from_bulk_import,no,e-distribución — distribución eléctrica,https://www.edistribucion.com/es/conocenos/instalaciones-distribucion-red/distribucion-electrica.html,official_distributor_public,2026-05-06,"No incluir en bloque e-distribución; revisar aparte por solapes grandes con i-DE, UFD y pequeñas."
castilla_leon,Tajueco,"e-distribución Redes Digitales, S.L.U.",regional_default_candidate,exclude_from_bulk_import,no,e-distribución — distribución eléctrica,https://www.edistribucion.com/es/conocenos/instalaciones-distribucion-red/distribucion-electrica.html,official_distributor_public,2026-05-06,"No incluir en bloque e-distribución; revisar aparte por solapes grandes con i-DE, UFD y pequeñas."
castilla_leon,Talveila,"e-distribución Redes Digitales, S.L.U.",regional_default_candidate,exclude_from_bulk_import,no,e-distribución — distribución eléctrica,https://www.edistribucion.com/es/conocenos/instalaciones-distribucion-red/distribucion-electrica.html,official_distributor_public,2026-05-06,"No incluir en bloque e-distribución; revisar aparte por solapes grandes con i-DE, UFD y pequeñas."
castilla_leon,Tamames,"e-distribución Redes Digitales, S.L.U.",regional_default_candidate,exclude_from_bulk_import,no,e-distribución — distribución eléctrica,https://www.edistribucion.com/es/conocenos/instalaciones-distribucion-red/distribucion-electrica.html,official_distributor_public,2026-05-06,"No incluir en bloque e-distribución; revisar aparte por solapes grandes con i-DE, UFD y pequeñas."
castilla_leon,Támara de Campos,"e-distribución Redes Digitales, S.L.U.",regional_default_candidate,exclude_from_bulk_import,no,e-distribución — distribución eléctrica,https://www.edistribucion.com/es/conocenos/instalaciones-distribucion-red/distribucion-electrica.html,official_distributor_public,2026-05-06,"No incluir en bloque e-distribución; revisar aparte por solapes grandes con i-DE, UFD y pequeñas."
castilla_leon,Tamariz de Campos,"e-distribución Redes Digitales, S.L.U.",regional_default_candidate,exclude_from_bulk_import,no,e-distribución — distribución eléctrica,https://www.edistribucion.com/es/conocenos/instalaciones-distribucion-red/distribucion-electrica.html,official_distributor_public,2026-05-06,"No incluir en bloque e-distribución; revisar aparte por solapes grandes con i-DE, UFD y pequeñas."
castilla_leon,Tamarón,"e-distribución Redes Digitales, S.L.U.",regional_default_candidate,exclude_from_bulk_import,no,e-distribución — distribución eléctrica,https://www.edistribucion.com/es/conocenos/instalaciones-distribucion-red/distribucion-electrica.html,official_distributor_public,2026-05-06,"No incluir en bloque e-distribución; revisar aparte por solapes grandes con i-DE, UFD y pequeñas."
castilla_leon,Tapioles,"e-distribución Redes Digitales, S.L.U.",regional_default_candidate,exclude_from_bulk_import,no,e-distribución — distribución eléctrica,https://www.edistribucion.com/es/conocenos/instalaciones-distribucion-red/distribucion-electrica.html,official_distributor_public,2026-05-06,"No incluir en bloque e-distribución; revisar aparte por solapes grandes con i-DE, UFD y pequeñas."
castilla_leon,Tarazona de Guareña,"e-distribución Redes Digitales, S.L.U.",regional_default_candidate,exclude_from_bulk_import,no,e-distribución — distribución eléctrica,https://www.edistribucion.com/es/conocenos/instalaciones-distribucion-red/distribucion-electrica.html,official_distributor_public,2026-05-06,"No incluir en bloque e-distribución; revisar aparte por solapes grandes con i-DE, UFD y pequeñas."
castilla_leon,Tardáguila,"e-distribución Redes Digitales, S.L.U.",regional_default_candidate,exclude_from_bulk_import,no,e-distribución — distribución eléctrica,https://www.edistribucion.com/es/conocenos/instalaciones-distribucion-red/distribucion-electrica.html,official_distributor_public,2026-05-06,"No incluir en bloque e-distribución; revisar aparte por solapes grandes con i-DE, UFD y pequeñas."
castilla_leon,Tardajos,"e-distribución Redes Digitales, S.L.U.",regional_default_candidate,exclude_from_bulk_import,no,e-distribución — distribución eléctrica,https://www.edistribucion.com/es/conocenos/instalaciones-distribucion-red/distribucion-electrica.html,official_distributor_public,2026-05-06,"No incluir en bloque e-distribución; revisar aparte por solapes grandes con i-DE, UFD y pequeñas."
castilla_leon,Tardelcuende,"e-distribución Redes Digitales, S.L.U.",regional_default_candidate,exclude_from_bulk_import,no,e-distribución — distribución eléctrica,https://www.edistribucion.com/es/conocenos/instalaciones-distribucion-red/distribucion-electrica.html,official_distributor_public,2026-05-06,"No incluir en bloque e-distribución; revisar aparte por solapes grandes con i-DE, UFD y pequeñas."
castilla_leon,Tariego de Cerrato,"e-distribución Redes Digitales, S.L.U.",regional_default_candidate,exclude_from_bulk_import,no,e-distribución — distribución eléctrica,https://www.edistribucion.com/es/conocenos/instalaciones-distribucion-red/distribucion-electrica.html,official_distributor_public,2026-05-06,"No incluir en bloque e-distribución; revisar aparte por solapes grandes con i-DE, UFD y pequeñas."
castilla_leon,Taroda,"e-distribución Redes Digitales, S.L.U.",regional_default_candidate,exclude_from_bulk_import,no,e-distribución — distribución eléctrica,https://www.edistribucion.com/es/conocenos/instalaciones-distribucion-red/distribucion-electrica.html,official_distributor_public,2026-05-06,"No incluir en bloque e-distribución; revisar aparte por solapes grandes con i-DE, UFD y pequeñas."
castilla_leon,Tejada,"e-distribución Redes Digitales, S.L.U.",regional_default_candidate,exclude_from_bulk_import,no,e-distribución — distribución eléctrica,https://www.edistribucion.com/es/conocenos/instalaciones-distribucion-red/distribucion-electrica.html,official_distributor_public,2026-05-06,"No incluir en bloque e-distribución; revisar aparte por solapes grandes con i-DE, UFD y pequeñas."
castilla_leon,Tejado,"e-distribución Redes Digitales, S.L.U.",regional_default_candidate,exclude_from_bulk_import,no,e-distribución — distribución eléctrica,https://www.edistribucion.com/es/conocenos/instalaciones-distribucion-red/distribucion-electrica.html,official_distributor_public,2026-05-06,"No incluir en bloque e-distribución; revisar aparte por solapes grandes con i-DE, UFD y pequeñas."
castilla_leon,Tejeda y Segoyuela,"e-distribución Redes Digitales, S.L.U.",regional_default_candidate,exclude_from_bulk_import,no,e-distribución — distribución eléctrica,https://www.edistribucion.com/es/conocenos/instalaciones-distribucion-red/distribucion-electrica.html,official_distributor_public,2026-05-06,"No incluir en bloque e-distribución; revisar aparte por solapes grandes con i-DE, UFD y pequeñas."
castilla_leon,Tenebrón,"e-distribución Redes Digitales, S.L.U.",regional_default_candidate,exclude_from_bulk_import,no,e-distribución — distribución eléctrica,https://www.edistribucion.com/es/conocenos/instalaciones-distribucion-red/distribucion-electrica.html,official_distributor_public,2026-05-06,"No incluir en bloque e-distribución; revisar aparte por solapes grandes con i-DE, UFD y pequeñas."
castilla_leon,Terradillos,"e-distribución Redes Digitales, S.L.U.",regional_default_candidate,exclude_from_bulk_import,no,e-distribución — distribución eléctrica,https://www.edistribucion.com/es/conocenos/instalaciones-distribucion-red/distribucion-electrica.html,official_distributor_public,2026-05-06,"No incluir en bloque e-distribución; revisar aparte por solapes grandes con i-DE, UFD y pequeñas."
castilla_leon,Terradillos de Esgueva,"e-distribución Redes Digitales, S.L.U.",regional_default_candidate,exclude_from_bulk_import,no,e-distribución — distribución eléctrica,https://www.edistribucion.com/es/conocenos/instalaciones-distribucion-red/distribucion-electrica.html,official_distributor_public,2026-05-06,"No incluir en bloque e-distribución; revisar aparte por solapes grandes con i-DE, UFD y pequeñas."
castilla_leon,Tiedra,"e-distribución Redes Digitales, S.L.U.",regional_default_candidate,exclude_from_bulk_import,no,e-distribución — distribución eléctrica,https://www.edistribucion.com/es/conocenos/instalaciones-distribucion-red/distribucion-electrica.html,official_distributor_public,2026-05-06,"No incluir en bloque e-distribución; revisar aparte por solapes grandes con i-DE, UFD y pequeñas."
castilla_leon,Tinieblas de la Sierra,"e-distribución Redes Digitales, S.L.U.",regional_default_candidate,exclude_from_bulk_import,no,e-distribución — distribución eléctrica,https://www.edistribucion.com/es/conocenos/instalaciones-distribucion-red/distribucion-electrica.html,official_distributor_public,2026-05-06,"No incluir en bloque e-distribución; revisar aparte por solapes grandes con i-DE, UFD y pequeñas."
castilla_leon,Tiñosillos,"e-distribución Redes Digitales, S.L.U.",regional_default_candidate,exclude_from_bulk_import,no,e-distribución — distribución eléctrica,https://www.edistribucion.com/es/conocenos/instalaciones-distribucion-red/distribucion-electrica.html,official_distributor_public,2026-05-06,"No incluir en bloque e-distribución; revisar aparte por solapes grandes con i-DE, UFD y pequeñas."
castilla_leon,Tobar,"e-distribución Redes Digitales, S.L.U.",regional_default_candidate,exclude_from_bulk_import,no,e-distribución — distribución eléctrica,https://www.edistribucion.com/es/conocenos/instalaciones-distribucion-red/distribucion-electrica.html,official_distributor_public,2026-05-06,"No incluir en bloque e-distribución; revisar aparte por solapes grandes con i-DE, UFD y pequeñas."
castilla_leon,Tolbaños,"e-distribución Redes Digitales, S.L.U.",regional_default_candidate,exclude_from_bulk_import,no,e-distribución — distribución eléctrica,https://www.edistribucion.com/es/conocenos/instalaciones-distribucion-red/distribucion-electrica.html,official_distributor_public,2026-05-06,"No incluir en bloque e-distribución; revisar aparte por solapes grandes con i-DE, UFD y pequeñas."
castilla_leon,Tolocirio,"e-distribución Redes Digitales, S.L.U.",regional_default_candidate,exclude_from_bulk_import,no,e-distribución — distribución eléctrica,https://www.edistribucion.com/es/conocenos/instalaciones-distribucion-red/distribucion-electrica.html,official_distributor_public,2026-05-06,"No incluir en bloque e-distribución; revisar aparte por solapes grandes con i-DE, UFD y pequeñas."
castilla_leon,Topas,"e-distribución Redes Digitales, S.L.U.",regional_default_candidate,exclude_from_bulk_import,no,e-distribución — distribución eléctrica,https://www.edistribucion.com/es/conocenos/instalaciones-distribucion-red/distribucion-electrica.html,official_distributor_public,2026-05-06,"No incluir en bloque e-distribución; revisar aparte por solapes grandes con i-DE, UFD y pequeñas."
castilla_leon,Toral de los Guzmanes,"e-distribución Redes Digitales, S.L.U.",regional_default_candidate,exclude_from_bulk_import,no,e-distribución — distribución eléctrica,https://www.edistribucion.com/es/conocenos/instalaciones-distribucion-red/distribucion-electrica.html,official_distributor_public,2026-05-06,"No incluir en bloque e-distribución; revisar aparte por solapes grandes con i-DE, UFD y pequeñas."
castilla_leon,Toral de los Vados,"e-distribución Redes Digitales, S.L.U.",regional_default_candidate,exclude_from_bulk_import,no,e-distribución — distribución eléctrica,https://www.edistribucion.com/es/conocenos/instalaciones-distribucion-red/distribucion-electrica.html,official_distributor_public,2026-05-06,"No incluir en bloque e-distribución; revisar aparte por solapes grandes con i-DE, UFD y pequeñas."
castilla_leon,Tordehumos,"e-distribución Redes Digitales, S.L.U.",regional_default_candidate,exclude_from_bulk_import,no,e-distribución — distribución eléctrica,https://www.edistribucion.com/es/conocenos/instalaciones-distribucion-red/distribucion-electrica.html,official_distributor_public,2026-05-06,"No incluir en bloque e-distribución; revisar aparte por solapes grandes con i-DE, UFD y pequeñas."
castilla_leon,Tordesillas,"e-distribución Redes Digitales, S.L.U.",regional_default_candidate,exclude_from_bulk_import,no,e-distribución — distribución eléctrica,https://www.edistribucion.com/es/conocenos/instalaciones-distribucion-red/distribucion-electrica.html,official_distributor_public,2026-05-06,"No incluir en bloque e-distribución; revisar aparte por solapes grandes con i-DE, UFD y pequeñas."
castilla_leon,Tordillos,"e-distribución Redes Digitales, S.L.U.",regional_default_candidate,exclude_from_bulk_import,no,e-distribución — distribución eléctrica,https://www.edistribucion.com/es/conocenos/instalaciones-distribucion-red/distribucion-electrica.html,official_distributor_public,2026-05-06,"No incluir en bloque e-distribución; revisar aparte por solapes grandes con i-DE, UFD y pequeñas."
castilla_leon,Tordómar,"e-distribución Redes Digitales, S.L.U.",regional_default_candidate,exclude_from_bulk_import,no,e-distribución — distribución eléctrica,https://www.edistribucion.com/es/conocenos/instalaciones-distribucion-red/distribucion-electrica.html,official_distributor_public,2026-05-06,"No incluir en bloque e-distribución; revisar aparte por solapes grandes con i-DE, UFD y pequeñas."
castilla_leon,Toreno,"e-distribución Redes Digitales, S.L.U.",regional_default_candidate,exclude_from_bulk_import,no,e-distribución — distribución eléctrica,https://www.edistribucion.com/es/conocenos/instalaciones-distribucion-red/distribucion-electrica.html,official_distributor_public,2026-05-06,"No incluir en bloque e-distribución; revisar aparte por solapes grandes con i-DE, UFD y pequeñas."
castilla_leon,Torlengua,"e-distribución Redes Digitales, S.L.U.",regional_default_candidate,exclude_from_bulk_import,no,e-distribución — distribución eléctrica,https://www.edistribucion.com/es/conocenos/instalaciones-distribucion-red/distribucion-electrica.html,official_distributor_public,2026-05-06,"No incluir en bloque e-distribución; revisar aparte por solapes grandes con i-DE, UFD y pequeñas."
castilla_leon,Tormellas,"e-distribución Redes Digitales, S.L.U.",regional_default_candidate,exclude_from_bulk_import,no,e-distribución — distribución eléctrica,https://www.edistribucion.com/es/conocenos/instalaciones-distribucion-red/distribucion-electrica.html,official_distributor_public,2026-05-06,"No incluir en bloque e-distribución; revisar aparte por solapes grandes con i-DE, UFD y pequeñas."
castilla_leon,Tornadizos de Ávila,"e-distribución Redes Digitales, S.L.U.",regional_default_candidate,exclude_from_bulk_import,no,e-distribución — distribución eléctrica,https://www.edistribucion.com/es/conocenos/instalaciones-distribucion-red/distribucion-electrica.html,official_distributor_public,2026-05-06,"No incluir en bloque e-distribución; revisar aparte por solapes grandes con i-DE, UFD y pequeñas."
castilla_leon,Toro,"e-distribución Redes Digitales, S.L.U.",regional_default_candidate,exclude_from_bulk_import,no,e-distribución — distribución eléctrica,https://www.edistribucion.com/es/conocenos/instalaciones-distribucion-red/distribucion-electrica.html,official_distributor_public,2026-05-06,"No incluir en bloque e-distribución; revisar aparte por solapes grandes con i-DE, UFD y pequeñas."
castilla_leon,Torquemada,"e-distribución Redes Digitales, S.L.U.",regional_default_candidate,exclude_from_bulk_import,no,e-distribución — distribución eléctrica,https://www.edistribucion.com/es/conocenos/instalaciones-distribucion-red/distribucion-electrica.html,official_distributor_public,2026-05-06,"No incluir en bloque e-distribución; revisar aparte por solapes grandes con i-DE, UFD y pequeñas."
castilla_leon,Torre de Esgueva,"e-distribución Redes Digitales, S.L.U.",regional_default_candidate,exclude_from_bulk_import,no,e-distribución — distribución eléctrica,https://www.edistribucion.com/es/conocenos/instalaciones-distribucion-red/distribucion-electrica.html,official_distributor_public,2026-05-06,"No incluir en bloque e-distribución; revisar aparte por solapes grandes con i-DE, UFD y pequeñas."
castilla_leon,Torre de Peñafiel,"e-distribución Redes Digitales, S.L.U.",regional_default_candidate,exclude_from_bulk_import,no,e-distribución — distribución eléctrica,https://www.edistribucion.com/es/conocenos/instalaciones-distribucion-red/distribucion-electrica.html,official_distributor_public,2026-05-06,"No incluir en bloque e-distribución; revisar aparte por solapes grandes con i-DE, UFD y pequeñas."
castilla_leon,Torre del Bierzo,"e-distribución Redes Digitales, S.L.U.",regional_default_candidate,exclude_from_bulk_import,no,e-distribución — distribución eléctrica,https://www.edistribucion.com/es/conocenos/instalaciones-distribucion-red/distribucion-electrica.html,official_distributor_public,2026-05-06,"No incluir en bloque e-distribución; revisar aparte por solapes grandes con i-DE, UFD y pequeñas."
castilla_leon,Torre Val de San Pedro,"e-distribución Redes Digitales, S.L.U.",regional_default_candidate,exclude_from_bulk_import,no,e-distribución — distribución eléctrica,https://www.edistribucion.com/es/conocenos/instalaciones-distribucion-red/distribucion-electrica.html,official_distributor_public,2026-05-06,"No incluir en bloque e-distribución; revisar aparte por solapes grandes con i-DE, UFD y pequeñas."
castilla_leon,Torreadrada,"e-distribución Redes Digitales, S.L.U.",regional_default_candidate,exclude_from_bulk_import,no,e-distribución — distribución eléctrica,https://www.edistribucion.com/es/conocenos/instalaciones-distribucion-red/distribucion-electrica.html,official_distributor_public,2026-05-06,"No incluir en bloque e-distribución; revisar aparte por solapes grandes con i-DE, UFD y pequeñas."
castilla_leon,Torreblacos,"e-distribución Redes Digitales, S.L.U.",regional_default_candidate,exclude_from_bulk_import,no,e-distribución — distribución eléctrica,https://www.edistribucion.com/es/conocenos/instalaciones-distribucion-red/distribucion-electrica.html,official_distributor_public,2026-05-06,"No incluir en bloque e-distribución; revisar aparte por solapes grandes con i-DE, UFD y pequeñas."
castilla_leon,Torrecaballeros,"e-distribución Redes Digitales, S.L.U.",regional_default_candidate,exclude_from_bulk_import,no,e-distribución — distribución eléctrica,https://www.edistribucion.com/es/conocenos/instalaciones-distribucion-red/distribucion-electrica.html,official_distributor_public,2026-05-06,"No incluir en bloque e-distribución; revisar aparte por solapes grandes con i-DE, UFD y pequeñas."
castilla_leon,Torrecilla de la Abadesa,"e-distribución Redes Digitales, S.L.U.",regional_default_candidate,exclude_from_bulk_import,no,e-distribución — distribución eléctrica,https://www.edistribucion.com/es/conocenos/instalaciones-distribucion-red/distribucion-electrica.html,official_distributor_public,2026-05-06,"No incluir en bloque e-distribución; revisar aparte por solapes grandes con i-DE, UFD y pequeñas."
castilla_leon,Torrecilla de la Orden,"e-distribución Redes Digitales, S.L.U.",regional_default_candidate,exclude_from_bulk_import,no,e-distribución — distribución eléctrica,https://www.edistribucion.com/es/conocenos/instalaciones-distribucion-red/distribucion-electrica.html,official_distributor_public,2026-05-06,"No incluir en bloque e-distribución; revisar aparte por solapes grandes con i-DE, UFD y pequeñas."
castilla_leon,Torrecilla de la Torre,"e-distribución Redes Digitales, S.L.U.",regional_default_candidate,exclude_from_bulk_import,no,e-distribución — distribución eléctrica,https://www.edistribucion.com/es/conocenos/instalaciones-distribucion-red/distribucion-electrica.html,official_distributor_public,2026-05-06,"No incluir en bloque e-distribución; revisar aparte por solapes grandes con i-DE, UFD y pequeñas."
castilla_leon,Torrecilla del Monte,"e-distribución Redes Digitales, S.L.U.",regional_default_candidate,exclude_from_bulk_import,no,e-distribución — distribución eléctrica,https://www.edistribucion.com/es/conocenos/instalaciones-distribucion-red/distribucion-electrica.html,official_distributor_public,2026-05-06,"No incluir en bloque e-distribución; revisar aparte por solapes grandes con i-DE, UFD y pequeñas."
castilla_leon,Torrecilla del Pinar,"e-distribución Redes Digitales, S.L.U.",regional_default_candidate,exclude_from_bulk_import,no,e-distribución — distribución eléctrica,https://www.edistribucion.com/es/conocenos/instalaciones-distribucion-red/distribucion-electrica.html,official_distributor_public,2026-05-06,"No incluir en bloque e-distribución; revisar aparte por solapes grandes con i-DE, UFD y pequeñas."
castilla_leon,Torregalindo,"e-distribución Redes Digitales, S.L.U.",regional_default_candidate,exclude_from_bulk_import,no,e-distribución — distribución eléctrica,https://www.edistribucion.com/es/conocenos/instalaciones-distribucion-red/distribucion-electrica.html,official_distributor_public,2026-05-06,"No incluir en bloque e-distribución; revisar aparte por solapes grandes con i-DE, UFD y pequeñas."
castilla_leon,Torregamones,"e-distribución Redes Digitales, S.L.U.",regional_default_candidate,exclude_from_bulk_import,no,e-distribución — distribución eléctrica,https://www.edistribucion.com/es/conocenos/instalaciones-distribucion-red/distribucion-electrica.html,official_distributor_public,2026-05-06,"No incluir en bloque e-distribución; revisar aparte por solapes grandes con i-DE, UFD y pequeñas."
castilla_leon,Torreiglesias,"e-distribución Redes Digitales, S.L.U.",regional_default_candidate,exclude_from_bulk_import,no,e-distribución — distribución eléctrica,https://www.edistribucion.com/es/conocenos/instalaciones-distribucion-red/distribucion-electrica.html,official_distributor_public,2026-05-06,"No incluir en bloque e-distribución; revisar aparte por solapes grandes con i-DE, UFD y pequeñas."
castilla_leon,Torrelara,"e-distribución Redes Digitales, S.L.U.",regional_default_candidate,exclude_from_bulk_import,no,e-distribución — distribución eléctrica,https://www.edistribucion.com/es/conocenos/instalaciones-distribucion-red/distribucion-electrica.html,official_distributor_public,2026-05-06,"No incluir en bloque e-distribución; revisar aparte por solapes grandes con i-DE, UFD y pequeñas."
castilla_leon,Torrelobatón,"e-distribución Redes Digitales, S.L.U.",regional_default_candidate,exclude_from_bulk_import,no,e-distribución — distribución eléctrica,https://www.edistribucion.com/es/conocenos/instalaciones-distribucion-red/distribucion-electrica.html,official_distributor_public,2026-05-06,"No incluir en bloque e-distribución; revisar aparte por solapes grandes con i-DE, UFD y pequeñas."
castilla_leon,Torremormojón,"e-distribución Redes Digitales, S.L.U.",regional_default_candidate,exclude_from_bulk_import,no,e-distribución — distribución eléctrica,https://www.edistribucion.com/es/conocenos/instalaciones-distribucion-red/distribucion-electrica.html,official_distributor_public,2026-05-06,"No incluir en bloque e-distribución; revisar aparte por solapes grandes con i-DE, UFD y pequeñas."
castilla_leon,Torrepadre,"e-distribución Redes Digitales, S.L.U.",regional_default_candidate,exclude_from_bulk_import,no,e-distribución — distribución eléctrica,https://www.edistribucion.com/es/conocenos/instalaciones-distribucion-red/distribucion-electrica.html,official_distributor_public,2026-05-06,"No incluir en bloque e-distribución; revisar aparte por solapes grandes con i-DE, UFD y pequeñas."
castilla_leon,Torres del Carrizal,"e-distribución Redes Digitales, S.L.U.",regional_default_candidate,exclude_from_bulk_import,no,e-distribución — distribución eléctrica,https://www.edistribucion.com/es/conocenos/instalaciones-distribucion-red/distribucion-electrica.html,official_distributor_public,2026-05-06,"No incluir en bloque e-distribución; revisar aparte por solapes grandes con i-DE, UFD y pequeñas."
castilla_leon,Torresandino,"e-distribución Redes Digitales, S.L.U.",regional_default_candidate,exclude_from_bulk_import,no,e-distribución — distribución eléctrica,https://www.edistribucion.com/es/conocenos/instalaciones-distribucion-red/distribucion-electrica.html,official_distributor_public,2026-05-06,"No incluir en bloque e-distribución; revisar aparte por solapes grandes con i-DE, UFD y pequeñas."
castilla_leon,Torrescárcela,"e-distribución Redes Digitales, S.L.U.",regional_default_candidate,exclude_from_bulk_import,no,e-distribución — distribución eléctrica,https://www.edistribucion.com/es/conocenos/instalaciones-distribucion-red/distribucion-electrica.html,official_distributor_public,2026-05-06,"No incluir en bloque e-distribución; revisar aparte por solapes grandes con i-DE, UFD y pequeñas."
castilla_leon,Torresmenudas,"e-distribución Redes Digitales, S.L.U.",regional_default_candidate,exclude_from_bulk_import,no,e-distribución — distribución eléctrica,https://www.edistribucion.com/es/conocenos/instalaciones-distribucion-red/distribucion-electrica.html,official_distributor_public,2026-05-06,"No incluir en bloque e-distribución; revisar aparte por solapes grandes con i-DE, UFD y pequeñas."
castilla_leon,Torrubia de Soria,"e-distribución Redes Digitales, S.L.U.",regional_default_candidate,exclude_from_bulk_import,no,e-distribución — distribución eléctrica,https://www.edistribucion.com/es/conocenos/instalaciones-distribucion-red/distribucion-electrica.html,official_distributor_public,2026-05-06,"No incluir en bloque e-distribución; revisar aparte por solapes grandes con i-DE, UFD y pequeñas."
castilla_leon,Tórtoles,"e-distribución Redes Digitales, S.L.U.",regional_default_candidate,exclude_from_bulk_import,no,e-distribución — distribución eléctrica,https://www.edistribucion.com/es/conocenos/instalaciones-distribucion-red/distribucion-electrica.html,official_distributor_public,2026-05-06,"No incluir en bloque e-distribución; revisar aparte por solapes grandes con i-DE, UFD y pequeñas."
castilla_leon,Tórtoles de Esgueva,"e-distribución Redes Digitales, S.L.U.",regional_default_candidate,exclude_from_bulk_import,no,e-distribución — distribución eléctrica,https://www.edistribucion.com/es/conocenos/instalaciones-distribucion-red/distribucion-electrica.html,official_distributor_public,2026-05-06,"No incluir en bloque e-distribución; revisar aparte por solapes grandes con i-DE, UFD y pequeñas."
castilla_leon,Tosantos,"e-distribución Redes Digitales, S.L.U.",regional_default_candidate,exclude_from_bulk_import,no,e-distribución — distribución eléctrica,https://www.edistribucion.com/es/conocenos/instalaciones-distribucion-red/distribucion-electrica.html,official_distributor_public,2026-05-06,"No incluir en bloque e-distribución; revisar aparte por solapes grandes con i-DE, UFD y pequeñas."
castilla_leon,Trabadelo,"e-distribución Redes Digitales, S.L.U.",regional_default_candidate,exclude_from_bulk_import,no,e-distribución — distribución eléctrica,https://www.edistribucion.com/es/conocenos/instalaciones-distribucion-red/distribucion-electrica.html,official_distributor_public,2026-05-06,"No incluir en bloque e-distribución; revisar aparte por solapes grandes con i-DE, UFD y pequeñas."
castilla_leon,Trabanca,"e-distribución Redes Digitales, S.L.U.",regional_default_candidate,exclude_from_bulk_import,no,e-distribución — distribución eléctrica,https://www.edistribucion.com/es/conocenos/instalaciones-distribucion-red/distribucion-electrica.html,official_distributor_public,2026-05-06,"No incluir en bloque e-distribución; revisar aparte por solapes grandes con i-DE, UFD y pequeñas."
castilla_leon,Trabazos,"e-distribución Redes Digitales, S.L.U.",regional_default_candidate,exclude_from_bulk_import,no,e-distribución — distribución eléctrica,https://www.edistribucion.com/es/conocenos/instalaciones-distribucion-red/distribucion-electrica.html,official_distributor_public,2026-05-06,"No incluir en bloque e-distribución; revisar aparte por solapes grandes con i-DE, UFD y pequeñas."
castilla_leon,Traspinedo,"e-distribución Redes Digitales, S.L.U.",regional_default_candidate,exclude_from_bulk_import,no,e-distribución — distribución eléctrica,https://www.edistribucion.com/es/conocenos/instalaciones-distribucion-red/distribucion-electrica.html,official_distributor_public,2026-05-06,"No incluir en bloque e-distribución; revisar aparte por solapes grandes con i-DE, UFD y pequeñas."
castilla_leon,Trefacio,"e-distribución Redes Digitales, S.L.U.",regional_default_candidate,exclude_from_bulk_import,no,e-distribución — distribución eléctrica,https://www.edistribucion.com/es/conocenos/instalaciones-distribucion-red/distribucion-electrica.html,official_distributor_public,2026-05-06,"No incluir en bloque e-distribución; revisar aparte por solapes grandes con i-DE, UFD y pequeñas."
castilla_leon,Tremedal de Tormes,"e-distribución Redes Digitales, S.L.U.",regional_default_candidate,exclude_from_bulk_import,no,e-distribución — distribución eléctrica,https://www.edistribucion.com/es/conocenos/instalaciones-distribucion-red/distribucion-electrica.html,official_distributor_public,2026-05-06,"No incluir en bloque e-distribución; revisar aparte por solapes grandes con i-DE, UFD y pequeñas."
castilla_leon,Trescasas,"e-distribución Redes Digitales, S.L.U.",regional_default_candidate,exclude_from_bulk_import,no,e-distribución — distribución eléctrica,https://www.edistribucion.com/es/conocenos/instalaciones-distribucion-red/distribucion-electrica.html,official_distributor_public,2026-05-06,"No incluir en bloque e-distribución; revisar aparte por solapes grandes con i-DE, UFD y pequeñas."
castilla_leon,Trespaderne,"e-distribución Redes Digitales, S.L.U.",regional_default_candidate,exclude_from_bulk_import,no,e-distribución — distribución eléctrica,https://www.edistribucion.com/es/conocenos/instalaciones-distribucion-red/distribucion-electrica.html,official_distributor_public,2026-05-06,"No incluir en bloque e-distribución; revisar aparte por solapes grandes con i-DE, UFD y pequeñas."
castilla_leon,Trévago,"e-distribución Redes Digitales, S.L.U.",regional_default_candidate,exclude_from_bulk_import,no,e-distribución — distribución eléctrica,https://www.edistribucion.com/es/conocenos/instalaciones-distribucion-red/distribucion-electrica.html,official_distributor_public,2026-05-06,"No incluir en bloque e-distribución; revisar aparte por solapes grandes con i-DE, UFD y pequeñas."
castilla_leon,Trigueros del Valle,"e-distribución Redes Digitales, S.L.U.",regional_default_candidate,exclude_from_bulk_import,no,e-distribución — distribución eléctrica,https://www.edistribucion.com/es/conocenos/instalaciones-distribucion-red/distribucion-electrica.html,official_distributor_public,2026-05-06,"No incluir en bloque e-distribución; revisar aparte por solapes grandes con i-DE, UFD y pequeñas."
castilla_leon,Triollo,"e-distribución Redes Digitales, S.L.U.",regional_default_candidate,exclude_from_bulk_import,no,e-distribución — distribución eléctrica,https://www.edistribucion.com/es/conocenos/instalaciones-distribucion-red/distribucion-electrica.html,official_distributor_public,2026-05-06,"No incluir en bloque e-distribución; revisar aparte por solapes grandes con i-DE, UFD y pequeñas."
castilla_leon,Truchas,"e-distribución Redes Digitales, S.L.U.",regional_default_candidate,exclude_from_bulk_import,no,e-distribución — distribución eléctrica,https://www.edistribucion.com/es/conocenos/instalaciones-distribucion-red/distribucion-electrica.html,official_distributor_public,2026-05-06,"No incluir en bloque e-distribución; revisar aparte por solapes grandes con i-DE, UFD y pequeñas."
castilla_leon,Tubilla del Agua,"e-distribución Redes Digitales, S.L.U.",regional_default_candidate,exclude_from_bulk_import,no,e-distribución — distribución eléctrica,https://www.edistribucion.com/es/conocenos/instalaciones-distribucion-red/distribucion-electrica.html,official_distributor_public,2026-05-06,"No incluir en bloque e-distribución; revisar aparte por solapes grandes con i-DE, UFD y pequeñas."
castilla_leon,Tubilla del Lago,"e-distribución Redes Digitales, S.L.U.",regional_default_candidate,exclude_from_bulk_import,no,e-distribución — distribución eléctrica,https://www.edistribucion.com/es/conocenos/instalaciones-distribucion-red/distribucion-electrica.html,official_distributor_public,2026-05-06,"No incluir en bloque e-distribución; revisar aparte por solapes grandes con i-DE, UFD y pequeñas."
castilla_leon,Tudela de Duero,"e-distribución Redes Digitales, S.L.U.",regional_default_candidate,exclude_from_bulk_import,no,e-distribución — distribución eléctrica,https://www.edistribucion.com/es/conocenos/instalaciones-distribucion-red/distribucion-electrica.html,official_distributor_public,2026-05-06,"No incluir en bloque e-distribución; revisar aparte por solapes grandes con i-DE, UFD y pequeñas."
castilla_leon,Turcia,"e-distribución Redes Digitales, S.L.U.",regional_default_candidate,exclude_from_bulk_import,no,e-distribución — distribución eléctrica,https://www.edistribucion.com/es/conocenos/instalaciones-distribucion-red/distribucion-electrica.html,official_distributor_public,2026-05-06,"No incluir en bloque e-distribución; revisar aparte por solapes grandes con i-DE, UFD y pequeñas."
castilla_leon,Turégano,"e-distribución Redes Digitales, S.L.U.",regional_default_candidate,exclude_from_bulk_import,no,e-distribución — distribución eléctrica,https://www.edistribucion.com/es/conocenos/instalaciones-distribucion-red/distribucion-electrica.html,official_distributor_public,2026-05-06,"No incluir en bloque e-distribución; revisar aparte por solapes grandes con i-DE, UFD y pequeñas."
castilla_leon,Ucero,"e-distribución Redes Digitales, S.L.U.",regional_default_candidate,exclude_from_bulk_import,no,e-distribución — distribución eléctrica,https://www.edistribucion.com/es/conocenos/instalaciones-distribucion-red/distribucion-electrica.html,official_distributor_public,2026-05-06,"No incluir en bloque e-distribución; revisar aparte por solapes grandes con i-DE, UFD y pequeñas."
castilla_leon,Umbrías,"e-distribución Redes Digitales, S.L.U.",regional_default_candidate,exclude_from_bulk_import,no,e-distribución — distribución eléctrica,https://www.edistribucion.com/es/conocenos/instalaciones-distribucion-red/distribucion-electrica.html,official_distributor_public,2026-05-06,"No incluir en bloque e-distribución; revisar aparte por solapes grandes con i-DE, UFD y pequeñas."
castilla_leon,Uña de Quintana,"e-distribución Redes Digitales, S.L.U.",regional_default_candidate,exclude_from_bulk_import,no,e-distribución — distribución eléctrica,https://www.edistribucion.com/es/conocenos/instalaciones-distribucion-red/distribucion-electrica.html,official_distributor_public,2026-05-06,"No incluir en bloque e-distribución; revisar aparte por solapes grandes con i-DE, UFD y pequeñas."
castilla_leon,Úrbel del Castillo,"e-distribución Redes Digitales, S.L.U.",regional_default_candidate,exclude_from_bulk_import,no,e-distribución — distribución eléctrica,https://www.edistribucion.com/es/conocenos/instalaciones-distribucion-red/distribucion-electrica.html,official_distributor_public,2026-05-06,"No incluir en bloque e-distribución; revisar aparte por solapes grandes con i-DE, UFD y pequeñas."
castilla_leon,Urdiales del Páramo,"e-distribución Redes Digitales, S.L.U.",regional_default_candidate,exclude_from_bulk_import,no,e-distribución — distribución eléctrica,https://www.edistribucion.com/es/conocenos/instalaciones-distribucion-red/distribucion-electrica.html,official_distributor_public,2026-05-06,"No incluir en bloque e-distribución; revisar aparte por solapes grandes con i-DE, UFD y pequeñas."
castilla_leon,Urones de Castroponce,"e-distribución Redes Digitales, S.L.U.",regional_default_candidate,exclude_from_bulk_import,no,e-distribución — distribución eléctrica,https://www.edistribucion.com/es/conocenos/instalaciones-distribucion-red/distribucion-electrica.html,official_distributor_public,2026-05-06,"No incluir en bloque e-distribución; revisar aparte por solapes grandes con i-DE, UFD y pequeñas."
castilla_leon,Urueña,"e-distribución Redes Digitales, S.L.U.",regional_default_candidate,exclude_from_bulk_import,no,e-distribución — distribución eléctrica,https://www.edistribucion.com/es/conocenos/instalaciones-distribucion-red/distribucion-electrica.html,official_distributor_public,2026-05-06,"No incluir en bloque e-distribución; revisar aparte por solapes grandes con i-DE, UFD y pequeñas."
castilla_leon,Urueñas,"e-distribución Redes Digitales, S.L.U.",regional_default_candidate,exclude_from_bulk_import,no,e-distribución — distribución eléctrica,https://www.edistribucion.com/es/conocenos/instalaciones-distribucion-red/distribucion-electrica.html,official_distributor_public,2026-05-06,"No incluir en bloque e-distribución; revisar aparte por solapes grandes con i-DE, UFD y pequeñas."
castilla_leon,Vadillo,"e-distribución Redes Digitales, S.L.U.",regional_default_candidate,exclude_from_bulk_import,no,e-distribución — distribución eléctrica,https://www.edistribucion.com/es/conocenos/instalaciones-distribucion-red/distribucion-electrica.html,official_distributor_public,2026-05-06,"No incluir en bloque e-distribución; revisar aparte por solapes grandes con i-DE, UFD y pequeñas."
castilla_leon,Vadillo de la Guareña,"e-distribución Redes Digitales, S.L.U.",regional_default_candidate,exclude_from_bulk_import,no,e-distribución — distribución eléctrica,https://www.edistribucion.com/es/conocenos/instalaciones-distribucion-red/distribucion-electrica.html,official_distributor_public,2026-05-06,"No incluir en bloque e-distribución; revisar aparte por solapes grandes con i-DE, UFD y pequeñas."
castilla_leon,Vadillo de la Sierra,"e-distribución Redes Digitales, S.L.U.",regional_default_candidate,exclude_from_bulk_import,no,e-distribución — distribución eléctrica,https://www.edistribucion.com/es/conocenos/instalaciones-distribucion-red/distribucion-electrica.html,official_distributor_public,2026-05-06,"No incluir en bloque e-distribución; revisar aparte por solapes grandes con i-DE, UFD y pequeñas."
castilla_leon,Vadocondes,"e-distribución Redes Digitales, S.L.U.",regional_default_candidate,exclude_from_bulk_import,no,e-distribución — distribución eléctrica,https://www.edistribucion.com/es/conocenos/instalaciones-distribucion-red/distribucion-electrica.html,official_distributor_public,2026-05-06,"No incluir en bloque e-distribución; revisar aparte por solapes grandes con i-DE, UFD y pequeñas."
castilla_leon,Val de San Lorenzo,"e-distribución Redes Digitales, S.L.U.",regional_default_candidate,exclude_from_bulk_import,no,e-distribución — distribución eléctrica,https://www.edistribucion.com/es/conocenos/instalaciones-distribucion-red/distribucion-electrica.html,official_distributor_public,2026-05-06,"No incluir en bloque e-distribución; revisar aparte por solapes grandes con i-DE, UFD y pequeñas."
castilla_leon,Valbuena de Duero,"e-distribución Redes Digitales, S.L.U.",regional_default_candidate,exclude_from_bulk_import,no,e-distribución — distribución eléctrica,https://www.edistribucion.com/es/conocenos/instalaciones-distribucion-red/distribucion-electrica.html,official_distributor_public,2026-05-06,"No incluir en bloque e-distribución; revisar aparte por solapes grandes con i-DE, UFD y pequeñas."
castilla_leon,Valbuena de Pisuerga,"e-distribución Redes Digitales, S.L.U.",regional_default_candidate,exclude_from_bulk_import,no,e-distribución — distribución eléctrica,https://www.edistribucion.com/es/conocenos/instalaciones-distribucion-red/distribucion-electrica.html,official_distributor_public,2026-05-06,"No incluir en bloque e-distribución; revisar aparte por solapes grandes con i-DE, UFD y pequeñas."
castilla_leon,Valcabado,"e-distribución Redes Digitales, S.L.U.",regional_default_candidate,exclude_from_bulk_import,no,e-distribución — distribución eléctrica,https://www.edistribucion.com/es/conocenos/instalaciones-distribucion-red/distribucion-electrica.html,official_distributor_public,2026-05-06,"No incluir en bloque e-distribución; revisar aparte por solapes grandes con i-DE, UFD y pequeñas."
castilla_leon,Valde-Ucieza,"e-distribución Redes Digitales, S.L.U.",regional_default_candidate,exclude_from_bulk_import,no,e-distribución — distribución eléctrica,https://www.edistribucion.com/es/conocenos/instalaciones-distribucion-red/distribucion-electrica.html,official_distributor_public,2026-05-06,"No incluir en bloque e-distribución; revisar aparte por solapes grandes con i-DE, UFD y pequeñas."
castilla_leon,Valdeande,"e-distribución Redes Digitales, S.L.U.",regional_default_candidate,exclude_from_bulk_import,no,e-distribución — distribución eléctrica,https://www.edistribucion.com/es/conocenos/instalaciones-distribucion-red/distribucion-electrica.html,official_distributor_public,2026-05-06,"No incluir en bloque e-distribución; revisar aparte por solapes grandes con i-DE, UFD y pequeñas."
castilla_leon,Valdearcos de la Vega,"e-distribución Redes Digitales, S.L.U.",regional_default_candidate,exclude_from_bulk_import,no,e-distribución — distribución eléctrica,https://www.edistribucion.com/es/conocenos/instalaciones-distribucion-red/distribucion-electrica.html,official_distributor_public,2026-05-06,"No incluir en bloque e-distribución; revisar aparte por solapes grandes con i-DE, UFD y pequeñas."
castilla_leon,Valdeavellano de Tera,"e-distribución Redes Digitales, S.L.U.",regional_default_candidate,exclude_from_bulk_import,no,e-distribución — distribución eléctrica,https://www.edistribucion.com/es/conocenos/instalaciones-distribucion-red/distribucion-electrica.html,official_distributor_public,2026-05-06,"No incluir en bloque e-distribución; revisar aparte por solapes grandes con i-DE, UFD y pequeñas."
castilla_leon,Valdecarros,"e-distribución Redes Digitales, S.L.U.",regional_default_candidate,exclude_from_bulk_import,no,e-distribución — distribución eléctrica,https://www.edistribucion.com/es/conocenos/instalaciones-distribucion-red/distribucion-electrica.html,official_distributor_public,2026-05-06,"No incluir en bloque e-distribución; revisar aparte por solapes grandes con i-DE, UFD y pequeñas."
castilla_leon,Valdecasa,"e-distribución Redes Digitales, S.L.U.",regional_default_candidate,exclude_from_bulk_import,no,e-distribución — distribución eléctrica,https://www.edistribucion.com/es/conocenos/instalaciones-distribucion-red/distribucion-electrica.html,official_distributor_public,2026-05-06,"No incluir en bloque e-distribución; revisar aparte por solapes grandes con i-DE, UFD y pequeñas."
castilla_leon,Valdefinjas,"e-distribución Redes Digitales, S.L.U.",regional_default_candidate,exclude_from_bulk_import,no,e-distribución — distribución eléctrica,https://www.edistribucion.com/es/conocenos/instalaciones-distribucion-red/distribucion-electrica.html,official_distributor_public,2026-05-06,"No incluir en bloque e-distribución; revisar aparte por solapes grandes con i-DE, UFD y pequeñas."
castilla_leon,Valdefresno,"e-distribución Redes Digitales, S.L.U.",regional_default_candidate,exclude_from_bulk_import,no,e-distribución — distribución eléctrica,https://www.edistribucion.com/es/conocenos/instalaciones-distribucion-red/distribucion-electrica.html,official_distributor_public,2026-05-06,"No incluir en bloque e-distribución; revisar aparte por solapes grandes con i-DE, UFD y pequeñas."
castilla_leon,Valdefuentes de Sangusín,"e-distribución Redes Digitales, S.L.U.",regional_default_candidate,exclude_from_bulk_import,no,e-distribución — distribución eléctrica,https://www.edistribucion.com/es/conocenos/instalaciones-distribucion-red/distribucion-electrica.html,official_distributor_public,2026-05-06,"No incluir en bloque e-distribución; revisar aparte por solapes grandes con i-DE, UFD y pequeñas."
castilla_leon,Valdefuentes del Páramo,"e-distribución Redes Digitales, S.L.U.",regional_default_candidate,exclude_from_bulk_import,no,e-distribución — distribución eléctrica,https://www.edistribucion.com/es/conocenos/instalaciones-distribucion-red/distribucion-electrica.html,official_distributor_public,2026-05-06,"No incluir en bloque e-distribución; revisar aparte por solapes grandes con i-DE, UFD y pequeñas."
castilla_leon,Valdegeña,"e-distribución Redes Digitales, S.L.U.",regional_default_candidate,exclude_from_bulk_import,no,e-distribución — distribución eléctrica,https://www.edistribucion.com/es/conocenos/instalaciones-distribucion-red/distribucion-electrica.html,official_distributor_public,2026-05-06,"No incluir en bloque e-distribución; revisar aparte por solapes grandes con i-DE, UFD y pequeñas."
castilla_leon,Valdehijaderos,"e-distribución Redes Digitales, S.L.U.",regional_default_candidate,exclude_from_bulk_import,no,e-distribución — distribución eléctrica,https://www.edistribucion.com/es/conocenos/instalaciones-distribucion-red/distribucion-electrica.html,official_distributor_public,2026-05-06,"No incluir en bloque e-distribución; revisar aparte por solapes grandes con i-DE, UFD y pequeñas."
castilla_leon,Valdelacasa,"e-distribución Redes Digitales, S.L.U.",regional_default_candidate,exclude_from_bulk_import,no,e-distribución — distribución eléctrica,https://www.edistribucion.com/es/conocenos/instalaciones-distribucion-red/distribucion-electrica.html,official_distributor_public,2026-05-06,"No incluir en bloque e-distribución; revisar aparte por solapes grandes con i-DE, UFD y pequeñas."
castilla_leon,Valdelageve,"e-distribución Redes Digitales, S.L.U.",regional_default_candidate,exclude_from_bulk_import,no,e-distribución — distribución eléctrica,https://www.edistribucion.com/es/conocenos/instalaciones-distribucion-red/distribucion-electrica.html,official_distributor_public,2026-05-06,"No incluir en bloque e-distribución; revisar aparte por solapes grandes con i-DE, UFD y pequeñas."
castilla_leon,Valdelagua del Cerro,"e-distribución Redes Digitales, S.L.U.",regional_default_candidate,exclude_from_bulk_import,no,e-distribución — distribución eléctrica,https://www.edistribucion.com/es/conocenos/instalaciones-distribucion-red/distribucion-electrica.html,official_distributor_public,2026-05-06,"No incluir en bloque e-distribución; revisar aparte por solapes grandes con i-DE, UFD y pequeñas."
castilla_leon,Valdelosa,"e-distribución Redes Digitales, S.L.U.",regional_default_candidate,exclude_from_bulk_import,no,e-distribución — distribución eléctrica,https://www.edistribucion.com/es/conocenos/instalaciones-distribucion-red/distribucion-electrica.html,official_distributor_public,2026-05-06,"No incluir en bloque e-distribución; revisar aparte por solapes grandes con i-DE, UFD y pequeñas."
castilla_leon,Valdelugueros,"e-distribución Redes Digitales, S.L.U.",regional_default_candidate,exclude_from_bulk_import,no,e-distribución — distribución eléctrica,https://www.edistribucion.com/es/conocenos/instalaciones-distribucion-red/distribucion-electrica.html,official_distributor_public,2026-05-06,"No incluir en bloque e-distribución; revisar aparte por solapes grandes con i-DE, UFD y pequeñas."
castilla_leon,Valdemaluque,"e-distribución Redes Digitales, S.L.U.",regional_default_candidate,exclude_from_bulk_import,no,e-distribución — distribución eléctrica,https://www.edistribucion.com/es/conocenos/instalaciones-distribucion-red/distribucion-electrica.html,official_distributor_public,2026-05-06,"No incluir en bloque e-distribución; revisar aparte por solapes grandes con i-DE, UFD y pequeñas."
castilla_leon,Valdemierque,"e-distribución Redes Digitales, S.L.U.",regional_default_candidate,exclude_from_bulk_import,no,e-distribución — distribución eléctrica,https://www.edistribucion.com/es/conocenos/instalaciones-distribucion-red/distribucion-electrica.html,official_distributor_public,2026-05-06,"No incluir en bloque e-distribución; revisar aparte por solapes grandes con i-DE, UFD y pequeñas."
castilla_leon,Valdemora,"e-distribución Redes Digitales, S.L.U.",regional_default_candidate,exclude_from_bulk_import,no,e-distribución — distribución eléctrica,https://www.edistribucion.com/es/conocenos/instalaciones-distribucion-red/distribucion-electrica.html,official_distributor_public,2026-05-06,"No incluir en bloque e-distribución; revisar aparte por solapes grandes con i-DE, UFD y pequeñas."
castilla_leon,Valdenebro,"e-distribución Redes Digitales, S.L.U.",regional_default_candidate,exclude_from_bulk_import,no,e-distribución — distribución eléctrica,https://www.edistribucion.com/es/conocenos/instalaciones-distribucion-red/distribucion-electrica.html,official_distributor_public,2026-05-06,"No incluir en bloque e-distribución; revisar aparte por solapes grandes con i-DE, UFD y pequeñas."
castilla_leon,Valdenebro de los Valles,"e-distribución Redes Digitales, S.L.U.",regional_default_candidate,exclude_from_bulk_import,no,e-distribución — distribución eléctrica,https://www.edistribucion.com/es/conocenos/instalaciones-distribucion-red/distribucion-electrica.html,official_distributor_public,2026-05-06,"No incluir en bloque e-distribución; revisar aparte por solapes grandes con i-DE, UFD y pequeñas."
castilla_leon,Valdeolmillos,"e-distribución Redes Digitales, S.L.U.",regional_default_candidate,exclude_from_bulk_import,no,e-distribución — distribución eléctrica,https://www.edistribucion.com/es/conocenos/instalaciones-distribucion-red/distribucion-electrica.html,official_distributor_public,2026-05-06,"No incluir en bloque e-distribución; revisar aparte por solapes grandes con i-DE, UFD y pequeñas."
castilla_leon,Valdepiélago,"e-distribución Redes Digitales, S.L.U.",regional_default_candidate,exclude_from_bulk_import,no,e-distribución — distribución eléctrica,https://www.edistribucion.com/es/conocenos/instalaciones-distribucion-red/distribucion-electrica.html,official_distributor_public,2026-05-06,"No incluir en bloque e-distribución; revisar aparte por solapes grandes con i-DE, UFD y pequeñas."
castilla_leon,Valdepolo,"e-distribución Redes Digitales, S.L.U.",regional_default_candidate,exclude_from_bulk_import,no,e-distribución — distribución eléctrica,https://www.edistribucion.com/es/conocenos/instalaciones-distribucion-red/distribucion-electrica.html,official_distributor_public,2026-05-06,"No incluir en bloque e-distribución; revisar aparte por solapes grandes con i-DE, UFD y pequeñas."
castilla_leon,Valdeprado,"e-distribución Redes Digitales, S.L.U.",regional_default_candidate,exclude_from_bulk_import,no,e-distribución — distribución eléctrica,https://www.edistribucion.com/es/conocenos/instalaciones-distribucion-red/distribucion-electrica.html,official_distributor_public,2026-05-06,"No incluir en bloque e-distribución; revisar aparte por solapes grandes con i-DE, UFD y pequeñas."
castilla_leon,Valdeprados,"e-distribución Redes Digitales, S.L.U.",regional_default_candidate,exclude_from_bulk_import,no,e-distribución — distribución eléctrica,https://www.edistribucion.com/es/conocenos/instalaciones-distribucion-red/distribucion-electrica.html,official_distributor_public,2026-05-06,"No incluir en bloque e-distribución; revisar aparte por solapes grandes con i-DE, UFD y pequeñas."
castilla_leon,Valderas,"e-distribución Redes Digitales, S.L.U.",regional_default_candidate,exclude_from_bulk_import,no,e-distribución — distribución eléctrica,https://www.edistribucion.com/es/conocenos/instalaciones-distribucion-red/distribucion-electrica.html,official_distributor_public,2026-05-06,"No incluir en bloque e-distribución; revisar aparte por solapes grandes con i-DE, UFD y pequeñas."
castilla_leon,Valderrábano,"e-distribución Redes Digitales, S.L.U.",regional_default_candidate,exclude_from_bulk_import,no,e-distribución — distribución eléctrica,https://www.edistribucion.com/es/conocenos/instalaciones-distribucion-red/distribucion-electrica.html,official_distributor_public,2026-05-06,"No incluir en bloque e-distribución; revisar aparte por solapes grandes con i-DE, UFD y pequeñas."
castilla_leon,Valderrey,"e-distribución Redes Digitales, S.L.U.",regional_default_candidate,exclude_from_bulk_import,no,e-distribución — distribución eléctrica,https://www.edistribucion.com/es/conocenos/instalaciones-distribucion-red/distribucion-electrica.html,official_distributor_public,2026-05-06,"No incluir en bloque e-distribución; revisar aparte por solapes grandes con i-DE, UFD y pequeñas."
castilla_leon,Valderrodilla,"e-distribución Redes Digitales, S.L.U.",regional_default_candidate,exclude_from_bulk_import,no,e-distribución — distribución eléctrica,https://www.edistribucion.com/es/conocenos/instalaciones-distribucion-red/distribucion-electrica.html,official_distributor_public,2026-05-06,"No incluir en bloque e-distribución; revisar aparte por solapes grandes con i-DE, UFD y pequeñas."
castilla_leon,Valderrodrigo,"e-distribución Redes Digitales, S.L.U.",regional_default_candidate,exclude_from_bulk_import,no,e-distribución — distribución eléctrica,https://www.edistribucion.com/es/conocenos/instalaciones-distribucion-red/distribucion-electrica.html,official_distributor_public,2026-05-06,"No incluir en bloque e-distribución; revisar aparte por solapes grandes con i-DE, UFD y pequeñas."
castilla_leon,Valderrueda,"e-distribución Redes Digitales, S.L.U.",regional_default_candidate,exclude_from_bulk_import,no,e-distribución — distribución eléctrica,https://www.edistribucion.com/es/conocenos/instalaciones-distribucion-red/distribucion-electrica.html,official_distributor_public,2026-05-06,"No incluir en bloque e-distribución; revisar aparte por solapes grandes con i-DE, UFD y pequeñas."
castilla_leon,Valdesamario,"e-distribución Redes Digitales, S.L.U.",regional_default_candidate,exclude_from_bulk_import,no,e-distribución — distribución eléctrica,https://www.edistribucion.com/es/conocenos/instalaciones-distribucion-red/distribucion-electrica.html,official_distributor_public,2026-05-06,"No incluir en bloque e-distribución; revisar aparte por solapes grandes con i-DE, UFD y pequeñas."
castilla_leon,Valdescorriel,"e-distribución Redes Digitales, S.L.U.",regional_default_candidate,exclude_from_bulk_import,no,e-distribución — distribución eléctrica,https://www.edistribucion.com/es/conocenos/instalaciones-distribucion-red/distribucion-electrica.html,official_distributor_public,2026-05-06,"No incluir en bloque e-distribución; revisar aparte por solapes grandes con i-DE, UFD y pequeñas."
castilla_leon,Valdestillas,"e-distribución Redes Digitales, S.L.U.",regional_default_candidate,exclude_from_bulk_import,no,e-distribución — distribución eléctrica,https://www.edistribucion.com/es/conocenos/instalaciones-distribucion-red/distribucion-electrica.html,official_distributor_public,2026-05-06,"No incluir en bloque e-distribución; revisar aparte por solapes grandes con i-DE, UFD y pequeñas."
castilla_leon,Valdevacas de Montejo,"e-distribución Redes Digitales, S.L.U.",regional_default_candidate,exclude_from_bulk_import,no,e-distribución — distribución eléctrica,https://www.edistribucion.com/es/conocenos/instalaciones-distribucion-red/distribucion-electrica.html,official_distributor_public,2026-05-06,"No incluir en bloque e-distribución; revisar aparte por solapes grandes con i-DE, UFD y pequeñas."
castilla_leon,Valdevacas y Guijar,"e-distribución Redes Digitales, S.L.U.",regional_default_candidate,exclude_from_bulk_import,no,e-distribución — distribución eléctrica,https://www.edistribucion.com/es/conocenos/instalaciones-distribucion-red/distribucion-electrica.html,official_distributor_public,2026-05-06,"No incluir en bloque e-distribución; revisar aparte por solapes grandes con i-DE, UFD y pequeñas."
castilla_leon,Valdevimbre,"e-distribución Redes Digitales, S.L.U.",regional_default_candidate,exclude_from_bulk_import,no,e-distribución — distribución eléctrica,https://www.edistribucion.com/es/conocenos/instalaciones-distribucion-red/distribucion-electrica.html,official_distributor_public,2026-05-06,"No incluir en bloque e-distribución; revisar aparte por solapes grandes con i-DE, UFD y pequeñas."
castilla_leon,Valdezate,"e-distribución Redes Digitales, S.L.U.",regional_default_candidate,exclude_from_bulk_import,no,e-distribución — distribución eléctrica,https://www.edistribucion.com/es/conocenos/instalaciones-distribucion-red/distribucion-electrica.html,official_distributor_public,2026-05-06,"No incluir en bloque e-distribución; revisar aparte por solapes grandes con i-DE, UFD y pequeñas."
castilla_leon,Valdorros,"e-distribución Redes Digitales, S.L.U.",regional_default_candidate,exclude_from_bulk_import,no,e-distribución — distribución eléctrica,https://www.edistribucion.com/es/conocenos/instalaciones-distribucion-red/distribucion-electrica.html,official_distributor_public,2026-05-06,"No incluir en bloque e-distribución; revisar aparte por solapes grandes con i-DE, UFD y pequeñas."
castilla_leon,Valdunciel,"e-distribución Redes Digitales, S.L.U.",regional_default_candidate,exclude_from_bulk_import,no,e-distribución — distribución eléctrica,https://www.edistribucion.com/es/conocenos/instalaciones-distribucion-red/distribucion-electrica.html,official_distributor_public,2026-05-06,"No incluir en bloque e-distribución; revisar aparte por solapes grandes con i-DE, UFD y pequeñas."
castilla_leon,Valdunquillo,"e-distribución Redes Digitales, S.L.U.",regional_default_candidate,exclude_from_bulk_import,no,e-distribución — distribución eléctrica,https://www.edistribucion.com/es/conocenos/instalaciones-distribucion-red/distribucion-electrica.html,official_distributor_public,2026-05-06,"No incluir en bloque e-distribución; revisar aparte por solapes grandes con i-DE, UFD y pequeñas."
castilla_leon,Valencia de Don Juan,"e-distribución Redes Digitales, S.L.U.",regional_default_candidate,exclude_from_bulk_import,no,e-distribución — distribución eléctrica,https://www.edistribucion.com/es/conocenos/instalaciones-distribucion-red/distribucion-electrica.html,official_distributor_public,2026-05-06,"No incluir en bloque e-distribución; revisar aparte por solapes grandes con i-DE, UFD y pequeñas."
castilla_leon,Valero,"e-distribución Redes Digitales, S.L.U.",regional_default_candidate,exclude_from_bulk_import,no,e-distribución — distribución eléctrica,https://www.edistribucion.com/es/conocenos/instalaciones-distribucion-red/distribucion-electrica.html,official_distributor_public,2026-05-06,"No incluir en bloque e-distribución; revisar aparte por solapes grandes con i-DE, UFD y pequeñas."
castilla_leon,Valladolid,"e-distribución Redes Digitales, S.L.U.",regional_default_candidate,exclude_from_bulk_import,no,e-distribución — distribución eléctrica,https://www.edistribucion.com/es/conocenos/instalaciones-distribucion-red/distribucion-electrica.html,official_distributor_public,2026-05-06,"No incluir en bloque e-distribución; revisar aparte por solapes grandes con i-DE, UFD y pequeñas."
castilla_leon,Vallarta de Bureba,"e-distribución Redes Digitales, S.L.U.",regional_default_candidate,exclude_from_bulk_import,no,e-distribución — distribución eléctrica,https://www.edistribucion.com/es/conocenos/instalaciones-distribucion-red/distribucion-electrica.html,official_distributor_public,2026-05-06,"No incluir en bloque e-distribución; revisar aparte por solapes grandes con i-DE, UFD y pequeñas."
castilla_leon,Valle de Ancares,"e-distribución Redes Digitales, S.L.U.",regional_default_candidate,exclude_from_bulk_import,no,e-distribución — distribución eléctrica,https://www.edistribucion.com/es/conocenos/instalaciones-distribucion-red/distribucion-electrica.html,official_distributor_public,2026-05-06,"No incluir en bloque e-distribución; revisar aparte por solapes grandes con i-DE, UFD y pequeñas."
castilla_leon,Valle de Cerrato,"e-distribución Redes Digitales, S.L.U.",regional_default_candidate,exclude_from_bulk_import,no,e-distribución — distribución eléctrica,https://www.edistribucion.com/es/conocenos/instalaciones-distribucion-red/distribucion-electrica.html,official_distributor_public,2026-05-06,"No incluir en bloque e-distribución; revisar aparte por solapes grandes con i-DE, UFD y pequeñas."
castilla_leon,Valle de las Navas,"e-distribución Redes Digitales, S.L.U.",regional_default_candidate,exclude_from_bulk_import,no,e-distribución — distribución eléctrica,https://www.edistribucion.com/es/conocenos/instalaciones-distribucion-red/distribucion-electrica.html,official_distributor_public,2026-05-06,"No incluir en bloque e-distribución; revisar aparte por solapes grandes con i-DE, UFD y pequeñas."
castilla_leon,Valle de las Venadas,"e-distribución Redes Digitales, S.L.U.",regional_default_candidate,exclude_from_bulk_import,no,e-distribución — distribución eléctrica,https://www.edistribucion.com/es/conocenos/instalaciones-distribucion-red/distribucion-electrica.html,official_distributor_public,2026-05-06,"No incluir en bloque e-distribución; revisar aparte por solapes grandes con i-DE, UFD y pequeñas."
castilla_leon,Valle de Losa,"e-distribución Redes Digitales, S.L.U.",regional_default_candidate,exclude_from_bulk_import,no,e-distribución — distribución eléctrica,https://www.edistribucion.com/es/conocenos/instalaciones-distribucion-red/distribucion-electrica.html,official_distributor_public,2026-05-06,"No incluir en bloque e-distribución; revisar aparte por solapes grandes con i-DE, UFD y pequeñas."
castilla_leon,Valle de Manzanedo,"e-distribución Redes Digitales, S.L.U.",regional_default_candidate,exclude_from_bulk_import,no,e-distribución — distribución eléctrica,https://www.edistribucion.com/es/conocenos/instalaciones-distribucion-red/distribucion-electrica.html,official_distributor_public,2026-05-06,"No incluir en bloque e-distribución; revisar aparte por solapes grandes con i-DE, UFD y pequeñas."
castilla_leon,Valle de Mena,"e-distribución Redes Digitales, S.L.U.",regional_default_candidate,exclude_from_bulk_import,no,e-distribución — distribución eléctrica,https://www.edistribucion.com/es/conocenos/instalaciones-distribucion-red/distribucion-electrica.html,official_distributor_public,2026-05-06,"No incluir en bloque e-distribución; revisar aparte por solapes grandes con i-DE, UFD y pequeñas."
castilla_leon,Valle de Oca,"e-distribución Redes Digitales, S.L.U.",regional_default_candidate,exclude_from_bulk_import,no,e-distribución — distribución eléctrica,https://www.edistribucion.com/es/conocenos/instalaciones-distribucion-red/distribucion-electrica.html,official_distributor_public,2026-05-06,"No incluir en bloque e-distribución; revisar aparte por solapes grandes con i-DE, UFD y pequeñas."
castilla_leon,Valle de Santibáñez,"e-distribución Redes Digitales, S.L.U.",regional_default_candidate,exclude_from_bulk_import,no,e-distribución — distribución eléctrica,https://www.edistribucion.com/es/conocenos/instalaciones-distribucion-red/distribucion-electrica.html,official_distributor_public,2026-05-06,"No incluir en bloque e-distribución; revisar aparte por solapes grandes con i-DE, UFD y pequeñas."
castilla_leon,Valle de Sedano,"e-distribución Redes Digitales, S.L.U.",regional_default_candidate,exclude_from_bulk_import,no,e-distribución — distribución eléctrica,https://www.edistribucion.com/es/conocenos/instalaciones-distribucion-red/distribucion-electrica.html,official_distributor_public,2026-05-06,"No incluir en bloque e-distribución; revisar aparte por solapes grandes con i-DE, UFD y pequeñas."
castilla_leon,Valle de Tabladillo,"e-distribución Redes Digitales, S.L.U.",regional_default_candidate,exclude_from_bulk_import,no,e-distribución — distribución eléctrica,https://www.edistribucion.com/es/conocenos/instalaciones-distribucion-red/distribucion-electrica.html,official_distributor_public,2026-05-06,"No incluir en bloque e-distribución; revisar aparte por solapes grandes con i-DE, UFD y pequeñas."
castilla_leon,Valle de Tobalina,"e-distribución Redes Digitales, S.L.U.",regional_default_candidate,exclude_from_bulk_import,no,e-distribución — distribución eléctrica,https://www.edistribucion.com/es/conocenos/instalaciones-distribucion-red/distribucion-electrica.html,official_distributor_public,2026-05-06,"No incluir en bloque e-distribución; revisar aparte por solapes grandes con i-DE, UFD y pequeñas."
castilla_leon,Valle de Valdebezana,"e-distribución Redes Digitales, S.L.U.",regional_default_candidate,exclude_from_bulk_import,no,e-distribución — distribución eléctrica,https://www.edistribucion.com/es/conocenos/instalaciones-distribucion-red/distribucion-electrica.html,official_distributor_public,2026-05-06,"No incluir en bloque e-distribución; revisar aparte por solapes grandes con i-DE, UFD y pequeñas."
castilla_leon,Valle de Valdelaguna,"e-distribución Redes Digitales, S.L.U.",regional_default_candidate,exclude_from_bulk_import,no,e-distribución — distribución eléctrica,https://www.edistribucion.com/es/conocenos/instalaciones-distribucion-red/distribucion-electrica.html,official_distributor_public,2026-05-06,"No incluir en bloque e-distribución; revisar aparte por solapes grandes con i-DE, UFD y pequeñas."
castilla_leon,Valle de Valdelucio,"e-distribución Redes Digitales, S.L.U.",regional_default_candidate,exclude_from_bulk_import,no,e-distribución — distribución eléctrica,https://www.edistribucion.com/es/conocenos/instalaciones-distribucion-red/distribucion-electrica.html,official_distributor_public,2026-05-06,"No incluir en bloque e-distribución; revisar aparte por solapes grandes con i-DE, UFD y pequeñas."
castilla_leon,Valle de Zamanzas,"e-distribución Redes Digitales, S.L.U.",regional_default_candidate,exclude_from_bulk_import,no,e-distribución — distribución eléctrica,https://www.edistribucion.com/es/conocenos/instalaciones-distribucion-red/distribucion-electrica.html,official_distributor_public,2026-05-06,"No incluir en bloque e-distribución; revisar aparte por solapes grandes con i-DE, UFD y pequeñas."
castilla_leon,Valle del Retortillo,"e-distribución Redes Digitales, S.L.U.",regional_default_candidate,exclude_from_bulk_import,no,e-distribución — distribución eléctrica,https://www.edistribucion.com/es/conocenos/instalaciones-distribucion-red/distribucion-electrica.html,official_distributor_public,2026-05-06,"No incluir en bloque e-distribución; revisar aparte por solapes grandes con i-DE, UFD y pequeñas."
castilla_leon,Vallecillo,"e-distribución Redes Digitales, S.L.U.",regional_default_candidate,exclude_from_bulk_import,no,e-distribución — distribución eléctrica,https://www.edistribucion.com/es/conocenos/instalaciones-distribucion-red/distribucion-electrica.html,official_distributor_public,2026-05-06,"No incluir en bloque e-distribución; revisar aparte por solapes grandes con i-DE, UFD y pequeñas."
castilla_leon,Vallejera,"e-distribución Redes Digitales, S.L.U.",regional_default_candidate,exclude_from_bulk_import,no,e-distribución — distribución eléctrica,https://www.edistribucion.com/es/conocenos/instalaciones-distribucion-red/distribucion-electrica.html,official_distributor_public,2026-05-06,"No incluir en bloque e-distribución; revisar aparte por solapes grandes con i-DE, UFD y pequeñas."
castilla_leon,Vallejera de Riofrío,"e-distribución Redes Digitales, S.L.U.",regional_default_candidate,exclude_from_bulk_import,no,e-distribución — distribución eléctrica,https://www.edistribucion.com/es/conocenos/instalaciones-distribucion-red/distribucion-electrica.html,official_distributor_public,2026-05-06,"No incluir en bloque e-distribución; revisar aparte por solapes grandes con i-DE, UFD y pequeñas."
castilla_leon,Vallelado,"e-distribución Redes Digitales, S.L.U.",regional_default_candidate,exclude_from_bulk_import,no,e-distribución — distribución eléctrica,https://www.edistribucion.com/es/conocenos/instalaciones-distribucion-red/distribucion-electrica.html,official_distributor_public,2026-05-06,"No incluir en bloque e-distribución; revisar aparte por solapes grandes con i-DE, UFD y pequeñas."
castilla_leon,Valleruela de Pedraza,"e-distribución Redes Digitales, S.L.U.",regional_default_candidate,exclude_from_bulk_import,no,e-distribución — distribución eléctrica,https://www.edistribucion.com/es/conocenos/instalaciones-distribucion-red/distribucion-electrica.html,official_distributor_public,2026-05-06,"No incluir en bloque e-distribución; revisar aparte por solapes grandes con i-DE, UFD y pequeñas."
castilla_leon,Valleruela de Sepúlveda,"e-distribución Redes Digitales, S.L.U.",regional_default_candidate,exclude_from_bulk_import,no,e-distribución — distribución eléctrica,https://www.edistribucion.com/es/conocenos/instalaciones-distribucion-red/distribucion-electrica.html,official_distributor_public,2026-05-06,"No incluir en bloque e-distribución; revisar aparte por solapes grandes con i-DE, UFD y pequeñas."
castilla_leon,Valles de Palenzuela,"e-distribución Redes Digitales, S.L.U.",regional_default_candidate,exclude_from_bulk_import,no,e-distribución — distribución eléctrica,https://www.edistribucion.com/es/conocenos/instalaciones-distribucion-red/distribucion-electrica.html,official_distributor_public,2026-05-06,"No incluir en bloque e-distribución; revisar aparte por solapes grandes con i-DE, UFD y pequeñas."
castilla_leon,Vallesa de la Guareña,"e-distribución Redes Digitales, S.L.U.",regional_default_candidate,exclude_from_bulk_import,no,e-distribución — distribución eléctrica,https://www.edistribucion.com/es/conocenos/instalaciones-distribucion-red/distribucion-electrica.html,official_distributor_public,2026-05-06,"No incluir en bloque e-distribución; revisar aparte por solapes grandes con i-DE, UFD y pequeñas."
castilla_leon,Valluércanes,"e-distribución Redes Digitales, S.L.U.",regional_default_candidate,exclude_from_bulk_import,no,e-distribución — distribución eléctrica,https://www.edistribucion.com/es/conocenos/instalaciones-distribucion-red/distribucion-electrica.html,official_distributor_public,2026-05-06,"No incluir en bloque e-distribución; revisar aparte por solapes grandes con i-DE, UFD y pequeñas."
castilla_leon,Valmala,"e-distribución Redes Digitales, S.L.U.",regional_default_candidate,exclude_from_bulk_import,no,e-distribución — distribución eléctrica,https://www.edistribucion.com/es/conocenos/instalaciones-distribucion-red/distribucion-electrica.html,official_distributor_public,2026-05-06,"No incluir en bloque e-distribución; revisar aparte por solapes grandes con i-DE, UFD y pequeñas."
castilla_leon,Valoria la Buena,"e-distribución Redes Digitales, S.L.U.",regional_default_candidate,exclude_from_bulk_import,no,e-distribución — distribución eléctrica,https://www.edistribucion.com/es/conocenos/instalaciones-distribucion-red/distribucion-electrica.html,official_distributor_public,2026-05-06,"No incluir en bloque e-distribución; revisar aparte por solapes grandes con i-DE, UFD y pequeñas."
castilla_leon,Valsalabroso,"e-distribución Redes Digitales, S.L.U.",regional_default_candidate,exclude_from_bulk_import,no,e-distribución — distribución eléctrica,https://www.edistribucion.com/es/conocenos/instalaciones-distribucion-red/distribucion-electrica.html,official_distributor_public,2026-05-06,"No incluir en bloque e-distribución; revisar aparte por solapes grandes con i-DE, UFD y pequeñas."
castilla_leon,Valseca,"e-distribución Redes Digitales, S.L.U.",regional_default_candidate,exclude_from_bulk_import,no,e-distribución — distribución eléctrica,https://www.edistribucion.com/es/conocenos/instalaciones-distribucion-red/distribucion-electrica.html,official_distributor_public,2026-05-06,"No incluir en bloque e-distribución; revisar aparte por solapes grandes con i-DE, UFD y pequeñas."
castilla_leon,Valtajeros,"e-distribución Redes Digitales, S.L.U.",regional_default_candidate,exclude_from_bulk_import,no,e-distribución — distribución eléctrica,https://www.edistribucion.com/es/conocenos/instalaciones-distribucion-red/distribucion-electrica.html,official_distributor_public,2026-05-06,"No incluir en bloque e-distribución; revisar aparte por solapes grandes con i-DE, UFD y pequeñas."
castilla_leon,Valtiendas,"e-distribución Redes Digitales, S.L.U.",regional_default_candidate,exclude_from_bulk_import,no,e-distribución — distribución eléctrica,https://www.edistribucion.com/es/conocenos/instalaciones-distribucion-red/distribucion-electrica.html,official_distributor_public,2026-05-06,"No incluir en bloque e-distribución; revisar aparte por solapes grandes con i-DE, UFD y pequeñas."
castilla_leon,Valverde de Campos,"e-distribución Redes Digitales, S.L.U.",regional_default_candidate,exclude_from_bulk_import,no,e-distribución — distribución eléctrica,https://www.edistribucion.com/es/conocenos/instalaciones-distribucion-red/distribucion-electrica.html,official_distributor_public,2026-05-06,"No incluir en bloque e-distribución; revisar aparte por solapes grandes con i-DE, UFD y pequeñas."
castilla_leon,Valverde de la Virgen,"e-distribución Redes Digitales, S.L.U.",regional_default_candidate,exclude_from_bulk_import,no,e-distribución — distribución eléctrica,https://www.edistribucion.com/es/conocenos/instalaciones-distribucion-red/distribucion-electrica.html,official_distributor_public,2026-05-06,"No incluir en bloque e-distribución; revisar aparte por solapes grandes con i-DE, UFD y pequeñas."
castilla_leon,Valverde de Valdelacasa,"e-distribución Redes Digitales, S.L.U.",regional_default_candidate,exclude_from_bulk_import,no,e-distribución — distribución eléctrica,https://www.edistribucion.com/es/conocenos/instalaciones-distribucion-red/distribucion-electrica.html,official_distributor_public,2026-05-06,"No incluir en bloque e-distribución; revisar aparte por solapes grandes con i-DE, UFD y pequeñas."
castilla_leon,Valverde del Majano,"e-distribución Redes Digitales, S.L.U.",regional_default_candidate,exclude_from_bulk_import,no,e-distribución — distribución eléctrica,https://www.edistribucion.com/es/conocenos/instalaciones-distribucion-red/distribucion-electrica.html,official_distributor_public,2026-05-06,"No incluir en bloque e-distribución; revisar aparte por solapes grandes con i-DE, UFD y pequeñas."
castilla_leon,Valverde-Enrique,"e-distribución Redes Digitales, S.L.U.",regional_default_candidate,exclude_from_bulk_import,no,e-distribución — distribución eléctrica,https://www.edistribucion.com/es/conocenos/instalaciones-distribucion-red/distribucion-electrica.html,official_distributor_public,2026-05-06,"No incluir en bloque e-distribución; revisar aparte por solapes grandes con i-DE, UFD y pequeñas."
castilla_leon,Valverdón,"e-distribución Redes Digitales, S.L.U.",regional_default_candidate,exclude_from_bulk_import,no,e-distribución — distribución eléctrica,https://www.edistribucion.com/es/conocenos/instalaciones-distribucion-red/distribucion-electrica.html,official_distributor_public,2026-05-06,"No incluir en bloque e-distribución; revisar aparte por solapes grandes con i-DE, UFD y pequeñas."
castilla_leon,Vecinos,"e-distribución Redes Digitales, S.L.U.",regional_default_candidate,exclude_from_bulk_import,no,e-distribución — distribución eléctrica,https://www.edistribucion.com/es/conocenos/instalaciones-distribucion-red/distribucion-electrica.html,official_distributor_public,2026-05-06,"No incluir en bloque e-distribución; revisar aparte por solapes grandes con i-DE, UFD y pequeñas."
castilla_leon,Vega de Espinareda,"e-distribución Redes Digitales, S.L.U.",regional_default_candidate,exclude_from_bulk_import,no,e-distribución — distribución eléctrica,https://www.edistribucion.com/es/conocenos/instalaciones-distribucion-red/distribucion-electrica.html,official_distributor_public,2026-05-06,"No incluir en bloque e-distribución; revisar aparte por solapes grandes con i-DE, UFD y pequeñas."
castilla_leon,Vega de Infanzones,"e-distribución Redes Digitales, S.L.U.",regional_default_candidate,exclude_from_bulk_import,no,e-distribución — distribución eléctrica,https://www.edistribucion.com/es/conocenos/instalaciones-distribucion-red/distribucion-electrica.html,official_distributor_public,2026-05-06,"No incluir en bloque e-distribución; revisar aparte por solapes grandes con i-DE, UFD y pequeñas."
castilla_leon,Vega de Ruiponce,"e-distribución Redes Digitales, S.L.U.",regional_default_candidate,exclude_from_bulk_import,no,e-distribución — distribución eléctrica,https://www.edistribucion.com/es/conocenos/instalaciones-distribucion-red/distribucion-electrica.html,official_distributor_public,2026-05-06,"No incluir en bloque e-distribución; revisar aparte por solapes grandes con i-DE, UFD y pequeñas."
castilla_leon,Vega de Santa María,"e-distribución Redes Digitales, S.L.U.",regional_default_candidate,exclude_from_bulk_import,no,e-distribución — distribución eléctrica,https://www.edistribucion.com/es/conocenos/instalaciones-distribucion-red/distribucion-electrica.html,official_distributor_public,2026-05-06,"No incluir en bloque e-distribución; revisar aparte por solapes grandes con i-DE, UFD y pequeñas."
castilla_leon,Vega de Tera,"e-distribución Redes Digitales, S.L.U.",regional_default_candidate,exclude_from_bulk_import,no,e-distribución — distribución eléctrica,https://www.edistribucion.com/es/conocenos/instalaciones-distribucion-red/distribucion-electrica.html,official_distributor_public,2026-05-06,"No incluir en bloque e-distribución; revisar aparte por solapes grandes con i-DE, UFD y pequeñas."
castilla_leon,Vega de Tirados,"e-distribución Redes Digitales, S.L.U.",regional_default_candidate,exclude_from_bulk_import,no,e-distribución — distribución eléctrica,https://www.edistribucion.com/es/conocenos/instalaciones-distribucion-red/distribucion-electrica.html,official_distributor_public,2026-05-06,"No incluir en bloque e-distribución; revisar aparte por solapes grandes con i-DE, UFD y pequeñas."
castilla_leon,Vega de Valcarce,"e-distribución Redes Digitales, S.L.U.",regional_default_candidate,exclude_from_bulk_import,no,e-distribución — distribución eléctrica,https://www.edistribucion.com/es/conocenos/instalaciones-distribucion-red/distribucion-electrica.html,official_distributor_public,2026-05-06,"No incluir en bloque e-distribución; revisar aparte por solapes grandes con i-DE, UFD y pequeñas."
castilla_leon,Vega de Valdetronco,"e-distribución Redes Digitales, S.L.U.",regional_default_candidate,exclude_from_bulk_import,no,e-distribución — distribución eléctrica,https://www.edistribucion.com/es/conocenos/instalaciones-distribucion-red/distribucion-electrica.html,official_distributor_public,2026-05-06,"No incluir en bloque e-distribución; revisar aparte por solapes grandes con i-DE, UFD y pequeñas."
castilla_leon,Vega de Villalobos,"e-distribución Redes Digitales, S.L.U.",regional_default_candidate,exclude_from_bulk_import,no,e-distribución — distribución eléctrica,https://www.edistribucion.com/es/conocenos/instalaciones-distribucion-red/distribucion-electrica.html,official_distributor_public,2026-05-06,"No incluir en bloque e-distribución; revisar aparte por solapes grandes con i-DE, UFD y pequeñas."
castilla_leon,Vegacervera,"e-distribución Redes Digitales, S.L.U.",regional_default_candidate,exclude_from_bulk_import,no,e-distribución — distribución eléctrica,https://www.edistribucion.com/es/conocenos/instalaciones-distribucion-red/distribucion-electrica.html,official_distributor_public,2026-05-06,"No incluir en bloque e-distribución; revisar aparte por solapes grandes con i-DE, UFD y pequeñas."
castilla_leon,Vegalatrave,"e-distribución Redes Digitales, S.L.U.",regional_default_candidate,exclude_from_bulk_import,no,e-distribución — distribución eléctrica,https://www.edistribucion.com/es/conocenos/instalaciones-distribucion-red/distribucion-electrica.html,official_distributor_public,2026-05-06,"No incluir en bloque e-distribución; revisar aparte por solapes grandes con i-DE, UFD y pequeñas."
castilla_leon,Veganzones,"e-distribución Redes Digitales, S.L.U.",regional_default_candidate,exclude_from_bulk_import,no,e-distribución — distribución eléctrica,https://www.edistribucion.com/es/conocenos/instalaciones-distribucion-red/distribucion-electrica.html,official_distributor_public,2026-05-06,"No incluir en bloque e-distribución; revisar aparte por solapes grandes con i-DE, UFD y pequeñas."
castilla_leon,Vegaquemada,"e-distribución Redes Digitales, S.L.U.",regional_default_candidate,exclude_from_bulk_import,no,e-distribución — distribución eléctrica,https://www.edistribucion.com/es/conocenos/instalaciones-distribucion-red/distribucion-electrica.html,official_distributor_public,2026-05-06,"No incluir en bloque e-distribución; revisar aparte por solapes grandes con i-DE, UFD y pequeñas."
castilla_leon,Vegas de Matute,"e-distribución Redes Digitales, S.L.U.",regional_default_candidate,exclude_from_bulk_import,no,e-distribución — distribución eléctrica,https://www.edistribucion.com/es/conocenos/instalaciones-distribucion-red/distribucion-electrica.html,official_distributor_public,2026-05-06,"No incluir en bloque e-distribución; revisar aparte por solapes grandes con i-DE, UFD y pequeñas."
castilla_leon,Vegas del Condado,"e-distribución Redes Digitales, S.L.U.",regional_default_candidate,exclude_from_bulk_import,no,e-distribución — distribución eléctrica,https://www.edistribucion.com/es/conocenos/instalaciones-distribucion-red/distribucion-electrica.html,official_distributor_public,2026-05-06,"No incluir en bloque e-distribución; revisar aparte por solapes grandes con i-DE, UFD y pequeñas."
castilla_leon,Velamazán,"e-distribución Redes Digitales, S.L.U.",regional_default_candidate,exclude_from_bulk_import,no,e-distribución — distribución eléctrica,https://www.edistribucion.com/es/conocenos/instalaciones-distribucion-red/distribucion-electrica.html,official_distributor_public,2026-05-06,"No incluir en bloque e-distribución; revisar aparte por solapes grandes con i-DE, UFD y pequeñas."
castilla_leon,Velascálvaro,"e-distribución Redes Digitales, S.L.U.",regional_default_candidate,exclude_from_bulk_import,no,e-distribución — distribución eléctrica,https://www.edistribucion.com/es/conocenos/instalaciones-distribucion-red/distribucion-electrica.html,official_distributor_public,2026-05-06,"No incluir en bloque e-distribución; revisar aparte por solapes grandes con i-DE, UFD y pequeñas."
castilla_leon,Velayos,"e-distribución Redes Digitales, S.L.U.",regional_default_candidate,exclude_from_bulk_import,no,e-distribución — distribución eléctrica,https://www.edistribucion.com/es/conocenos/instalaciones-distribucion-red/distribucion-electrica.html,official_distributor_public,2026-05-06,"No incluir en bloque e-distribución; revisar aparte por solapes grandes con i-DE, UFD y pequeñas."
castilla_leon,Velilla,"e-distribución Redes Digitales, S.L.U.",regional_default_candidate,exclude_from_bulk_import,no,e-distribución — distribución eléctrica,https://www.edistribucion.com/es/conocenos/instalaciones-distribucion-red/distribucion-electrica.html,official_distributor_public,2026-05-06,"No incluir en bloque e-distribución; revisar aparte por solapes grandes con i-DE, UFD y pequeñas."
castilla_leon,Velilla de la Sierra,"e-distribución Redes Digitales, S.L.U.",regional_default_candidate,exclude_from_bulk_import,no,e-distribución — distribución eléctrica,https://www.edistribucion.com/es/conocenos/instalaciones-distribucion-red/distribucion-electrica.html,official_distributor_public,2026-05-06,"No incluir en bloque e-distribución; revisar aparte por solapes grandes con i-DE, UFD y pequeñas."
castilla_leon,Velilla de los Ajos,"e-distribución Redes Digitales, S.L.U.",regional_default_candidate,exclude_from_bulk_import,no,e-distribución — distribución eléctrica,https://www.edistribucion.com/es/conocenos/instalaciones-distribucion-red/distribucion-electrica.html,official_distributor_public,2026-05-06,"No incluir en bloque e-distribución; revisar aparte por solapes grandes con i-DE, UFD y pequeñas."
castilla_leon,Velilla del Río Carrión,"e-distribución Redes Digitales, S.L.U.",regional_default_candidate,exclude_from_bulk_import,no,e-distribución — distribución eléctrica,https://www.edistribucion.com/es/conocenos/instalaciones-distribucion-red/distribucion-electrica.html,official_distributor_public,2026-05-06,"No incluir en bloque e-distribución; revisar aparte por solapes grandes con i-DE, UFD y pequeñas."
castilla_leon,Velliza,"e-distribución Redes Digitales, S.L.U.",regional_default_candidate,exclude_from_bulk_import,no,e-distribución — distribución eléctrica,https://www.edistribucion.com/es/conocenos/instalaciones-distribucion-red/distribucion-electrica.html,official_distributor_public,2026-05-06,"No incluir en bloque e-distribución; revisar aparte por solapes grandes con i-DE, UFD y pequeñas."
castilla_leon,Venialbo,"e-distribución Redes Digitales, S.L.U.",regional_default_candidate,exclude_from_bulk_import,no,e-distribución — distribución eléctrica,https://www.edistribucion.com/es/conocenos/instalaciones-distribucion-red/distribucion-electrica.html,official_distributor_public,2026-05-06,"No incluir en bloque e-distribución; revisar aparte por solapes grandes con i-DE, UFD y pequeñas."
castilla_leon,Venta de Baños,"e-distribución Redes Digitales, S.L.U.",regional_default_candidate,exclude_from_bulk_import,no,e-distribución — distribución eléctrica,https://www.edistribucion.com/es/conocenos/instalaciones-distribucion-red/distribucion-electrica.html,official_distributor_public,2026-05-06,"No incluir en bloque e-distribución; revisar aparte por solapes grandes con i-DE, UFD y pequeñas."
castilla_leon,Ventosa de la Cuesta,"e-distribución Redes Digitales, S.L.U.",regional_default_candidate,exclude_from_bulk_import,no,e-distribución — distribución eléctrica,https://www.edistribucion.com/es/conocenos/instalaciones-distribucion-red/distribucion-electrica.html,official_distributor_public,2026-05-06,"No incluir en bloque e-distribución; revisar aparte por solapes grandes con i-DE, UFD y pequeñas."
castilla_leon,Ventosa del Río Almar,"e-distribución Redes Digitales, S.L.U.",regional_default_candidate,exclude_from_bulk_import,no,e-distribución — distribución eléctrica,https://www.edistribucion.com/es/conocenos/instalaciones-distribucion-red/distribucion-electrica.html,official_distributor_public,2026-05-06,"No incluir en bloque e-distribución; revisar aparte por solapes grandes con i-DE, UFD y pequeñas."
castilla_leon,Ventosilla y Tejadilla,"e-distribución Redes Digitales, S.L.U.",regional_default_candidate,exclude_from_bulk_import,no,e-distribución — distribución eléctrica,https://www.edistribucion.com/es/conocenos/instalaciones-distribucion-red/distribucion-electrica.html,official_distributor_public,2026-05-06,"No incluir en bloque e-distribución; revisar aparte por solapes grandes con i-DE, UFD y pequeñas."
castilla_leon,Vertavillo,"e-distribución Redes Digitales, S.L.U.",regional_default_candidate,exclude_from_bulk_import,no,e-distribución — distribución eléctrica,https://www.edistribucion.com/es/conocenos/instalaciones-distribucion-red/distribucion-electrica.html,official_distributor_public,2026-05-06,"No incluir en bloque e-distribución; revisar aparte por solapes grandes con i-DE, UFD y pequeñas."
castilla_leon,Vezdemarbán,"e-distribución Redes Digitales, S.L.U.",regional_default_candidate,exclude_from_bulk_import,no,e-distribución — distribución eléctrica,https://www.edistribucion.com/es/conocenos/instalaciones-distribucion-red/distribucion-electrica.html,official_distributor_public,2026-05-06,"No incluir en bloque e-distribución; revisar aparte por solapes grandes con i-DE, UFD y pequeñas."
castilla_leon,Viana de Cega,"e-distribución Redes Digitales, S.L.U.",regional_default_candidate,exclude_from_bulk_import,no,e-distribución — distribución eléctrica,https://www.edistribucion.com/es/conocenos/instalaciones-distribucion-red/distribucion-electrica.html,official_distributor_public,2026-05-06,"No incluir en bloque e-distribución; revisar aparte por solapes grandes con i-DE, UFD y pequeñas."
castilla_leon,Viana de Duero,"e-distribución Redes Digitales, S.L.U.",regional_default_candidate,exclude_from_bulk_import,no,e-distribución — distribución eléctrica,https://www.edistribucion.com/es/conocenos/instalaciones-distribucion-red/distribucion-electrica.html,official_distributor_public,2026-05-06,"No incluir en bloque e-distribución; revisar aparte por solapes grandes con i-DE, UFD y pequeñas."
castilla_leon,Vidayanes,"e-distribución Redes Digitales, S.L.U.",regional_default_candidate,exclude_from_bulk_import,no,e-distribución — distribución eléctrica,https://www.edistribucion.com/es/conocenos/instalaciones-distribucion-red/distribucion-electrica.html,official_distributor_public,2026-05-06,"No incluir en bloque e-distribución; revisar aparte por solapes grandes con i-DE, UFD y pequeñas."
castilla_leon,Videmala,"e-distribución Redes Digitales, S.L.U.",regional_default_candidate,exclude_from_bulk_import,no,e-distribución — distribución eléctrica,https://www.edistribucion.com/es/conocenos/instalaciones-distribucion-red/distribucion-electrica.html,official_distributor_public,2026-05-06,"No incluir en bloque e-distribución; revisar aparte por solapes grandes con i-DE, UFD y pequeñas."
castilla_leon,Vileña,"e-distribución Redes Digitales, S.L.U.",regional_default_candidate,exclude_from_bulk_import,no,e-distribución — distribución eléctrica,https://www.edistribucion.com/es/conocenos/instalaciones-distribucion-red/distribucion-electrica.html,official_distributor_public,2026-05-06,"No incluir en bloque e-distribución; revisar aparte por solapes grandes con i-DE, UFD y pequeñas."
castilla_leon,Villabáñez,"e-distribución Redes Digitales, S.L.U.",regional_default_candidate,exclude_from_bulk_import,no,e-distribución — distribución eléctrica,https://www.edistribucion.com/es/conocenos/instalaciones-distribucion-red/distribucion-electrica.html,official_distributor_public,2026-05-06,"No incluir en bloque e-distribución; revisar aparte por solapes grandes con i-DE, UFD y pequeñas."
castilla_leon,Villabaruz de Campos,"e-distribución Redes Digitales, S.L.U.",regional_default_candidate,exclude_from_bulk_import,no,e-distribución — distribución eléctrica,https://www.edistribucion.com/es/conocenos/instalaciones-distribucion-red/distribucion-electrica.html,official_distributor_public,2026-05-06,"No incluir en bloque e-distribución; revisar aparte por solapes grandes con i-DE, UFD y pequeñas."
castilla_leon,Villabasta de Valdavia,"e-distribución Redes Digitales, S.L.U.",regional_default_candidate,exclude_from_bulk_import,no,e-distribución — distribución eléctrica,https://www.edistribucion.com/es/conocenos/instalaciones-distribucion-red/distribucion-electrica.html,official_distributor_public,2026-05-06,"No incluir en bloque e-distribución; revisar aparte por solapes grandes con i-DE, UFD y pequeñas."
castilla_leon,Villablino,"e-distribución Redes Digitales, S.L.U.",regional_default_candidate,exclude_from_bulk_import,no,e-distribución — distribución eléctrica,https://www.edistribucion.com/es/conocenos/instalaciones-distribucion-red/distribucion-electrica.html,official_distributor_public,2026-05-06,"No incluir en bloque e-distribución; revisar aparte por solapes grandes con i-DE, UFD y pequeñas."
castilla_leon,Villabrágima,"e-distribución Redes Digitales, S.L.U.",regional_default_candidate,exclude_from_bulk_import,no,e-distribución — distribución eléctrica,https://www.edistribucion.com/es/conocenos/instalaciones-distribucion-red/distribucion-electrica.html,official_distributor_public,2026-05-06,"No incluir en bloque e-distribución; revisar aparte por solapes grandes con i-DE, UFD y pequeñas."
castilla_leon,Villabraz,"e-distribución Redes Digitales, S.L.U.",regional_default_candidate,exclude_from_bulk_import,no,e-distribución — distribución eléctrica,https://www.edistribucion.com/es/conocenos/instalaciones-distribucion-red/distribucion-electrica.html,official_distributor_public,2026-05-06,"No incluir en bloque e-distribución; revisar aparte por solapes grandes con i-DE, UFD y pequeñas."
castilla_leon,Villabrázaro,"e-distribución Redes Digitales, S.L.U.",regional_default_candidate,exclude_from_bulk_import,no,e-distribución — distribución eléctrica,https://www.edistribucion.com/es/conocenos/instalaciones-distribucion-red/distribucion-electrica.html,official_distributor_public,2026-05-06,"No incluir en bloque e-distribución; revisar aparte por solapes grandes con i-DE, UFD y pequeñas."
castilla_leon,Villabuena del Puente,"e-distribución Redes Digitales, S.L.U.",regional_default_candidate,exclude_from_bulk_import,no,e-distribución — distribución eléctrica,https://www.edistribucion.com/es/conocenos/instalaciones-distribucion-red/distribucion-electrica.html,official_distributor_public,2026-05-06,"No incluir en bloque e-distribución; revisar aparte por solapes grandes con i-DE, UFD y pequeñas."
castilla_leon,Villacarralón,"e-distribución Redes Digitales, S.L.U.",regional_default_candidate,exclude_from_bulk_import,no,e-distribución — distribución eléctrica,https://www.edistribucion.com/es/conocenos/instalaciones-distribucion-red/distribucion-electrica.html,official_distributor_public,2026-05-06,"No incluir en bloque e-distribución; revisar aparte por solapes grandes con i-DE, UFD y pequeñas."
castilla_leon,Villacastín,"e-distribución Redes Digitales, S.L.U.",regional_default_candidate,exclude_from_bulk_import,no,e-distribución — distribución eléctrica,https://www.edistribucion.com/es/conocenos/instalaciones-distribucion-red/distribucion-electrica.html,official_distributor_public,2026-05-06,"No incluir en bloque e-distribución; revisar aparte por solapes grandes con i-DE, UFD y pequeñas."
castilla_leon,Villacid de Campos,"e-distribución Redes Digitales, S.L.U.",regional_default_candidate,exclude_from_bulk_import,no,e-distribución — distribución eléctrica,https://www.edistribucion.com/es/conocenos/instalaciones-distribucion-red/distribucion-electrica.html,official_distributor_public,2026-05-06,"No incluir en bloque e-distribución; revisar aparte por solapes grandes con i-DE, UFD y pequeñas."
castilla_leon,Villacidaler,"e-distribución Redes Digitales, S.L.U.",regional_default_candidate,exclude_from_bulk_import,no,e-distribución — distribución eléctrica,https://www.edistribucion.com/es/conocenos/instalaciones-distribucion-red/distribucion-electrica.html,official_distributor_public,2026-05-06,"No incluir en bloque e-distribución; revisar aparte por solapes grandes con i-DE, UFD y pequeñas."
castilla_leon,Villaciervos,"e-distribución Redes Digitales, S.L.U.",regional_default_candidate,exclude_from_bulk_import,no,e-distribución — distribución eléctrica,https://www.edistribucion.com/es/conocenos/instalaciones-distribucion-red/distribucion-electrica.html,official_distributor_public,2026-05-06,"No incluir en bloque e-distribución; revisar aparte por solapes grandes con i-DE, UFD y pequeñas."
castilla_leon,Villaco,"e-distribución Redes Digitales, S.L.U.",regional_default_candidate,exclude_from_bulk_import,no,e-distribución — distribución eléctrica,https://www.edistribucion.com/es/conocenos/instalaciones-distribucion-red/distribucion-electrica.html,official_distributor_public,2026-05-06,"No incluir en bloque e-distribución; revisar aparte por solapes grandes con i-DE, UFD y pequeñas."
castilla_leon,Villaconancio,"e-distribución Redes Digitales, S.L.U.",regional_default_candidate,exclude_from_bulk_import,no,e-distribución — distribución eléctrica,https://www.edistribucion.com/es/conocenos/instalaciones-distribucion-red/distribucion-electrica.html,official_distributor_public,2026-05-06,"No incluir en bloque e-distribución; revisar aparte por solapes grandes con i-DE, UFD y pequeñas."
castilla_leon,Villada,"e-distribución Redes Digitales, S.L.U.",regional_default_candidate,exclude_from_bulk_import,no,e-distribución — distribución eléctrica,https://www.edistribucion.com/es/conocenos/instalaciones-distribucion-red/distribucion-electrica.html,official_distributor_public,2026-05-06,"No incluir en bloque e-distribución; revisar aparte por solapes grandes con i-DE, UFD y pequeñas."
castilla_leon,Villadangos del Páramo,"e-distribución Redes Digitales, S.L.U.",regional_default_candidate,exclude_from_bulk_import,no,e-distribución — distribución eléctrica,https://www.edistribucion.com/es/conocenos/instalaciones-distribucion-red/distribucion-electrica.html,official_distributor_public,2026-05-06,"No incluir en bloque e-distribución; revisar aparte por solapes grandes con i-DE, UFD y pequeñas."
castilla_leon,Villademor de la Vega,"e-distribución Redes Digitales, S.L.U.",regional_default_candidate,exclude_from_bulk_import,no,e-distribución — distribución eléctrica,https://www.edistribucion.com/es/conocenos/instalaciones-distribucion-red/distribucion-electrica.html,official_distributor_public,2026-05-06,"No incluir en bloque e-distribución; revisar aparte por solapes grandes con i-DE, UFD y pequeñas."
castilla_leon,Villadepera,"e-distribución Redes Digitales, S.L.U.",regional_default_candidate,exclude_from_bulk_import,no,e-distribución — distribución eléctrica,https://www.edistribucion.com/es/conocenos/instalaciones-distribucion-red/distribucion-electrica.html,official_distributor_public,2026-05-06,"No incluir en bloque e-distribución; revisar aparte por solapes grandes con i-DE, UFD y pequeñas."
castilla_leon,Villadiego,"e-distribución Redes Digitales, S.L.U.",regional_default_candidate,exclude_from_bulk_import,no,e-distribución — distribución eléctrica,https://www.edistribucion.com/es/conocenos/instalaciones-distribucion-red/distribucion-electrica.html,official_distributor_public,2026-05-06,"No incluir en bloque e-distribución; revisar aparte por solapes grandes con i-DE, UFD y pequeñas."
castilla_leon,Villaeles de Valdavia,"e-distribución Redes Digitales, S.L.U.",regional_default_candidate,exclude_from_bulk_import,no,e-distribución — distribución eléctrica,https://www.edistribucion.com/es/conocenos/instalaciones-distribucion-red/distribucion-electrica.html,official_distributor_public,2026-05-06,"No incluir en bloque e-distribución; revisar aparte por solapes grandes con i-DE, UFD y pequeñas."
castilla_leon,Villaescusa,"e-distribución Redes Digitales, S.L.U.",regional_default_candidate,exclude_from_bulk_import,no,e-distribución — distribución eléctrica,https://www.edistribucion.com/es/conocenos/instalaciones-distribucion-red/distribucion-electrica.html,official_distributor_public,2026-05-06,"No incluir en bloque e-distribución; revisar aparte por solapes grandes con i-DE, UFD y pequeñas."
castilla_leon,Villaescusa de Roa,"e-distribución Redes Digitales, S.L.U.",regional_default_candidate,exclude_from_bulk_import,no,e-distribución — distribución eléctrica,https://www.edistribucion.com/es/conocenos/instalaciones-distribucion-red/distribucion-electrica.html,official_distributor_public,2026-05-06,"No incluir en bloque e-distribución; revisar aparte por solapes grandes con i-DE, UFD y pequeñas."
castilla_leon,Villaescusa la Sombría,"e-distribución Redes Digitales, S.L.U.",regional_default_candidate,exclude_from_bulk_import,no,e-distribución — distribución eléctrica,https://www.edistribucion.com/es/conocenos/instalaciones-distribucion-red/distribucion-electrica.html,official_distributor_public,2026-05-06,"No incluir en bloque e-distribución; revisar aparte por solapes grandes con i-DE, UFD y pequeñas."
castilla_leon,Villaespasa,"e-distribución Redes Digitales, S.L.U.",regional_default_candidate,exclude_from_bulk_import,no,e-distribución — distribución eléctrica,https://www.edistribucion.com/es/conocenos/instalaciones-distribucion-red/distribucion-electrica.html,official_distributor_public,2026-05-06,"No incluir en bloque e-distribución; revisar aparte por solapes grandes con i-DE, UFD y pequeñas."
castilla_leon,Villafáfila,"e-distribución Redes Digitales, S.L.U.",regional_default_candidate,exclude_from_bulk_import,no,e-distribución — distribución eléctrica,https://www.edistribucion.com/es/conocenos/instalaciones-distribucion-red/distribucion-electrica.html,official_distributor_public,2026-05-06,"No incluir en bloque e-distribución; revisar aparte por solapes grandes con i-DE, UFD y pequeñas."
castilla_leon,Villaferrueña,"e-distribución Redes Digitales, S.L.U.",regional_default_candidate,exclude_from_bulk_import,no,e-distribución — distribución eléctrica,https://www.edistribucion.com/es/conocenos/instalaciones-distribucion-red/distribucion-electrica.html,official_distributor_public,2026-05-06,"No incluir en bloque e-distribución; revisar aparte por solapes grandes con i-DE, UFD y pequeñas."
castilla_leon,Villaflor,"e-distribución Redes Digitales, S.L.U.",regional_default_candidate,exclude_from_bulk_import,no,e-distribución — distribución eléctrica,https://www.edistribucion.com/es/conocenos/instalaciones-distribucion-red/distribucion-electrica.html,official_distributor_public,2026-05-06,"No incluir en bloque e-distribución; revisar aparte por solapes grandes con i-DE, UFD y pequeñas."
castilla_leon,Villaflores,"e-distribución Redes Digitales, S.L.U.",regional_default_candidate,exclude_from_bulk_import,no,e-distribución — distribución eléctrica,https://www.edistribucion.com/es/conocenos/instalaciones-distribucion-red/distribucion-electrica.html,official_distributor_public,2026-05-06,"No incluir en bloque e-distribución; revisar aparte por solapes grandes con i-DE, UFD y pequeñas."
castilla_leon,Villafrades de Campos,"e-distribución Redes Digitales, S.L.U.",regional_default_candidate,exclude_from_bulk_import,no,e-distribución — distribución eléctrica,https://www.edistribucion.com/es/conocenos/instalaciones-distribucion-red/distribucion-electrica.html,official_distributor_public,2026-05-06,"No incluir en bloque e-distribución; revisar aparte por solapes grandes con i-DE, UFD y pequeñas."
castilla_leon,Villafranca de Duero,"e-distribución Redes Digitales, S.L.U.",regional_default_candidate,exclude_from_bulk_import,no,e-distribución — distribución eléctrica,https://www.edistribucion.com/es/conocenos/instalaciones-distribucion-red/distribucion-electrica.html,official_distributor_public,2026-05-06,"No incluir en bloque e-distribución; revisar aparte por solapes grandes con i-DE, UFD y pequeñas."
castilla_leon,Villafranca de la Sierra,"e-distribución Redes Digitales, S.L.U.",regional_default_candidate,exclude_from_bulk_import,no,e-distribución — distribución eléctrica,https://www.edistribucion.com/es/conocenos/instalaciones-distribucion-red/distribucion-electrica.html,official_distributor_public,2026-05-06,"No incluir en bloque e-distribución; revisar aparte por solapes grandes con i-DE, UFD y pequeñas."
castilla_leon,Villafranca del Bierzo,"e-distribución Redes Digitales, S.L.U.",regional_default_candidate,exclude_from_bulk_import,no,e-distribución — distribución eléctrica,https://www.edistribucion.com/es/conocenos/instalaciones-distribucion-red/distribucion-electrica.html,official_distributor_public,2026-05-06,"No incluir en bloque e-distribución; revisar aparte por solapes grandes con i-DE, UFD y pequeñas."
castilla_leon,Villafranca Montes de Oca,"e-distribución Redes Digitales, S.L.U.",regional_default_candidate,exclude_from_bulk_import,no,e-distribución — distribución eléctrica,https://www.edistribucion.com/es/conocenos/instalaciones-distribucion-red/distribucion-electrica.html,official_distributor_public,2026-05-06,"No incluir en bloque e-distribución; revisar aparte por solapes grandes con i-DE, UFD y pequeñas."
castilla_leon,Villafrechós,"e-distribución Redes Digitales, S.L.U.",regional_default_candidate,exclude_from_bulk_import,no,e-distribución — distribución eléctrica,https://www.edistribucion.com/es/conocenos/instalaciones-distribucion-red/distribucion-electrica.html,official_distributor_public,2026-05-06,"No incluir en bloque e-distribución; revisar aparte por solapes grandes con i-DE, UFD y pequeñas."
castilla_leon,Villafruela,"e-distribución Redes Digitales, S.L.U.",regional_default_candidate,exclude_from_bulk_import,no,e-distribución — distribución eléctrica,https://www.edistribucion.com/es/conocenos/instalaciones-distribucion-red/distribucion-electrica.html,official_distributor_public,2026-05-06,"No incluir en bloque e-distribución; revisar aparte por solapes grandes con i-DE, UFD y pequeñas."
castilla_leon,Villafuerte,"e-distribución Redes Digitales, S.L.U.",regional_default_candidate,exclude_from_bulk_import,no,e-distribución — distribución eléctrica,https://www.edistribucion.com/es/conocenos/instalaciones-distribucion-red/distribucion-electrica.html,official_distributor_public,2026-05-06,"No incluir en bloque e-distribución; revisar aparte por solapes grandes con i-DE, UFD y pequeñas."
castilla_leon,Villagalijo,"e-distribución Redes Digitales, S.L.U.",regional_default_candidate,exclude_from_bulk_import,no,e-distribución — distribución eléctrica,https://www.edistribucion.com/es/conocenos/instalaciones-distribucion-red/distribucion-electrica.html,official_distributor_public,2026-05-06,"No incluir en bloque e-distribución; revisar aparte por solapes grandes con i-DE, UFD y pequeñas."
castilla_leon,Villagarcía de Campos,"e-distribución Redes Digitales, S.L.U.",regional_default_candidate,exclude_from_bulk_import,no,e-distribución — distribución eléctrica,https://www.edistribucion.com/es/conocenos/instalaciones-distribucion-red/distribucion-electrica.html,official_distributor_public,2026-05-06,"No incluir en bloque e-distribución; revisar aparte por solapes grandes con i-DE, UFD y pequeñas."
castilla_leon,Villagatón,"e-distribución Redes Digitales, S.L.U.",regional_default_candidate,exclude_from_bulk_import,no,e-distribución — distribución eléctrica,https://www.edistribucion.com/es/conocenos/instalaciones-distribucion-red/distribucion-electrica.html,official_distributor_public,2026-05-06,"No incluir en bloque e-distribución; revisar aparte por solapes grandes con i-DE, UFD y pequeñas."
castilla_leon,Villageriz,"e-distribución Redes Digitales, S.L.U.",regional_default_candidate,exclude_from_bulk_import,no,e-distribución — distribución eléctrica,https://www.edistribucion.com/es/conocenos/instalaciones-distribucion-red/distribucion-electrica.html,official_distributor_public,2026-05-06,"No incluir en bloque e-distribución; revisar aparte por solapes grandes con i-DE, UFD y pequeñas."
castilla_leon,Villagómez la Nueva,"e-distribución Redes Digitales, S.L.U.",regional_default_candidate,exclude_from_bulk_import,no,e-distribución — distribución eléctrica,https://www.edistribucion.com/es/conocenos/instalaciones-distribucion-red/distribucion-electrica.html,official_distributor_public,2026-05-06,"No incluir en bloque e-distribución; revisar aparte por solapes grandes con i-DE, UFD y pequeñas."
castilla_leon,Villagonzalo de Tormes,"e-distribución Redes Digitales, S.L.U.",regional_default_candidate,exclude_from_bulk_import,no,e-distribución — distribución eléctrica,https://www.edistribucion.com/es/conocenos/instalaciones-distribucion-red/distribucion-electrica.html,official_distributor_public,2026-05-06,"No incluir en bloque e-distribución; revisar aparte por solapes grandes con i-DE, UFD y pequeñas."
castilla_leon,Villagonzalo Pedernales,"e-distribución Redes Digitales, S.L.U.",regional_default_candidate,exclude_from_bulk_import,no,e-distribución — distribución eléctrica,https://www.edistribucion.com/es/conocenos/instalaciones-distribucion-red/distribucion-electrica.html,official_distributor_public,2026-05-06,"No incluir en bloque e-distribución; revisar aparte por solapes grandes con i-DE, UFD y pequeñas."
castilla_leon,Villahán,"e-distribución Redes Digitales, S.L.U.",regional_default_candidate,exclude_from_bulk_import,no,e-distribución — distribución eléctrica,https://www.edistribucion.com/es/conocenos/instalaciones-distribucion-red/distribucion-electrica.html,official_distributor_public,2026-05-06,"No incluir en bloque e-distribución; revisar aparte por solapes grandes con i-DE, UFD y pequeñas."
castilla_leon,Villaherreros,"e-distribución Redes Digitales, S.L.U.",regional_default_candidate,exclude_from_bulk_import,no,e-distribución — distribución eléctrica,https://www.edistribucion.com/es/conocenos/instalaciones-distribucion-red/distribucion-electrica.html,official_distributor_public,2026-05-06,"No incluir en bloque e-distribución; revisar aparte por solapes grandes con i-DE, UFD y pequeñas."
castilla_leon,Villahoz,"e-distribución Redes Digitales, S.L.U.",regional_default_candidate,exclude_from_bulk_import,no,e-distribución — distribución eléctrica,https://www.edistribucion.com/es/conocenos/instalaciones-distribucion-red/distribucion-electrica.html,official_distributor_public,2026-05-06,"No incluir en bloque e-distribución; revisar aparte por solapes grandes con i-DE, UFD y pequeñas."
castilla_leon,Villalaco,"e-distribución Redes Digitales, S.L.U.",regional_default_candidate,exclude_from_bulk_import,no,e-distribución — distribución eléctrica,https://www.edistribucion.com/es/conocenos/instalaciones-distribucion-red/distribucion-electrica.html,official_distributor_public,2026-05-06,"No incluir en bloque e-distribución; revisar aparte por solapes grandes con i-DE, UFD y pequeñas."
castilla_leon,Villalán de Campos,"e-distribución Redes Digitales, S.L.U.",regional_default_candidate,exclude_from_bulk_import,no,e-distribución — distribución eléctrica,https://www.edistribucion.com/es/conocenos/instalaciones-distribucion-red/distribucion-electrica.html,official_distributor_public,2026-05-06,"No incluir en bloque e-distribución; revisar aparte por solapes grandes con i-DE, UFD y pequeñas."
castilla_leon,Villalar de los Comuneros,"e-distribución Redes Digitales, S.L.U.",regional_default_candidate,exclude_from_bulk_import,no,e-distribución — distribución eléctrica,https://www.edistribucion.com/es/conocenos/instalaciones-distribucion-red/distribucion-electrica.html,official_distributor_public,2026-05-06,"No incluir en bloque e-distribución; revisar aparte por solapes grandes con i-DE, UFD y pequeñas."
castilla_leon,Villalazán,"e-distribución Redes Digitales, S.L.U.",regional_default_candidate,exclude_from_bulk_import,no,e-distribución — distribución eléctrica,https://www.edistribucion.com/es/conocenos/instalaciones-distribucion-red/distribucion-electrica.html,official_distributor_public,2026-05-06,"No incluir en bloque e-distribución; revisar aparte por solapes grandes con i-DE, UFD y pequeñas."
castilla_leon,Villalba de Duero,"e-distribución Redes Digitales, S.L.U.",regional_default_candidate,exclude_from_bulk_import,no,e-distribución — distribución eléctrica,https://www.edistribucion.com/es/conocenos/instalaciones-distribucion-red/distribucion-electrica.html,official_distributor_public,2026-05-06,"No incluir en bloque e-distribución; revisar aparte por solapes grandes con i-DE, UFD y pequeñas."
castilla_leon,Villalba de Guardo,"e-distribución Redes Digitales, S.L.U.",regional_default_candidate,exclude_from_bulk_import,no,e-distribución — distribución eléctrica,https://www.edistribucion.com/es/conocenos/instalaciones-distribucion-red/distribucion-electrica.html,official_distributor_public,2026-05-06,"No incluir en bloque e-distribución; revisar aparte por solapes grandes con i-DE, UFD y pequeñas."
castilla_leon,Villalba de la Lampreana,"e-distribución Redes Digitales, S.L.U.",regional_default_candidate,exclude_from_bulk_import,no,e-distribución — distribución eléctrica,https://www.edistribucion.com/es/conocenos/instalaciones-distribucion-red/distribucion-electrica.html,official_distributor_public,2026-05-06,"No incluir en bloque e-distribución; revisar aparte por solapes grandes con i-DE, UFD y pequeñas."
castilla_leon,Villalba de la Loma,"e-distribución Redes Digitales, S.L.U.",regional_default_candidate,exclude_from_bulk_import,no,e-distribución — distribución eléctrica,https://www.edistribucion.com/es/conocenos/instalaciones-distribucion-red/distribucion-electrica.html,official_distributor_public,2026-05-06,"No incluir en bloque e-distribución; revisar aparte por solapes grandes con i-DE, UFD y pequeñas."
castilla_leon,Villalba de los Alcores,"e-distribución Redes Digitales, S.L.U.",regional_default_candidate,exclude_from_bulk_import,no,e-distribución — distribución eléctrica,https://www.edistribucion.com/es/conocenos/instalaciones-distribucion-red/distribucion-electrica.html,official_distributor_public,2026-05-06,"No incluir en bloque e-distribución; revisar aparte por solapes grandes con i-DE, UFD y pequeñas."
castilla_leon,Villalba de los Llanos,"e-distribución Redes Digitales, S.L.U.",regional_default_candidate,exclude_from_bulk_import,no,e-distribución — distribución eléctrica,https://www.edistribucion.com/es/conocenos/instalaciones-distribucion-red/distribucion-electrica.html,official_distributor_public,2026-05-06,"No incluir en bloque e-distribución; revisar aparte por solapes grandes con i-DE, UFD y pequeñas."
castilla_leon,Villalbarba,"e-distribución Redes Digitales, S.L.U.",regional_default_candidate,exclude_from_bulk_import,no,e-distribución — distribución eléctrica,https://www.edistribucion.com/es/conocenos/instalaciones-distribucion-red/distribucion-electrica.html,official_distributor_public,2026-05-06,"No incluir en bloque e-distribución; revisar aparte por solapes grandes con i-DE, UFD y pequeñas."
castilla_leon,Villalbilla de Burgos,"e-distribución Redes Digitales, S.L.U.",regional_default_candidate,exclude_from_bulk_import,no,e-distribución — distribución eléctrica,https://www.edistribucion.com/es/conocenos/instalaciones-distribucion-red/distribucion-electrica.html,official_distributor_public,2026-05-06,"No incluir en bloque e-distribución; revisar aparte por solapes grandes con i-DE, UFD y pequeñas."
castilla_leon,Villalbilla de Gumiel,"e-distribución Redes Digitales, S.L.U.",regional_default_candidate,exclude_from_bulk_import,no,e-distribución — distribución eléctrica,https://www.edistribucion.com/es/conocenos/instalaciones-distribucion-red/distribucion-electrica.html,official_distributor_public,2026-05-06,"No incluir en bloque e-distribución; revisar aparte por solapes grandes con i-DE, UFD y pequeñas."
castilla_leon,Villalcampo,"e-distribución Redes Digitales, S.L.U.",regional_default_candidate,exclude_from_bulk_import,no,e-distribución — distribución eléctrica,https://www.edistribucion.com/es/conocenos/instalaciones-distribucion-red/distribucion-electrica.html,official_distributor_public,2026-05-06,"No incluir en bloque e-distribución; revisar aparte por solapes grandes con i-DE, UFD y pequeñas."
castilla_leon,Villalcázar de Sirga,"e-distribución Redes Digitales, S.L.U.",regional_default_candidate,exclude_from_bulk_import,no,e-distribución — distribución eléctrica,https://www.edistribucion.com/es/conocenos/instalaciones-distribucion-red/distribucion-electrica.html,official_distributor_public,2026-05-06,"No incluir en bloque e-distribución; revisar aparte por solapes grandes con i-DE, UFD y pequeñas."
castilla_leon,Villalcón,"e-distribución Redes Digitales, S.L.U.",regional_default_candidate,exclude_from_bulk_import,no,e-distribución — distribución eléctrica,https://www.edistribucion.com/es/conocenos/instalaciones-distribucion-red/distribucion-electrica.html,official_distributor_public,2026-05-06,"No incluir en bloque e-distribución; revisar aparte por solapes grandes con i-DE, UFD y pequeñas."
castilla_leon,Villaldemiro,"e-distribución Redes Digitales, S.L.U.",regional_default_candidate,exclude_from_bulk_import,no,e-distribución — distribución eléctrica,https://www.edistribucion.com/es/conocenos/instalaciones-distribucion-red/distribucion-electrica.html,official_distributor_public,2026-05-06,"No incluir en bloque e-distribución; revisar aparte por solapes grandes con i-DE, UFD y pequeñas."
castilla_leon,Villalmanzo,"e-distribución Redes Digitales, S.L.U.",regional_default_candidate,exclude_from_bulk_import,no,e-distribución — distribución eléctrica,https://www.edistribucion.com/es/conocenos/instalaciones-distribucion-red/distribucion-electrica.html,official_distributor_public,2026-05-06,"No incluir en bloque e-distribución; revisar aparte por solapes grandes con i-DE, UFD y pequeñas."
castilla_leon,Villalobón,"e-distribución Redes Digitales, S.L.U.",regional_default_candidate,exclude_from_bulk_import,no,e-distribución — distribución eléctrica,https://www.edistribucion.com/es/conocenos/instalaciones-distribucion-red/distribucion-electrica.html,official_distributor_public,2026-05-06,"No incluir en bloque e-distribución; revisar aparte por solapes grandes con i-DE, UFD y pequeñas."
castilla_leon,Villalobos,"e-distribución Redes Digitales, S.L.U.",regional_default_candidate,exclude_from_bulk_import,no,e-distribución — distribución eléctrica,https://www.edistribucion.com/es/conocenos/instalaciones-distribucion-red/distribucion-electrica.html,official_distributor_public,2026-05-06,"No incluir en bloque e-distribución; revisar aparte por solapes grandes con i-DE, UFD y pequeñas."
castilla_leon,Villalón de Campos,"e-distribución Redes Digitales, S.L.U.",regional_default_candidate,exclude_from_bulk_import,no,e-distribución — distribución eléctrica,https://www.edistribucion.com/es/conocenos/instalaciones-distribucion-red/distribucion-electrica.html,official_distributor_public,2026-05-06,"No incluir en bloque e-distribución; revisar aparte por solapes grandes con i-DE, UFD y pequeñas."
castilla_leon,Villalonso,"e-distribución Redes Digitales, S.L.U.",regional_default_candidate,exclude_from_bulk_import,no,e-distribución — distribución eléctrica,https://www.edistribucion.com/es/conocenos/instalaciones-distribucion-red/distribucion-electrica.html,official_distributor_public,2026-05-06,"No incluir en bloque e-distribución; revisar aparte por solapes grandes con i-DE, UFD y pequeñas."
castilla_leon,Villalpando,"e-distribución Redes Digitales, S.L.U.",regional_default_candidate,exclude_from_bulk_import,no,e-distribución — distribución eléctrica,https://www.edistribucion.com/es/conocenos/instalaciones-distribucion-red/distribucion-electrica.html,official_distributor_public,2026-05-06,"No incluir en bloque e-distribución; revisar aparte por solapes grandes con i-DE, UFD y pequeñas."
castilla_leon,Villalube,"e-distribución Redes Digitales, S.L.U.",regional_default_candidate,exclude_from_bulk_import,no,e-distribución — distribución eléctrica,https://www.edistribucion.com/es/conocenos/instalaciones-distribucion-red/distribucion-electrica.html,official_distributor_public,2026-05-06,"No incluir en bloque e-distribución; revisar aparte por solapes grandes con i-DE, UFD y pequeñas."
castilla_leon,Villaluenga de la Vega,"e-distribución Redes Digitales, S.L.U.",regional_default_candidate,exclude_from_bulk_import,no,e-distribución — distribución eléctrica,https://www.edistribucion.com/es/conocenos/instalaciones-distribucion-red/distribucion-electrica.html,official_distributor_public,2026-05-06,"No incluir en bloque e-distribución; revisar aparte por solapes grandes con i-DE, UFD y pequeñas."
castilla_leon,Villamañán,"e-distribución Redes Digitales, S.L.U.",regional_default_candidate,exclude_from_bulk_import,no,e-distribución — distribución eléctrica,https://www.edistribucion.com/es/conocenos/instalaciones-distribucion-red/distribucion-electrica.html,official_distributor_public,2026-05-06,"No incluir en bloque e-distribución; revisar aparte por solapes grandes con i-DE, UFD y pequeñas."
castilla_leon,Villamandos,"e-distribución Redes Digitales, S.L.U.",regional_default_candidate,exclude_from_bulk_import,no,e-distribución — distribución eléctrica,https://www.edistribucion.com/es/conocenos/instalaciones-distribucion-red/distribucion-electrica.html,official_distributor_public,2026-05-06,"No incluir en bloque e-distribución; revisar aparte por solapes grandes con i-DE, UFD y pequeñas."
castilla_leon,Villamanín,"e-distribución Redes Digitales, S.L.U.",regional_default_candidate,exclude_from_bulk_import,no,e-distribución — distribución eléctrica,https://www.edistribucion.com/es/conocenos/instalaciones-distribucion-red/distribucion-electrica.html,official_distributor_public,2026-05-06,"No incluir en bloque e-distribución; revisar aparte por solapes grandes con i-DE, UFD y pequeñas."
castilla_leon,Villamartín de Campos,"e-distribución Redes Digitales, S.L.U.",regional_default_candidate,exclude_from_bulk_import,no,e-distribución — distribución eléctrica,https://www.edistribucion.com/es/conocenos/instalaciones-distribucion-red/distribucion-electrica.html,official_distributor_public,2026-05-06,"No incluir en bloque e-distribución; revisar aparte por solapes grandes con i-DE, UFD y pequeñas."
castilla_leon,Villamartín de Don Sancho,"e-distribución Redes Digitales, S.L.U.",regional_default_candidate,exclude_from_bulk_import,no,e-distribución — distribución eléctrica,https://www.edistribucion.com/es/conocenos/instalaciones-distribucion-red/distribucion-electrica.html,official_distributor_public,2026-05-06,"No incluir en bloque e-distribución; revisar aparte por solapes grandes con i-DE, UFD y pequeñas."
castilla_leon,Villamayor,"e-distribución Redes Digitales, S.L.U.",regional_default_candidate,exclude_from_bulk_import,no,e-distribución — distribución eléctrica,https://www.edistribucion.com/es/conocenos/instalaciones-distribucion-red/distribucion-electrica.html,official_distributor_public,2026-05-06,"No incluir en bloque e-distribución; revisar aparte por solapes grandes con i-DE, UFD y pequeñas."
castilla_leon,Villamayor de Campos,"e-distribución Redes Digitales, S.L.U.",regional_default_candidate,exclude_from_bulk_import,no,e-distribución — distribución eléctrica,https://www.edistribucion.com/es/conocenos/instalaciones-distribucion-red/distribucion-electrica.html,official_distributor_public,2026-05-06,"No incluir en bloque e-distribución; revisar aparte por solapes grandes con i-DE, UFD y pequeñas."
castilla_leon,Villamayor de los Montes,"e-distribución Redes Digitales, S.L.U.",regional_default_candidate,exclude_from_bulk_import,no,e-distribución — distribución eléctrica,https://www.edistribucion.com/es/conocenos/instalaciones-distribucion-red/distribucion-electrica.html,official_distributor_public,2026-05-06,"No incluir en bloque e-distribución; revisar aparte por solapes grandes con i-DE, UFD y pequeñas."
castilla_leon,Villamayor de Treviño,"e-distribución Redes Digitales, S.L.U.",regional_default_candidate,exclude_from_bulk_import,no,e-distribución — distribución eléctrica,https://www.edistribucion.com/es/conocenos/instalaciones-distribucion-red/distribucion-electrica.html,official_distributor_public,2026-05-06,"No incluir en bloque e-distribución; revisar aparte por solapes grandes con i-DE, UFD y pequeñas."
castilla_leon,Villambistia,"e-distribución Redes Digitales, S.L.U.",regional_default_candidate,exclude_from_bulk_import,no,e-distribución — distribución eléctrica,https://www.edistribucion.com/es/conocenos/instalaciones-distribucion-red/distribucion-electrica.html,official_distributor_public,2026-05-06,"No incluir en bloque e-distribución; revisar aparte por solapes grandes con i-DE, UFD y pequeñas."
castilla_leon,Villamediana,"e-distribución Redes Digitales, S.L.U.",regional_default_candidate,exclude_from_bulk_import,no,e-distribución — distribución eléctrica,https://www.edistribucion.com/es/conocenos/instalaciones-distribucion-red/distribucion-electrica.html,official_distributor_public,2026-05-06,"No incluir en bloque e-distribución; revisar aparte por solapes grandes con i-DE, UFD y pequeñas."
castilla_leon,Villamedianilla,"e-distribución Redes Digitales, S.L.U.",regional_default_candidate,exclude_from_bulk_import,no,e-distribución — distribución eléctrica,https://www.edistribucion.com/es/conocenos/instalaciones-distribucion-red/distribucion-electrica.html,official_distributor_public,2026-05-06,"No incluir en bloque e-distribución; revisar aparte por solapes grandes con i-DE, UFD y pequeñas."
castilla_leon,Villamejil,"e-distribución Redes Digitales, S.L.U.",regional_default_candidate,exclude_from_bulk_import,no,e-distribución — distribución eléctrica,https://www.edistribucion.com/es/conocenos/instalaciones-distribucion-red/distribucion-electrica.html,official_distributor_public,2026-05-06,"No incluir en bloque e-distribución; revisar aparte por solapes grandes con i-DE, UFD y pequeñas."
castilla_leon,Villameriel,"e-distribución Redes Digitales, S.L.U.",regional_default_candidate,exclude_from_bulk_import,no,e-distribución — distribución eléctrica,https://www.edistribucion.com/es/conocenos/instalaciones-distribucion-red/distribucion-electrica.html,official_distributor_public,2026-05-06,"No incluir en bloque e-distribución; revisar aparte por solapes grandes con i-DE, UFD y pequeñas."
castilla_leon,Villamiel de la Sierra,"e-distribución Redes Digitales, S.L.U.",regional_default_candidate,exclude_from_bulk_import,no,e-distribución — distribución eléctrica,https://www.edistribucion.com/es/conocenos/instalaciones-distribucion-red/distribucion-electrica.html,official_distributor_public,2026-05-06,"No incluir en bloque e-distribución; revisar aparte por solapes grandes con i-DE, UFD y pequeñas."
castilla_leon,Villamol,"e-distribución Redes Digitales, S.L.U.",regional_default_candidate,exclude_from_bulk_import,no,e-distribución — distribución eléctrica,https://www.edistribucion.com/es/conocenos/instalaciones-distribucion-red/distribucion-electrica.html,official_distributor_public,2026-05-06,"No incluir en bloque e-distribución; revisar aparte por solapes grandes con i-DE, UFD y pequeñas."
castilla_leon,Villamontán de la Valduerna,"e-distribución Redes Digitales, S.L.U.",regional_default_candidate,exclude_from_bulk_import,no,e-distribución — distribución eléctrica,https://www.edistribucion.com/es/conocenos/instalaciones-distribucion-red/distribucion-electrica.html,official_distributor_public,2026-05-06,"No incluir en bloque e-distribución; revisar aparte por solapes grandes con i-DE, UFD y pequeñas."
castilla_leon,Villamor de los Escuderos,"e-distribución Redes Digitales, S.L.U.",regional_default_candidate,exclude_from_bulk_import,no,e-distribución — distribución eléctrica,https://www.edistribucion.com/es/conocenos/instalaciones-distribucion-red/distribucion-electrica.html,official_distributor_public,2026-05-06,"No incluir en bloque e-distribución; revisar aparte por solapes grandes con i-DE, UFD y pequeñas."
castilla_leon,Villamoratiel de las Matas,"e-distribución Redes Digitales, S.L.U.",regional_default_candidate,exclude_from_bulk_import,no,e-distribución — distribución eléctrica,https://www.edistribucion.com/es/conocenos/instalaciones-distribucion-red/distribucion-electrica.html,official_distributor_public,2026-05-06,"No incluir en bloque e-distribución; revisar aparte por solapes grandes con i-DE, UFD y pequeñas."
castilla_leon,Villamoronta,"e-distribución Redes Digitales, S.L.U.",regional_default_candidate,exclude_from_bulk_import,no,e-distribución — distribución eléctrica,https://www.edistribucion.com/es/conocenos/instalaciones-distribucion-red/distribucion-electrica.html,official_distributor_public,2026-05-06,"No incluir en bloque e-distribución; revisar aparte por solapes grandes con i-DE, UFD y pequeñas."
castilla_leon,Villamuera de la Cueza,"e-distribución Redes Digitales, S.L.U.",regional_default_candidate,exclude_from_bulk_import,no,e-distribución — distribución eléctrica,https://www.edistribucion.com/es/conocenos/instalaciones-distribucion-red/distribucion-electrica.html,official_distributor_public,2026-05-06,"No incluir en bloque e-distribución; revisar aparte por solapes grandes con i-DE, UFD y pequeñas."
castilla_leon,Villamuriel de Campos,"e-distribución Redes Digitales, S.L.U.",regional_default_candidate,exclude_from_bulk_import,no,e-distribución — distribución eléctrica,https://www.edistribucion.com/es/conocenos/instalaciones-distribucion-red/distribucion-electrica.html,official_distributor_public,2026-05-06,"No incluir en bloque e-distribución; revisar aparte por solapes grandes con i-DE, UFD y pequeñas."
castilla_leon,Villamuriel de Cerrato,"e-distribución Redes Digitales, S.L.U.",regional_default_candidate,exclude_from_bulk_import,no,e-distribución — distribución eléctrica,https://www.edistribucion.com/es/conocenos/instalaciones-distribucion-red/distribucion-electrica.html,official_distributor_public,2026-05-06,"No incluir en bloque e-distribución; revisar aparte por solapes grandes con i-DE, UFD y pequeñas."
castilla_leon,Villán de Tordesillas,"e-distribución Redes Digitales, S.L.U.",regional_default_candidate,exclude_from_bulk_import,no,e-distribución — distribución eléctrica,https://www.edistribucion.com/es/conocenos/instalaciones-distribucion-red/distribucion-electrica.html,official_distributor_public,2026-05-06,"No incluir en bloque e-distribución; revisar aparte por solapes grandes con i-DE, UFD y pequeñas."
castilla_leon,Villanázar,"e-distribución Redes Digitales, S.L.U.",regional_default_candidate,exclude_from_bulk_import,no,e-distribución — distribución eléctrica,https://www.edistribucion.com/es/conocenos/instalaciones-distribucion-red/distribucion-electrica.html,official_distributor_public,2026-05-06,"No incluir en bloque e-distribución; revisar aparte por solapes grandes con i-DE, UFD y pequeñas."
castilla_leon,Villangómez,"e-distribución Redes Digitales, S.L.U.",regional_default_candidate,exclude_from_bulk_import,no,e-distribución — distribución eléctrica,https://www.edistribucion.com/es/conocenos/instalaciones-distribucion-red/distribucion-electrica.html,official_distributor_public,2026-05-06,"No incluir en bloque e-distribución; revisar aparte por solapes grandes con i-DE, UFD y pequeñas."
castilla_leon,Villanubla,"e-distribución Redes Digitales, S.L.U.",regional_default_candidate,exclude_from_bulk_import,no,e-distribución — distribución eléctrica,https://www.edistribucion.com/es/conocenos/instalaciones-distribucion-red/distribucion-electrica.html,official_distributor_public,2026-05-06,"No incluir en bloque e-distribución; revisar aparte por solapes grandes con i-DE, UFD y pequeñas."
castilla_leon,Villanueva de Argaño,"e-distribución Redes Digitales, S.L.U.",regional_default_candidate,exclude_from_bulk_import,no,e-distribución — distribución eléctrica,https://www.edistribucion.com/es/conocenos/instalaciones-distribucion-red/distribucion-electrica.html,official_distributor_public,2026-05-06,"No incluir en bloque e-distribución; revisar aparte por solapes grandes con i-DE, UFD y pequeñas."
castilla_leon,Villanueva de Ávila,"e-distribución Redes Digitales, S.L.U.",regional_default_candidate,exclude_from_bulk_import,no,e-distribución — distribución eléctrica,https://www.edistribucion.com/es/conocenos/instalaciones-distribucion-red/distribucion-electrica.html,official_distributor_public,2026-05-06,"No incluir en bloque e-distribución; revisar aparte por solapes grandes con i-DE, UFD y pequeñas."
castilla_leon,Villanueva de Azoague,"e-distribución Redes Digitales, S.L.U.",regional_default_candidate,exclude_from_bulk_import,no,e-distribución — distribución eléctrica,https://www.edistribucion.com/es/conocenos/instalaciones-distribucion-red/distribucion-electrica.html,official_distributor_public,2026-05-06,"No incluir en bloque e-distribución; revisar aparte por solapes grandes con i-DE, UFD y pequeñas."
castilla_leon,Villanueva de Campeán,"e-distribución Redes Digitales, S.L.U.",regional_default_candidate,exclude_from_bulk_import,no,e-distribución — distribución eléctrica,https://www.edistribucion.com/es/conocenos/instalaciones-distribucion-red/distribucion-electrica.html,official_distributor_public,2026-05-06,"No incluir en bloque e-distribución; revisar aparte por solapes grandes con i-DE, UFD y pequeñas."
castilla_leon,Villanueva de Carazo,"e-distribución Redes Digitales, S.L.U.",regional_default_candidate,exclude_from_bulk_import,no,e-distribución — distribución eléctrica,https://www.edistribucion.com/es/conocenos/instalaciones-distribucion-red/distribucion-electrica.html,official_distributor_public,2026-05-06,"No incluir en bloque e-distribución; revisar aparte por solapes grandes con i-DE, UFD y pequeñas."
castilla_leon,Villanueva de Duero,"e-distribución Redes Digitales, S.L.U.",regional_default_candidate,exclude_from_bulk_import,no,e-distribución — distribución eléctrica,https://www.edistribucion.com/es/conocenos/instalaciones-distribucion-red/distribucion-electrica.html,official_distributor_public,2026-05-06,"No incluir en bloque e-distribución; revisar aparte por solapes grandes con i-DE, UFD y pequeñas."
castilla_leon,Villanueva de Gómez,"e-distribución Redes Digitales, S.L.U.",regional_default_candidate,exclude_from_bulk_import,no,e-distribución — distribución eléctrica,https://www.edistribucion.com/es/conocenos/instalaciones-distribucion-red/distribucion-electrica.html,official_distributor_public,2026-05-06,"No incluir en bloque e-distribución; revisar aparte por solapes grandes con i-DE, UFD y pequeñas."
castilla_leon,Villanueva de Gormaz,"e-distribución Redes Digitales, S.L.U.",regional_default_candidate,exclude_from_bulk_import,no,e-distribución — distribución eléctrica,https://www.edistribucion.com/es/conocenos/instalaciones-distribucion-red/distribucion-electrica.html,official_distributor_public,2026-05-06,"No incluir en bloque e-distribución; revisar aparte por solapes grandes con i-DE, UFD y pequeñas."
castilla_leon,Villanueva de Gumiel,"e-distribución Redes Digitales, S.L.U.",regional_default_candidate,exclude_from_bulk_import,no,e-distribución — distribución eléctrica,https://www.edistribucion.com/es/conocenos/instalaciones-distribucion-red/distribucion-electrica.html,official_distributor_public,2026-05-06,"No incluir en bloque e-distribución; revisar aparte por solapes grandes con i-DE, UFD y pequeñas."
castilla_leon,Villanueva de la Condesa,"e-distribución Redes Digitales, S.L.U.",regional_default_candidate,exclude_from_bulk_import,no,e-distribución — distribución eléctrica,https://www.edistribucion.com/es/conocenos/instalaciones-distribucion-red/distribucion-electrica.html,official_distributor_public,2026-05-06,"No incluir en bloque e-distribución; revisar aparte por solapes grandes con i-DE, UFD y pequeñas."
castilla_leon,Villanueva de las Manzanas,"e-distribución Redes Digitales, S.L.U.",regional_default_candidate,exclude_from_bulk_import,no,e-distribución — distribución eléctrica,https://www.edistribucion.com/es/conocenos/instalaciones-distribucion-red/distribucion-electrica.html,official_distributor_public,2026-05-06,"No incluir en bloque e-distribución; revisar aparte por solapes grandes con i-DE, UFD y pequeñas."
castilla_leon,Villanueva de las Peras,"e-distribución Redes Digitales, S.L.U.",regional_default_candidate,exclude_from_bulk_import,no,e-distribución — distribución eléctrica,https://www.edistribucion.com/es/conocenos/instalaciones-distribucion-red/distribucion-electrica.html,official_distributor_public,2026-05-06,"No incluir en bloque e-distribución; revisar aparte por solapes grandes con i-DE, UFD y pequeñas."
castilla_leon,Villanueva de los Caballeros,"e-distribución Redes Digitales, S.L.U.",regional_default_candidate,exclude_from_bulk_import,no,e-distribución — distribución eléctrica,https://www.edistribucion.com/es/conocenos/instalaciones-distribucion-red/distribucion-electrica.html,official_distributor_public,2026-05-06,"No incluir en bloque e-distribución; revisar aparte por solapes grandes con i-DE, UFD y pequeñas."
castilla_leon,Villanueva de los Infantes,"e-distribución Redes Digitales, S.L.U.",regional_default_candidate,exclude_from_bulk_import,no,e-distribución — distribución eléctrica,https://www.edistribucion.com/es/conocenos/instalaciones-distribucion-red/distribucion-electrica.html,official_distributor_public,2026-05-06,"No incluir en bloque e-distribución; revisar aparte por solapes grandes con i-DE, UFD y pequeñas."
castilla_leon,Villanueva de San Mancio,"e-distribución Redes Digitales, S.L.U.",regional_default_candidate,exclude_from_bulk_import,no,e-distribución — distribución eléctrica,https://www.edistribucion.com/es/conocenos/instalaciones-distribucion-red/distribucion-electrica.html,official_distributor_public,2026-05-06,"No incluir en bloque e-distribución; revisar aparte por solapes grandes con i-DE, UFD y pequeñas."
castilla_leon,Villanueva de Teba,"e-distribución Redes Digitales, S.L.U.",regional_default_candidate,exclude_from_bulk_import,no,e-distribución — distribución eléctrica,https://www.edistribucion.com/es/conocenos/instalaciones-distribucion-red/distribucion-electrica.html,official_distributor_public,2026-05-06,"No incluir en bloque e-distribución; revisar aparte por solapes grandes con i-DE, UFD y pequeñas."
castilla_leon,Villanueva del Aceral,"e-distribución Redes Digitales, S.L.U.",regional_default_candidate,exclude_from_bulk_import,no,e-distribución — distribución eléctrica,https://www.edistribucion.com/es/conocenos/instalaciones-distribucion-red/distribucion-electrica.html,official_distributor_public,2026-05-06,"No incluir en bloque e-distribución; revisar aparte por solapes grandes con i-DE, UFD y pequeñas."
castilla_leon,Villanueva del Campillo,"e-distribución Redes Digitales, S.L.U.",regional_default_candidate,exclude_from_bulk_import,no,e-distribución — distribución eléctrica,https://www.edistribucion.com/es/conocenos/instalaciones-distribucion-red/distribucion-electrica.html,official_distributor_public,2026-05-06,"No incluir en bloque e-distribución; revisar aparte por solapes grandes con i-DE, UFD y pequeñas."
castilla_leon,Villanueva del Campo,"e-distribución Redes Digitales, S.L.U.",regional_default_candidate,exclude_from_bulk_import,no,e-distribución — distribución eléctrica,https://www.edistribucion.com/es/conocenos/instalaciones-distribucion-red/distribucion-electrica.html,official_distributor_public,2026-05-06,"No incluir en bloque e-distribución; revisar aparte por solapes grandes con i-DE, UFD y pequeñas."
castilla_leon,Villanueva del Conde,"e-distribución Redes Digitales, S.L.U.",regional_default_candidate,exclude_from_bulk_import,no,e-distribución — distribución eléctrica,https://www.edistribucion.com/es/conocenos/instalaciones-distribucion-red/distribucion-electrica.html,official_distributor_public,2026-05-06,"No incluir en bloque e-distribución; revisar aparte por solapes grandes con i-DE, UFD y pequeñas."
castilla_leon,Villanueva del Rebollar,"e-distribución Redes Digitales, S.L.U.",regional_default_candidate,exclude_from_bulk_import,no,e-distribución — distribución eléctrica,https://www.edistribucion.com/es/conocenos/instalaciones-distribucion-red/distribucion-electrica.html,official_distributor_public,2026-05-06,"No incluir en bloque e-distribución; revisar aparte por solapes grandes con i-DE, UFD y pequeñas."
castilla_leon,Villanuño de Valdavia,"e-distribución Redes Digitales, S.L.U.",regional_default_candidate,exclude_from_bulk_import,no,e-distribución — distribución eléctrica,https://www.edistribucion.com/es/conocenos/instalaciones-distribucion-red/distribucion-electrica.html,official_distributor_public,2026-05-06,"No incluir en bloque e-distribución; revisar aparte por solapes grandes con i-DE, UFD y pequeñas."
castilla_leon,Villaobispo de Otero,"e-distribución Redes Digitales, S.L.U.",regional_default_candidate,exclude_from_bulk_import,no,e-distribución — distribución eléctrica,https://www.edistribucion.com/es/conocenos/instalaciones-distribucion-red/distribucion-electrica.html,official_distributor_public,2026-05-06,"No incluir en bloque e-distribución; revisar aparte por solapes grandes con i-DE, UFD y pequeñas."
castilla_leon,Villaornate y Castro,"e-distribución Redes Digitales, S.L.U.",regional_default_candidate,exclude_from_bulk_import,no,e-distribución — distribución eléctrica,https://www.edistribucion.com/es/conocenos/instalaciones-distribucion-red/distribucion-electrica.html,official_distributor_public,2026-05-06,"No incluir en bloque e-distribución; revisar aparte por solapes grandes con i-DE, UFD y pequeñas."
castilla_leon,Villaprovedo,"e-distribución Redes Digitales, S.L.U.",regional_default_candidate,exclude_from_bulk_import,no,e-distribución — distribución eléctrica,https://www.edistribucion.com/es/conocenos/instalaciones-distribucion-red/distribucion-electrica.html,official_distributor_public,2026-05-06,"No incluir en bloque e-distribución; revisar aparte por solapes grandes con i-DE, UFD y pequeñas."
castilla_leon,Villaquejida,"e-distribución Redes Digitales, S.L.U.",regional_default_candidate,exclude_from_bulk_import,no,e-distribución — distribución eléctrica,https://www.edistribucion.com/es/conocenos/instalaciones-distribucion-red/distribucion-electrica.html,official_distributor_public,2026-05-06,"No incluir en bloque e-distribución; revisar aparte por solapes grandes con i-DE, UFD y pequeñas."
castilla_leon,Villaquilambre,"e-distribución Redes Digitales, S.L.U.",regional_default_candidate,exclude_from_bulk_import,no,e-distribución — distribución eléctrica,https://www.edistribucion.com/es/conocenos/instalaciones-distribucion-red/distribucion-electrica.html,official_distributor_public,2026-05-06,"No incluir en bloque e-distribución; revisar aparte por solapes grandes con i-DE, UFD y pequeñas."
castilla_leon,Villaquirán de la Puebla,"e-distribución Redes Digitales, S.L.U.",regional_default_candidate,exclude_from_bulk_import,no,e-distribución — distribución eléctrica,https://www.edistribucion.com/es/conocenos/instalaciones-distribucion-red/distribucion-electrica.html,official_distributor_public,2026-05-06,"No incluir en bloque e-distribución; revisar aparte por solapes grandes con i-DE, UFD y pequeñas."
castilla_leon,Villaquirán de los Infantes,"e-distribución Redes Digitales, S.L.U.",regional_default_candidate,exclude_from_bulk_import,no,e-distribución — distribución eléctrica,https://www.edistribucion.com/es/conocenos/instalaciones-distribucion-red/distribucion-electrica.html,official_distributor_public,2026-05-06,"No incluir en bloque e-distribución; revisar aparte por solapes grandes con i-DE, UFD y pequeñas."
castilla_leon,Villar de Argañán,"e-distribución Redes Digitales, S.L.U.",regional_default_candidate,exclude_from_bulk_import,no,e-distribución — distribución eléctrica,https://www.edistribucion.com/es/conocenos/instalaciones-distribucion-red/distribucion-electrica.html,official_distributor_public,2026-05-06,"No incluir en bloque e-distribución; revisar aparte por solapes grandes con i-DE, UFD y pequeñas."
castilla_leon,Villar de Ciervo,"e-distribución Redes Digitales, S.L.U.",regional_default_candidate,exclude_from_bulk_import,no,e-distribución — distribución eléctrica,https://www.edistribucion.com/es/conocenos/instalaciones-distribucion-red/distribucion-electrica.html,official_distributor_public,2026-05-06,"No incluir en bloque e-distribución; revisar aparte por solapes grandes con i-DE, UFD y pequeñas."
castilla_leon,Villar de Corneja,"e-distribución Redes Digitales, S.L.U.",regional_default_candidate,exclude_from_bulk_import,no,e-distribución — distribución eléctrica,https://www.edistribucion.com/es/conocenos/instalaciones-distribucion-red/distribucion-electrica.html,official_distributor_public,2026-05-06,"No incluir en bloque e-distribución; revisar aparte por solapes grandes con i-DE, UFD y pequeñas."
castilla_leon,Villar de Fallaves,"e-distribución Redes Digitales, S.L.U.",regional_default_candidate,exclude_from_bulk_import,no,e-distribución — distribución eléctrica,https://www.edistribucion.com/es/conocenos/instalaciones-distribucion-red/distribucion-electrica.html,official_distributor_public,2026-05-06,"No incluir en bloque e-distribución; revisar aparte por solapes grandes con i-DE, UFD y pequeñas."
castilla_leon,Villar de Gallimazo,"e-distribución Redes Digitales, S.L.U.",regional_default_candidate,exclude_from_bulk_import,no,e-distribución — distribución eléctrica,https://www.edistribucion.com/es/conocenos/instalaciones-distribucion-red/distribucion-electrica.html,official_distributor_public,2026-05-06,"No incluir en bloque e-distribución; revisar aparte por solapes grandes con i-DE, UFD y pequeñas."
castilla_leon,Villar de la Yegua,"e-distribución Redes Digitales, S.L.U.",regional_default_candidate,exclude_from_bulk_import,no,e-distribución — distribución eléctrica,https://www.edistribucion.com/es/conocenos/instalaciones-distribucion-red/distribucion-electrica.html,official_distributor_public,2026-05-06,"No incluir en bloque e-distribución; revisar aparte por solapes grandes con i-DE, UFD y pequeñas."
castilla_leon,Villar de Peralonso,"e-distribución Redes Digitales, S.L.U.",regional_default_candidate,exclude_from_bulk_import,no,e-distribución — distribución eléctrica,https://www.edistribucion.com/es/conocenos/instalaciones-distribucion-red/distribucion-electrica.html,official_distributor_public,2026-05-06,"No incluir en bloque e-distribución; revisar aparte por solapes grandes con i-DE, UFD y pequeñas."
castilla_leon,Villar de Samaniego,"e-distribución Redes Digitales, S.L.U.",regional_default_candidate,exclude_from_bulk_import,no,e-distribución — distribución eléctrica,https://www.edistribucion.com/es/conocenos/instalaciones-distribucion-red/distribucion-electrica.html,official_distributor_public,2026-05-06,"No incluir en bloque e-distribución; revisar aparte por solapes grandes con i-DE, UFD y pequeñas."
castilla_leon,Villar del Ala,"e-distribución Redes Digitales, S.L.U.",regional_default_candidate,exclude_from_bulk_import,no,e-distribución — distribución eléctrica,https://www.edistribucion.com/es/conocenos/instalaciones-distribucion-red/distribucion-electrica.html,official_distributor_public,2026-05-06,"No incluir en bloque e-distribución; revisar aparte por solapes grandes con i-DE, UFD y pequeñas."
castilla_leon,Villar del Buey,"e-distribución Redes Digitales, S.L.U.",regional_default_candidate,exclude_from_bulk_import,no,e-distribución — distribución eléctrica,https://www.edistribucion.com/es/conocenos/instalaciones-distribucion-red/distribucion-electrica.html,official_distributor_public,2026-05-06,"No incluir en bloque e-distribución; revisar aparte por solapes grandes con i-DE, UFD y pequeñas."
castilla_leon,Villar del Campo,"e-distribución Redes Digitales, S.L.U.",regional_default_candidate,exclude_from_bulk_import,no,e-distribución — distribución eléctrica,https://www.edistribucion.com/es/conocenos/instalaciones-distribucion-red/distribucion-electrica.html,official_distributor_public,2026-05-06,"No incluir en bloque e-distribución; revisar aparte por solapes grandes con i-DE, UFD y pequeñas."
castilla_leon,Villar del Río,"e-distribución Redes Digitales, S.L.U.",regional_default_candidate,exclude_from_bulk_import,no,e-distribución — distribución eléctrica,https://www.edistribucion.com/es/conocenos/instalaciones-distribucion-red/distribucion-electrica.html,official_distributor_public,2026-05-06,"No incluir en bloque e-distribución; revisar aparte por solapes grandes con i-DE, UFD y pequeñas."
castilla_leon,Villaralbo,"e-distribución Redes Digitales, S.L.U.",regional_default_candidate,exclude_from_bulk_import,no,e-distribución — distribución eléctrica,https://www.edistribucion.com/es/conocenos/instalaciones-distribucion-red/distribucion-electrica.html,official_distributor_public,2026-05-06,"No incluir en bloque e-distribución; revisar aparte por solapes grandes con i-DE, UFD y pequeñas."
castilla_leon,Villarcayo de Merindad de Castilla la Vieja,"e-distribución Redes Digitales, S.L.U.",regional_default_candidate,exclude_from_bulk_import,no,e-distribución — distribución eléctrica,https://www.edistribucion.com/es/conocenos/instalaciones-distribucion-red/distribucion-electrica.html,official_distributor_public,2026-05-06,"No incluir en bloque e-distribución; revisar aparte por solapes grandes con i-DE, UFD y pequeñas."
castilla_leon,Villardeciervos,"e-distribución Redes Digitales, S.L.U.",regional_default_candidate,exclude_from_bulk_import,no,e-distribución — distribución eléctrica,https://www.edistribucion.com/es/conocenos/instalaciones-distribucion-red/distribucion-electrica.html,official_distributor_public,2026-05-06,"No incluir en bloque e-distribución; revisar aparte por solapes grandes con i-DE, UFD y pequeñas."
castilla_leon,Villardefrades,"e-distribución Redes Digitales, S.L.U.",regional_default_candidate,exclude_from_bulk_import,no,e-distribución — distribución eléctrica,https://www.edistribucion.com/es/conocenos/instalaciones-distribucion-red/distribucion-electrica.html,official_distributor_public,2026-05-06,"No incluir en bloque e-distribución; revisar aparte por solapes grandes con i-DE, UFD y pequeñas."
castilla_leon,Villardiegua de la Ribera,"e-distribución Redes Digitales, S.L.U.",regional_default_candidate,exclude_from_bulk_import,no,e-distribución — distribución eléctrica,https://www.edistribucion.com/es/conocenos/instalaciones-distribucion-red/distribucion-electrica.html,official_distributor_public,2026-05-06,"No incluir en bloque e-distribución; revisar aparte por solapes grandes con i-DE, UFD y pequeñas."
castilla_leon,Villárdiga,"e-distribución Redes Digitales, S.L.U.",regional_default_candidate,exclude_from_bulk_import,no,e-distribución — distribución eléctrica,https://www.edistribucion.com/es/conocenos/instalaciones-distribucion-red/distribucion-electrica.html,official_distributor_public,2026-05-06,"No incluir en bloque e-distribución; revisar aparte por solapes grandes con i-DE, UFD y pequeñas."
castilla_leon,Villardondiego,"e-distribución Redes Digitales, S.L.U.",regional_default_candidate,exclude_from_bulk_import,no,e-distribución — distribución eléctrica,https://www.edistribucion.com/es/conocenos/instalaciones-distribucion-red/distribucion-electrica.html,official_distributor_public,2026-05-06,"No incluir en bloque e-distribución; revisar aparte por solapes grandes con i-DE, UFD y pequeñas."
castilla_leon,Villarejo de Órbigo,"e-distribución Redes Digitales, S.L.U.",regional_default_candidate,exclude_from_bulk_import,no,e-distribución — distribución eléctrica,https://www.edistribucion.com/es/conocenos/instalaciones-distribucion-red/distribucion-electrica.html,official_distributor_public,2026-05-06,"No incluir en bloque e-distribución; revisar aparte por solapes grandes con i-DE, UFD y pequeñas."
castilla_leon,Villarejo del Valle,"e-distribución Redes Digitales, S.L.U.",regional_default_candidate,exclude_from_bulk_import,no,e-distribución — distribución eléctrica,https://www.edistribucion.com/es/conocenos/instalaciones-distribucion-red/distribucion-electrica.html,official_distributor_public,2026-05-06,"No incluir en bloque e-distribución; revisar aparte por solapes grandes con i-DE, UFD y pequeñas."
castilla_leon,Villares de la Reina,"e-distribución Redes Digitales, S.L.U.",regional_default_candidate,exclude_from_bulk_import,no,e-distribución — distribución eléctrica,https://www.edistribucion.com/es/conocenos/instalaciones-distribucion-red/distribucion-electrica.html,official_distributor_public,2026-05-06,"No incluir en bloque e-distribución; revisar aparte por solapes grandes con i-DE, UFD y pequeñas."
castilla_leon,Villares de Órbigo,"e-distribución Redes Digitales, S.L.U.",regional_default_candidate,exclude_from_bulk_import,no,e-distribución — distribución eléctrica,https://www.edistribucion.com/es/conocenos/instalaciones-distribucion-red/distribucion-electrica.html,official_distributor_public,2026-05-06,"No incluir en bloque e-distribución; revisar aparte por solapes grandes con i-DE, UFD y pequeñas."
castilla_leon,Villares de Yeltes,"e-distribución Redes Digitales, S.L.U.",regional_default_candidate,exclude_from_bulk_import,no,e-distribución — distribución eléctrica,https://www.edistribucion.com/es/conocenos/instalaciones-distribucion-red/distribucion-electrica.html,official_distributor_public,2026-05-06,"No incluir en bloque e-distribución; revisar aparte por solapes grandes con i-DE, UFD y pequeñas."
castilla_leon,Villariezo,"e-distribución Redes Digitales, S.L.U.",regional_default_candidate,exclude_from_bulk_import,no,e-distribución — distribución eléctrica,https://www.edistribucion.com/es/conocenos/instalaciones-distribucion-red/distribucion-electrica.html,official_distributor_public,2026-05-06,"No incluir en bloque e-distribución; revisar aparte por solapes grandes con i-DE, UFD y pequeñas."
castilla_leon,Villarino de los Aires,"e-distribución Redes Digitales, S.L.U.",regional_default_candidate,exclude_from_bulk_import,no,e-distribución — distribución eléctrica,https://www.edistribucion.com/es/conocenos/instalaciones-distribucion-red/distribucion-electrica.html,official_distributor_public,2026-05-06,"No incluir en bloque e-distribución; revisar aparte por solapes grandes con i-DE, UFD y pequeñas."
castilla_leon,Villarmayor,"e-distribución Redes Digitales, S.L.U.",regional_default_candidate,exclude_from_bulk_import,no,e-distribución — distribución eléctrica,https://www.edistribucion.com/es/conocenos/instalaciones-distribucion-red/distribucion-electrica.html,official_distributor_public,2026-05-06,"No incluir en bloque e-distribución; revisar aparte por solapes grandes con i-DE, UFD y pequeñas."
castilla_leon,Villarmentero de Campos,"e-distribución Redes Digitales, S.L.U.",regional_default_candidate,exclude_from_bulk_import,no,e-distribución — distribución eléctrica,https://www.edistribucion.com/es/conocenos/instalaciones-distribucion-red/distribucion-electrica.html,official_distributor_public,2026-05-06,"No incluir en bloque e-distribución; revisar aparte por solapes grandes con i-DE, UFD y pequeñas."
castilla_leon,Villarmentero de Esgueva,"e-distribución Redes Digitales, S.L.U.",regional_default_candidate,exclude_from_bulk_import,no,e-distribución — distribución eléctrica,https://www.edistribucion.com/es/conocenos/instalaciones-distribucion-red/distribucion-electrica.html,official_distributor_public,2026-05-06,"No incluir en bloque e-distribución; revisar aparte por solapes grandes con i-DE, UFD y pequeñas."
castilla_leon,Villarmuerto,"e-distribución Redes Digitales, S.L.U.",regional_default_candidate,exclude_from_bulk_import,no,e-distribución — distribución eléctrica,https://www.edistribucion.com/es/conocenos/instalaciones-distribucion-red/distribucion-electrica.html,official_distributor_public,2026-05-06,"No incluir en bloque e-distribución; revisar aparte por solapes grandes con i-DE, UFD y pequeñas."
castilla_leon,Villarrabé,"e-distribución Redes Digitales, S.L.U.",regional_default_candidate,exclude_from_bulk_import,no,e-distribución — distribución eléctrica,https://www.edistribucion.com/es/conocenos/instalaciones-distribucion-red/distribucion-electrica.html,official_distributor_public,2026-05-06,"No incluir en bloque e-distribución; revisar aparte por solapes grandes con i-DE, UFD y pequeñas."
castilla_leon,Villarramiel,"e-distribución Redes Digitales, S.L.U.",regional_default_candidate,exclude_from_bulk_import,no,e-distribución — distribución eléctrica,https://www.edistribucion.com/es/conocenos/instalaciones-distribucion-red/distribucion-electrica.html,official_distributor_public,2026-05-06,"No incluir en bloque e-distribución; revisar aparte por solapes grandes con i-DE, UFD y pequeñas."
castilla_leon,Villarrín de Campos,"e-distribución Redes Digitales, S.L.U.",regional_default_candidate,exclude_from_bulk_import,no,e-distribución — distribución eléctrica,https://www.edistribucion.com/es/conocenos/instalaciones-distribucion-red/distribucion-electrica.html,official_distributor_public,2026-05-06,"No incluir en bloque e-distribución; revisar aparte por solapes grandes con i-DE, UFD y pequeñas."
castilla_leon,Villasabariego,"e-distribución Redes Digitales, S.L.U.",regional_default_candidate,exclude_from_bulk_import,no,e-distribución — distribución eléctrica,https://www.edistribucion.com/es/conocenos/instalaciones-distribucion-red/distribucion-electrica.html,official_distributor_public,2026-05-06,"No incluir en bloque e-distribución; revisar aparte por solapes grandes con i-DE, UFD y pequeñas."
castilla_leon,Villasandino,"e-distribución Redes Digitales, S.L.U.",regional_default_candidate,exclude_from_bulk_import,no,e-distribución — distribución eléctrica,https://www.edistribucion.com/es/conocenos/instalaciones-distribucion-red/distribucion-electrica.html,official_distributor_public,2026-05-06,"No incluir en bloque e-distribución; revisar aparte por solapes grandes con i-DE, UFD y pequeñas."
castilla_leon,Villasarracino,"e-distribución Redes Digitales, S.L.U.",regional_default_candidate,exclude_from_bulk_import,no,e-distribución — distribución eléctrica,https://www.edistribucion.com/es/conocenos/instalaciones-distribucion-red/distribucion-electrica.html,official_distributor_public,2026-05-06,"No incluir en bloque e-distribución; revisar aparte por solapes grandes con i-DE, UFD y pequeñas."
castilla_leon,Villasayas,"e-distribución Redes Digitales, S.L.U.",regional_default_candidate,exclude_from_bulk_import,no,e-distribución — distribución eléctrica,https://www.edistribucion.com/es/conocenos/instalaciones-distribucion-red/distribucion-electrica.html,official_distributor_public,2026-05-06,"No incluir en bloque e-distribución; revisar aparte por solapes grandes con i-DE, UFD y pequeñas."
castilla_leon,Villasbuenas,"e-distribución Redes Digitales, S.L.U.",regional_default_candidate,exclude_from_bulk_import,no,e-distribución — distribución eléctrica,https://www.edistribucion.com/es/conocenos/instalaciones-distribucion-red/distribucion-electrica.html,official_distributor_public,2026-05-06,"No incluir en bloque e-distribución; revisar aparte por solapes grandes con i-DE, UFD y pequeñas."
castilla_leon,Villasdardo,"e-distribución Redes Digitales, S.L.U.",regional_default_candidate,exclude_from_bulk_import,no,e-distribución — distribución eléctrica,https://www.edistribucion.com/es/conocenos/instalaciones-distribucion-red/distribucion-electrica.html,official_distributor_public,2026-05-06,"No incluir en bloque e-distribución; revisar aparte por solapes grandes con i-DE, UFD y pequeñas."
castilla_leon,Villaseca de Arciel,"e-distribución Redes Digitales, S.L.U.",regional_default_candidate,exclude_from_bulk_import,no,e-distribución — distribución eléctrica,https://www.edistribucion.com/es/conocenos/instalaciones-distribucion-red/distribucion-electrica.html,official_distributor_public,2026-05-06,"No incluir en bloque e-distribución; revisar aparte por solapes grandes con i-DE, UFD y pequeñas."
castilla_leon,Villaseco de los Gamitos,"e-distribución Redes Digitales, S.L.U.",regional_default_candidate,exclude_from_bulk_import,no,e-distribución — distribución eléctrica,https://www.edistribucion.com/es/conocenos/instalaciones-distribucion-red/distribucion-electrica.html,official_distributor_public,2026-05-06,"No incluir en bloque e-distribución; revisar aparte por solapes grandes con i-DE, UFD y pequeñas."
castilla_leon,Villaseco de los Reyes,"e-distribución Redes Digitales, S.L.U.",regional_default_candidate,exclude_from_bulk_import,no,e-distribución — distribución eléctrica,https://www.edistribucion.com/es/conocenos/instalaciones-distribucion-red/distribucion-electrica.html,official_distributor_public,2026-05-06,"No incluir en bloque e-distribución; revisar aparte por solapes grandes con i-DE, UFD y pequeñas."
castilla_leon,Villaseco del Pan,"e-distribución Redes Digitales, S.L.U.",regional_default_candidate,exclude_from_bulk_import,no,e-distribución — distribución eléctrica,https://www.edistribucion.com/es/conocenos/instalaciones-distribucion-red/distribucion-electrica.html,official_distributor_public,2026-05-06,"No incluir en bloque e-distribución; revisar aparte por solapes grandes con i-DE, UFD y pequeñas."
castilla_leon,Villaselán,"e-distribución Redes Digitales, S.L.U.",regional_default_candidate,exclude_from_bulk_import,no,e-distribución — distribución eléctrica,https://www.edistribucion.com/es/conocenos/instalaciones-distribucion-red/distribucion-electrica.html,official_distributor_public,2026-05-06,"No incluir en bloque e-distribución; revisar aparte por solapes grandes con i-DE, UFD y pequeñas."
castilla_leon,Villasexmir,"e-distribución Redes Digitales, S.L.U.",regional_default_candidate,exclude_from_bulk_import,no,e-distribución — distribución eléctrica,https://www.edistribucion.com/es/conocenos/instalaciones-distribucion-red/distribucion-electrica.html,official_distributor_public,2026-05-06,"No incluir en bloque e-distribución; revisar aparte por solapes grandes con i-DE, UFD y pequeñas."
castilla_leon,Villasila de Valdavia,"e-distribución Redes Digitales, S.L.U.",regional_default_candidate,exclude_from_bulk_import,no,e-distribución — distribución eléctrica,https://www.edistribucion.com/es/conocenos/instalaciones-distribucion-red/distribucion-electrica.html,official_distributor_public,2026-05-06,"No incluir en bloque e-distribución; revisar aparte por solapes grandes con i-DE, UFD y pequeñas."
castilla_leon,Villasrubias,"e-distribución Redes Digitales, S.L.U.",regional_default_candidate,exclude_from_bulk_import,no,e-distribución — distribución eléctrica,https://www.edistribucion.com/es/conocenos/instalaciones-distribucion-red/distribucion-electrica.html,official_distributor_public,2026-05-06,"No incluir en bloque e-distribución; revisar aparte por solapes grandes con i-DE, UFD y pequeñas."
castilla_leon,Villasur de Herreros,"e-distribución Redes Digitales, S.L.U.",regional_default_candidate,exclude_from_bulk_import,no,e-distribución — distribución eléctrica,https://www.edistribucion.com/es/conocenos/instalaciones-distribucion-red/distribucion-electrica.html,official_distributor_public,2026-05-06,"No incluir en bloque e-distribución; revisar aparte por solapes grandes con i-DE, UFD y pequeñas."
castilla_leon,Villatoro,"e-distribución Redes Digitales, S.L.U.",regional_default_candidate,exclude_from_bulk_import,no,e-distribución — distribución eléctrica,https://www.edistribucion.com/es/conocenos/instalaciones-distribucion-red/distribucion-electrica.html,official_distributor_public,2026-05-06,"No incluir en bloque e-distribución; revisar aparte por solapes grandes con i-DE, UFD y pequeñas."
castilla_leon,Villatuelda,"e-distribución Redes Digitales, S.L.U.",regional_default_candidate,exclude_from_bulk_import,no,e-distribución — distribución eléctrica,https://www.edistribucion.com/es/conocenos/instalaciones-distribucion-red/distribucion-electrica.html,official_distributor_public,2026-05-06,"No incluir en bloque e-distribución; revisar aparte por solapes grandes con i-DE, UFD y pequeñas."
castilla_leon,Villaturde,"e-distribución Redes Digitales, S.L.U.",regional_default_candidate,exclude_from_bulk_import,no,e-distribución — distribución eléctrica,https://www.edistribucion.com/es/conocenos/instalaciones-distribucion-red/distribucion-electrica.html,official_distributor_public,2026-05-06,"No incluir en bloque e-distribución; revisar aparte por solapes grandes con i-DE, UFD y pequeñas."
castilla_leon,Villaturiel,"e-distribución Redes Digitales, S.L.U.",regional_default_candidate,exclude_from_bulk_import,no,e-distribución — distribución eléctrica,https://www.edistribucion.com/es/conocenos/instalaciones-distribucion-red/distribucion-electrica.html,official_distributor_public,2026-05-06,"No incluir en bloque e-distribución; revisar aparte por solapes grandes con i-DE, UFD y pequeñas."
castilla_leon,Villaumbrales,"e-distribución Redes Digitales, S.L.U.",regional_default_candidate,exclude_from_bulk_import,no,e-distribución — distribución eléctrica,https://www.edistribucion.com/es/conocenos/instalaciones-distribucion-red/distribucion-electrica.html,official_distributor_public,2026-05-06,"No incluir en bloque e-distribución; revisar aparte por solapes grandes con i-DE, UFD y pequeñas."
castilla_leon,Villavaquerín,"e-distribución Redes Digitales, S.L.U.",regional_default_candidate,exclude_from_bulk_import,no,e-distribución — distribución eléctrica,https://www.edistribucion.com/es/conocenos/instalaciones-distribucion-red/distribucion-electrica.html,official_distributor_public,2026-05-06,"No incluir en bloque e-distribución; revisar aparte por solapes grandes con i-DE, UFD y pequeñas."
castilla_leon,Villavellid,"e-distribución Redes Digitales, S.L.U.",regional_default_candidate,exclude_from_bulk_import,no,e-distribución — distribución eléctrica,https://www.edistribucion.com/es/conocenos/instalaciones-distribucion-red/distribucion-electrica.html,official_distributor_public,2026-05-06,"No incluir en bloque e-distribución; revisar aparte por solapes grandes con i-DE, UFD y pequeñas."
castilla_leon,Villavendimio,"e-distribución Redes Digitales, S.L.U.",regional_default_candidate,exclude_from_bulk_import,no,e-distribución — distribución eléctrica,https://www.edistribucion.com/es/conocenos/instalaciones-distribucion-red/distribucion-electrica.html,official_distributor_public,2026-05-06,"No incluir en bloque e-distribución; revisar aparte por solapes grandes con i-DE, UFD y pequeñas."
castilla_leon,Villaverde de Guareña,"e-distribución Redes Digitales, S.L.U.",regional_default_candidate,exclude_from_bulk_import,no,e-distribución — distribución eléctrica,https://www.edistribucion.com/es/conocenos/instalaciones-distribucion-red/distribucion-electrica.html,official_distributor_public,2026-05-06,"No incluir en bloque e-distribución; revisar aparte por solapes grandes con i-DE, UFD y pequeñas."
castilla_leon,Villaverde de Íscar,"e-distribución Redes Digitales, S.L.U.",regional_default_candidate,exclude_from_bulk_import,no,e-distribución — distribución eléctrica,https://www.edistribucion.com/es/conocenos/instalaciones-distribucion-red/distribucion-electrica.html,official_distributor_public,2026-05-06,"No incluir en bloque e-distribución; revisar aparte por solapes grandes con i-DE, UFD y pequeñas."
castilla_leon,Villaverde de Medina,"e-distribución Redes Digitales, S.L.U.",regional_default_candidate,exclude_from_bulk_import,no,e-distribución — distribución eléctrica,https://www.edistribucion.com/es/conocenos/instalaciones-distribucion-red/distribucion-electrica.html,official_distributor_public,2026-05-06,"No incluir en bloque e-distribución; revisar aparte por solapes grandes con i-DE, UFD y pequeñas."
castilla_leon,Villaverde de Montejo,"e-distribución Redes Digitales, S.L.U.",regional_default_candidate,exclude_from_bulk_import,no,e-distribución — distribución eléctrica,https://www.edistribucion.com/es/conocenos/instalaciones-distribucion-red/distribucion-electrica.html,official_distributor_public,2026-05-06,"No incluir en bloque e-distribución; revisar aparte por solapes grandes con i-DE, UFD y pequeñas."
castilla_leon,Villaverde del Monte,"e-distribución Redes Digitales, S.L.U.",regional_default_candidate,exclude_from_bulk_import,no,e-distribución — distribución eléctrica,https://www.edistribucion.com/es/conocenos/instalaciones-distribucion-red/distribucion-electrica.html,official_distributor_public,2026-05-06,"No incluir en bloque e-distribución; revisar aparte por solapes grandes con i-DE, UFD y pequeñas."
castilla_leon,Villaverde-Mogina,"e-distribución Redes Digitales, S.L.U.",regional_default_candidate,exclude_from_bulk_import,no,e-distribución — distribución eléctrica,https://www.edistribucion.com/es/conocenos/instalaciones-distribucion-red/distribucion-electrica.html,official_distributor_public,2026-05-06,"No incluir en bloque e-distribución; revisar aparte por solapes grandes con i-DE, UFD y pequeñas."
castilla_leon,Villaveza de Valverde,"e-distribución Redes Digitales, S.L.U.",regional_default_candidate,exclude_from_bulk_import,no,e-distribución — distribución eléctrica,https://www.edistribucion.com/es/conocenos/instalaciones-distribucion-red/distribucion-electrica.html,official_distributor_public,2026-05-06,"No incluir en bloque e-distribución; revisar aparte por solapes grandes con i-DE, UFD y pequeñas."
castilla_leon,Villaveza del Agua,"e-distribución Redes Digitales, S.L.U.",regional_default_candidate,exclude_from_bulk_import,no,e-distribución — distribución eléctrica,https://www.edistribucion.com/es/conocenos/instalaciones-distribucion-red/distribucion-electrica.html,official_distributor_public,2026-05-06,"No incluir en bloque e-distribución; revisar aparte por solapes grandes con i-DE, UFD y pequeñas."
castilla_leon,Villavicencio de los Caballeros,"e-distribución Redes Digitales, S.L.U.",regional_default_candidate,exclude_from_bulk_import,no,e-distribución — distribución eléctrica,https://www.edistribucion.com/es/conocenos/instalaciones-distribucion-red/distribucion-electrica.html,official_distributor_public,2026-05-06,"No incluir en bloque e-distribución; revisar aparte por solapes grandes con i-DE, UFD y pequeñas."
castilla_leon,Villavieja de Yeltes,"e-distribución Redes Digitales, S.L.U.",regional_default_candidate,exclude_from_bulk_import,no,e-distribución — distribución eléctrica,https://www.edistribucion.com/es/conocenos/instalaciones-distribucion-red/distribucion-electrica.html,official_distributor_public,2026-05-06,"No incluir en bloque e-distribución; revisar aparte por solapes grandes con i-DE, UFD y pequeñas."
castilla_leon,Villaviudas,"e-distribución Redes Digitales, S.L.U.",regional_default_candidate,exclude_from_bulk_import,no,e-distribución — distribución eléctrica,https://www.edistribucion.com/es/conocenos/instalaciones-distribucion-red/distribucion-electrica.html,official_distributor_public,2026-05-06,"No incluir en bloque e-distribución; revisar aparte por solapes grandes con i-DE, UFD y pequeñas."
castilla_leon,Villayerno Morquillas,"e-distribución Redes Digitales, S.L.U.",regional_default_candidate,exclude_from_bulk_import,no,e-distribución — distribución eléctrica,https://www.edistribucion.com/es/conocenos/instalaciones-distribucion-red/distribucion-electrica.html,official_distributor_public,2026-05-06,"No incluir en bloque e-distribución; revisar aparte por solapes grandes con i-DE, UFD y pequeñas."
castilla_leon,Villazala,"e-distribución Redes Digitales, S.L.U.",regional_default_candidate,exclude_from_bulk_import,no,e-distribución — distribución eléctrica,https://www.edistribucion.com/es/conocenos/instalaciones-distribucion-red/distribucion-electrica.html,official_distributor_public,2026-05-06,"No incluir en bloque e-distribución; revisar aparte por solapes grandes con i-DE, UFD y pequeñas."
castilla_leon,Villazanzo de Valderaduey,"e-distribución Redes Digitales, S.L.U.",regional_default_candidate,exclude_from_bulk_import,no,e-distribución — distribución eléctrica,https://www.edistribucion.com/es/conocenos/instalaciones-distribucion-red/distribucion-electrica.html,official_distributor_public,2026-05-06,"No incluir en bloque e-distribución; revisar aparte por solapes grandes con i-DE, UFD y pequeñas."
castilla_leon,Villazopeque,"e-distribución Redes Digitales, S.L.U.",regional_default_candidate,exclude_from_bulk_import,no,e-distribución — distribución eléctrica,https://www.edistribucion.com/es/conocenos/instalaciones-distribucion-red/distribucion-electrica.html,official_distributor_public,2026-05-06,"No incluir en bloque e-distribución; revisar aparte por solapes grandes con i-DE, UFD y pequeñas."
castilla_leon,Villegas,"e-distribución Redes Digitales, S.L.U.",regional_default_candidate,exclude_from_bulk_import,no,e-distribución — distribución eléctrica,https://www.edistribucion.com/es/conocenos/instalaciones-distribucion-red/distribucion-electrica.html,official_distributor_public,2026-05-06,"No incluir en bloque e-distribución; revisar aparte por solapes grandes con i-DE, UFD y pequeñas."
castilla_leon,Villeguillo,"e-distribución Redes Digitales, S.L.U.",regional_default_candidate,exclude_from_bulk_import,no,e-distribución — distribución eléctrica,https://www.edistribucion.com/es/conocenos/instalaciones-distribucion-red/distribucion-electrica.html,official_distributor_public,2026-05-06,"No incluir en bloque e-distribución; revisar aparte por solapes grandes con i-DE, UFD y pequeñas."
castilla_leon,Villerías de Campos,"e-distribución Redes Digitales, S.L.U.",regional_default_candidate,exclude_from_bulk_import,no,e-distribución — distribución eléctrica,https://www.edistribucion.com/es/conocenos/instalaciones-distribucion-red/distribucion-electrica.html,official_distributor_public,2026-05-06,"No incluir en bloque e-distribución; revisar aparte por solapes grandes con i-DE, UFD y pequeñas."
castilla_leon,Villodre,"e-distribución Redes Digitales, S.L.U.",regional_default_candidate,exclude_from_bulk_import,no,e-distribución — distribución eléctrica,https://www.edistribucion.com/es/conocenos/instalaciones-distribucion-red/distribucion-electrica.html,official_distributor_public,2026-05-06,"No incluir en bloque e-distribución; revisar aparte por solapes grandes con i-DE, UFD y pequeñas."
castilla_leon,Villodrigo,"e-distribución Redes Digitales, S.L.U.",regional_default_candidate,exclude_from_bulk_import,no,e-distribución — distribución eléctrica,https://www.edistribucion.com/es/conocenos/instalaciones-distribucion-red/distribucion-electrica.html,official_distributor_public,2026-05-06,"No incluir en bloque e-distribución; revisar aparte por solapes grandes con i-DE, UFD y pequeñas."
castilla_leon,Villoldo,"e-distribución Redes Digitales, S.L.U.",regional_default_candidate,exclude_from_bulk_import,no,e-distribución — distribución eléctrica,https://www.edistribucion.com/es/conocenos/instalaciones-distribucion-red/distribucion-electrica.html,official_distributor_public,2026-05-06,"No incluir en bloque e-distribución; revisar aparte por solapes grandes con i-DE, UFD y pequeñas."
castilla_leon,Villoria,"e-distribución Redes Digitales, S.L.U.",regional_default_candidate,exclude_from_bulk_import,no,e-distribución — distribución eléctrica,https://www.edistribucion.com/es/conocenos/instalaciones-distribucion-red/distribucion-electrica.html,official_distributor_public,2026-05-06,"No incluir en bloque e-distribución; revisar aparte por solapes grandes con i-DE, UFD y pequeñas."
castilla_leon,Villoruebo,"e-distribución Redes Digitales, S.L.U.",regional_default_candidate,exclude_from_bulk_import,no,e-distribución — distribución eléctrica,https://www.edistribucion.com/es/conocenos/instalaciones-distribucion-red/distribucion-electrica.html,official_distributor_public,2026-05-06,"No incluir en bloque e-distribución; revisar aparte por solapes grandes con i-DE, UFD y pequeñas."
castilla_leon,Villoruela,"e-distribución Redes Digitales, S.L.U.",regional_default_candidate,exclude_from_bulk_import,no,e-distribución — distribución eléctrica,https://www.edistribucion.com/es/conocenos/instalaciones-distribucion-red/distribucion-electrica.html,official_distributor_public,2026-05-06,"No incluir en bloque e-distribución; revisar aparte por solapes grandes con i-DE, UFD y pequeñas."
castilla_leon,Villota del Páramo,"e-distribución Redes Digitales, S.L.U.",regional_default_candidate,exclude_from_bulk_import,no,e-distribución — distribución eléctrica,https://www.edistribucion.com/es/conocenos/instalaciones-distribucion-red/distribucion-electrica.html,official_distributor_public,2026-05-06,"No incluir en bloque e-distribución; revisar aparte por solapes grandes con i-DE, UFD y pequeñas."
castilla_leon,Villovieco,"e-distribución Redes Digitales, S.L.U.",regional_default_candidate,exclude_from_bulk_import,no,e-distribución — distribución eléctrica,https://www.edistribucion.com/es/conocenos/instalaciones-distribucion-red/distribucion-electrica.html,official_distributor_public,2026-05-06,"No incluir en bloque e-distribución; revisar aparte por solapes grandes con i-DE, UFD y pequeñas."
castilla_leon,Viloria,"e-distribución Redes Digitales, S.L.U.",regional_default_candidate,exclude_from_bulk_import,no,e-distribución — distribución eléctrica,https://www.edistribucion.com/es/conocenos/instalaciones-distribucion-red/distribucion-electrica.html,official_distributor_public,2026-05-06,"No incluir en bloque e-distribución; revisar aparte por solapes grandes con i-DE, UFD y pequeñas."
castilla_leon,Viloria de Rioja,"e-distribución Redes Digitales, S.L.U.",regional_default_candidate,exclude_from_bulk_import,no,e-distribución — distribución eléctrica,https://www.edistribucion.com/es/conocenos/instalaciones-distribucion-red/distribucion-electrica.html,official_distributor_public,2026-05-06,"No incluir en bloque e-distribución; revisar aparte por solapes grandes con i-DE, UFD y pequeñas."
castilla_leon,Vilvestre,"e-distribución Redes Digitales, S.L.U.",regional_default_candidate,exclude_from_bulk_import,no,e-distribución — distribución eléctrica,https://www.edistribucion.com/es/conocenos/instalaciones-distribucion-red/distribucion-electrica.html,official_distributor_public,2026-05-06,"No incluir en bloque e-distribución; revisar aparte por solapes grandes con i-DE, UFD y pequeñas."
castilla_leon,Vilviestre del Pinar,"e-distribución Redes Digitales, S.L.U.",regional_default_candidate,exclude_from_bulk_import,no,e-distribución — distribución eléctrica,https://www.edistribucion.com/es/conocenos/instalaciones-distribucion-red/distribucion-electrica.html,official_distributor_public,2026-05-06,"No incluir en bloque e-distribución; revisar aparte por solapes grandes con i-DE, UFD y pequeñas."
castilla_leon,Viñas,"e-distribución Redes Digitales, S.L.U.",regional_default_candidate,exclude_from_bulk_import,no,e-distribución — distribución eléctrica,https://www.edistribucion.com/es/conocenos/instalaciones-distribucion-red/distribucion-electrica.html,official_distributor_public,2026-05-06,"No incluir en bloque e-distribución; revisar aparte por solapes grandes con i-DE, UFD y pequeñas."
castilla_leon,Viñegra de Moraña,"e-distribución Redes Digitales, S.L.U.",regional_default_candidate,exclude_from_bulk_import,no,e-distribución — distribución eléctrica,https://www.edistribucion.com/es/conocenos/instalaciones-distribucion-red/distribucion-electrica.html,official_distributor_public,2026-05-06,"No incluir en bloque e-distribución; revisar aparte por solapes grandes con i-DE, UFD y pequeñas."
castilla_leon,Vinuesa,"e-distribución Redes Digitales, S.L.U.",regional_default_candidate,exclude_from_bulk_import,no,e-distribución — distribución eléctrica,https://www.edistribucion.com/es/conocenos/instalaciones-distribucion-red/distribucion-electrica.html,official_distributor_public,2026-05-06,"No incluir en bloque e-distribución; revisar aparte por solapes grandes con i-DE, UFD y pequeñas."
castilla_leon,Vita,"e-distribución Redes Digitales, S.L.U.",regional_default_candidate,exclude_from_bulk_import,no,e-distribución — distribución eléctrica,https://www.edistribucion.com/es/conocenos/instalaciones-distribucion-red/distribucion-electrica.html,official_distributor_public,2026-05-06,"No incluir en bloque e-distribución; revisar aparte por solapes grandes con i-DE, UFD y pequeñas."
castilla_leon,Vitigudino,"e-distribución Redes Digitales, S.L.U.",regional_default_candidate,exclude_from_bulk_import,no,e-distribución — distribución eléctrica,https://www.edistribucion.com/es/conocenos/instalaciones-distribucion-red/distribucion-electrica.html,official_distributor_public,2026-05-06,"No incluir en bloque e-distribución; revisar aparte por solapes grandes con i-DE, UFD y pequeñas."
castilla_leon,Vizcaínos,"e-distribución Redes Digitales, S.L.U.",regional_default_candidate,exclude_from_bulk_import,no,e-distribución — distribución eléctrica,https://www.edistribucion.com/es/conocenos/instalaciones-distribucion-red/distribucion-electrica.html,official_distributor_public,2026-05-06,"No incluir en bloque e-distribución; revisar aparte por solapes grandes con i-DE, UFD y pequeñas."
castilla_leon,Vizmanos,"e-distribución Redes Digitales, S.L.U.",regional_default_candidate,exclude_from_bulk_import,no,e-distribución — distribución eléctrica,https://www.edistribucion.com/es/conocenos/instalaciones-distribucion-red/distribucion-electrica.html,official_distributor_public,2026-05-06,"No incluir en bloque e-distribución; revisar aparte por solapes grandes con i-DE, UFD y pequeñas."
castilla_leon,Vozmediano,"e-distribución Redes Digitales, S.L.U.",regional_default_candidate,exclude_from_bulk_import,no,e-distribución — distribución eléctrica,https://www.edistribucion.com/es/conocenos/instalaciones-distribucion-red/distribucion-electrica.html,official_distributor_public,2026-05-06,"No incluir en bloque e-distribución; revisar aparte por solapes grandes con i-DE, UFD y pequeñas."
castilla_leon,Wamba,"e-distribución Redes Digitales, S.L.U.",regional_default_candidate,exclude_from_bulk_import,no,e-distribución — distribución eléctrica,https://www.edistribucion.com/es/conocenos/instalaciones-distribucion-red/distribucion-electrica.html,official_distributor_public,2026-05-06,"No incluir en bloque e-distribución; revisar aparte por solapes grandes con i-DE, UFD y pequeñas."
castilla_leon,Yanguas,"e-distribución Redes Digitales, S.L.U.",regional_default_candidate,exclude_from_bulk_import,no,e-distribución — distribución eléctrica,https://www.edistribucion.com/es/conocenos/instalaciones-distribucion-red/distribucion-electrica.html,official_distributor_public,2026-05-06,"No incluir en bloque e-distribución; revisar aparte por solapes grandes con i-DE, UFD y pequeñas."
castilla_leon,Yanguas de Eresma,"e-distribución Redes Digitales, S.L.U.",regional_default_candidate,exclude_from_bulk_import,no,e-distribución — distribución eléctrica,https://www.edistribucion.com/es/conocenos/instalaciones-distribucion-red/distribucion-electrica.html,official_distributor_public,2026-05-06,"No incluir en bloque e-distribución; revisar aparte por solapes grandes con i-DE, UFD y pequeñas."
castilla_leon,Yecla de Yeltes,"e-distribución Redes Digitales, S.L.U.",regional_default_candidate,exclude_from_bulk_import,no,e-distribución — distribución eléctrica,https://www.edistribucion.com/es/conocenos/instalaciones-distribucion-red/distribucion-electrica.html,official_distributor_public,2026-05-06,"No incluir en bloque e-distribución; revisar aparte por solapes grandes con i-DE, UFD y pequeñas."
castilla_leon,Yelo,"e-distribución Redes Digitales, S.L.U.",regional_default_candidate,exclude_from_bulk_import,no,e-distribución — distribución eléctrica,https://www.edistribucion.com/es/conocenos/instalaciones-distribucion-red/distribucion-electrica.html,official_distributor_public,2026-05-06,"No incluir en bloque e-distribución; revisar aparte por solapes grandes con i-DE, UFD y pequeñas."
castilla_leon,Zael,"e-distribución Redes Digitales, S.L.U.",regional_default_candidate,exclude_from_bulk_import,no,e-distribución — distribución eléctrica,https://www.edistribucion.com/es/conocenos/instalaciones-distribucion-red/distribucion-electrica.html,official_distributor_public,2026-05-06,"No incluir en bloque e-distribución; revisar aparte por solapes grandes con i-DE, UFD y pequeñas."
castilla_leon,Zamarra,"e-distribución Redes Digitales, S.L.U.",regional_default_candidate,exclude_from_bulk_import,no,e-distribución — distribución eléctrica,https://www.edistribucion.com/es/conocenos/instalaciones-distribucion-red/distribucion-electrica.html,official_distributor_public,2026-05-06,"No incluir en bloque e-distribución; revisar aparte por solapes grandes con i-DE, UFD y pequeñas."
castilla_leon,Zamayón,"e-distribución Redes Digitales, S.L.U.",regional_default_candidate,exclude_from_bulk_import,no,e-distribución — distribución eléctrica,https://www.edistribucion.com/es/conocenos/instalaciones-distribucion-red/distribucion-electrica.html,official_distributor_public,2026-05-06,"No incluir en bloque e-distribución; revisar aparte por solapes grandes con i-DE, UFD y pequeñas."
castilla_leon,Zamora,"e-distribución Redes Digitales, S.L.U.",regional_default_candidate,exclude_from_bulk_import,no,e-distribución — distribución eléctrica,https://www.edistribucion.com/es/conocenos/instalaciones-distribucion-red/distribucion-electrica.html,official_distributor_public,2026-05-06,"No incluir en bloque e-distribución; revisar aparte por solapes grandes con i-DE, UFD y pequeñas."
castilla_leon,Zapardiel de la Cañada,"e-distribución Redes Digitales, S.L.U.",regional_default_candidate,exclude_from_bulk_import,no,e-distribución — distribución eléctrica,https://www.edistribucion.com/es/conocenos/instalaciones-distribucion-red/distribucion-electrica.html,official_distributor_public,2026-05-06,"No incluir en bloque e-distribución; revisar aparte por solapes grandes con i-DE, UFD y pequeñas."
castilla_leon,Zapardiel de la Ribera,"e-distribución Redes Digitales, S.L.U.",regional_default_candidate,exclude_from_bulk_import,no,e-distribución — distribución eléctrica,https://www.edistribucion.com/es/conocenos/instalaciones-distribucion-red/distribucion-electrica.html,official_distributor_public,2026-05-06,"No incluir en bloque e-distribución; revisar aparte por solapes grandes con i-DE, UFD y pequeñas."
castilla_leon,Zarapicos,"e-distribución Redes Digitales, S.L.U.",regional_default_candidate,exclude_from_bulk_import,no,e-distribución — distribución eléctrica,https://www.edistribucion.com/es/conocenos/instalaciones-distribucion-red/distribucion-electrica.html,official_distributor_public,2026-05-06,"No incluir en bloque e-distribución; revisar aparte por solapes grandes con i-DE, UFD y pequeñas."
castilla_leon,Zaratán,"e-distribución Redes Digitales, S.L.U.",regional_default_candidate,exclude_from_bulk_import,no,e-distribución — distribución eléctrica,https://www.edistribucion.com/es/conocenos/instalaciones-distribucion-red/distribucion-electrica.html,official_distributor_public,2026-05-06,"No incluir en bloque e-distribución; revisar aparte por solapes grandes con i-DE, UFD y pequeñas."
castilla_leon,Zarzosa de Río Pisuerga,"e-distribución Redes Digitales, S.L.U.",regional_default_candidate,exclude_from_bulk_import,no,e-distribución — distribución eléctrica,https://www.edistribucion.com/es/conocenos/instalaciones-distribucion-red/distribucion-electrica.html,official_distributor_public,2026-05-06,"No incluir en bloque e-distribución; revisar aparte por solapes grandes con i-DE, UFD y pequeñas."
castilla_leon,Zarzuela del Monte,"e-distribución Redes Digitales, S.L.U.",regional_default_candidate,exclude_from_bulk_import,no,e-distribución — distribución eléctrica,https://www.edistribucion.com/es/conocenos/instalaciones-distribucion-red/distribucion-electrica.html,official_distributor_public,2026-05-06,"No incluir en bloque e-distribución; revisar aparte por solapes grandes con i-DE, UFD y pequeñas."
castilla_leon,Zarzuela del Pinar,"e-distribución Redes Digitales, S.L.U.",regional_default_candidate,exclude_from_bulk_import,no,e-distribución — distribución eléctrica,https://www.edistribucion.com/es/conocenos/instalaciones-distribucion-red/distribucion-electrica.html,official_distributor_public,2026-05-06,"No incluir en bloque e-distribución; revisar aparte por solapes grandes con i-DE, UFD y pequeñas."
castilla_leon,Zazuar,"e-distribución Redes Digitales, S.L.U.",regional_default_candidate,exclude_from_bulk_import,no,e-distribución — distribución eléctrica,https://www.edistribucion.com/es/conocenos/instalaciones-distribucion-red/distribucion-electrica.html,official_distributor_public,2026-05-06,"No incluir en bloque e-distribución; revisar aparte por solapes grandes con i-DE, UFD y pequeñas."
castilla_leon,Zorita de la Frontera,"e-distribución Redes Digitales, S.L.U.",regional_default_candidate,exclude_from_bulk_import,no,e-distribución — distribución eléctrica,https://www.edistribucion.com/es/conocenos/instalaciones-distribucion-red/distribucion-electrica.html,official_distributor_public,2026-05-06,"No incluir en bloque e-distribución; revisar aparte por solapes grandes con i-DE, UFD y pequeñas."
castilla_leon,Zotes del Páramo,"e-distribución Redes Digitales, S.L.U.",regional_default_candidate,exclude_from_bulk_import,no,e-distribución — distribución eléctrica,https://www.edistribucion.com/es/conocenos/instalaciones-distribucion-red/distribucion-electrica.html,official_distributor_public,2026-05-06,"No incluir en bloque e-distribución; revisar aparte por solapes grandes con i-DE, UFD y pequeñas."
castilla_leon,Zuñeda,"e-distribución Redes Digitales, S.L.U.",regional_default_candidate,exclude_from_bulk_import,no,e-distribución — distribución eléctrica,https://www.edistribucion.com/es/conocenos/instalaciones-distribucion-red/distribucion-electrica.html,official_distributor_public,2026-05-06,"No incluir en bloque e-distribución; revisar aparte por solapes grandes con i-DE, UFD y pequeñas."
