dataset_id,municipio,candidate_distributor,candidate_confidence,review_status,bulk_import_allowed,source_name,source_url,source_type,last_reviewed,notes
galicia,A Arnoia,"e-distribución Redes Digitales, S.L.U.",regional_default_candidate,exclude_from_bulk_import,no,e-distribución — distribución eléctrica,https://www.edistribucion.com/es/conocenos/instalaciones-distribucion-red/distribucion-electrica.html,official_distributor_public,2026-05-06,Galicia ya tiene auditoría e importación específica; no tocar con regional_default genérico.
galicia,A Baña,"e-distribución Redes Digitales, S.L.U.",regional_default_candidate,exclude_from_bulk_import,no,e-distribución — distribución eléctrica,https://www.edistribucion.com/es/conocenos/instalaciones-distribucion-red/distribucion-electrica.html,official_distributor_public,2026-05-06,Galicia ya tiene auditoría e importación específica; no tocar con regional_default genérico.
galicia,A Bola,"e-distribución Redes Digitales, S.L.U.",regional_default_candidate,exclude_from_bulk_import,no,e-distribución — distribución eléctrica,https://www.edistribucion.com/es/conocenos/instalaciones-distribucion-red/distribucion-electrica.html,official_distributor_public,2026-05-06,Galicia ya tiene auditoría e importación específica; no tocar con regional_default genérico.
galicia,A Cañiza,"e-distribución Redes Digitales, S.L.U.",regional_default_candidate,exclude_from_bulk_import,no,e-distribución — distribución eléctrica,https://www.edistribucion.com/es/conocenos/instalaciones-distribucion-red/distribucion-electrica.html,official_distributor_public,2026-05-06,Galicia ya tiene auditoría e importación específica; no tocar con regional_default genérico.
galicia,A Capela,"e-distribución Redes Digitales, S.L.U.",regional_default_candidate,exclude_from_bulk_import,no,e-distribución — distribución eléctrica,https://www.edistribucion.com/es/conocenos/instalaciones-distribucion-red/distribucion-electrica.html,official_distributor_public,2026-05-06,Galicia ya tiene auditoría e importación específica; no tocar con regional_default genérico.
galicia,A Coruña,"e-distribución Redes Digitales, S.L.U.",regional_default_candidate,exclude_from_bulk_import,no,e-distribución — distribución eléctrica,https://www.edistribucion.com/es/conocenos/instalaciones-distribucion-red/distribucion-electrica.html,official_distributor_public,2026-05-06,Galicia ya tiene auditoría e importación específica; no tocar con regional_default genérico.
galicia,A Estrada,"e-distribución Redes Digitales, S.L.U.",regional_default_candidate,exclude_from_bulk_import,no,e-distribución — distribución eléctrica,https://www.edistribucion.com/es/conocenos/instalaciones-distribucion-red/distribucion-electrica.html,official_distributor_public,2026-05-06,Galicia ya tiene auditoría e importación específica; no tocar con regional_default genérico.
galicia,A Fonsagrada,"e-distribución Redes Digitales, S.L.U.",regional_default_candidate,exclude_from_bulk_import,no,e-distribución — distribución eléctrica,https://www.edistribucion.com/es/conocenos/instalaciones-distribucion-red/distribucion-electrica.html,official_distributor_public,2026-05-06,Galicia ya tiene auditoría e importación específica; no tocar con regional_default genérico.
galicia,A Guarda,"e-distribución Redes Digitales, S.L.U.",regional_default_candidate,exclude_from_bulk_import,no,e-distribución — distribución eléctrica,https://www.edistribucion.com/es/conocenos/instalaciones-distribucion-red/distribucion-electrica.html,official_distributor_public,2026-05-06,Galicia ya tiene auditoría e importación específica; no tocar con regional_default genérico.
galicia,A Gudiña,"e-distribución Redes Digitales, S.L.U.",regional_default_candidate,exclude_from_bulk_import,no,e-distribución — distribución eléctrica,https://www.edistribucion.com/es/conocenos/instalaciones-distribucion-red/distribucion-electrica.html,official_distributor_public,2026-05-06,Galicia ya tiene auditoría e importación específica; no tocar con regional_default genérico.
galicia,A Illa de Arousa,"e-distribución Redes Digitales, S.L.U.",regional_default_candidate,exclude_from_bulk_import,no,e-distribución — distribución eléctrica,https://www.edistribucion.com/es/conocenos/instalaciones-distribucion-red/distribucion-electrica.html,official_distributor_public,2026-05-06,Galicia ya tiene auditoría e importación específica; no tocar con regional_default genérico.
galicia,A Lama,"e-distribución Redes Digitales, S.L.U.",regional_default_candidate,exclude_from_bulk_import,no,e-distribución — distribución eléctrica,https://www.edistribucion.com/es/conocenos/instalaciones-distribucion-red/distribucion-electrica.html,official_distributor_public,2026-05-06,Galicia ya tiene auditoría e importación específica; no tocar con regional_default genérico.
galicia,A Laracha,"e-distribución Redes Digitales, S.L.U.",regional_default_candidate,exclude_from_bulk_import,no,e-distribución — distribución eléctrica,https://www.edistribucion.com/es/conocenos/instalaciones-distribucion-red/distribucion-electrica.html,official_distributor_public,2026-05-06,Galicia ya tiene auditoría e importación específica; no tocar con regional_default genérico.
galicia,A Merca,"e-distribución Redes Digitales, S.L.U.",regional_default_candidate,exclude_from_bulk_import,no,e-distribución — distribución eléctrica,https://www.edistribucion.com/es/conocenos/instalaciones-distribucion-red/distribucion-electrica.html,official_distributor_public,2026-05-06,Galicia ya tiene auditoría e importación específica; no tocar con regional_default genérico.
galicia,A Mezquita,"e-distribución Redes Digitales, S.L.U.",regional_default_candidate,exclude_from_bulk_import,no,e-distribución — distribución eléctrica,https://www.edistribucion.com/es/conocenos/instalaciones-distribucion-red/distribucion-electrica.html,official_distributor_public,2026-05-06,Galicia ya tiene auditoría e importación específica; no tocar con regional_default genérico.
galicia,A Pastoriza,"e-distribución Redes Digitales, S.L.U.",regional_default_candidate,exclude_from_bulk_import,no,e-distribución — distribución eléctrica,https://www.edistribucion.com/es/conocenos/instalaciones-distribucion-red/distribucion-electrica.html,official_distributor_public,2026-05-06,Galicia ya tiene auditoría e importación específica; no tocar con regional_default genérico.
galicia,A Peroxa,"e-distribución Redes Digitales, S.L.U.",regional_default_candidate,exclude_from_bulk_import,no,e-distribución — distribución eléctrica,https://www.edistribucion.com/es/conocenos/instalaciones-distribucion-red/distribucion-electrica.html,official_distributor_public,2026-05-06,Galicia ya tiene auditoría e importación específica; no tocar con regional_default genérico.
galicia,A Pobra de Trives,"e-distribución Redes Digitales, S.L.U.",regional_default_candidate,exclude_from_bulk_import,no,e-distribución — distribución eléctrica,https://www.edistribucion.com/es/conocenos/instalaciones-distribucion-red/distribucion-electrica.html,official_distributor_public,2026-05-06,Galicia ya tiene auditoría e importación específica; no tocar con regional_default genérico.
galicia,A Pobra do Brollón,"e-distribución Redes Digitales, S.L.U.",regional_default_candidate,exclude_from_bulk_import,no,e-distribución — distribución eléctrica,https://www.edistribucion.com/es/conocenos/instalaciones-distribucion-red/distribucion-electrica.html,official_distributor_public,2026-05-06,Galicia ya tiene auditoría e importación específica; no tocar con regional_default genérico.
galicia,A Pobra do Caramiñal,"e-distribución Redes Digitales, S.L.U.",regional_default_candidate,exclude_from_bulk_import,no,e-distribución — distribución eléctrica,https://www.edistribucion.com/es/conocenos/instalaciones-distribucion-red/distribucion-electrica.html,official_distributor_public,2026-05-06,Galicia ya tiene auditoría e importación específica; no tocar con regional_default genérico.
galicia,A Pontenova,"e-distribución Redes Digitales, S.L.U.",regional_default_candidate,exclude_from_bulk_import,no,e-distribución — distribución eléctrica,https://www.edistribucion.com/es/conocenos/instalaciones-distribucion-red/distribucion-electrica.html,official_distributor_public,2026-05-06,Galicia ya tiene auditoría e importación específica; no tocar con regional_default genérico.
galicia,A Rúa,"e-distribución Redes Digitales, S.L.U.",regional_default_candidate,exclude_from_bulk_import,no,e-distribución — distribución eléctrica,https://www.edistribucion.com/es/conocenos/instalaciones-distribucion-red/distribucion-electrica.html,official_distributor_public,2026-05-06,Galicia ya tiene auditoría e importación específica; no tocar con regional_default genérico.
galicia,A Teixeira,"e-distribución Redes Digitales, S.L.U.",regional_default_candidate,exclude_from_bulk_import,no,e-distribución — distribución eléctrica,https://www.edistribucion.com/es/conocenos/instalaciones-distribucion-red/distribucion-electrica.html,official_distributor_public,2026-05-06,Galicia ya tiene auditoría e importación específica; no tocar con regional_default genérico.
galicia,A Veiga,"e-distribución Redes Digitales, S.L.U.",regional_default_candidate,exclude_from_bulk_import,no,e-distribución — distribución eléctrica,https://www.edistribucion.com/es/conocenos/instalaciones-distribucion-red/distribucion-electrica.html,official_distributor_public,2026-05-06,Galicia ya tiene auditoría e importación específica; no tocar con regional_default genérico.
galicia,Abadín,"e-distribución Redes Digitales, S.L.U.",regional_default_candidate,exclude_from_bulk_import,no,e-distribución — distribución eléctrica,https://www.edistribucion.com/es/conocenos/instalaciones-distribucion-red/distribucion-electrica.html,official_distributor_public,2026-05-06,Galicia ya tiene auditoría e importación específica; no tocar con regional_default genérico.
galicia,Abegondo,"e-distribución Redes Digitales, S.L.U.",regional_default_candidate,exclude_from_bulk_import,no,e-distribución — distribución eléctrica,https://www.edistribucion.com/es/conocenos/instalaciones-distribucion-red/distribucion-electrica.html,official_distributor_public,2026-05-06,Galicia ya tiene auditoría e importación específica; no tocar con regional_default genérico.
galicia,Agolada,"e-distribución Redes Digitales, S.L.U.",regional_default_candidate,exclude_from_bulk_import,no,e-distribución — distribución eléctrica,https://www.edistribucion.com/es/conocenos/instalaciones-distribucion-red/distribucion-electrica.html,official_distributor_public,2026-05-06,Galicia ya tiene auditoría e importación específica; no tocar con regional_default genérico.
galicia,Alfoz,"e-distribución Redes Digitales, S.L.U.",regional_default_candidate,exclude_from_bulk_import,no,e-distribución — distribución eléctrica,https://www.edistribucion.com/es/conocenos/instalaciones-distribucion-red/distribucion-electrica.html,official_distributor_public,2026-05-06,Galicia ya tiene auditoría e importación específica; no tocar con regional_default genérico.
galicia,Allariz,"e-distribución Redes Digitales, S.L.U.",regional_default_candidate,exclude_from_bulk_import,no,e-distribución — distribución eléctrica,https://www.edistribucion.com/es/conocenos/instalaciones-distribucion-red/distribucion-electrica.html,official_distributor_public,2026-05-06,Galicia ya tiene auditoría e importación específica; no tocar con regional_default genérico.
galicia,Ames,"e-distribución Redes Digitales, S.L.U.",regional_default_candidate,exclude_from_bulk_import,no,e-distribución — distribución eléctrica,https://www.edistribucion.com/es/conocenos/instalaciones-distribucion-red/distribucion-electrica.html,official_distributor_public,2026-05-06,Galicia ya tiene auditoría e importación específica; no tocar con regional_default genérico.
galicia,Amoeiro,"e-distribución Redes Digitales, S.L.U.",regional_default_candidate,exclude_from_bulk_import,no,e-distribución — distribución eléctrica,https://www.edistribucion.com/es/conocenos/instalaciones-distribucion-red/distribucion-electrica.html,official_distributor_public,2026-05-06,Galicia ya tiene auditoría e importación específica; no tocar con regional_default genérico.
galicia,Antas de Ulla,"e-distribución Redes Digitales, S.L.U.",regional_default_candidate,exclude_from_bulk_import,no,e-distribución — distribución eléctrica,https://www.edistribucion.com/es/conocenos/instalaciones-distribucion-red/distribucion-electrica.html,official_distributor_public,2026-05-06,Galicia ya tiene auditoría e importación específica; no tocar con regional_default genérico.
galicia,Aranga,"e-distribución Redes Digitales, S.L.U.",regional_default_candidate,exclude_from_bulk_import,no,e-distribución — distribución eléctrica,https://www.edistribucion.com/es/conocenos/instalaciones-distribucion-red/distribucion-electrica.html,official_distributor_public,2026-05-06,Galicia ya tiene auditoría e importación específica; no tocar con regional_default genérico.
galicia,Arbo,"e-distribución Redes Digitales, S.L.U.",regional_default_candidate,exclude_from_bulk_import,no,e-distribución — distribución eléctrica,https://www.edistribucion.com/es/conocenos/instalaciones-distribucion-red/distribucion-electrica.html,official_distributor_public,2026-05-06,Galicia ya tiene auditoría e importación específica; no tocar con regional_default genérico.
galicia,Ares,"e-distribución Redes Digitales, S.L.U.",regional_default_candidate,exclude_from_bulk_import,no,e-distribución — distribución eléctrica,https://www.edistribucion.com/es/conocenos/instalaciones-distribucion-red/distribucion-electrica.html,official_distributor_public,2026-05-06,Galicia ya tiene auditoría e importación específica; no tocar con regional_default genérico.
galicia,Arteixo,"e-distribución Redes Digitales, S.L.U.",regional_default_candidate,exclude_from_bulk_import,no,e-distribución — distribución eléctrica,https://www.edistribucion.com/es/conocenos/instalaciones-distribucion-red/distribucion-electrica.html,official_distributor_public,2026-05-06,Galicia ya tiene auditoría e importación específica; no tocar con regional_default genérico.
galicia,Arzúa,"e-distribución Redes Digitales, S.L.U.",regional_default_candidate,exclude_from_bulk_import,no,e-distribución — distribución eléctrica,https://www.edistribucion.com/es/conocenos/instalaciones-distribucion-red/distribucion-electrica.html,official_distributor_public,2026-05-06,Galicia ya tiene auditoría e importación específica; no tocar con regional_default genérico.
galicia,As Neves,"e-distribución Redes Digitales, S.L.U.",regional_default_candidate,exclude_from_bulk_import,no,e-distribución — distribución eléctrica,https://www.edistribucion.com/es/conocenos/instalaciones-distribucion-red/distribucion-electrica.html,official_distributor_public,2026-05-06,Galicia ya tiene auditoría e importación específica; no tocar con regional_default genérico.
galicia,As Nogais,"e-distribución Redes Digitales, S.L.U.",regional_default_candidate,exclude_from_bulk_import,no,e-distribución — distribución eléctrica,https://www.edistribucion.com/es/conocenos/instalaciones-distribucion-red/distribucion-electrica.html,official_distributor_public,2026-05-06,Galicia ya tiene auditoría e importación específica; no tocar con regional_default genérico.
galicia,As Pontes de García Rodríguez,"e-distribución Redes Digitales, S.L.U.",regional_default_candidate,exclude_from_bulk_import,no,e-distribución — distribución eléctrica,https://www.edistribucion.com/es/conocenos/instalaciones-distribucion-red/distribucion-electrica.html,official_distributor_public,2026-05-06,Galicia ya tiene auditoría e importación específica; no tocar con regional_default genérico.
galicia,As Somozas,"e-distribución Redes Digitales, S.L.U.",regional_default_candidate,exclude_from_bulk_import,no,e-distribución — distribución eléctrica,https://www.edistribucion.com/es/conocenos/instalaciones-distribucion-red/distribucion-electrica.html,official_distributor_public,2026-05-06,Galicia ya tiene auditoría e importación específica; no tocar con regional_default genérico.
galicia,Avión,"e-distribución Redes Digitales, S.L.U.",regional_default_candidate,exclude_from_bulk_import,no,e-distribución — distribución eléctrica,https://www.edistribucion.com/es/conocenos/instalaciones-distribucion-red/distribucion-electrica.html,official_distributor_public,2026-05-06,Galicia ya tiene auditoría e importación específica; no tocar con regional_default genérico.
galicia,Baiona,"e-distribución Redes Digitales, S.L.U.",regional_default_candidate,exclude_from_bulk_import,no,e-distribución — distribución eléctrica,https://www.edistribucion.com/es/conocenos/instalaciones-distribucion-red/distribucion-electrica.html,official_distributor_public,2026-05-06,Galicia ya tiene auditoría e importación específica; no tocar con regional_default genérico.
galicia,Baleira,"e-distribución Redes Digitales, S.L.U.",regional_default_candidate,exclude_from_bulk_import,no,e-distribución — distribución eléctrica,https://www.edistribucion.com/es/conocenos/instalaciones-distribucion-red/distribucion-electrica.html,official_distributor_public,2026-05-06,Galicia ya tiene auditoría e importación específica; no tocar con regional_default genérico.
galicia,Baltar,"e-distribución Redes Digitales, S.L.U.",regional_default_candidate,exclude_from_bulk_import,no,e-distribución — distribución eléctrica,https://www.edistribucion.com/es/conocenos/instalaciones-distribucion-red/distribucion-electrica.html,official_distributor_public,2026-05-06,Galicia ya tiene auditoría e importación específica; no tocar con regional_default genérico.
galicia,Bande,"e-distribución Redes Digitales, S.L.U.",regional_default_candidate,exclude_from_bulk_import,no,e-distribución — distribución eléctrica,https://www.edistribucion.com/es/conocenos/instalaciones-distribucion-red/distribucion-electrica.html,official_distributor_public,2026-05-06,Galicia ya tiene auditoría e importación específica; no tocar con regional_default genérico.
galicia,Baños de Molgas,"e-distribución Redes Digitales, S.L.U.",regional_default_candidate,exclude_from_bulk_import,no,e-distribución — distribución eléctrica,https://www.edistribucion.com/es/conocenos/instalaciones-distribucion-red/distribucion-electrica.html,official_distributor_public,2026-05-06,Galicia ya tiene auditoría e importación específica; no tocar con regional_default genérico.
galicia,Baralla,"e-distribución Redes Digitales, S.L.U.",regional_default_candidate,exclude_from_bulk_import,no,e-distribución — distribución eléctrica,https://www.edistribucion.com/es/conocenos/instalaciones-distribucion-red/distribucion-electrica.html,official_distributor_public,2026-05-06,Galicia ya tiene auditoría e importación específica; no tocar con regional_default genérico.
galicia,Barbadás,"e-distribución Redes Digitales, S.L.U.",regional_default_candidate,exclude_from_bulk_import,no,e-distribución — distribución eléctrica,https://www.edistribucion.com/es/conocenos/instalaciones-distribucion-red/distribucion-electrica.html,official_distributor_public,2026-05-06,Galicia ya tiene auditoría e importación específica; no tocar con regional_default genérico.
galicia,Barreiros,"e-distribución Redes Digitales, S.L.U.",regional_default_candidate,exclude_from_bulk_import,no,e-distribución — distribución eléctrica,https://www.edistribucion.com/es/conocenos/instalaciones-distribucion-red/distribucion-electrica.html,official_distributor_public,2026-05-06,Galicia ya tiene auditoría e importación específica; no tocar con regional_default genérico.
galicia,Barro,"e-distribución Redes Digitales, S.L.U.",regional_default_candidate,exclude_from_bulk_import,no,e-distribución — distribución eléctrica,https://www.edistribucion.com/es/conocenos/instalaciones-distribucion-red/distribucion-electrica.html,official_distributor_public,2026-05-06,Galicia ya tiene auditoría e importación específica; no tocar con regional_default genérico.
galicia,Beade,"e-distribución Redes Digitales, S.L.U.",regional_default_candidate,exclude_from_bulk_import,no,e-distribución — distribución eléctrica,https://www.edistribucion.com/es/conocenos/instalaciones-distribucion-red/distribucion-electrica.html,official_distributor_public,2026-05-06,Galicia ya tiene auditoría e importación específica; no tocar con regional_default genérico.
galicia,Beariz,"e-distribución Redes Digitales, S.L.U.",regional_default_candidate,exclude_from_bulk_import,no,e-distribución — distribución eléctrica,https://www.edistribucion.com/es/conocenos/instalaciones-distribucion-red/distribucion-electrica.html,official_distributor_public,2026-05-06,Galicia ya tiene auditoría e importación específica; no tocar con regional_default genérico.
galicia,Becerreá,"e-distribución Redes Digitales, S.L.U.",regional_default_candidate,exclude_from_bulk_import,no,e-distribución — distribución eléctrica,https://www.edistribucion.com/es/conocenos/instalaciones-distribucion-red/distribucion-electrica.html,official_distributor_public,2026-05-06,Galicia ya tiene auditoría e importación específica; no tocar con regional_default genérico.
galicia,Begonte,"e-distribución Redes Digitales, S.L.U.",regional_default_candidate,exclude_from_bulk_import,no,e-distribución — distribución eléctrica,https://www.edistribucion.com/es/conocenos/instalaciones-distribucion-red/distribucion-electrica.html,official_distributor_public,2026-05-06,Galicia ya tiene auditoría e importación específica; no tocar con regional_default genérico.
galicia,Bergondo,"e-distribución Redes Digitales, S.L.U.",regional_default_candidate,exclude_from_bulk_import,no,e-distribución — distribución eléctrica,https://www.edistribucion.com/es/conocenos/instalaciones-distribucion-red/distribucion-electrica.html,official_distributor_public,2026-05-06,Galicia ya tiene auditoría e importación específica; no tocar con regional_default genérico.
galicia,Betanzos,"e-distribución Redes Digitales, S.L.U.",regional_default_candidate,exclude_from_bulk_import,no,e-distribución — distribución eléctrica,https://www.edistribucion.com/es/conocenos/instalaciones-distribucion-red/distribucion-electrica.html,official_distributor_public,2026-05-06,Galicia ya tiene auditoría e importación específica; no tocar con regional_default genérico.
galicia,Boborás,"e-distribución Redes Digitales, S.L.U.",regional_default_candidate,exclude_from_bulk_import,no,e-distribución — distribución eléctrica,https://www.edistribucion.com/es/conocenos/instalaciones-distribucion-red/distribucion-electrica.html,official_distributor_public,2026-05-06,Galicia ya tiene auditoría e importación específica; no tocar con regional_default genérico.
galicia,Boimorto,"e-distribución Redes Digitales, S.L.U.",regional_default_candidate,exclude_from_bulk_import,no,e-distribución — distribución eléctrica,https://www.edistribucion.com/es/conocenos/instalaciones-distribucion-red/distribucion-electrica.html,official_distributor_public,2026-05-06,Galicia ya tiene auditoría e importación específica; no tocar con regional_default genérico.
galicia,Boiro,"e-distribución Redes Digitales, S.L.U.",regional_default_candidate,exclude_from_bulk_import,no,e-distribución — distribución eléctrica,https://www.edistribucion.com/es/conocenos/instalaciones-distribucion-red/distribucion-electrica.html,official_distributor_public,2026-05-06,Galicia ya tiene auditoría e importación específica; no tocar con regional_default genérico.
galicia,Boqueixón,"e-distribución Redes Digitales, S.L.U.",regional_default_candidate,exclude_from_bulk_import,no,e-distribución — distribución eléctrica,https://www.edistribucion.com/es/conocenos/instalaciones-distribucion-red/distribucion-electrica.html,official_distributor_public,2026-05-06,Galicia ya tiene auditoría e importación específica; no tocar con regional_default genérico.
galicia,Bóveda,"e-distribución Redes Digitales, S.L.U.",regional_default_candidate,exclude_from_bulk_import,no,e-distribución — distribución eléctrica,https://www.edistribucion.com/es/conocenos/instalaciones-distribucion-red/distribucion-electrica.html,official_distributor_public,2026-05-06,Galicia ya tiene auditoría e importación específica; no tocar con regional_default genérico.
galicia,Brión,"e-distribución Redes Digitales, S.L.U.",regional_default_candidate,exclude_from_bulk_import,no,e-distribución — distribución eléctrica,https://www.edistribucion.com/es/conocenos/instalaciones-distribucion-red/distribucion-electrica.html,official_distributor_public,2026-05-06,Galicia ya tiene auditoría e importación específica; no tocar con regional_default genérico.
galicia,Bueu,"e-distribución Redes Digitales, S.L.U.",regional_default_candidate,exclude_from_bulk_import,no,e-distribución — distribución eléctrica,https://www.edistribucion.com/es/conocenos/instalaciones-distribucion-red/distribucion-electrica.html,official_distributor_public,2026-05-06,Galicia ya tiene auditoría e importación específica; no tocar con regional_default genérico.
galicia,Burela,"e-distribución Redes Digitales, S.L.U.",regional_default_candidate,exclude_from_bulk_import,no,e-distribución — distribución eléctrica,https://www.edistribucion.com/es/conocenos/instalaciones-distribucion-red/distribucion-electrica.html,official_distributor_public,2026-05-06,Galicia ya tiene auditoría e importación específica; no tocar con regional_default genérico.
galicia,Cabana de Bergantiños,"e-distribución Redes Digitales, S.L.U.",regional_default_candidate,exclude_from_bulk_import,no,e-distribución — distribución eléctrica,https://www.edistribucion.com/es/conocenos/instalaciones-distribucion-red/distribucion-electrica.html,official_distributor_public,2026-05-06,Galicia ya tiene auditoría e importación específica; no tocar con regional_default genérico.
galicia,Cabanas,"e-distribución Redes Digitales, S.L.U.",regional_default_candidate,exclude_from_bulk_import,no,e-distribución — distribución eléctrica,https://www.edistribucion.com/es/conocenos/instalaciones-distribucion-red/distribucion-electrica.html,official_distributor_public,2026-05-06,Galicia ya tiene auditoría e importación específica; no tocar con regional_default genérico.
galicia,Caldas de Reis,"e-distribución Redes Digitales, S.L.U.",regional_default_candidate,exclude_from_bulk_import,no,e-distribución — distribución eléctrica,https://www.edistribucion.com/es/conocenos/instalaciones-distribucion-red/distribucion-electrica.html,official_distributor_public,2026-05-06,Galicia ya tiene auditoría e importación específica; no tocar con regional_default genérico.
galicia,Calvos de Randín,"e-distribución Redes Digitales, S.L.U.",regional_default_candidate,exclude_from_bulk_import,no,e-distribución — distribución eléctrica,https://www.edistribucion.com/es/conocenos/instalaciones-distribucion-red/distribucion-electrica.html,official_distributor_public,2026-05-06,Galicia ya tiene auditoría e importación específica; no tocar con regional_default genérico.
galicia,Camariñas,"e-distribución Redes Digitales, S.L.U.",regional_default_candidate,exclude_from_bulk_import,no,e-distribución — distribución eléctrica,https://www.edistribucion.com/es/conocenos/instalaciones-distribucion-red/distribucion-electrica.html,official_distributor_public,2026-05-06,Galicia ya tiene auditoría e importación específica; no tocar con regional_default genérico.
galicia,Cambados,"e-distribución Redes Digitales, S.L.U.",regional_default_candidate,exclude_from_bulk_import,no,e-distribución — distribución eléctrica,https://www.edistribucion.com/es/conocenos/instalaciones-distribucion-red/distribucion-electrica.html,official_distributor_public,2026-05-06,Galicia ya tiene auditoría e importación específica; no tocar con regional_default genérico.
galicia,Cambre,"e-distribución Redes Digitales, S.L.U.",regional_default_candidate,exclude_from_bulk_import,no,e-distribución — distribución eléctrica,https://www.edistribucion.com/es/conocenos/instalaciones-distribucion-red/distribucion-electrica.html,official_distributor_public,2026-05-06,Galicia ya tiene auditoría e importación específica; no tocar con regional_default genérico.
galicia,Campo Lameiro,"e-distribución Redes Digitales, S.L.U.",regional_default_candidate,exclude_from_bulk_import,no,e-distribución — distribución eléctrica,https://www.edistribucion.com/es/conocenos/instalaciones-distribucion-red/distribucion-electrica.html,official_distributor_public,2026-05-06,Galicia ya tiene auditoría e importación específica; no tocar con regional_default genérico.
galicia,Cangas,"e-distribución Redes Digitales, S.L.U.",regional_default_candidate,exclude_from_bulk_import,no,e-distribución — distribución eléctrica,https://www.edistribucion.com/es/conocenos/instalaciones-distribucion-red/distribucion-electrica.html,official_distributor_public,2026-05-06,Galicia ya tiene auditoría e importación específica; no tocar con regional_default genérico.
galicia,Carballeda de Avia,"e-distribución Redes Digitales, S.L.U.",regional_default_candidate,exclude_from_bulk_import,no,e-distribución — distribución eléctrica,https://www.edistribucion.com/es/conocenos/instalaciones-distribucion-red/distribucion-electrica.html,official_distributor_public,2026-05-06,Galicia ya tiene auditoría e importación específica; no tocar con regional_default genérico.
galicia,Carballeda de Valdeorras,"e-distribución Redes Digitales, S.L.U.",regional_default_candidate,exclude_from_bulk_import,no,e-distribución — distribución eléctrica,https://www.edistribucion.com/es/conocenos/instalaciones-distribucion-red/distribucion-electrica.html,official_distributor_public,2026-05-06,Galicia ya tiene auditoría e importación específica; no tocar con regional_default genérico.
galicia,Carballedo,"e-distribución Redes Digitales, S.L.U.",regional_default_candidate,exclude_from_bulk_import,no,e-distribución — distribución eléctrica,https://www.edistribucion.com/es/conocenos/instalaciones-distribucion-red/distribucion-electrica.html,official_distributor_public,2026-05-06,Galicia ya tiene auditoría e importación específica; no tocar con regional_default genérico.
galicia,Carballo,"e-distribución Redes Digitales, S.L.U.",regional_default_candidate,exclude_from_bulk_import,no,e-distribución — distribución eléctrica,https://www.edistribucion.com/es/conocenos/instalaciones-distribucion-red/distribucion-electrica.html,official_distributor_public,2026-05-06,Galicia ya tiene auditoría e importación específica; no tocar con regional_default genérico.
galicia,Cariño,"e-distribución Redes Digitales, S.L.U.",regional_default_candidate,exclude_from_bulk_import,no,e-distribución — distribución eléctrica,https://www.edistribucion.com/es/conocenos/instalaciones-distribucion-red/distribucion-electrica.html,official_distributor_public,2026-05-06,Galicia ya tiene auditoría e importación específica; no tocar con regional_default genérico.
galicia,Carnota,"e-distribución Redes Digitales, S.L.U.",regional_default_candidate,exclude_from_bulk_import,no,e-distribución — distribución eléctrica,https://www.edistribucion.com/es/conocenos/instalaciones-distribucion-red/distribucion-electrica.html,official_distributor_public,2026-05-06,Galicia ya tiene auditoría e importación específica; no tocar con regional_default genérico.
galicia,Carral,"e-distribución Redes Digitales, S.L.U.",regional_default_candidate,exclude_from_bulk_import,no,e-distribución — distribución eléctrica,https://www.edistribucion.com/es/conocenos/instalaciones-distribucion-red/distribucion-electrica.html,official_distributor_public,2026-05-06,Galicia ya tiene auditoría e importación específica; no tocar con regional_default genérico.
galicia,Cartelle,"e-distribución Redes Digitales, S.L.U.",regional_default_candidate,exclude_from_bulk_import,no,e-distribución — distribución eléctrica,https://www.edistribucion.com/es/conocenos/instalaciones-distribucion-red/distribucion-electrica.html,official_distributor_public,2026-05-06,Galicia ya tiene auditoría e importación específica; no tocar con regional_default genérico.
galicia,Castrelo de Miño,"e-distribución Redes Digitales, S.L.U.",regional_default_candidate,exclude_from_bulk_import,no,e-distribución — distribución eléctrica,https://www.edistribucion.com/es/conocenos/instalaciones-distribucion-red/distribucion-electrica.html,official_distributor_public,2026-05-06,Galicia ya tiene auditoría e importación específica; no tocar con regional_default genérico.
galicia,Castrelo do Val,"e-distribución Redes Digitales, S.L.U.",regional_default_candidate,exclude_from_bulk_import,no,e-distribución — distribución eléctrica,https://www.edistribucion.com/es/conocenos/instalaciones-distribucion-red/distribucion-electrica.html,official_distributor_public,2026-05-06,Galicia ya tiene auditoría e importación específica; no tocar con regional_default genérico.
galicia,Castro Caldelas,"e-distribución Redes Digitales, S.L.U.",regional_default_candidate,exclude_from_bulk_import,no,e-distribución — distribución eléctrica,https://www.edistribucion.com/es/conocenos/instalaciones-distribucion-red/distribucion-electrica.html,official_distributor_public,2026-05-06,Galicia ya tiene auditoría e importación específica; no tocar con regional_default genérico.
galicia,Castro de Rei,"e-distribución Redes Digitales, S.L.U.",regional_default_candidate,exclude_from_bulk_import,no,e-distribución — distribución eléctrica,https://www.edistribucion.com/es/conocenos/instalaciones-distribucion-red/distribucion-electrica.html,official_distributor_public,2026-05-06,Galicia ya tiene auditoría e importación específica; no tocar con regional_default genérico.
galicia,Castroverde,"e-distribución Redes Digitales, S.L.U.",regional_default_candidate,exclude_from_bulk_import,no,e-distribución — distribución eléctrica,https://www.edistribucion.com/es/conocenos/instalaciones-distribucion-red/distribucion-electrica.html,official_distributor_public,2026-05-06,Galicia ya tiene auditoría e importación específica; no tocar con regional_default genérico.
galicia,Catoira,"e-distribución Redes Digitales, S.L.U.",regional_default_candidate,exclude_from_bulk_import,no,e-distribución — distribución eléctrica,https://www.edistribucion.com/es/conocenos/instalaciones-distribucion-red/distribucion-electrica.html,official_distributor_public,2026-05-06,Galicia ya tiene auditoría e importación específica; no tocar con regional_default genérico.
galicia,Cedeira,"e-distribución Redes Digitales, S.L.U.",regional_default_candidate,exclude_from_bulk_import,no,e-distribución — distribución eléctrica,https://www.edistribucion.com/es/conocenos/instalaciones-distribucion-red/distribucion-electrica.html,official_distributor_public,2026-05-06,Galicia ya tiene auditoría e importación específica; no tocar con regional_default genérico.
galicia,Cee,"e-distribución Redes Digitales, S.L.U.",regional_default_candidate,exclude_from_bulk_import,no,e-distribución — distribución eléctrica,https://www.edistribucion.com/es/conocenos/instalaciones-distribucion-red/distribucion-electrica.html,official_distributor_public,2026-05-06,Galicia ya tiene auditoría e importación específica; no tocar con regional_default genérico.
galicia,Celanova,"e-distribución Redes Digitales, S.L.U.",regional_default_candidate,exclude_from_bulk_import,no,e-distribución — distribución eléctrica,https://www.edistribucion.com/es/conocenos/instalaciones-distribucion-red/distribucion-electrica.html,official_distributor_public,2026-05-06,Galicia ya tiene auditoría e importación específica; no tocar con regional_default genérico.
galicia,Cenlle,"e-distribución Redes Digitales, S.L.U.",regional_default_candidate,exclude_from_bulk_import,no,e-distribución — distribución eléctrica,https://www.edistribucion.com/es/conocenos/instalaciones-distribucion-red/distribucion-electrica.html,official_distributor_public,2026-05-06,Galicia ya tiene auditoría e importación específica; no tocar con regional_default genérico.
galicia,Cerceda,"e-distribución Redes Digitales, S.L.U.",regional_default_candidate,exclude_from_bulk_import,no,e-distribución — distribución eléctrica,https://www.edistribucion.com/es/conocenos/instalaciones-distribucion-red/distribucion-electrica.html,official_distributor_public,2026-05-06,Galicia ya tiene auditoría e importación específica; no tocar con regional_default genérico.
galicia,Cerdedo-Cotobade,"e-distribución Redes Digitales, S.L.U.",regional_default_candidate,exclude_from_bulk_import,no,e-distribución — distribución eléctrica,https://www.edistribucion.com/es/conocenos/instalaciones-distribucion-red/distribucion-electrica.html,official_distributor_public,2026-05-06,Galicia ya tiene auditoría e importación específica; no tocar con regional_default genérico.
galicia,Cerdido,"e-distribución Redes Digitales, S.L.U.",regional_default_candidate,exclude_from_bulk_import,no,e-distribución — distribución eléctrica,https://www.edistribucion.com/es/conocenos/instalaciones-distribucion-red/distribucion-electrica.html,official_distributor_public,2026-05-06,Galicia ya tiene auditoría e importación específica; no tocar con regional_default genérico.
galicia,Cervantes,"e-distribución Redes Digitales, S.L.U.",regional_default_candidate,exclude_from_bulk_import,no,e-distribución — distribución eléctrica,https://www.edistribucion.com/es/conocenos/instalaciones-distribucion-red/distribucion-electrica.html,official_distributor_public,2026-05-06,Galicia ya tiene auditoría e importación específica; no tocar con regional_default genérico.
galicia,Cervo,"e-distribución Redes Digitales, S.L.U.",regional_default_candidate,exclude_from_bulk_import,no,e-distribución — distribución eléctrica,https://www.edistribucion.com/es/conocenos/instalaciones-distribucion-red/distribucion-electrica.html,official_distributor_public,2026-05-06,Galicia ya tiene auditoría e importación específica; no tocar con regional_default genérico.
galicia,Chandrexa de Queixa,"e-distribución Redes Digitales, S.L.U.",regional_default_candidate,exclude_from_bulk_import,no,e-distribución — distribución eléctrica,https://www.edistribucion.com/es/conocenos/instalaciones-distribucion-red/distribucion-electrica.html,official_distributor_public,2026-05-06,Galicia ya tiene auditoría e importación específica; no tocar con regional_default genérico.
galicia,Chantada,"e-distribución Redes Digitales, S.L.U.",regional_default_candidate,exclude_from_bulk_import,no,e-distribución — distribución eléctrica,https://www.edistribucion.com/es/conocenos/instalaciones-distribucion-red/distribucion-electrica.html,official_distributor_public,2026-05-06,Galicia ya tiene auditoría e importación específica; no tocar con regional_default genérico.
galicia,Coirós,"e-distribución Redes Digitales, S.L.U.",regional_default_candidate,exclude_from_bulk_import,no,e-distribución — distribución eléctrica,https://www.edistribucion.com/es/conocenos/instalaciones-distribucion-red/distribucion-electrica.html,official_distributor_public,2026-05-06,Galicia ya tiene auditoría e importación específica; no tocar con regional_default genérico.
galicia,Coles,"e-distribución Redes Digitales, S.L.U.",regional_default_candidate,exclude_from_bulk_import,no,e-distribución — distribución eléctrica,https://www.edistribucion.com/es/conocenos/instalaciones-distribucion-red/distribucion-electrica.html,official_distributor_public,2026-05-06,Galicia ya tiene auditoría e importación específica; no tocar con regional_default genérico.
galicia,Corcubión,"e-distribución Redes Digitales, S.L.U.",regional_default_candidate,exclude_from_bulk_import,no,e-distribución — distribución eléctrica,https://www.edistribucion.com/es/conocenos/instalaciones-distribucion-red/distribucion-electrica.html,official_distributor_public,2026-05-06,Galicia ya tiene auditoría e importación específica; no tocar con regional_default genérico.
galicia,Coristanco,"e-distribución Redes Digitales, S.L.U.",regional_default_candidate,exclude_from_bulk_import,no,e-distribución — distribución eléctrica,https://www.edistribucion.com/es/conocenos/instalaciones-distribucion-red/distribucion-electrica.html,official_distributor_public,2026-05-06,Galicia ya tiene auditoría e importación específica; no tocar con regional_default genérico.
galicia,Cortegada,"e-distribución Redes Digitales, S.L.U.",regional_default_candidate,exclude_from_bulk_import,no,e-distribución — distribución eléctrica,https://www.edistribucion.com/es/conocenos/instalaciones-distribucion-red/distribucion-electrica.html,official_distributor_public,2026-05-06,Galicia ya tiene auditoría e importación específica; no tocar con regional_default genérico.
galicia,Cospeito,"e-distribución Redes Digitales, S.L.U.",regional_default_candidate,exclude_from_bulk_import,no,e-distribución — distribución eléctrica,https://www.edistribucion.com/es/conocenos/instalaciones-distribucion-red/distribucion-electrica.html,official_distributor_public,2026-05-06,Galicia ya tiene auditoría e importación específica; no tocar con regional_default genérico.
galicia,Covelo,"e-distribución Redes Digitales, S.L.U.",regional_default_candidate,exclude_from_bulk_import,no,e-distribución — distribución eléctrica,https://www.edistribucion.com/es/conocenos/instalaciones-distribucion-red/distribucion-electrica.html,official_distributor_public,2026-05-06,Galicia ya tiene auditoría e importación específica; no tocar con regional_default genérico.
galicia,Crecente,"e-distribución Redes Digitales, S.L.U.",regional_default_candidate,exclude_from_bulk_import,no,e-distribución — distribución eléctrica,https://www.edistribucion.com/es/conocenos/instalaciones-distribucion-red/distribucion-electrica.html,official_distributor_public,2026-05-06,Galicia ya tiene auditoría e importación específica; no tocar con regional_default genérico.
galicia,Cualedro,"e-distribución Redes Digitales, S.L.U.",regional_default_candidate,exclude_from_bulk_import,no,e-distribución — distribución eléctrica,https://www.edistribucion.com/es/conocenos/instalaciones-distribucion-red/distribucion-electrica.html,official_distributor_public,2026-05-06,Galicia ya tiene auditoría e importación específica; no tocar con regional_default genérico.
galicia,Culleredo,"e-distribución Redes Digitales, S.L.U.",regional_default_candidate,exclude_from_bulk_import,no,e-distribución — distribución eléctrica,https://www.edistribucion.com/es/conocenos/instalaciones-distribucion-red/distribucion-electrica.html,official_distributor_public,2026-05-06,Galicia ya tiene auditoría e importación específica; no tocar con regional_default genérico.
galicia,Cuntis,"e-distribución Redes Digitales, S.L.U.",regional_default_candidate,exclude_from_bulk_import,no,e-distribución — distribución eléctrica,https://www.edistribucion.com/es/conocenos/instalaciones-distribucion-red/distribucion-electrica.html,official_distributor_public,2026-05-06,Galicia ya tiene auditoría e importación específica; no tocar con regional_default genérico.
galicia,Curtis,"e-distribución Redes Digitales, S.L.U.",regional_default_candidate,exclude_from_bulk_import,no,e-distribución — distribución eléctrica,https://www.edistribucion.com/es/conocenos/instalaciones-distribucion-red/distribucion-electrica.html,official_distributor_public,2026-05-06,Galicia ya tiene auditoría e importación específica; no tocar con regional_default genérico.
galicia,Dodro,"e-distribución Redes Digitales, S.L.U.",regional_default_candidate,exclude_from_bulk_import,no,e-distribución — distribución eléctrica,https://www.edistribucion.com/es/conocenos/instalaciones-distribucion-red/distribucion-electrica.html,official_distributor_public,2026-05-06,Galicia ya tiene auditoría e importación específica; no tocar con regional_default genérico.
galicia,Dozón,"e-distribución Redes Digitales, S.L.U.",regional_default_candidate,exclude_from_bulk_import,no,e-distribución — distribución eléctrica,https://www.edistribucion.com/es/conocenos/instalaciones-distribucion-red/distribucion-electrica.html,official_distributor_public,2026-05-06,Galicia ya tiene auditoría e importación específica; no tocar con regional_default genérico.
galicia,Dumbría,"e-distribución Redes Digitales, S.L.U.",regional_default_candidate,exclude_from_bulk_import,no,e-distribución — distribución eléctrica,https://www.edistribucion.com/es/conocenos/instalaciones-distribucion-red/distribucion-electrica.html,official_distributor_public,2026-05-06,Galicia ya tiene auditoría e importación específica; no tocar con regional_default genérico.
galicia,Entrimo,"e-distribución Redes Digitales, S.L.U.",regional_default_candidate,exclude_from_bulk_import,no,e-distribución — distribución eléctrica,https://www.edistribucion.com/es/conocenos/instalaciones-distribucion-red/distribucion-electrica.html,official_distributor_public,2026-05-06,Galicia ya tiene auditoría e importación específica; no tocar con regional_default genérico.
galicia,Esgos,"e-distribución Redes Digitales, S.L.U.",regional_default_candidate,exclude_from_bulk_import,no,e-distribución — distribución eléctrica,https://www.edistribucion.com/es/conocenos/instalaciones-distribucion-red/distribucion-electrica.html,official_distributor_public,2026-05-06,Galicia ya tiene auditoría e importación específica; no tocar con regional_default genérico.
galicia,Fene,"e-distribución Redes Digitales, S.L.U.",regional_default_candidate,exclude_from_bulk_import,no,e-distribución — distribución eléctrica,https://www.edistribucion.com/es/conocenos/instalaciones-distribucion-red/distribucion-electrica.html,official_distributor_public,2026-05-06,Galicia ya tiene auditoría e importación específica; no tocar con regional_default genérico.
galicia,Ferrol,"e-distribución Redes Digitales, S.L.U.",regional_default_candidate,exclude_from_bulk_import,no,e-distribución — distribución eléctrica,https://www.edistribucion.com/es/conocenos/instalaciones-distribucion-red/distribucion-electrica.html,official_distributor_public,2026-05-06,Galicia ya tiene auditoría e importación específica; no tocar con regional_default genérico.
galicia,Fisterra,"e-distribución Redes Digitales, S.L.U.",regional_default_candidate,exclude_from_bulk_import,no,e-distribución — distribución eléctrica,https://www.edistribucion.com/es/conocenos/instalaciones-distribucion-red/distribucion-electrica.html,official_distributor_public,2026-05-06,Galicia ya tiene auditoría e importación específica; no tocar con regional_default genérico.
galicia,Folgoso do Courel,"e-distribución Redes Digitales, S.L.U.",regional_default_candidate,exclude_from_bulk_import,no,e-distribución — distribución eléctrica,https://www.edistribucion.com/es/conocenos/instalaciones-distribucion-red/distribucion-electrica.html,official_distributor_public,2026-05-06,Galicia ya tiene auditoría e importación específica; no tocar con regional_default genérico.
galicia,Forcarei,"e-distribución Redes Digitales, S.L.U.",regional_default_candidate,exclude_from_bulk_import,no,e-distribución — distribución eléctrica,https://www.edistribucion.com/es/conocenos/instalaciones-distribucion-red/distribucion-electrica.html,official_distributor_public,2026-05-06,Galicia ya tiene auditoría e importación específica; no tocar con regional_default genérico.
galicia,Fornelos de Montes,"e-distribución Redes Digitales, S.L.U.",regional_default_candidate,exclude_from_bulk_import,no,e-distribución — distribución eléctrica,https://www.edistribucion.com/es/conocenos/instalaciones-distribucion-red/distribucion-electrica.html,official_distributor_public,2026-05-06,Galicia ya tiene auditoría e importación específica; no tocar con regional_default genérico.
galicia,Foz,"e-distribución Redes Digitales, S.L.U.",regional_default_candidate,exclude_from_bulk_import,no,e-distribución — distribución eléctrica,https://www.edistribucion.com/es/conocenos/instalaciones-distribucion-red/distribucion-electrica.html,official_distributor_public,2026-05-06,Galicia ya tiene auditoría e importación específica; no tocar con regional_default genérico.
galicia,Frades,"e-distribución Redes Digitales, S.L.U.",regional_default_candidate,exclude_from_bulk_import,no,e-distribución — distribución eléctrica,https://www.edistribucion.com/es/conocenos/instalaciones-distribucion-red/distribucion-electrica.html,official_distributor_public,2026-05-06,Galicia ya tiene auditoría e importación específica; no tocar con regional_default genérico.
galicia,Friol,"e-distribución Redes Digitales, S.L.U.",regional_default_candidate,exclude_from_bulk_import,no,e-distribución — distribución eléctrica,https://www.edistribucion.com/es/conocenos/instalaciones-distribucion-red/distribucion-electrica.html,official_distributor_public,2026-05-06,Galicia ya tiene auditoría e importación específica; no tocar con regional_default genérico.
galicia,Gomesende,"e-distribución Redes Digitales, S.L.U.",regional_default_candidate,exclude_from_bulk_import,no,e-distribución — distribución eléctrica,https://www.edistribucion.com/es/conocenos/instalaciones-distribucion-red/distribucion-electrica.html,official_distributor_public,2026-05-06,Galicia ya tiene auditoría e importación específica; no tocar con regional_default genérico.
galicia,Gondomar,"e-distribución Redes Digitales, S.L.U.",regional_default_candidate,exclude_from_bulk_import,no,e-distribución — distribución eléctrica,https://www.edistribucion.com/es/conocenos/instalaciones-distribucion-red/distribucion-electrica.html,official_distributor_public,2026-05-06,Galicia ya tiene auditoría e importación específica; no tocar con regional_default genérico.
galicia,Guitiriz,"e-distribución Redes Digitales, S.L.U.",regional_default_candidate,exclude_from_bulk_import,no,e-distribución — distribución eléctrica,https://www.edistribucion.com/es/conocenos/instalaciones-distribucion-red/distribucion-electrica.html,official_distributor_public,2026-05-06,Galicia ya tiene auditoría e importación específica; no tocar con regional_default genérico.
galicia,Guntín,"e-distribución Redes Digitales, S.L.U.",regional_default_candidate,exclude_from_bulk_import,no,e-distribución — distribución eléctrica,https://www.edistribucion.com/es/conocenos/instalaciones-distribucion-red/distribucion-electrica.html,official_distributor_public,2026-05-06,Galicia ya tiene auditoría e importación específica; no tocar con regional_default genérico.
galicia,Irixoa,"e-distribución Redes Digitales, S.L.U.",regional_default_candidate,exclude_from_bulk_import,no,e-distribución — distribución eléctrica,https://www.edistribucion.com/es/conocenos/instalaciones-distribucion-red/distribucion-electrica.html,official_distributor_public,2026-05-06,Galicia ya tiene auditoría e importación específica; no tocar con regional_default genérico.
galicia,Lalín,"e-distribución Redes Digitales, S.L.U.",regional_default_candidate,exclude_from_bulk_import,no,e-distribución — distribución eléctrica,https://www.edistribucion.com/es/conocenos/instalaciones-distribucion-red/distribucion-electrica.html,official_distributor_public,2026-05-06,Galicia ya tiene auditoría e importación específica; no tocar con regional_default genérico.
galicia,Láncara,"e-distribución Redes Digitales, S.L.U.",regional_default_candidate,exclude_from_bulk_import,no,e-distribución — distribución eléctrica,https://www.edistribucion.com/es/conocenos/instalaciones-distribucion-red/distribucion-electrica.html,official_distributor_public,2026-05-06,Galicia ya tiene auditoría e importación específica; no tocar con regional_default genérico.
galicia,Larouco,"e-distribución Redes Digitales, S.L.U.",regional_default_candidate,exclude_from_bulk_import,no,e-distribución — distribución eléctrica,https://www.edistribucion.com/es/conocenos/instalaciones-distribucion-red/distribucion-electrica.html,official_distributor_public,2026-05-06,Galicia ya tiene auditoría e importación específica; no tocar con regional_default genérico.
galicia,Laxe,"e-distribución Redes Digitales, S.L.U.",regional_default_candidate,exclude_from_bulk_import,no,e-distribución — distribución eléctrica,https://www.edistribucion.com/es/conocenos/instalaciones-distribucion-red/distribucion-electrica.html,official_distributor_public,2026-05-06,Galicia ya tiene auditoría e importación específica; no tocar con regional_default genérico.
galicia,Laza,"e-distribución Redes Digitales, S.L.U.",regional_default_candidate,exclude_from_bulk_import,no,e-distribución — distribución eléctrica,https://www.edistribucion.com/es/conocenos/instalaciones-distribucion-red/distribucion-electrica.html,official_distributor_public,2026-05-06,Galicia ya tiene auditoría e importación específica; no tocar con regional_default genérico.
galicia,Leiro,"e-distribución Redes Digitales, S.L.U.",regional_default_candidate,exclude_from_bulk_import,no,e-distribución — distribución eléctrica,https://www.edistribucion.com/es/conocenos/instalaciones-distribucion-red/distribucion-electrica.html,official_distributor_public,2026-05-06,Galicia ya tiene auditoría e importación específica; no tocar con regional_default genérico.
galicia,Lobeira,"e-distribución Redes Digitales, S.L.U.",regional_default_candidate,exclude_from_bulk_import,no,e-distribución — distribución eléctrica,https://www.edistribucion.com/es/conocenos/instalaciones-distribucion-red/distribucion-electrica.html,official_distributor_public,2026-05-06,Galicia ya tiene auditoría e importación específica; no tocar con regional_default genérico.
galicia,Lobios,"e-distribución Redes Digitales, S.L.U.",regional_default_candidate,exclude_from_bulk_import,no,e-distribución — distribución eléctrica,https://www.edistribucion.com/es/conocenos/instalaciones-distribucion-red/distribucion-electrica.html,official_distributor_public,2026-05-06,Galicia ya tiene auditoría e importación específica; no tocar con regional_default genérico.
galicia,Lourenzá,"e-distribución Redes Digitales, S.L.U.",regional_default_candidate,exclude_from_bulk_import,no,e-distribución — distribución eléctrica,https://www.edistribucion.com/es/conocenos/instalaciones-distribucion-red/distribucion-electrica.html,official_distributor_public,2026-05-06,Galicia ya tiene auditoría e importación específica; no tocar con regional_default genérico.
galicia,Lousame,"e-distribución Redes Digitales, S.L.U.",regional_default_candidate,exclude_from_bulk_import,no,e-distribución — distribución eléctrica,https://www.edistribucion.com/es/conocenos/instalaciones-distribucion-red/distribucion-electrica.html,official_distributor_public,2026-05-06,Galicia ya tiene auditoría e importación específica; no tocar con regional_default genérico.
galicia,Lugo,"e-distribución Redes Digitales, S.L.U.",regional_default_candidate,exclude_from_bulk_import,no,e-distribución — distribución eléctrica,https://www.edistribucion.com/es/conocenos/instalaciones-distribucion-red/distribucion-electrica.html,official_distributor_public,2026-05-06,Galicia ya tiene auditoría e importación específica; no tocar con regional_default genérico.
galicia,Maceda,"e-distribución Redes Digitales, S.L.U.",regional_default_candidate,exclude_from_bulk_import,no,e-distribución — distribución eléctrica,https://www.edistribucion.com/es/conocenos/instalaciones-distribucion-red/distribucion-electrica.html,official_distributor_public,2026-05-06,Galicia ya tiene auditoría e importación específica; no tocar con regional_default genérico.
galicia,Malpica de Bergantiños,"e-distribución Redes Digitales, S.L.U.",regional_default_candidate,exclude_from_bulk_import,no,e-distribución — distribución eléctrica,https://www.edistribucion.com/es/conocenos/instalaciones-distribucion-red/distribucion-electrica.html,official_distributor_public,2026-05-06,Galicia ya tiene auditoría e importación específica; no tocar con regional_default genérico.
galicia,Mañón,"e-distribución Redes Digitales, S.L.U.",regional_default_candidate,exclude_from_bulk_import,no,e-distribución — distribución eléctrica,https://www.edistribucion.com/es/conocenos/instalaciones-distribucion-red/distribucion-electrica.html,official_distributor_public,2026-05-06,Galicia ya tiene auditoría e importación específica; no tocar con regional_default genérico.
galicia,Manzaneda,"e-distribución Redes Digitales, S.L.U.",regional_default_candidate,exclude_from_bulk_import,no,e-distribución — distribución eléctrica,https://www.edistribucion.com/es/conocenos/instalaciones-distribucion-red/distribucion-electrica.html,official_distributor_public,2026-05-06,Galicia ya tiene auditoría e importación específica; no tocar con regional_default genérico.
galicia,Marín,"e-distribución Redes Digitales, S.L.U.",regional_default_candidate,exclude_from_bulk_import,no,e-distribución — distribución eléctrica,https://www.edistribucion.com/es/conocenos/instalaciones-distribucion-red/distribucion-electrica.html,official_distributor_public,2026-05-06,Galicia ya tiene auditoría e importación específica; no tocar con regional_default genérico.
galicia,Maside,"e-distribución Redes Digitales, S.L.U.",regional_default_candidate,exclude_from_bulk_import,no,e-distribución — distribución eléctrica,https://www.edistribucion.com/es/conocenos/instalaciones-distribucion-red/distribucion-electrica.html,official_distributor_public,2026-05-06,Galicia ya tiene auditoría e importación específica; no tocar con regional_default genérico.
galicia,Mazaricos,"e-distribución Redes Digitales, S.L.U.",regional_default_candidate,exclude_from_bulk_import,no,e-distribución — distribución eléctrica,https://www.edistribucion.com/es/conocenos/instalaciones-distribucion-red/distribucion-electrica.html,official_distributor_public,2026-05-06,Galicia ya tiene auditoría e importación específica; no tocar con regional_default genérico.
galicia,Meaño,"e-distribución Redes Digitales, S.L.U.",regional_default_candidate,exclude_from_bulk_import,no,e-distribución — distribución eléctrica,https://www.edistribucion.com/es/conocenos/instalaciones-distribucion-red/distribucion-electrica.html,official_distributor_public,2026-05-06,Galicia ya tiene auditoría e importación específica; no tocar con regional_default genérico.
galicia,Meira,"e-distribución Redes Digitales, S.L.U.",regional_default_candidate,exclude_from_bulk_import,no,e-distribución — distribución eléctrica,https://www.edistribucion.com/es/conocenos/instalaciones-distribucion-red/distribucion-electrica.html,official_distributor_public,2026-05-06,Galicia ya tiene auditoría e importación específica; no tocar con regional_default genérico.
galicia,Meis,"e-distribución Redes Digitales, S.L.U.",regional_default_candidate,exclude_from_bulk_import,no,e-distribución — distribución eléctrica,https://www.edistribucion.com/es/conocenos/instalaciones-distribucion-red/distribucion-electrica.html,official_distributor_public,2026-05-06,Galicia ya tiene auditoría e importación específica; no tocar con regional_default genérico.
galicia,Melide,"e-distribución Redes Digitales, S.L.U.",regional_default_candidate,exclude_from_bulk_import,no,e-distribución — distribución eléctrica,https://www.edistribucion.com/es/conocenos/instalaciones-distribucion-red/distribucion-electrica.html,official_distributor_public,2026-05-06,Galicia ya tiene auditoría e importación específica; no tocar con regional_default genérico.
galicia,Melón,"e-distribución Redes Digitales, S.L.U.",regional_default_candidate,exclude_from_bulk_import,no,e-distribución — distribución eléctrica,https://www.edistribucion.com/es/conocenos/instalaciones-distribucion-red/distribucion-electrica.html,official_distributor_public,2026-05-06,Galicia ya tiene auditoría e importación específica; no tocar con regional_default genérico.
galicia,Mesía,"e-distribución Redes Digitales, S.L.U.",regional_default_candidate,exclude_from_bulk_import,no,e-distribución — distribución eléctrica,https://www.edistribucion.com/es/conocenos/instalaciones-distribucion-red/distribucion-electrica.html,official_distributor_public,2026-05-06,Galicia ya tiene auditoría e importación específica; no tocar con regional_default genérico.
galicia,Miño,"e-distribución Redes Digitales, S.L.U.",regional_default_candidate,exclude_from_bulk_import,no,e-distribución — distribución eléctrica,https://www.edistribucion.com/es/conocenos/instalaciones-distribucion-red/distribucion-electrica.html,official_distributor_public,2026-05-06,Galicia ya tiene auditoría e importación específica; no tocar con regional_default genérico.
galicia,Moaña,"e-distribución Redes Digitales, S.L.U.",regional_default_candidate,exclude_from_bulk_import,no,e-distribución — distribución eléctrica,https://www.edistribucion.com/es/conocenos/instalaciones-distribucion-red/distribucion-electrica.html,official_distributor_public,2026-05-06,Galicia ya tiene auditoría e importación específica; no tocar con regional_default genérico.
galicia,Moeche,"e-distribución Redes Digitales, S.L.U.",regional_default_candidate,exclude_from_bulk_import,no,e-distribución — distribución eléctrica,https://www.edistribucion.com/es/conocenos/instalaciones-distribucion-red/distribucion-electrica.html,official_distributor_public,2026-05-06,Galicia ya tiene auditoría e importación específica; no tocar con regional_default genérico.
galicia,Mondariz,"e-distribución Redes Digitales, S.L.U.",regional_default_candidate,exclude_from_bulk_import,no,e-distribución — distribución eléctrica,https://www.edistribucion.com/es/conocenos/instalaciones-distribucion-red/distribucion-electrica.html,official_distributor_public,2026-05-06,Galicia ya tiene auditoría e importación específica; no tocar con regional_default genérico.
galicia,Mondariz-Balneario,"e-distribución Redes Digitales, S.L.U.",regional_default_candidate,exclude_from_bulk_import,no,e-distribución — distribución eléctrica,https://www.edistribucion.com/es/conocenos/instalaciones-distribucion-red/distribucion-electrica.html,official_distributor_public,2026-05-06,Galicia ya tiene auditoría e importación específica; no tocar con regional_default genérico.
galicia,Mondoñedo,"e-distribución Redes Digitales, S.L.U.",regional_default_candidate,exclude_from_bulk_import,no,e-distribución — distribución eléctrica,https://www.edistribucion.com/es/conocenos/instalaciones-distribucion-red/distribucion-electrica.html,official_distributor_public,2026-05-06,Galicia ya tiene auditoría e importación específica; no tocar con regional_default genérico.
galicia,Monfero,"e-distribución Redes Digitales, S.L.U.",regional_default_candidate,exclude_from_bulk_import,no,e-distribución — distribución eléctrica,https://www.edistribucion.com/es/conocenos/instalaciones-distribucion-red/distribucion-electrica.html,official_distributor_public,2026-05-06,Galicia ya tiene auditoría e importación específica; no tocar con regional_default genérico.
galicia,Monforte de Lemos,"e-distribución Redes Digitales, S.L.U.",regional_default_candidate,exclude_from_bulk_import,no,e-distribución — distribución eléctrica,https://www.edistribucion.com/es/conocenos/instalaciones-distribucion-red/distribucion-electrica.html,official_distributor_public,2026-05-06,Galicia ya tiene auditoría e importación específica; no tocar con regional_default genérico.
galicia,Montederramo,"e-distribución Redes Digitales, S.L.U.",regional_default_candidate,exclude_from_bulk_import,no,e-distribución — distribución eléctrica,https://www.edistribucion.com/es/conocenos/instalaciones-distribucion-red/distribucion-electrica.html,official_distributor_public,2026-05-06,Galicia ya tiene auditoría e importación específica; no tocar con regional_default genérico.
galicia,Monterrei,"e-distribución Redes Digitales, S.L.U.",regional_default_candidate,exclude_from_bulk_import,no,e-distribución — distribución eléctrica,https://www.edistribucion.com/es/conocenos/instalaciones-distribucion-red/distribucion-electrica.html,official_distributor_public,2026-05-06,Galicia ya tiene auditoría e importación específica; no tocar con regional_default genérico.
galicia,Monterroso,"e-distribución Redes Digitales, S.L.U.",regional_default_candidate,exclude_from_bulk_import,no,e-distribución — distribución eléctrica,https://www.edistribucion.com/es/conocenos/instalaciones-distribucion-red/distribucion-electrica.html,official_distributor_public,2026-05-06,Galicia ya tiene auditoría e importación específica; no tocar con regional_default genérico.
galicia,Moraña,"e-distribución Redes Digitales, S.L.U.",regional_default_candidate,exclude_from_bulk_import,no,e-distribución — distribución eléctrica,https://www.edistribucion.com/es/conocenos/instalaciones-distribucion-red/distribucion-electrica.html,official_distributor_public,2026-05-06,Galicia ya tiene auditoría e importación específica; no tocar con regional_default genérico.
galicia,Mos,"e-distribución Redes Digitales, S.L.U.",regional_default_candidate,exclude_from_bulk_import,no,e-distribución — distribución eléctrica,https://www.edistribucion.com/es/conocenos/instalaciones-distribucion-red/distribucion-electrica.html,official_distributor_public,2026-05-06,Galicia ya tiene auditoría e importación específica; no tocar con regional_default genérico.
galicia,Mugardos,"e-distribución Redes Digitales, S.L.U.",regional_default_candidate,exclude_from_bulk_import,no,e-distribución — distribución eléctrica,https://www.edistribucion.com/es/conocenos/instalaciones-distribucion-red/distribucion-electrica.html,official_distributor_public,2026-05-06,Galicia ya tiene auditoría e importación específica; no tocar con regional_default genérico.
galicia,Muíños,"e-distribución Redes Digitales, S.L.U.",regional_default_candidate,exclude_from_bulk_import,no,e-distribución — distribución eléctrica,https://www.edistribucion.com/es/conocenos/instalaciones-distribucion-red/distribucion-electrica.html,official_distributor_public,2026-05-06,Galicia ya tiene auditoría e importación específica; no tocar con regional_default genérico.
galicia,Muras,"e-distribución Redes Digitales, S.L.U.",regional_default_candidate,exclude_from_bulk_import,no,e-distribución — distribución eléctrica,https://www.edistribucion.com/es/conocenos/instalaciones-distribucion-red/distribucion-electrica.html,official_distributor_public,2026-05-06,Galicia ya tiene auditoría e importación específica; no tocar con regional_default genérico.
galicia,Muros,"e-distribución Redes Digitales, S.L.U.",regional_default_candidate,exclude_from_bulk_import,no,e-distribución — distribución eléctrica,https://www.edistribucion.com/es/conocenos/instalaciones-distribucion-red/distribucion-electrica.html,official_distributor_public,2026-05-06,Galicia ya tiene auditoría e importación específica; no tocar con regional_default genérico.
galicia,Muxía,"e-distribución Redes Digitales, S.L.U.",regional_default_candidate,exclude_from_bulk_import,no,e-distribución — distribución eléctrica,https://www.edistribucion.com/es/conocenos/instalaciones-distribucion-red/distribucion-electrica.html,official_distributor_public,2026-05-06,Galicia ya tiene auditoría e importación específica; no tocar con regional_default genérico.
galicia,Narón,"e-distribución Redes Digitales, S.L.U.",regional_default_candidate,exclude_from_bulk_import,no,e-distribución — distribución eléctrica,https://www.edistribucion.com/es/conocenos/instalaciones-distribucion-red/distribucion-electrica.html,official_distributor_public,2026-05-06,Galicia ya tiene auditoría e importación específica; no tocar con regional_default genérico.
galicia,Navia de Suarna,"e-distribución Redes Digitales, S.L.U.",regional_default_candidate,exclude_from_bulk_import,no,e-distribución — distribución eléctrica,https://www.edistribucion.com/es/conocenos/instalaciones-distribucion-red/distribucion-electrica.html,official_distributor_public,2026-05-06,Galicia ya tiene auditoría e importación específica; no tocar con regional_default genérico.
galicia,Neda,"e-distribución Redes Digitales, S.L.U.",regional_default_candidate,exclude_from_bulk_import,no,e-distribución — distribución eléctrica,https://www.edistribucion.com/es/conocenos/instalaciones-distribucion-red/distribucion-electrica.html,official_distributor_public,2026-05-06,Galicia ya tiene auditoría e importación específica; no tocar con regional_default genérico.
galicia,Negreira,"e-distribución Redes Digitales, S.L.U.",regional_default_candidate,exclude_from_bulk_import,no,e-distribución — distribución eléctrica,https://www.edistribucion.com/es/conocenos/instalaciones-distribucion-red/distribucion-electrica.html,official_distributor_public,2026-05-06,Galicia ya tiene auditoría e importación específica; no tocar con regional_default genérico.
galicia,Negueira de Muñiz,"e-distribución Redes Digitales, S.L.U.",regional_default_candidate,exclude_from_bulk_import,no,e-distribución — distribución eléctrica,https://www.edistribucion.com/es/conocenos/instalaciones-distribucion-red/distribucion-electrica.html,official_distributor_public,2026-05-06,Galicia ya tiene auditoría e importación específica; no tocar con regional_default genérico.
galicia,Nigrán,"e-distribución Redes Digitales, S.L.U.",regional_default_candidate,exclude_from_bulk_import,no,e-distribución — distribución eléctrica,https://www.edistribucion.com/es/conocenos/instalaciones-distribucion-red/distribucion-electrica.html,official_distributor_public,2026-05-06,Galicia ya tiene auditoría e importación específica; no tocar con regional_default genérico.
galicia,Nogueira de Ramuín,"e-distribución Redes Digitales, S.L.U.",regional_default_candidate,exclude_from_bulk_import,no,e-distribución — distribución eléctrica,https://www.edistribucion.com/es/conocenos/instalaciones-distribucion-red/distribucion-electrica.html,official_distributor_public,2026-05-06,Galicia ya tiene auditoría e importación específica; no tocar con regional_default genérico.
galicia,Noia,"e-distribución Redes Digitales, S.L.U.",regional_default_candidate,exclude_from_bulk_import,no,e-distribución — distribución eléctrica,https://www.edistribucion.com/es/conocenos/instalaciones-distribucion-red/distribucion-electrica.html,official_distributor_public,2026-05-06,Galicia ya tiene auditoría e importación específica; no tocar con regional_default genérico.
galicia,O Barco de Valdeorras,"e-distribución Redes Digitales, S.L.U.",regional_default_candidate,exclude_from_bulk_import,no,e-distribución — distribución eléctrica,https://www.edistribucion.com/es/conocenos/instalaciones-distribucion-red/distribucion-electrica.html,official_distributor_public,2026-05-06,Galicia ya tiene auditoría e importación específica; no tocar con regional_default genérico.
galicia,O Bolo,"e-distribución Redes Digitales, S.L.U.",regional_default_candidate,exclude_from_bulk_import,no,e-distribución — distribución eléctrica,https://www.edistribucion.com/es/conocenos/instalaciones-distribucion-red/distribucion-electrica.html,official_distributor_public,2026-05-06,Galicia ya tiene auditoría e importación específica; no tocar con regional_default genérico.
galicia,O Carballiño,"e-distribución Redes Digitales, S.L.U.",regional_default_candidate,exclude_from_bulk_import,no,e-distribución — distribución eléctrica,https://www.edistribucion.com/es/conocenos/instalaciones-distribucion-red/distribucion-electrica.html,official_distributor_public,2026-05-06,Galicia ya tiene auditoría e importación específica; no tocar con regional_default genérico.
galicia,O Corgo,"e-distribución Redes Digitales, S.L.U.",regional_default_candidate,exclude_from_bulk_import,no,e-distribución — distribución eléctrica,https://www.edistribucion.com/es/conocenos/instalaciones-distribucion-red/distribucion-electrica.html,official_distributor_public,2026-05-06,Galicia ya tiene auditoría e importación específica; no tocar con regional_default genérico.
galicia,O Grove,"e-distribución Redes Digitales, S.L.U.",regional_default_candidate,exclude_from_bulk_import,no,e-distribución — distribución eléctrica,https://www.edistribucion.com/es/conocenos/instalaciones-distribucion-red/distribucion-electrica.html,official_distributor_public,2026-05-06,Galicia ya tiene auditoría e importación específica; no tocar con regional_default genérico.
galicia,O Incio,"e-distribución Redes Digitales, S.L.U.",regional_default_candidate,exclude_from_bulk_import,no,e-distribución — distribución eléctrica,https://www.edistribucion.com/es/conocenos/instalaciones-distribucion-red/distribucion-electrica.html,official_distributor_public,2026-05-06,Galicia ya tiene auditoría e importación específica; no tocar con regional_default genérico.
galicia,O Irixo,"e-distribución Redes Digitales, S.L.U.",regional_default_candidate,exclude_from_bulk_import,no,e-distribución — distribución eléctrica,https://www.edistribucion.com/es/conocenos/instalaciones-distribucion-red/distribucion-electrica.html,official_distributor_public,2026-05-06,Galicia ya tiene auditoría e importación específica; no tocar con regional_default genérico.
galicia,O Páramo,"e-distribución Redes Digitales, S.L.U.",regional_default_candidate,exclude_from_bulk_import,no,e-distribución — distribución eléctrica,https://www.edistribucion.com/es/conocenos/instalaciones-distribucion-red/distribucion-electrica.html,official_distributor_public,2026-05-06,Galicia ya tiene auditoría e importación específica; no tocar con regional_default genérico.
galicia,O Pereiro de Aguiar,"e-distribución Redes Digitales, S.L.U.",regional_default_candidate,exclude_from_bulk_import,no,e-distribución — distribución eléctrica,https://www.edistribucion.com/es/conocenos/instalaciones-distribucion-red/distribucion-electrica.html,official_distributor_public,2026-05-06,Galicia ya tiene auditoría e importación específica; no tocar con regional_default genérico.
galicia,O Pino,"e-distribución Redes Digitales, S.L.U.",regional_default_candidate,exclude_from_bulk_import,no,e-distribución — distribución eléctrica,https://www.edistribucion.com/es/conocenos/instalaciones-distribucion-red/distribucion-electrica.html,official_distributor_public,2026-05-06,Galicia ya tiene auditoría e importación específica; no tocar con regional_default genérico.
galicia,O Porriño,"e-distribución Redes Digitales, S.L.U.",regional_default_candidate,exclude_from_bulk_import,no,e-distribución — distribución eléctrica,https://www.edistribucion.com/es/conocenos/instalaciones-distribucion-red/distribucion-electrica.html,official_distributor_public,2026-05-06,Galicia ya tiene auditoría e importación específica; no tocar con regional_default genérico.
galicia,O Rosal,"e-distribución Redes Digitales, S.L.U.",regional_default_candidate,exclude_from_bulk_import,no,e-distribución — distribución eléctrica,https://www.edistribucion.com/es/conocenos/instalaciones-distribucion-red/distribucion-electrica.html,official_distributor_public,2026-05-06,Galicia ya tiene auditoría e importación específica; no tocar con regional_default genérico.
galicia,O Saviñao,"e-distribución Redes Digitales, S.L.U.",regional_default_candidate,exclude_from_bulk_import,no,e-distribución — distribución eléctrica,https://www.edistribucion.com/es/conocenos/instalaciones-distribucion-red/distribucion-electrica.html,official_distributor_public,2026-05-06,Galicia ya tiene auditoría e importación específica; no tocar con regional_default genérico.
galicia,O Valadouro,"e-distribución Redes Digitales, S.L.U.",regional_default_candidate,exclude_from_bulk_import,no,e-distribución — distribución eléctrica,https://www.edistribucion.com/es/conocenos/instalaciones-distribucion-red/distribucion-electrica.html,official_distributor_public,2026-05-06,Galicia ya tiene auditoría e importación específica; no tocar con regional_default genérico.
galicia,O Vicedo,"e-distribución Redes Digitales, S.L.U.",regional_default_candidate,exclude_from_bulk_import,no,e-distribución — distribución eléctrica,https://www.edistribucion.com/es/conocenos/instalaciones-distribucion-red/distribucion-electrica.html,official_distributor_public,2026-05-06,Galicia ya tiene auditoría e importación específica; no tocar con regional_default genérico.
galicia,Oia,"e-distribución Redes Digitales, S.L.U.",regional_default_candidate,exclude_from_bulk_import,no,e-distribución — distribución eléctrica,https://www.edistribucion.com/es/conocenos/instalaciones-distribucion-red/distribucion-electrica.html,official_distributor_public,2026-05-06,Galicia ya tiene auditoría e importación específica; no tocar con regional_default genérico.
galicia,Oímbra,"e-distribución Redes Digitales, S.L.U.",regional_default_candidate,exclude_from_bulk_import,no,e-distribución — distribución eléctrica,https://www.edistribucion.com/es/conocenos/instalaciones-distribucion-red/distribucion-electrica.html,official_distributor_public,2026-05-06,Galicia ya tiene auditoría e importación específica; no tocar con regional_default genérico.
galicia,Oleiros,"e-distribución Redes Digitales, S.L.U.",regional_default_candidate,exclude_from_bulk_import,no,e-distribución — distribución eléctrica,https://www.edistribucion.com/es/conocenos/instalaciones-distribucion-red/distribucion-electrica.html,official_distributor_public,2026-05-06,Galicia ya tiene auditoría e importación específica; no tocar con regional_default genérico.
galicia,Ordes,"e-distribución Redes Digitales, S.L.U.",regional_default_candidate,exclude_from_bulk_import,no,e-distribución — distribución eléctrica,https://www.edistribucion.com/es/conocenos/instalaciones-distribucion-red/distribucion-electrica.html,official_distributor_public,2026-05-06,Galicia ya tiene auditoría e importación específica; no tocar con regional_default genérico.
galicia,Oroso,"e-distribución Redes Digitales, S.L.U.",regional_default_candidate,exclude_from_bulk_import,no,e-distribución — distribución eléctrica,https://www.edistribucion.com/es/conocenos/instalaciones-distribucion-red/distribucion-electrica.html,official_distributor_public,2026-05-06,Galicia ya tiene auditoría e importación específica; no tocar con regional_default genérico.
galicia,Ortigueira,"e-distribución Redes Digitales, S.L.U.",regional_default_candidate,exclude_from_bulk_import,no,e-distribución — distribución eléctrica,https://www.edistribucion.com/es/conocenos/instalaciones-distribucion-red/distribucion-electrica.html,official_distributor_public,2026-05-06,Galicia ya tiene auditoría e importación específica; no tocar con regional_default genérico.
galicia,Os Blancos,"e-distribución Redes Digitales, S.L.U.",regional_default_candidate,exclude_from_bulk_import,no,e-distribución — distribución eléctrica,https://www.edistribucion.com/es/conocenos/instalaciones-distribucion-red/distribucion-electrica.html,official_distributor_public,2026-05-06,Galicia ya tiene auditoría e importación específica; no tocar con regional_default genérico.
galicia,Ourense,"e-distribución Redes Digitales, S.L.U.",regional_default_candidate,exclude_from_bulk_import,no,e-distribución — distribución eléctrica,https://www.edistribucion.com/es/conocenos/instalaciones-distribucion-red/distribucion-electrica.html,official_distributor_public,2026-05-06,Galicia ya tiene auditoría e importación específica; no tocar con regional_default genérico.
galicia,Ourol,"e-distribución Redes Digitales, S.L.U.",regional_default_candidate,exclude_from_bulk_import,no,e-distribución — distribución eléctrica,https://www.edistribucion.com/es/conocenos/instalaciones-distribucion-red/distribucion-electrica.html,official_distributor_public,2026-05-06,Galicia ya tiene auditoría e importación específica; no tocar con regional_default genérico.
galicia,Outeiro de Rei,"e-distribución Redes Digitales, S.L.U.",regional_default_candidate,exclude_from_bulk_import,no,e-distribución — distribución eléctrica,https://www.edistribucion.com/es/conocenos/instalaciones-distribucion-red/distribucion-electrica.html,official_distributor_public,2026-05-06,Galicia ya tiene auditoría e importación específica; no tocar con regional_default genérico.
galicia,Outes,"e-distribución Redes Digitales, S.L.U.",regional_default_candidate,exclude_from_bulk_import,no,e-distribución — distribución eléctrica,https://www.edistribucion.com/es/conocenos/instalaciones-distribucion-red/distribucion-electrica.html,official_distributor_public,2026-05-06,Galicia ya tiene auditoría e importación específica; no tocar con regional_default genérico.
galicia,Oza-Cesuras,"e-distribución Redes Digitales, S.L.U.",regional_default_candidate,exclude_from_bulk_import,no,e-distribución — distribución eléctrica,https://www.edistribucion.com/es/conocenos/instalaciones-distribucion-red/distribucion-electrica.html,official_distributor_public,2026-05-06,Galicia ya tiene auditoría e importación específica; no tocar con regional_default genérico.
galicia,Paderne,"e-distribución Redes Digitales, S.L.U.",regional_default_candidate,exclude_from_bulk_import,no,e-distribución — distribución eléctrica,https://www.edistribucion.com/es/conocenos/instalaciones-distribucion-red/distribucion-electrica.html,official_distributor_public,2026-05-06,Galicia ya tiene auditoría e importación específica; no tocar con regional_default genérico.
galicia,Paderne de Allariz,"e-distribución Redes Digitales, S.L.U.",regional_default_candidate,exclude_from_bulk_import,no,e-distribución — distribución eléctrica,https://www.edistribucion.com/es/conocenos/instalaciones-distribucion-red/distribucion-electrica.html,official_distributor_public,2026-05-06,Galicia ya tiene auditoría e importación específica; no tocar con regional_default genérico.
galicia,Padrenda,"e-distribución Redes Digitales, S.L.U.",regional_default_candidate,exclude_from_bulk_import,no,e-distribución — distribución eléctrica,https://www.edistribucion.com/es/conocenos/instalaciones-distribucion-red/distribucion-electrica.html,official_distributor_public,2026-05-06,Galicia ya tiene auditoría e importación específica; no tocar con regional_default genérico.
galicia,Padrón,"e-distribución Redes Digitales, S.L.U.",regional_default_candidate,exclude_from_bulk_import,no,e-distribución — distribución eléctrica,https://www.edistribucion.com/es/conocenos/instalaciones-distribucion-red/distribucion-electrica.html,official_distributor_public,2026-05-06,Galicia ya tiene auditoría e importación específica; no tocar con regional_default genérico.
galicia,Palas de Rei,"e-distribución Redes Digitales, S.L.U.",regional_default_candidate,exclude_from_bulk_import,no,e-distribución — distribución eléctrica,https://www.edistribucion.com/es/conocenos/instalaciones-distribucion-red/distribucion-electrica.html,official_distributor_public,2026-05-06,Galicia ya tiene auditoría e importación específica; no tocar con regional_default genérico.
galicia,Pantón,"e-distribución Redes Digitales, S.L.U.",regional_default_candidate,exclude_from_bulk_import,no,e-distribución — distribución eléctrica,https://www.edistribucion.com/es/conocenos/instalaciones-distribucion-red/distribucion-electrica.html,official_distributor_public,2026-05-06,Galicia ya tiene auditoría e importación específica; no tocar con regional_default genérico.
galicia,Parada de Sil,"e-distribución Redes Digitales, S.L.U.",regional_default_candidate,exclude_from_bulk_import,no,e-distribución — distribución eléctrica,https://www.edistribucion.com/es/conocenos/instalaciones-distribucion-red/distribucion-electrica.html,official_distributor_public,2026-05-06,Galicia ya tiene auditoría e importación específica; no tocar con regional_default genérico.
galicia,Paradela,"e-distribución Redes Digitales, S.L.U.",regional_default_candidate,exclude_from_bulk_import,no,e-distribución — distribución eléctrica,https://www.edistribucion.com/es/conocenos/instalaciones-distribucion-red/distribucion-electrica.html,official_distributor_public,2026-05-06,Galicia ya tiene auditoría e importación específica; no tocar con regional_default genérico.
galicia,Pazos de Borbén,"e-distribución Redes Digitales, S.L.U.",regional_default_candidate,exclude_from_bulk_import,no,e-distribución — distribución eléctrica,https://www.edistribucion.com/es/conocenos/instalaciones-distribucion-red/distribucion-electrica.html,official_distributor_public,2026-05-06,Galicia ya tiene auditoría e importación específica; no tocar con regional_default genérico.
galicia,Pedrafita do Cebreiro,"e-distribución Redes Digitales, S.L.U.",regional_default_candidate,exclude_from_bulk_import,no,e-distribución — distribución eléctrica,https://www.edistribucion.com/es/conocenos/instalaciones-distribucion-red/distribucion-electrica.html,official_distributor_public,2026-05-06,Galicia ya tiene auditoría e importación específica; no tocar con regional_default genérico.
galicia,Petín,"e-distribución Redes Digitales, S.L.U.",regional_default_candidate,exclude_from_bulk_import,no,e-distribución — distribución eléctrica,https://www.edistribucion.com/es/conocenos/instalaciones-distribucion-red/distribucion-electrica.html,official_distributor_public,2026-05-06,Galicia ya tiene auditoría e importación específica; no tocar con regional_default genérico.
galicia,Piñor,"e-distribución Redes Digitales, S.L.U.",regional_default_candidate,exclude_from_bulk_import,no,e-distribución — distribución eléctrica,https://www.edistribucion.com/es/conocenos/instalaciones-distribucion-red/distribucion-electrica.html,official_distributor_public,2026-05-06,Galicia ya tiene auditoría e importación específica; no tocar con regional_default genérico.
galicia,Poio,"e-distribución Redes Digitales, S.L.U.",regional_default_candidate,exclude_from_bulk_import,no,e-distribución — distribución eléctrica,https://www.edistribucion.com/es/conocenos/instalaciones-distribucion-red/distribucion-electrica.html,official_distributor_public,2026-05-06,Galicia ya tiene auditoría e importación específica; no tocar con regional_default genérico.
galicia,Pol,"e-distribución Redes Digitales, S.L.U.",regional_default_candidate,exclude_from_bulk_import,no,e-distribución — distribución eléctrica,https://www.edistribucion.com/es/conocenos/instalaciones-distribucion-red/distribucion-electrica.html,official_distributor_public,2026-05-06,Galicia ya tiene auditoría e importación específica; no tocar con regional_default genérico.
galicia,Ponte Caldelas,"e-distribución Redes Digitales, S.L.U.",regional_default_candidate,exclude_from_bulk_import,no,e-distribución — distribución eléctrica,https://www.edistribucion.com/es/conocenos/instalaciones-distribucion-red/distribucion-electrica.html,official_distributor_public,2026-05-06,Galicia ya tiene auditoría e importación específica; no tocar con regional_default genérico.
galicia,Ponteareas,"e-distribución Redes Digitales, S.L.U.",regional_default_candidate,exclude_from_bulk_import,no,e-distribución — distribución eléctrica,https://www.edistribucion.com/es/conocenos/instalaciones-distribucion-red/distribucion-electrica.html,official_distributor_public,2026-05-06,Galicia ya tiene auditoría e importación específica; no tocar con regional_default genérico.
galicia,Ponteceso,"e-distribución Redes Digitales, S.L.U.",regional_default_candidate,exclude_from_bulk_import,no,e-distribución — distribución eléctrica,https://www.edistribucion.com/es/conocenos/instalaciones-distribucion-red/distribucion-electrica.html,official_distributor_public,2026-05-06,Galicia ya tiene auditoría e importación específica; no tocar con regional_default genérico.
galicia,Pontecesures,"e-distribución Redes Digitales, S.L.U.",regional_default_candidate,exclude_from_bulk_import,no,e-distribución — distribución eléctrica,https://www.edistribucion.com/es/conocenos/instalaciones-distribucion-red/distribucion-electrica.html,official_distributor_public,2026-05-06,Galicia ya tiene auditoría e importación específica; no tocar con regional_default genérico.
galicia,Pontedeume,"e-distribución Redes Digitales, S.L.U.",regional_default_candidate,exclude_from_bulk_import,no,e-distribución — distribución eléctrica,https://www.edistribucion.com/es/conocenos/instalaciones-distribucion-red/distribucion-electrica.html,official_distributor_public,2026-05-06,Galicia ya tiene auditoría e importación específica; no tocar con regional_default genérico.
galicia,Pontedeva,"e-distribución Redes Digitales, S.L.U.",regional_default_candidate,exclude_from_bulk_import,no,e-distribución — distribución eléctrica,https://www.edistribucion.com/es/conocenos/instalaciones-distribucion-red/distribucion-electrica.html,official_distributor_public,2026-05-06,Galicia ya tiene auditoría e importación específica; no tocar con regional_default genérico.
galicia,Pontevedra,"e-distribución Redes Digitales, S.L.U.",regional_default_candidate,exclude_from_bulk_import,no,e-distribución — distribución eléctrica,https://www.edistribucion.com/es/conocenos/instalaciones-distribucion-red/distribucion-electrica.html,official_distributor_public,2026-05-06,Galicia ya tiene auditoría e importación específica; no tocar con regional_default genérico.
galicia,Porqueira,"e-distribución Redes Digitales, S.L.U.",regional_default_candidate,exclude_from_bulk_import,no,e-distribución — distribución eléctrica,https://www.edistribucion.com/es/conocenos/instalaciones-distribucion-red/distribucion-electrica.html,official_distributor_public,2026-05-06,Galicia ya tiene auditoría e importación específica; no tocar con regional_default genérico.
galicia,Portas,"e-distribución Redes Digitales, S.L.U.",regional_default_candidate,exclude_from_bulk_import,no,e-distribución — distribución eléctrica,https://www.edistribucion.com/es/conocenos/instalaciones-distribucion-red/distribucion-electrica.html,official_distributor_public,2026-05-06,Galicia ya tiene auditoría e importación específica; no tocar con regional_default genérico.
galicia,Porto do Son,"e-distribución Redes Digitales, S.L.U.",regional_default_candidate,exclude_from_bulk_import,no,e-distribución — distribución eléctrica,https://www.edistribucion.com/es/conocenos/instalaciones-distribucion-red/distribucion-electrica.html,official_distributor_public,2026-05-06,Galicia ya tiene auditoría e importación específica; no tocar con regional_default genérico.
galicia,Portomarín,"e-distribución Redes Digitales, S.L.U.",regional_default_candidate,exclude_from_bulk_import,no,e-distribución — distribución eléctrica,https://www.edistribucion.com/es/conocenos/instalaciones-distribucion-red/distribucion-electrica.html,official_distributor_public,2026-05-06,Galicia ya tiene auditoría e importación específica; no tocar con regional_default genérico.
galicia,Punxín,"e-distribución Redes Digitales, S.L.U.",regional_default_candidate,exclude_from_bulk_import,no,e-distribución — distribución eléctrica,https://www.edistribucion.com/es/conocenos/instalaciones-distribucion-red/distribucion-electrica.html,official_distributor_public,2026-05-06,Galicia ya tiene auditoría e importación específica; no tocar con regional_default genérico.
galicia,Quintela de Leirado,"e-distribución Redes Digitales, S.L.U.",regional_default_candidate,exclude_from_bulk_import,no,e-distribución — distribución eléctrica,https://www.edistribucion.com/es/conocenos/instalaciones-distribucion-red/distribucion-electrica.html,official_distributor_public,2026-05-06,Galicia ya tiene auditoría e importación específica; no tocar con regional_default genérico.
galicia,Quiroga,"e-distribución Redes Digitales, S.L.U.",regional_default_candidate,exclude_from_bulk_import,no,e-distribución — distribución eléctrica,https://www.edistribucion.com/es/conocenos/instalaciones-distribucion-red/distribucion-electrica.html,official_distributor_public,2026-05-06,Galicia ya tiene auditoría e importación específica; no tocar con regional_default genérico.
galicia,Rábade,"e-distribución Redes Digitales, S.L.U.",regional_default_candidate,exclude_from_bulk_import,no,e-distribución — distribución eléctrica,https://www.edistribucion.com/es/conocenos/instalaciones-distribucion-red/distribucion-electrica.html,official_distributor_public,2026-05-06,Galicia ya tiene auditoría e importación específica; no tocar con regional_default genérico.
galicia,Rairiz de Veiga,"e-distribución Redes Digitales, S.L.U.",regional_default_candidate,exclude_from_bulk_import,no,e-distribución — distribución eléctrica,https://www.edistribucion.com/es/conocenos/instalaciones-distribucion-red/distribucion-electrica.html,official_distributor_public,2026-05-06,Galicia ya tiene auditoría e importación específica; no tocar con regional_default genérico.
galicia,Ramirás,"e-distribución Redes Digitales, S.L.U.",regional_default_candidate,exclude_from_bulk_import,no,e-distribución — distribución eléctrica,https://www.edistribucion.com/es/conocenos/instalaciones-distribucion-red/distribucion-electrica.html,official_distributor_public,2026-05-06,Galicia ya tiene auditoría e importación específica; no tocar con regional_default genérico.
galicia,Redondela,"e-distribución Redes Digitales, S.L.U.",regional_default_candidate,exclude_from_bulk_import,no,e-distribución — distribución eléctrica,https://www.edistribucion.com/es/conocenos/instalaciones-distribucion-red/distribucion-electrica.html,official_distributor_public,2026-05-06,Galicia ya tiene auditoría e importación específica; no tocar con regional_default genérico.
galicia,Rianxo,"e-distribución Redes Digitales, S.L.U.",regional_default_candidate,exclude_from_bulk_import,no,e-distribución — distribución eléctrica,https://www.edistribucion.com/es/conocenos/instalaciones-distribucion-red/distribucion-electrica.html,official_distributor_public,2026-05-06,Galicia ya tiene auditoría e importación específica; no tocar con regional_default genérico.
galicia,Ribadavia,"e-distribución Redes Digitales, S.L.U.",regional_default_candidate,exclude_from_bulk_import,no,e-distribución — distribución eléctrica,https://www.edistribucion.com/es/conocenos/instalaciones-distribucion-red/distribucion-electrica.html,official_distributor_public,2026-05-06,Galicia ya tiene auditoría e importación específica; no tocar con regional_default genérico.
galicia,Ribadeo,"e-distribución Redes Digitales, S.L.U.",regional_default_candidate,exclude_from_bulk_import,no,e-distribución — distribución eléctrica,https://www.edistribucion.com/es/conocenos/instalaciones-distribucion-red/distribucion-electrica.html,official_distributor_public,2026-05-06,Galicia ya tiene auditoría e importación específica; no tocar con regional_default genérico.
galicia,Ribadumia,"e-distribución Redes Digitales, S.L.U.",regional_default_candidate,exclude_from_bulk_import,no,e-distribución — distribución eléctrica,https://www.edistribucion.com/es/conocenos/instalaciones-distribucion-red/distribucion-electrica.html,official_distributor_public,2026-05-06,Galicia ya tiene auditoría e importación específica; no tocar con regional_default genérico.
galicia,Ribas de Sil,"e-distribución Redes Digitales, S.L.U.",regional_default_candidate,exclude_from_bulk_import,no,e-distribución — distribución eléctrica,https://www.edistribucion.com/es/conocenos/instalaciones-distribucion-red/distribucion-electrica.html,official_distributor_public,2026-05-06,Galicia ya tiene auditoría e importación específica; no tocar con regional_default genérico.
galicia,Ribeira,"e-distribución Redes Digitales, S.L.U.",regional_default_candidate,exclude_from_bulk_import,no,e-distribución — distribución eléctrica,https://www.edistribucion.com/es/conocenos/instalaciones-distribucion-red/distribucion-electrica.html,official_distributor_public,2026-05-06,Galicia ya tiene auditoría e importación específica; no tocar con regional_default genérico.
galicia,Ribeira de Piquín,"e-distribución Redes Digitales, S.L.U.",regional_default_candidate,exclude_from_bulk_import,no,e-distribución — distribución eléctrica,https://www.edistribucion.com/es/conocenos/instalaciones-distribucion-red/distribucion-electrica.html,official_distributor_public,2026-05-06,Galicia ya tiene auditoría e importación específica; no tocar con regional_default genérico.
galicia,Riós,"e-distribución Redes Digitales, S.L.U.",regional_default_candidate,exclude_from_bulk_import,no,e-distribución — distribución eléctrica,https://www.edistribucion.com/es/conocenos/instalaciones-distribucion-red/distribucion-electrica.html,official_distributor_public,2026-05-06,Galicia ya tiene auditoría e importación específica; no tocar con regional_default genérico.
galicia,Riotorto,"e-distribución Redes Digitales, S.L.U.",regional_default_candidate,exclude_from_bulk_import,no,e-distribución — distribución eléctrica,https://www.edistribucion.com/es/conocenos/instalaciones-distribucion-red/distribucion-electrica.html,official_distributor_public,2026-05-06,Galicia ya tiene auditoría e importación específica; no tocar con regional_default genérico.
galicia,Rodeiro,"e-distribución Redes Digitales, S.L.U.",regional_default_candidate,exclude_from_bulk_import,no,e-distribución — distribución eléctrica,https://www.edistribucion.com/es/conocenos/instalaciones-distribucion-red/distribucion-electrica.html,official_distributor_public,2026-05-06,Galicia ya tiene auditoría e importación específica; no tocar con regional_default genérico.
galicia,Rois,"e-distribución Redes Digitales, S.L.U.",regional_default_candidate,exclude_from_bulk_import,no,e-distribución — distribución eléctrica,https://www.edistribucion.com/es/conocenos/instalaciones-distribucion-red/distribucion-electrica.html,official_distributor_public,2026-05-06,Galicia ya tiene auditoría e importación específica; no tocar con regional_default genérico.
galicia,Rubiá,"e-distribución Redes Digitales, S.L.U.",regional_default_candidate,exclude_from_bulk_import,no,e-distribución — distribución eléctrica,https://www.edistribucion.com/es/conocenos/instalaciones-distribucion-red/distribucion-electrica.html,official_distributor_public,2026-05-06,Galicia ya tiene auditoría e importación específica; no tocar con regional_default genérico.
galicia,Sada,"e-distribución Redes Digitales, S.L.U.",regional_default_candidate,exclude_from_bulk_import,no,e-distribución — distribución eléctrica,https://www.edistribucion.com/es/conocenos/instalaciones-distribucion-red/distribucion-electrica.html,official_distributor_public,2026-05-06,Galicia ya tiene auditoría e importación específica; no tocar con regional_default genérico.
galicia,Salceda de Caselas,"e-distribución Redes Digitales, S.L.U.",regional_default_candidate,exclude_from_bulk_import,no,e-distribución — distribución eléctrica,https://www.edistribucion.com/es/conocenos/instalaciones-distribucion-red/distribucion-electrica.html,official_distributor_public,2026-05-06,Galicia ya tiene auditoría e importación específica; no tocar con regional_default genérico.
galicia,Salvaterra de Miño,"e-distribución Redes Digitales, S.L.U.",regional_default_candidate,exclude_from_bulk_import,no,e-distribución — distribución eléctrica,https://www.edistribucion.com/es/conocenos/instalaciones-distribucion-red/distribucion-electrica.html,official_distributor_public,2026-05-06,Galicia ya tiene auditoría e importación específica; no tocar con regional_default genérico.
galicia,Samos,"e-distribución Redes Digitales, S.L.U.",regional_default_candidate,exclude_from_bulk_import,no,e-distribución — distribución eléctrica,https://www.edistribucion.com/es/conocenos/instalaciones-distribucion-red/distribucion-electrica.html,official_distributor_public,2026-05-06,Galicia ya tiene auditoría e importación específica; no tocar con regional_default genérico.
galicia,San Amaro,"e-distribución Redes Digitales, S.L.U.",regional_default_candidate,exclude_from_bulk_import,no,e-distribución — distribución eléctrica,https://www.edistribucion.com/es/conocenos/instalaciones-distribucion-red/distribucion-electrica.html,official_distributor_public,2026-05-06,Galicia ya tiene auditoría e importación específica; no tocar con regional_default genérico.
galicia,San Cibrao das Viñas,"e-distribución Redes Digitales, S.L.U.",regional_default_candidate,exclude_from_bulk_import,no,e-distribución — distribución eléctrica,https://www.edistribucion.com/es/conocenos/instalaciones-distribucion-red/distribucion-electrica.html,official_distributor_public,2026-05-06,Galicia ya tiene auditoría e importación específica; no tocar con regional_default genérico.
galicia,San Cristovo de Cea,"e-distribución Redes Digitales, S.L.U.",regional_default_candidate,exclude_from_bulk_import,no,e-distribución — distribución eléctrica,https://www.edistribucion.com/es/conocenos/instalaciones-distribucion-red/distribucion-electrica.html,official_distributor_public,2026-05-06,Galicia ya tiene auditoría e importación específica; no tocar con regional_default genérico.
galicia,San Sadurniño,"e-distribución Redes Digitales, S.L.U.",regional_default_candidate,exclude_from_bulk_import,no,e-distribución — distribución eléctrica,https://www.edistribucion.com/es/conocenos/instalaciones-distribucion-red/distribucion-electrica.html,official_distributor_public,2026-05-06,Galicia ya tiene auditoría e importación específica; no tocar con regional_default genérico.
galicia,San Xoán de Río,"e-distribución Redes Digitales, S.L.U.",regional_default_candidate,exclude_from_bulk_import,no,e-distribución — distribución eléctrica,https://www.edistribucion.com/es/conocenos/instalaciones-distribucion-red/distribucion-electrica.html,official_distributor_public,2026-05-06,Galicia ya tiene auditoría e importación específica; no tocar con regional_default genérico.
galicia,Sandiás,"e-distribución Redes Digitales, S.L.U.",regional_default_candidate,exclude_from_bulk_import,no,e-distribución — distribución eléctrica,https://www.edistribucion.com/es/conocenos/instalaciones-distribucion-red/distribucion-electrica.html,official_distributor_public,2026-05-06,Galicia ya tiene auditoría e importación específica; no tocar con regional_default genérico.
galicia,Santa Comba,"e-distribución Redes Digitales, S.L.U.",regional_default_candidate,exclude_from_bulk_import,no,e-distribución — distribución eléctrica,https://www.edistribucion.com/es/conocenos/instalaciones-distribucion-red/distribucion-electrica.html,official_distributor_public,2026-05-06,Galicia ya tiene auditoría e importación específica; no tocar con regional_default genérico.
galicia,Santiago de Compostela,"e-distribución Redes Digitales, S.L.U.",regional_default_candidate,exclude_from_bulk_import,no,e-distribución — distribución eléctrica,https://www.edistribucion.com/es/conocenos/instalaciones-distribucion-red/distribucion-electrica.html,official_distributor_public,2026-05-06,Galicia ya tiene auditoría e importación específica; no tocar con regional_default genérico.
galicia,Santiso,"e-distribución Redes Digitales, S.L.U.",regional_default_candidate,exclude_from_bulk_import,no,e-distribución — distribución eléctrica,https://www.edistribucion.com/es/conocenos/instalaciones-distribucion-red/distribucion-electrica.html,official_distributor_public,2026-05-06,Galicia ya tiene auditoría e importación específica; no tocar con regional_default genérico.
galicia,Sanxenxo,"e-distribución Redes Digitales, S.L.U.",regional_default_candidate,exclude_from_bulk_import,no,e-distribución — distribución eléctrica,https://www.edistribucion.com/es/conocenos/instalaciones-distribucion-red/distribucion-electrica.html,official_distributor_public,2026-05-06,Galicia ya tiene auditoría e importación específica; no tocar con regional_default genérico.
galicia,Sarreaus,"e-distribución Redes Digitales, S.L.U.",regional_default_candidate,exclude_from_bulk_import,no,e-distribución — distribución eléctrica,https://www.edistribucion.com/es/conocenos/instalaciones-distribucion-red/distribucion-electrica.html,official_distributor_public,2026-05-06,Galicia ya tiene auditoría e importación específica; no tocar con regional_default genérico.
galicia,Sarria,"e-distribución Redes Digitales, S.L.U.",regional_default_candidate,exclude_from_bulk_import,no,e-distribución — distribución eléctrica,https://www.edistribucion.com/es/conocenos/instalaciones-distribucion-red/distribucion-electrica.html,official_distributor_public,2026-05-06,Galicia ya tiene auditoría e importación específica; no tocar con regional_default genérico.
galicia,Silleda,"e-distribución Redes Digitales, S.L.U.",regional_default_candidate,exclude_from_bulk_import,no,e-distribución — distribución eléctrica,https://www.edistribucion.com/es/conocenos/instalaciones-distribucion-red/distribucion-electrica.html,official_distributor_public,2026-05-06,Galicia ya tiene auditoría e importación específica; no tocar con regional_default genérico.
galicia,Sober,"e-distribución Redes Digitales, S.L.U.",regional_default_candidate,exclude_from_bulk_import,no,e-distribución — distribución eléctrica,https://www.edistribucion.com/es/conocenos/instalaciones-distribucion-red/distribucion-electrica.html,official_distributor_public,2026-05-06,Galicia ya tiene auditoría e importación específica; no tocar con regional_default genérico.
galicia,Sobrado,"e-distribución Redes Digitales, S.L.U.",regional_default_candidate,exclude_from_bulk_import,no,e-distribución — distribución eléctrica,https://www.edistribucion.com/es/conocenos/instalaciones-distribucion-red/distribucion-electrica.html,official_distributor_public,2026-05-06,Galicia ya tiene auditoría e importación específica; no tocar con regional_default genérico.
galicia,Soutomaior,"e-distribución Redes Digitales, S.L.U.",regional_default_candidate,exclude_from_bulk_import,no,e-distribución — distribución eléctrica,https://www.edistribucion.com/es/conocenos/instalaciones-distribucion-red/distribucion-electrica.html,official_distributor_public,2026-05-06,Galicia ya tiene auditoría e importación específica; no tocar con regional_default genérico.
galicia,Taboada,"e-distribución Redes Digitales, S.L.U.",regional_default_candidate,exclude_from_bulk_import,no,e-distribución — distribución eléctrica,https://www.edistribucion.com/es/conocenos/instalaciones-distribucion-red/distribucion-electrica.html,official_distributor_public,2026-05-06,Galicia ya tiene auditoría e importación específica; no tocar con regional_default genérico.
galicia,Taboadela,"e-distribución Redes Digitales, S.L.U.",regional_default_candidate,exclude_from_bulk_import,no,e-distribución — distribución eléctrica,https://www.edistribucion.com/es/conocenos/instalaciones-distribucion-red/distribucion-electrica.html,official_distributor_public,2026-05-06,Galicia ya tiene auditoría e importación específica; no tocar con regional_default genérico.
galicia,Teo,"e-distribución Redes Digitales, S.L.U.",regional_default_candidate,exclude_from_bulk_import,no,e-distribución — distribución eléctrica,https://www.edistribucion.com/es/conocenos/instalaciones-distribucion-red/distribucion-electrica.html,official_distributor_public,2026-05-06,Galicia ya tiene auditoría e importación específica; no tocar con regional_default genérico.
galicia,Toén,"e-distribución Redes Digitales, S.L.U.",regional_default_candidate,exclude_from_bulk_import,no,e-distribución — distribución eléctrica,https://www.edistribucion.com/es/conocenos/instalaciones-distribucion-red/distribucion-electrica.html,official_distributor_public,2026-05-06,Galicia ya tiene auditoría e importación específica; no tocar con regional_default genérico.
galicia,Tomiño,"e-distribución Redes Digitales, S.L.U.",regional_default_candidate,exclude_from_bulk_import,no,e-distribución — distribución eléctrica,https://www.edistribucion.com/es/conocenos/instalaciones-distribucion-red/distribucion-electrica.html,official_distributor_public,2026-05-06,Galicia ya tiene auditoría e importación específica; no tocar con regional_default genérico.
galicia,Toques,"e-distribución Redes Digitales, S.L.U.",regional_default_candidate,exclude_from_bulk_import,no,e-distribución — distribución eléctrica,https://www.edistribucion.com/es/conocenos/instalaciones-distribucion-red/distribucion-electrica.html,official_distributor_public,2026-05-06,Galicia ya tiene auditoría e importación específica; no tocar con regional_default genérico.
galicia,Tordoia,"e-distribución Redes Digitales, S.L.U.",regional_default_candidate,exclude_from_bulk_import,no,e-distribución — distribución eléctrica,https://www.edistribucion.com/es/conocenos/instalaciones-distribucion-red/distribucion-electrica.html,official_distributor_public,2026-05-06,Galicia ya tiene auditoría e importación específica; no tocar con regional_default genérico.
galicia,Touro,"e-distribución Redes Digitales, S.L.U.",regional_default_candidate,exclude_from_bulk_import,no,e-distribución — distribución eléctrica,https://www.edistribucion.com/es/conocenos/instalaciones-distribucion-red/distribucion-electrica.html,official_distributor_public,2026-05-06,Galicia ya tiene auditoría e importación específica; no tocar con regional_default genérico.
galicia,Trabada,"e-distribución Redes Digitales, S.L.U.",regional_default_candidate,exclude_from_bulk_import,no,e-distribución — distribución eléctrica,https://www.edistribucion.com/es/conocenos/instalaciones-distribucion-red/distribucion-electrica.html,official_distributor_public,2026-05-06,Galicia ya tiene auditoría e importación específica; no tocar con regional_default genérico.
galicia,Trasmiras,"e-distribución Redes Digitales, S.L.U.",regional_default_candidate,exclude_from_bulk_import,no,e-distribución — distribución eléctrica,https://www.edistribucion.com/es/conocenos/instalaciones-distribucion-red/distribucion-electrica.html,official_distributor_public,2026-05-06,Galicia ya tiene auditoría e importación específica; no tocar con regional_default genérico.
galicia,Trazo,"e-distribución Redes Digitales, S.L.U.",regional_default_candidate,exclude_from_bulk_import,no,e-distribución — distribución eléctrica,https://www.edistribucion.com/es/conocenos/instalaciones-distribucion-red/distribucion-electrica.html,official_distributor_public,2026-05-06,Galicia ya tiene auditoría e importación específica; no tocar con regional_default genérico.
galicia,Triacastela,"e-distribución Redes Digitales, S.L.U.",regional_default_candidate,exclude_from_bulk_import,no,e-distribución — distribución eléctrica,https://www.edistribucion.com/es/conocenos/instalaciones-distribucion-red/distribucion-electrica.html,official_distributor_public,2026-05-06,Galicia ya tiene auditoría e importación específica; no tocar con regional_default genérico.
galicia,Tui,"e-distribución Redes Digitales, S.L.U.",regional_default_candidate,exclude_from_bulk_import,no,e-distribución — distribución eléctrica,https://www.edistribucion.com/es/conocenos/instalaciones-distribucion-red/distribucion-electrica.html,official_distributor_public,2026-05-06,Galicia ya tiene auditoría e importación específica; no tocar con regional_default genérico.
galicia,Val do Dubra,"e-distribución Redes Digitales, S.L.U.",regional_default_candidate,exclude_from_bulk_import,no,e-distribución — distribución eléctrica,https://www.edistribucion.com/es/conocenos/instalaciones-distribucion-red/distribucion-electrica.html,official_distributor_public,2026-05-06,Galicia ya tiene auditoría e importación específica; no tocar con regional_default genérico.
galicia,Valdoviño,"e-distribución Redes Digitales, S.L.U.",regional_default_candidate,exclude_from_bulk_import,no,e-distribución — distribución eléctrica,https://www.edistribucion.com/es/conocenos/instalaciones-distribucion-red/distribucion-electrica.html,official_distributor_public,2026-05-06,Galicia ya tiene auditoría e importación específica; no tocar con regional_default genérico.
galicia,Valga,"e-distribución Redes Digitales, S.L.U.",regional_default_candidate,exclude_from_bulk_import,no,e-distribución — distribución eléctrica,https://www.edistribucion.com/es/conocenos/instalaciones-distribucion-red/distribucion-electrica.html,official_distributor_public,2026-05-06,Galicia ya tiene auditoría e importación específica; no tocar con regional_default genérico.
galicia,Vedra,"e-distribución Redes Digitales, S.L.U.",regional_default_candidate,exclude_from_bulk_import,no,e-distribución — distribución eléctrica,https://www.edistribucion.com/es/conocenos/instalaciones-distribucion-red/distribucion-electrica.html,official_distributor_public,2026-05-06,Galicia ya tiene auditoría e importación específica; no tocar con regional_default genérico.
galicia,Verea,"e-distribución Redes Digitales, S.L.U.",regional_default_candidate,exclude_from_bulk_import,no,e-distribución — distribución eléctrica,https://www.edistribucion.com/es/conocenos/instalaciones-distribucion-red/distribucion-electrica.html,official_distributor_public,2026-05-06,Galicia ya tiene auditoría e importación específica; no tocar con regional_default genérico.
galicia,Verín,"e-distribución Redes Digitales, S.L.U.",regional_default_candidate,exclude_from_bulk_import,no,e-distribución — distribución eléctrica,https://www.edistribucion.com/es/conocenos/instalaciones-distribucion-red/distribucion-electrica.html,official_distributor_public,2026-05-06,Galicia ya tiene auditoría e importación específica; no tocar con regional_default genérico.
galicia,Viana do Bolo,"e-distribución Redes Digitales, S.L.U.",regional_default_candidate,exclude_from_bulk_import,no,e-distribución — distribución eléctrica,https://www.edistribucion.com/es/conocenos/instalaciones-distribucion-red/distribucion-electrica.html,official_distributor_public,2026-05-06,Galicia ya tiene auditoría e importación específica; no tocar con regional_default genérico.
galicia,Vigo,"e-distribución Redes Digitales, S.L.U.",regional_default_candidate,exclude_from_bulk_import,no,e-distribución — distribución eléctrica,https://www.edistribucion.com/es/conocenos/instalaciones-distribucion-red/distribucion-electrica.html,official_distributor_public,2026-05-06,Galicia ya tiene auditoría e importación específica; no tocar con regional_default genérico.
galicia,Vila de Cruces,"e-distribución Redes Digitales, S.L.U.",regional_default_candidate,exclude_from_bulk_import,no,e-distribución — distribución eléctrica,https://www.edistribucion.com/es/conocenos/instalaciones-distribucion-red/distribucion-electrica.html,official_distributor_public,2026-05-06,Galicia ya tiene auditoría e importación específica; no tocar con regional_default genérico.
galicia,Vilaboa,"e-distribución Redes Digitales, S.L.U.",regional_default_candidate,exclude_from_bulk_import,no,e-distribución — distribución eléctrica,https://www.edistribucion.com/es/conocenos/instalaciones-distribucion-red/distribucion-electrica.html,official_distributor_public,2026-05-06,Galicia ya tiene auditoría e importación específica; no tocar con regional_default genérico.
galicia,Vilagarcía de Arousa,"e-distribución Redes Digitales, S.L.U.",regional_default_candidate,exclude_from_bulk_import,no,e-distribución — distribución eléctrica,https://www.edistribucion.com/es/conocenos/instalaciones-distribucion-red/distribucion-electrica.html,official_distributor_public,2026-05-06,Galicia ya tiene auditoría e importación específica; no tocar con regional_default genérico.
galicia,Vilalba,"e-distribución Redes Digitales, S.L.U.",regional_default_candidate,exclude_from_bulk_import,no,e-distribución — distribución eléctrica,https://www.edistribucion.com/es/conocenos/instalaciones-distribucion-red/distribucion-electrica.html,official_distributor_public,2026-05-06,Galicia ya tiene auditoría e importación específica; no tocar con regional_default genérico.
galicia,Vilamarín,"e-distribución Redes Digitales, S.L.U.",regional_default_candidate,exclude_from_bulk_import,no,e-distribución — distribución eléctrica,https://www.edistribucion.com/es/conocenos/instalaciones-distribucion-red/distribucion-electrica.html,official_distributor_public,2026-05-06,Galicia ya tiene auditoría e importación específica; no tocar con regional_default genérico.
galicia,Vilamartín de Valdeorras,"e-distribución Redes Digitales, S.L.U.",regional_default_candidate,exclude_from_bulk_import,no,e-distribución — distribución eléctrica,https://www.edistribucion.com/es/conocenos/instalaciones-distribucion-red/distribucion-electrica.html,official_distributor_public,2026-05-06,Galicia ya tiene auditoría e importación específica; no tocar con regional_default genérico.
galicia,Vilanova de Arousa,"e-distribución Redes Digitales, S.L.U.",regional_default_candidate,exclude_from_bulk_import,no,e-distribución — distribución eléctrica,https://www.edistribucion.com/es/conocenos/instalaciones-distribucion-red/distribucion-electrica.html,official_distributor_public,2026-05-06,Galicia ya tiene auditoría e importación específica; no tocar con regional_default genérico.
galicia,Vilar de Barrio,"e-distribución Redes Digitales, S.L.U.",regional_default_candidate,exclude_from_bulk_import,no,e-distribución — distribución eléctrica,https://www.edistribucion.com/es/conocenos/instalaciones-distribucion-red/distribucion-electrica.html,official_distributor_public,2026-05-06,Galicia ya tiene auditoría e importación específica; no tocar con regional_default genérico.
galicia,Vilar de Santos,"e-distribución Redes Digitales, S.L.U.",regional_default_candidate,exclude_from_bulk_import,no,e-distribución — distribución eléctrica,https://www.edistribucion.com/es/conocenos/instalaciones-distribucion-red/distribucion-electrica.html,official_distributor_public,2026-05-06,Galicia ya tiene auditoría e importación específica; no tocar con regional_default genérico.
galicia,Vilardevós,"e-distribución Redes Digitales, S.L.U.",regional_default_candidate,exclude_from_bulk_import,no,e-distribución — distribución eléctrica,https://www.edistribucion.com/es/conocenos/instalaciones-distribucion-red/distribucion-electrica.html,official_distributor_public,2026-05-06,Galicia ya tiene auditoría e importación específica; no tocar con regional_default genérico.
galicia,Vilariño de Conso,"e-distribución Redes Digitales, S.L.U.",regional_default_candidate,exclude_from_bulk_import,no,e-distribución — distribución eléctrica,https://www.edistribucion.com/es/conocenos/instalaciones-distribucion-red/distribucion-electrica.html,official_distributor_public,2026-05-06,Galicia ya tiene auditoría e importación específica; no tocar con regional_default genérico.
galicia,Vilarmaior,"e-distribución Redes Digitales, S.L.U.",regional_default_candidate,exclude_from_bulk_import,no,e-distribución — distribución eléctrica,https://www.edistribucion.com/es/conocenos/instalaciones-distribucion-red/distribucion-electrica.html,official_distributor_public,2026-05-06,Galicia ya tiene auditoría e importación específica; no tocar con regional_default genérico.
galicia,Vilasantar,"e-distribución Redes Digitales, S.L.U.",regional_default_candidate,exclude_from_bulk_import,no,e-distribución — distribución eléctrica,https://www.edistribucion.com/es/conocenos/instalaciones-distribucion-red/distribucion-electrica.html,official_distributor_public,2026-05-06,Galicia ya tiene auditoría e importación específica; no tocar con regional_default genérico.
galicia,Vimianzo,"e-distribución Redes Digitales, S.L.U.",regional_default_candidate,exclude_from_bulk_import,no,e-distribución — distribución eléctrica,https://www.edistribucion.com/es/conocenos/instalaciones-distribucion-red/distribucion-electrica.html,official_distributor_public,2026-05-06,Galicia ya tiene auditoría e importación específica; no tocar con regional_default genérico.
galicia,Viveiro,"e-distribución Redes Digitales, S.L.U.",regional_default_candidate,exclude_from_bulk_import,no,e-distribución — distribución eléctrica,https://www.edistribucion.com/es/conocenos/instalaciones-distribucion-red/distribucion-electrica.html,official_distributor_public,2026-05-06,Galicia ya tiene auditoría e importación específica; no tocar con regional_default genérico.
galicia,Xermade,"e-distribución Redes Digitales, S.L.U.",regional_default_candidate,exclude_from_bulk_import,no,e-distribución — distribución eléctrica,https://www.edistribucion.com/es/conocenos/instalaciones-distribucion-red/distribucion-electrica.html,official_distributor_public,2026-05-06,Galicia ya tiene auditoría e importación específica; no tocar con regional_default genérico.
galicia,Xinzo de Limia,"e-distribución Redes Digitales, S.L.U.",regional_default_candidate,exclude_from_bulk_import,no,e-distribución — distribución eléctrica,https://www.edistribucion.com/es/conocenos/instalaciones-distribucion-red/distribucion-electrica.html,official_distributor_public,2026-05-06,Galicia ya tiene auditoría e importación específica; no tocar con regional_default genérico.
galicia,Xove,"e-distribución Redes Digitales, S.L.U.",regional_default_candidate,exclude_from_bulk_import,no,e-distribución — distribución eléctrica,https://www.edistribucion.com/es/conocenos/instalaciones-distribucion-red/distribucion-electrica.html,official_distributor_public,2026-05-06,Galicia ya tiene auditoría e importación específica; no tocar con regional_default genérico.
galicia,Xunqueira de Ambía,"e-distribución Redes Digitales, S.L.U.",regional_default_candidate,exclude_from_bulk_import,no,e-distribución — distribución eléctrica,https://www.edistribucion.com/es/conocenos/instalaciones-distribucion-red/distribucion-electrica.html,official_distributor_public,2026-05-06,Galicia ya tiene auditoría e importación específica; no tocar con regional_default genérico.
galicia,Xunqueira de Espadanedo,"e-distribución Redes Digitales, S.L.U.",regional_default_candidate,exclude_from_bulk_import,no,e-distribución — distribución eléctrica,https://www.edistribucion.com/es/conocenos/instalaciones-distribucion-red/distribucion-electrica.html,official_distributor_public,2026-05-06,Galicia ya tiene auditoría e importación específica; no tocar con regional_default genérico.
galicia,Zas,"e-distribución Redes Digitales, S.L.U.",regional_default_candidate,exclude_from_bulk_import,no,e-distribución — distribución eléctrica,https://www.edistribucion.com/es/conocenos/instalaciones-distribucion-red/distribucion-electrica.html,official_distributor_public,2026-05-06,Galicia ya tiene auditoría e importación específica; no tocar con regional_default genérico.
