dataset_id,province,municipio,zone_id_candidate,current_distributor_hint,current_confidence,review_status,bulk_import_allowed,evidence_required,safe_next_step
extremadura,Cáceres,Abadía,municipality:extremadura::abadia,,,pending_municipal_review,no,"Fuente pública municipal o herramienta oficial sin CUPS, dirección exacta privada ni datos de suministro.","Revisar en mapa oficial de Junta, herramienta de distribuidora y CNMC antes de importar."
extremadura,Cáceres,Abertura,municipality:extremadura::abertura,,,pending_municipal_review,no,"Fuente pública municipal o herramienta oficial sin CUPS, dirección exacta privada ni datos de suministro.","Revisar en mapa oficial de Junta, herramienta de distribuidora y CNMC antes de importar."
extremadura,Cáceres,Acebo,municipality:extremadura::acebo,,,pending_municipal_review,no,"Fuente pública municipal o herramienta oficial sin CUPS, dirección exacta privada ni datos de suministro.","Revisar en mapa oficial de Junta, herramienta de distribuidora y CNMC antes de importar."
extremadura,Badajoz,Acedera,municipality:extremadura::acedera,,,pending_municipal_review,no,"Fuente pública municipal o herramienta oficial sin CUPS, dirección exacta privada ni datos de suministro.","Revisar en mapa oficial de Junta, herramienta de distribuidora y CNMC antes de importar."
extremadura,Cáceres,Acehúche,municipality:extremadura::acehuche,,,pending_municipal_review,no,"Fuente pública municipal o herramienta oficial sin CUPS, dirección exacta privada ni datos de suministro.","Revisar en mapa oficial de Junta, herramienta de distribuidora y CNMC antes de importar."
extremadura,Cáceres,Aceituna,municipality:extremadura::aceituna,,,pending_municipal_review,no,"Fuente pública municipal o herramienta oficial sin CUPS, dirección exacta privada ni datos de suministro.","Revisar en mapa oficial de Junta, herramienta de distribuidora y CNMC antes de importar."
extremadura,Badajoz,Aceuchal,municipality:extremadura::aceuchal,,,pending_municipal_review,no,"Fuente pública municipal o herramienta oficial sin CUPS, dirección exacta privada ni datos de suministro.","Revisar en mapa oficial de Junta, herramienta de distribuidora y CNMC antes de importar."
extremadura,Cáceres,Ahigal,municipality:extremadura::ahigal,,,pending_municipal_review,no,"Fuente pública municipal o herramienta oficial sin CUPS, dirección exacta privada ni datos de suministro.","Revisar en mapa oficial de Junta, herramienta de distribuidora y CNMC antes de importar."
extremadura,Badajoz,Ahillones,municipality:extremadura::ahillones,,,pending_municipal_review,no,"Fuente pública municipal o herramienta oficial sin CUPS, dirección exacta privada ni datos de suministro.","Revisar en mapa oficial de Junta, herramienta de distribuidora y CNMC antes de importar."
extremadura,Cáceres,Alagón del Río,municipality:extremadura::alagon_del_rio,,,pending_municipal_review,no,"Fuente pública municipal o herramienta oficial sin CUPS, dirección exacta privada ni datos de suministro.","Revisar en mapa oficial de Junta, herramienta de distribuidora y CNMC antes de importar."
extremadura,Badajoz,Alange,municipality:extremadura::alange,,,pending_municipal_review,no,"Fuente pública municipal o herramienta oficial sin CUPS, dirección exacta privada ni datos de suministro.","Revisar en mapa oficial de Junta, herramienta de distribuidora y CNMC antes de importar."
extremadura,Cáceres,Albalá,municipality:extremadura::albala,,,pending_municipal_review,no,"Fuente pública municipal o herramienta oficial sin CUPS, dirección exacta privada ni datos de suministro.","Revisar en mapa oficial de Junta, herramienta de distribuidora y CNMC antes de importar."
extremadura,Badajoz,Alburquerque,municipality:extremadura::alburquerque,,,pending_municipal_review,no,"Fuente pública municipal o herramienta oficial sin CUPS, dirección exacta privada ni datos de suministro.","Revisar en mapa oficial de Junta, herramienta de distribuidora y CNMC antes de importar."
extremadura,Cáceres,Alcántara,municipality:extremadura::alcantara,,,pending_municipal_review,no,"Fuente pública municipal o herramienta oficial sin CUPS, dirección exacta privada ni datos de suministro.","Revisar en mapa oficial de Junta, herramienta de distribuidora y CNMC antes de importar."
extremadura,Cáceres,Alcollarín,municipality:extremadura::alcollarin,,,pending_municipal_review,no,"Fuente pública municipal o herramienta oficial sin CUPS, dirección exacta privada ni datos de suministro.","Revisar en mapa oficial de Junta, herramienta de distribuidora y CNMC antes de importar."
extremadura,Badajoz,Alconchel,municipality:extremadura::alconchel,,,pending_municipal_review,no,"Fuente pública municipal o herramienta oficial sin CUPS, dirección exacta privada ni datos de suministro.","Revisar en mapa oficial de Junta, herramienta de distribuidora y CNMC antes de importar."
extremadura,Badajoz,Alconera,municipality:extremadura::alconera,,,pending_municipal_review,no,"Fuente pública municipal o herramienta oficial sin CUPS, dirección exacta privada ni datos de suministro.","Revisar en mapa oficial de Junta, herramienta de distribuidora y CNMC antes de importar."
extremadura,Cáceres,Alcuéscar,municipality:extremadura::alcuescar,,,pending_municipal_review,no,"Fuente pública municipal o herramienta oficial sin CUPS, dirección exacta privada ni datos de suministro.","Revisar en mapa oficial de Junta, herramienta de distribuidora y CNMC antes de importar."
extremadura,Cáceres,Aldea del Cano,municipality:extremadura::aldea_del_cano,,,pending_municipal_review,no,"Fuente pública municipal o herramienta oficial sin CUPS, dirección exacta privada ni datos de suministro.","Revisar en mapa oficial de Junta, herramienta de distribuidora y CNMC antes de importar."
extremadura,Cáceres,Aldeacentenera,municipality:extremadura::aldeacentenera,,,pending_municipal_review,no,"Fuente pública municipal o herramienta oficial sin CUPS, dirección exacta privada ni datos de suministro.","Revisar en mapa oficial de Junta, herramienta de distribuidora y CNMC antes de importar."
extremadura,Cáceres,Aldeanueva de la Vera,municipality:extremadura::aldeanueva_de_la_vera,,,pending_municipal_review,no,"Fuente pública municipal o herramienta oficial sin CUPS, dirección exacta privada ni datos de suministro.","Revisar en mapa oficial de Junta, herramienta de distribuidora y CNMC antes de importar."
extremadura,Cáceres,Aldeanueva del Camino,municipality:extremadura::aldeanueva_del_camino,,,pending_municipal_review,no,"Fuente pública municipal o herramienta oficial sin CUPS, dirección exacta privada ni datos de suministro.","Revisar en mapa oficial de Junta, herramienta de distribuidora y CNMC antes de importar."
extremadura,Cáceres,Aldehuela de Jerte,municipality:extremadura::aldehuela_de_jerte,,,pending_municipal_review,no,"Fuente pública municipal o herramienta oficial sin CUPS, dirección exacta privada ni datos de suministro.","Revisar en mapa oficial de Junta, herramienta de distribuidora y CNMC antes de importar."
extremadura,Cáceres,Alía,municipality:extremadura::alia,,,pending_municipal_review,no,"Fuente pública municipal o herramienta oficial sin CUPS, dirección exacta privada ni datos de suministro.","Revisar en mapa oficial de Junta, herramienta de distribuidora y CNMC antes de importar."
extremadura,Cáceres,Aliseda,municipality:extremadura::aliseda,,,pending_municipal_review,no,"Fuente pública municipal o herramienta oficial sin CUPS, dirección exacta privada ni datos de suministro.","Revisar en mapa oficial de Junta, herramienta de distribuidora y CNMC antes de importar."
extremadura,Badajoz,Aljucén,municipality:extremadura::aljucen,,,pending_municipal_review,no,"Fuente pública municipal o herramienta oficial sin CUPS, dirección exacta privada ni datos de suministro.","Revisar en mapa oficial de Junta, herramienta de distribuidora y CNMC antes de importar."
extremadura,Cáceres,Almaraz,municipality:extremadura::almaraz,,,pending_municipal_review,no,"Fuente pública municipal o herramienta oficial sin CUPS, dirección exacta privada ni datos de suministro.","Revisar en mapa oficial de Junta, herramienta de distribuidora y CNMC antes de importar."
extremadura,Badajoz,Almendral,municipality:extremadura::almendral,,,pending_municipal_review,no,"Fuente pública municipal o herramienta oficial sin CUPS, dirección exacta privada ni datos de suministro.","Revisar en mapa oficial de Junta, herramienta de distribuidora y CNMC antes de importar."
extremadura,Badajoz,Almendralejo,municipality:extremadura::almendralejo,,,pending_municipal_review,no,"Fuente pública municipal o herramienta oficial sin CUPS, dirección exacta privada ni datos de suministro.","Revisar en mapa oficial de Junta, herramienta de distribuidora y CNMC antes de importar."
extremadura,Cáceres,Almoharín,municipality:extremadura::almoharin,,,pending_municipal_review,no,"Fuente pública municipal o herramienta oficial sin CUPS, dirección exacta privada ni datos de suministro.","Revisar en mapa oficial de Junta, herramienta de distribuidora y CNMC antes de importar."
extremadura,Cáceres,Arroyo de la Luz,municipality:extremadura::arroyo_de_la_luz,,,pending_municipal_review,no,"Fuente pública municipal o herramienta oficial sin CUPS, dirección exacta privada ni datos de suministro.","Revisar en mapa oficial de Junta, herramienta de distribuidora y CNMC antes de importar."
extremadura,Badajoz,Arroyo de San Serván,municipality:extremadura::arroyo_de_san_servan,,,pending_municipal_review,no,"Fuente pública municipal o herramienta oficial sin CUPS, dirección exacta privada ni datos de suministro.","Revisar en mapa oficial de Junta, herramienta de distribuidora y CNMC antes de importar."
extremadura,Cáceres,Arroyomolinos,municipality:extremadura::arroyomolinos,,,pending_municipal_review,no,"Fuente pública municipal o herramienta oficial sin CUPS, dirección exacta privada ni datos de suministro.","Revisar en mapa oficial de Junta, herramienta de distribuidora y CNMC antes de importar."
extremadura,Cáceres,Arroyomolinos de la Vera,municipality:extremadura::arroyomolinos_de_la_vera,,,pending_municipal_review,no,"Fuente pública municipal o herramienta oficial sin CUPS, dirección exacta privada ni datos de suministro.","Revisar en mapa oficial de Junta, herramienta de distribuidora y CNMC antes de importar."
extremadura,Badajoz,Atalaya,municipality:extremadura::atalaya,,,pending_municipal_review,no,"Fuente pública municipal o herramienta oficial sin CUPS, dirección exacta privada ni datos de suministro.","Revisar en mapa oficial de Junta, herramienta de distribuidora y CNMC antes de importar."
extremadura,Badajoz,Azuaga,municipality:extremadura::azuaga,,,pending_municipal_review,no,"Fuente pública municipal o herramienta oficial sin CUPS, dirección exacta privada ni datos de suministro.","Revisar en mapa oficial de Junta, herramienta de distribuidora y CNMC antes de importar."
extremadura,Cáceres,Baños de Montemayor,municipality:extremadura::banos_de_montemayor,,,pending_municipal_review,no,"Fuente pública municipal o herramienta oficial sin CUPS, dirección exacta privada ni datos de suministro.","Revisar en mapa oficial de Junta, herramienta de distribuidora y CNMC antes de importar."
extremadura,Badajoz,Barcarrota,municipality:extremadura::barcarrota,,,pending_municipal_review,no,"Fuente pública municipal o herramienta oficial sin CUPS, dirección exacta privada ni datos de suministro.","Revisar en mapa oficial de Junta, herramienta de distribuidora y CNMC antes de importar."
extremadura,Cáceres,Barrado,municipality:extremadura::barrado,,,pending_municipal_review,no,"Fuente pública municipal o herramienta oficial sin CUPS, dirección exacta privada ni datos de suministro.","Revisar en mapa oficial de Junta, herramienta de distribuidora y CNMC antes de importar."
extremadura,Badajoz,Baterno,municipality:extremadura::baterno,,,pending_municipal_review,no,"Fuente pública municipal o herramienta oficial sin CUPS, dirección exacta privada ni datos de suministro.","Revisar en mapa oficial de Junta, herramienta de distribuidora y CNMC antes de importar."
extremadura,Cáceres,Belvís de Monroy,municipality:extremadura::belvis_de_monroy,,,pending_municipal_review,no,"Fuente pública municipal o herramienta oficial sin CUPS, dirección exacta privada ni datos de suministro.","Revisar en mapa oficial de Junta, herramienta de distribuidora y CNMC antes de importar."
extremadura,Cáceres,Benquerencia,municipality:extremadura::benquerencia,,,pending_municipal_review,no,"Fuente pública municipal o herramienta oficial sin CUPS, dirección exacta privada ni datos de suministro.","Revisar en mapa oficial de Junta, herramienta de distribuidora y CNMC antes de importar."
extremadura,Badajoz,Benquerencia de la Serena,municipality:extremadura::benquerencia_de_la_serena,,,pending_municipal_review,no,"Fuente pública municipal o herramienta oficial sin CUPS, dirección exacta privada ni datos de suministro.","Revisar en mapa oficial de Junta, herramienta de distribuidora y CNMC antes de importar."
extremadura,Badajoz,Berlanga,municipality:extremadura::berlanga,,,pending_municipal_review,no,"Fuente pública municipal o herramienta oficial sin CUPS, dirección exacta privada ni datos de suministro.","Revisar en mapa oficial de Junta, herramienta de distribuidora y CNMC antes de importar."
extremadura,Cáceres,Berrocalejo,municipality:extremadura::berrocalejo,,,pending_municipal_review,no,"Fuente pública municipal o herramienta oficial sin CUPS, dirección exacta privada ni datos de suministro.","Revisar en mapa oficial de Junta, herramienta de distribuidora y CNMC antes de importar."
extremadura,Cáceres,Berzocana,municipality:extremadura::berzocana,,,pending_municipal_review,no,"Fuente pública municipal o herramienta oficial sin CUPS, dirección exacta privada ni datos de suministro.","Revisar en mapa oficial de Junta, herramienta de distribuidora y CNMC antes de importar."
extremadura,Badajoz,Bienvenida,municipality:extremadura::bienvenida,,,pending_municipal_review,no,"Fuente pública municipal o herramienta oficial sin CUPS, dirección exacta privada ni datos de suministro.","Revisar en mapa oficial de Junta, herramienta de distribuidora y CNMC antes de importar."
extremadura,Badajoz,Bodonal de la Sierra,municipality:extremadura::bodonal_de_la_sierra,,,pending_municipal_review,no,"Fuente pública municipal o herramienta oficial sin CUPS, dirección exacta privada ni datos de suministro.","Revisar en mapa oficial de Junta, herramienta de distribuidora y CNMC antes de importar."
extremadura,Cáceres,Bohonal de Ibor,municipality:extremadura::bohonal_de_ibor,,,pending_municipal_review,no,"Fuente pública municipal o herramienta oficial sin CUPS, dirección exacta privada ni datos de suministro.","Revisar en mapa oficial de Junta, herramienta de distribuidora y CNMC antes de importar."
extremadura,Cáceres,Botija,municipality:extremadura::botija,,,pending_municipal_review,no,"Fuente pública municipal o herramienta oficial sin CUPS, dirección exacta privada ni datos de suministro.","Revisar en mapa oficial de Junta, herramienta de distribuidora y CNMC antes de importar."
extremadura,Cáceres,Brozas,municipality:extremadura::brozas,,,pending_municipal_review,no,"Fuente pública municipal o herramienta oficial sin CUPS, dirección exacta privada ni datos de suministro.","Revisar en mapa oficial de Junta, herramienta de distribuidora y CNMC antes de importar."
extremadura,Badajoz,Burguillos del Cerro,municipality:extremadura::burguillos_del_cerro,,,pending_municipal_review,no,"Fuente pública municipal o herramienta oficial sin CUPS, dirección exacta privada ni datos de suministro.","Revisar en mapa oficial de Junta, herramienta de distribuidora y CNMC antes de importar."
extremadura,Cáceres,Cabañas del Castillo,municipality:extremadura::cabanas_del_castillo,,,pending_municipal_review,no,"Fuente pública municipal o herramienta oficial sin CUPS, dirección exacta privada ni datos de suministro.","Revisar en mapa oficial de Junta, herramienta de distribuidora y CNMC antes de importar."
extremadura,Badajoz,Cabeza del Buey,municipality:extremadura::cabeza_del_buey,,,pending_municipal_review,no,"Fuente pública municipal o herramienta oficial sin CUPS, dirección exacta privada ni datos de suministro.","Revisar en mapa oficial de Junta, herramienta de distribuidora y CNMC antes de importar."
extremadura,Badajoz,Cabeza la Vaca,municipality:extremadura::cabeza_la_vaca,,,pending_municipal_review,no,"Fuente pública municipal o herramienta oficial sin CUPS, dirección exacta privada ni datos de suministro.","Revisar en mapa oficial de Junta, herramienta de distribuidora y CNMC antes de importar."
extremadura,Cáceres,Cabezabellosa,municipality:extremadura::cabezabellosa,,,pending_municipal_review,no,"Fuente pública municipal o herramienta oficial sin CUPS, dirección exacta privada ni datos de suministro.","Revisar en mapa oficial de Junta, herramienta de distribuidora y CNMC antes de importar."
extremadura,Cáceres,Cabezuela del Valle,municipality:extremadura::cabezuela_del_valle,,,pending_municipal_review,no,"Fuente pública municipal o herramienta oficial sin CUPS, dirección exacta privada ni datos de suministro.","Revisar en mapa oficial de Junta, herramienta de distribuidora y CNMC antes de importar."
extremadura,Cáceres,Cabrero,municipality:extremadura::cabrero,,,pending_municipal_review,no,"Fuente pública municipal o herramienta oficial sin CUPS, dirección exacta privada ni datos de suministro.","Revisar en mapa oficial de Junta, herramienta de distribuidora y CNMC antes de importar."
extremadura,Cáceres,Cachorrilla,municipality:extremadura::cachorrilla,,,pending_municipal_review,no,"Fuente pública municipal o herramienta oficial sin CUPS, dirección exacta privada ni datos de suministro.","Revisar en mapa oficial de Junta, herramienta de distribuidora y CNMC antes de importar."
extremadura,Cáceres,Cadalso,municipality:extremadura::cadalso,,,pending_municipal_review,no,"Fuente pública municipal o herramienta oficial sin CUPS, dirección exacta privada ni datos de suministro.","Revisar en mapa oficial de Junta, herramienta de distribuidora y CNMC antes de importar."
extremadura,Badajoz,Calamonte,municipality:extremadura::calamonte,,,pending_municipal_review,no,"Fuente pública municipal o herramienta oficial sin CUPS, dirección exacta privada ni datos de suministro.","Revisar en mapa oficial de Junta, herramienta de distribuidora y CNMC antes de importar."
extremadura,Badajoz,Calera de León,municipality:extremadura::calera_de_leon,,,pending_municipal_review,no,"Fuente pública municipal o herramienta oficial sin CUPS, dirección exacta privada ni datos de suministro.","Revisar en mapa oficial de Junta, herramienta de distribuidora y CNMC antes de importar."
extremadura,Cáceres,Calzadilla,municipality:extremadura::calzadilla,,,pending_municipal_review,no,"Fuente pública municipal o herramienta oficial sin CUPS, dirección exacta privada ni datos de suministro.","Revisar en mapa oficial de Junta, herramienta de distribuidora y CNMC antes de importar."
extremadura,Badajoz,Calzadilla de los Barros,municipality:extremadura::calzadilla_de_los_barros,,,pending_municipal_review,no,"Fuente pública municipal o herramienta oficial sin CUPS, dirección exacta privada ni datos de suministro.","Revisar en mapa oficial de Junta, herramienta de distribuidora y CNMC antes de importar."
extremadura,Cáceres,Caminomorisco,municipality:extremadura::caminomorisco,,,pending_municipal_review,no,"Fuente pública municipal o herramienta oficial sin CUPS, dirección exacta privada ni datos de suministro.","Revisar en mapa oficial de Junta, herramienta de distribuidora y CNMC antes de importar."
extremadura,Badajoz,Campanario,municipality:extremadura::campanario,,,pending_municipal_review,no,"Fuente pública municipal o herramienta oficial sin CUPS, dirección exacta privada ni datos de suministro.","Revisar en mapa oficial de Junta, herramienta de distribuidora y CNMC antes de importar."
extremadura,Cáceres,Campillo de Deleitosa,municipality:extremadura::campillo_de_deleitosa,,,pending_municipal_review,no,"Fuente pública municipal o herramienta oficial sin CUPS, dirección exacta privada ni datos de suministro.","Revisar en mapa oficial de Junta, herramienta de distribuidora y CNMC antes de importar."
extremadura,Badajoz,Campillo de Llerena,municipality:extremadura::campillo_de_llerena,,,pending_municipal_review,no,"Fuente pública municipal o herramienta oficial sin CUPS, dirección exacta privada ni datos de suministro.","Revisar en mapa oficial de Junta, herramienta de distribuidora y CNMC antes de importar."
extremadura,Cáceres,Campo Lugar,municipality:extremadura::campo_lugar,,,pending_municipal_review,no,"Fuente pública municipal o herramienta oficial sin CUPS, dirección exacta privada ni datos de suministro.","Revisar en mapa oficial de Junta, herramienta de distribuidora y CNMC antes de importar."
extremadura,Cáceres,Cañamero,municipality:extremadura::canamero,,,pending_municipal_review,no,"Fuente pública municipal o herramienta oficial sin CUPS, dirección exacta privada ni datos de suministro.","Revisar en mapa oficial de Junta, herramienta de distribuidora y CNMC antes de importar."
extremadura,Cáceres,Cañaveral,municipality:extremadura::canaveral,,,pending_municipal_review,no,"Fuente pública municipal o herramienta oficial sin CUPS, dirección exacta privada ni datos de suministro.","Revisar en mapa oficial de Junta, herramienta de distribuidora y CNMC antes de importar."
extremadura,Badajoz,Capilla,municipality:extremadura::capilla,,,pending_municipal_review,no,"Fuente pública municipal o herramienta oficial sin CUPS, dirección exacta privada ni datos de suministro.","Revisar en mapa oficial de Junta, herramienta de distribuidora y CNMC antes de importar."
extremadura,Cáceres,Carbajo,municipality:extremadura::carbajo,,,pending_municipal_review,no,"Fuente pública municipal o herramienta oficial sin CUPS, dirección exacta privada ni datos de suministro.","Revisar en mapa oficial de Junta, herramienta de distribuidora y CNMC antes de importar."
extremadura,Cáceres,Carcaboso,municipality:extremadura::carcaboso,,,pending_municipal_review,no,"Fuente pública municipal o herramienta oficial sin CUPS, dirección exacta privada ni datos de suministro.","Revisar en mapa oficial de Junta, herramienta de distribuidora y CNMC antes de importar."
extremadura,Badajoz,Carmonita,municipality:extremadura::carmonita,,,pending_municipal_review,no,"Fuente pública municipal o herramienta oficial sin CUPS, dirección exacta privada ni datos de suministro.","Revisar en mapa oficial de Junta, herramienta de distribuidora y CNMC antes de importar."
extremadura,Cáceres,Carrascalejo,municipality:extremadura::carrascalejo,,,pending_municipal_review,no,"Fuente pública municipal o herramienta oficial sin CUPS, dirección exacta privada ni datos de suministro.","Revisar en mapa oficial de Junta, herramienta de distribuidora y CNMC antes de importar."
extremadura,Cáceres,Casar de Cáceres,municipality:extremadura::casar_de_caceres,,,pending_municipal_review,no,"Fuente pública municipal o herramienta oficial sin CUPS, dirección exacta privada ni datos de suministro.","Revisar en mapa oficial de Junta, herramienta de distribuidora y CNMC antes de importar."
extremadura,Cáceres,Casar de Palomero,municipality:extremadura::casar_de_palomero,,,pending_municipal_review,no,"Fuente pública municipal o herramienta oficial sin CUPS, dirección exacta privada ni datos de suministro.","Revisar en mapa oficial de Junta, herramienta de distribuidora y CNMC antes de importar."
extremadura,Cáceres,Casares de las Hurdes,municipality:extremadura::casares_de_las_hurdes,,,pending_municipal_review,no,"Fuente pública municipal o herramienta oficial sin CUPS, dirección exacta privada ni datos de suministro.","Revisar en mapa oficial de Junta, herramienta de distribuidora y CNMC antes de importar."
extremadura,Cáceres,Casas de Don Antonio,municipality:extremadura::casas_de_don_antonio,,,pending_municipal_review,no,"Fuente pública municipal o herramienta oficial sin CUPS, dirección exacta privada ni datos de suministro.","Revisar en mapa oficial de Junta, herramienta de distribuidora y CNMC antes de importar."
extremadura,Cáceres,Casas de Don Gómez,municipality:extremadura::casas_de_don_gomez,,,pending_municipal_review,no,"Fuente pública municipal o herramienta oficial sin CUPS, dirección exacta privada ni datos de suministro.","Revisar en mapa oficial de Junta, herramienta de distribuidora y CNMC antes de importar."
extremadura,Badajoz,Casas de Don Pedro,municipality:extremadura::casas_de_don_pedro,,,pending_municipal_review,no,"Fuente pública municipal o herramienta oficial sin CUPS, dirección exacta privada ni datos de suministro.","Revisar en mapa oficial de Junta, herramienta de distribuidora y CNMC antes de importar."
extremadura,Cáceres,Casas de Millán,municipality:extremadura::casas_de_millan,,,pending_municipal_review,no,"Fuente pública municipal o herramienta oficial sin CUPS, dirección exacta privada ni datos de suministro.","Revisar en mapa oficial de Junta, herramienta de distribuidora y CNMC antes de importar."
extremadura,Cáceres,Casas de Miravete,municipality:extremadura::casas_de_miravete,,,pending_municipal_review,no,"Fuente pública municipal o herramienta oficial sin CUPS, dirección exacta privada ni datos de suministro.","Revisar en mapa oficial de Junta, herramienta de distribuidora y CNMC antes de importar."
extremadura,Badajoz,Casas de Reina,municipality:extremadura::casas_de_reina,,,pending_municipal_review,no,"Fuente pública municipal o herramienta oficial sin CUPS, dirección exacta privada ni datos de suministro.","Revisar en mapa oficial de Junta, herramienta de distribuidora y CNMC antes de importar."
extremadura,Cáceres,Casas del Castañar,municipality:extremadura::casas_del_castanar,,,pending_municipal_review,no,"Fuente pública municipal o herramienta oficial sin CUPS, dirección exacta privada ni datos de suministro.","Revisar en mapa oficial de Junta, herramienta de distribuidora y CNMC antes de importar."
extremadura,Cáceres,Casas del Monte,municipality:extremadura::casas_del_monte,,,pending_municipal_review,no,"Fuente pública municipal o herramienta oficial sin CUPS, dirección exacta privada ni datos de suministro.","Revisar en mapa oficial de Junta, herramienta de distribuidora y CNMC antes de importar."
extremadura,Cáceres,Casatejada,municipality:extremadura::casatejada,,,pending_municipal_review,no,"Fuente pública municipal o herramienta oficial sin CUPS, dirección exacta privada ni datos de suministro.","Revisar en mapa oficial de Junta, herramienta de distribuidora y CNMC antes de importar."
extremadura,Cáceres,Casillas de Coria,municipality:extremadura::casillas_de_coria,,,pending_municipal_review,no,"Fuente pública municipal o herramienta oficial sin CUPS, dirección exacta privada ni datos de suministro.","Revisar en mapa oficial de Junta, herramienta de distribuidora y CNMC antes de importar."
extremadura,Cáceres,Castañar de Ibor,municipality:extremadura::castanar_de_ibor,,,pending_municipal_review,no,"Fuente pública municipal o herramienta oficial sin CUPS, dirección exacta privada ni datos de suministro.","Revisar en mapa oficial de Junta, herramienta de distribuidora y CNMC antes de importar."
extremadura,Badajoz,Castilblanco,municipality:extremadura::castilblanco,,,pending_municipal_review,no,"Fuente pública municipal o herramienta oficial sin CUPS, dirección exacta privada ni datos de suministro.","Revisar en mapa oficial de Junta, herramienta de distribuidora y CNMC antes de importar."
extremadura,Badajoz,Castuera,municipality:extremadura::castuera,,,pending_municipal_review,no,"Fuente pública municipal o herramienta oficial sin CUPS, dirección exacta privada ni datos de suministro.","Revisar en mapa oficial de Junta, herramienta de distribuidora y CNMC antes de importar."
extremadura,Cáceres,Ceclavín,municipality:extremadura::ceclavin,,,pending_municipal_review,no,"Fuente pública municipal o herramienta oficial sin CUPS, dirección exacta privada ni datos de suministro.","Revisar en mapa oficial de Junta, herramienta de distribuidora y CNMC antes de importar."
extremadura,Cáceres,Cedillo,municipality:extremadura::cedillo,,,pending_municipal_review,no,"Fuente pública municipal o herramienta oficial sin CUPS, dirección exacta privada ni datos de suministro.","Revisar en mapa oficial de Junta, herramienta de distribuidora y CNMC antes de importar."
extremadura,Cáceres,Cerezo,municipality:extremadura::cerezo,,,pending_municipal_review,no,"Fuente pública municipal o herramienta oficial sin CUPS, dirección exacta privada ni datos de suministro.","Revisar en mapa oficial de Junta, herramienta de distribuidora y CNMC antes de importar."
extremadura,Badajoz,Cheles,municipality:extremadura::cheles,,,pending_municipal_review,no,"Fuente pública municipal o herramienta oficial sin CUPS, dirección exacta privada ni datos de suministro.","Revisar en mapa oficial de Junta, herramienta de distribuidora y CNMC antes de importar."
extremadura,Cáceres,Cilleros,municipality:extremadura::cilleros,,,pending_municipal_review,no,"Fuente pública municipal o herramienta oficial sin CUPS, dirección exacta privada ni datos de suministro.","Revisar en mapa oficial de Junta, herramienta de distribuidora y CNMC antes de importar."
extremadura,Cáceres,Collado de la Vera,municipality:extremadura::collado_de_la_vera,,,pending_municipal_review,no,"Fuente pública municipal o herramienta oficial sin CUPS, dirección exacta privada ni datos de suministro.","Revisar en mapa oficial de Junta, herramienta de distribuidora y CNMC antes de importar."
extremadura,Cáceres,Conquista de la Sierra,municipality:extremadura::conquista_de_la_sierra,,,pending_municipal_review,no,"Fuente pública municipal o herramienta oficial sin CUPS, dirección exacta privada ni datos de suministro.","Revisar en mapa oficial de Junta, herramienta de distribuidora y CNMC antes de importar."
extremadura,Badajoz,Cordobilla de Lácara,municipality:extremadura::cordobilla_de_lacara,,,pending_municipal_review,no,"Fuente pública municipal o herramienta oficial sin CUPS, dirección exacta privada ni datos de suministro.","Revisar en mapa oficial de Junta, herramienta de distribuidora y CNMC antes de importar."
extremadura,Cáceres,Coria,municipality:extremadura::coria,,,pending_municipal_review,no,"Fuente pública municipal o herramienta oficial sin CUPS, dirección exacta privada ni datos de suministro.","Revisar en mapa oficial de Junta, herramienta de distribuidora y CNMC antes de importar."
extremadura,Badajoz,Corte de Peleas,municipality:extremadura::corte_de_peleas,,,pending_municipal_review,no,"Fuente pública municipal o herramienta oficial sin CUPS, dirección exacta privada ni datos de suministro.","Revisar en mapa oficial de Junta, herramienta de distribuidora y CNMC antes de importar."
extremadura,Badajoz,Cristina,municipality:extremadura::cristina,,,pending_municipal_review,no,"Fuente pública municipal o herramienta oficial sin CUPS, dirección exacta privada ni datos de suministro.","Revisar en mapa oficial de Junta, herramienta de distribuidora y CNMC antes de importar."
extremadura,Cáceres,Cuacos de Yuste,municipality:extremadura::cuacos_de_yuste,,,pending_municipal_review,no,"Fuente pública municipal o herramienta oficial sin CUPS, dirección exacta privada ni datos de suministro.","Revisar en mapa oficial de Junta, herramienta de distribuidora y CNMC antes de importar."
extremadura,Cáceres,Deleitosa,municipality:extremadura::deleitosa,,,pending_municipal_review,no,"Fuente pública municipal o herramienta oficial sin CUPS, dirección exacta privada ni datos de suministro.","Revisar en mapa oficial de Junta, herramienta de distribuidora y CNMC antes de importar."
extremadura,Cáceres,Descargamaría,municipality:extremadura::descargamaria,,,pending_municipal_review,no,"Fuente pública municipal o herramienta oficial sin CUPS, dirección exacta privada ni datos de suministro.","Revisar en mapa oficial de Junta, herramienta de distribuidora y CNMC antes de importar."
extremadura,Badajoz,Don Álvaro,municipality:extremadura::don_alvaro,,,pending_municipal_review,no,"Fuente pública municipal o herramienta oficial sin CUPS, dirección exacta privada ni datos de suministro.","Revisar en mapa oficial de Junta, herramienta de distribuidora y CNMC antes de importar."
extremadura,Badajoz,Don Benito,municipality:extremadura::don_benito,,,pending_municipal_review,no,"Fuente pública municipal o herramienta oficial sin CUPS, dirección exacta privada ni datos de suministro.","Revisar en mapa oficial de Junta, herramienta de distribuidora y CNMC antes de importar."
extremadura,Badajoz,El Carrascalejo,municipality:extremadura::el_carrascalejo,,,pending_municipal_review,no,"Fuente pública municipal o herramienta oficial sin CUPS, dirección exacta privada ni datos de suministro.","Revisar en mapa oficial de Junta, herramienta de distribuidora y CNMC antes de importar."
extremadura,Cáceres,El Gordo,municipality:extremadura::el_gordo,,,pending_municipal_review,no,"Fuente pública municipal o herramienta oficial sin CUPS, dirección exacta privada ni datos de suministro.","Revisar en mapa oficial de Junta, herramienta de distribuidora y CNMC antes de importar."
extremadura,Cáceres,El Torno,municipality:extremadura::el_torno,,,pending_municipal_review,no,"Fuente pública municipal o herramienta oficial sin CUPS, dirección exacta privada ni datos de suministro.","Revisar en mapa oficial de Junta, herramienta de distribuidora y CNMC antes de importar."
extremadura,Cáceres,Eljas,municipality:extremadura::eljas,,,pending_municipal_review,no,"Fuente pública municipal o herramienta oficial sin CUPS, dirección exacta privada ni datos de suministro.","Revisar en mapa oficial de Junta, herramienta de distribuidora y CNMC antes de importar."
extremadura,Badajoz,Entrín Bajo,municipality:extremadura::entrin_bajo,,,pending_municipal_review,no,"Fuente pública municipal o herramienta oficial sin CUPS, dirección exacta privada ni datos de suministro.","Revisar en mapa oficial de Junta, herramienta de distribuidora y CNMC antes de importar."
extremadura,Cáceres,Escurial,municipality:extremadura::escurial,,,pending_municipal_review,no,"Fuente pública municipal o herramienta oficial sin CUPS, dirección exacta privada ni datos de suministro.","Revisar en mapa oficial de Junta, herramienta de distribuidora y CNMC antes de importar."
extremadura,Badajoz,Esparragalejo,municipality:extremadura::esparragalejo,,,pending_municipal_review,no,"Fuente pública municipal o herramienta oficial sin CUPS, dirección exacta privada ni datos de suministro.","Revisar en mapa oficial de Junta, herramienta de distribuidora y CNMC antes de importar."
extremadura,Badajoz,Esparragosa de la Serena,municipality:extremadura::esparragosa_de_la_serena,,,pending_municipal_review,no,"Fuente pública municipal o herramienta oficial sin CUPS, dirección exacta privada ni datos de suministro.","Revisar en mapa oficial de Junta, herramienta de distribuidora y CNMC antes de importar."
extremadura,Badajoz,Esparragosa de Lares,municipality:extremadura::esparragosa_de_lares,,,pending_municipal_review,no,"Fuente pública municipal o herramienta oficial sin CUPS, dirección exacta privada ni datos de suministro.","Revisar en mapa oficial de Junta, herramienta de distribuidora y CNMC antes de importar."
extremadura,Badajoz,Feria,municipality:extremadura::feria,,,pending_municipal_review,no,"Fuente pública municipal o herramienta oficial sin CUPS, dirección exacta privada ni datos de suministro.","Revisar en mapa oficial de Junta, herramienta de distribuidora y CNMC antes de importar."
extremadura,Badajoz,Fregenal de la Sierra,municipality:extremadura::fregenal_de_la_sierra,,,pending_municipal_review,no,"Fuente pública municipal o herramienta oficial sin CUPS, dirección exacta privada ni datos de suministro.","Revisar en mapa oficial de Junta, herramienta de distribuidora y CNMC antes de importar."
extremadura,Cáceres,Fresnedoso de Ibor,municipality:extremadura::fresnedoso_de_ibor,,,pending_municipal_review,no,"Fuente pública municipal o herramienta oficial sin CUPS, dirección exacta privada ni datos de suministro.","Revisar en mapa oficial de Junta, herramienta de distribuidora y CNMC antes de importar."
extremadura,Badajoz,Fuenlabrada de los Montes,municipality:extremadura::fuenlabrada_de_los_montes,,,pending_municipal_review,no,"Fuente pública municipal o herramienta oficial sin CUPS, dirección exacta privada ni datos de suministro.","Revisar en mapa oficial de Junta, herramienta de distribuidora y CNMC antes de importar."
extremadura,Badajoz,Fuente de Cantos,municipality:extremadura::fuente_de_cantos,,,pending_municipal_review,no,"Fuente pública municipal o herramienta oficial sin CUPS, dirección exacta privada ni datos de suministro.","Revisar en mapa oficial de Junta, herramienta de distribuidora y CNMC antes de importar."
extremadura,Badajoz,Fuente del Arco,municipality:extremadura::fuente_del_arco,,,pending_municipal_review,no,"Fuente pública municipal o herramienta oficial sin CUPS, dirección exacta privada ni datos de suministro.","Revisar en mapa oficial de Junta, herramienta de distribuidora y CNMC antes de importar."
extremadura,Badajoz,Fuente del Maestre,municipality:extremadura::fuente_del_maestre,,,pending_municipal_review,no,"Fuente pública municipal o herramienta oficial sin CUPS, dirección exacta privada ni datos de suministro.","Revisar en mapa oficial de Junta, herramienta de distribuidora y CNMC antes de importar."
extremadura,Badajoz,Fuentes de León,municipality:extremadura::fuentes_de_leon,,,pending_municipal_review,no,"Fuente pública municipal o herramienta oficial sin CUPS, dirección exacta privada ni datos de suministro.","Revisar en mapa oficial de Junta, herramienta de distribuidora y CNMC antes de importar."
extremadura,Cáceres,Galisteo,municipality:extremadura::galisteo,,,pending_municipal_review,no,"Fuente pública municipal o herramienta oficial sin CUPS, dirección exacta privada ni datos de suministro.","Revisar en mapa oficial de Junta, herramienta de distribuidora y CNMC antes de importar."
extremadura,Badajoz,Garbayuela,municipality:extremadura::garbayuela,,,pending_municipal_review,no,"Fuente pública municipal o herramienta oficial sin CUPS, dirección exacta privada ni datos de suministro.","Revisar en mapa oficial de Junta, herramienta de distribuidora y CNMC antes de importar."
extremadura,Cáceres,Garciaz,municipality:extremadura::garciaz,,,pending_municipal_review,no,"Fuente pública municipal o herramienta oficial sin CUPS, dirección exacta privada ni datos de suministro.","Revisar en mapa oficial de Junta, herramienta de distribuidora y CNMC antes de importar."
extremadura,Cáceres,Garganta la Olla,municipality:extremadura::garganta_la_olla,,,pending_municipal_review,no,"Fuente pública municipal o herramienta oficial sin CUPS, dirección exacta privada ni datos de suministro.","Revisar en mapa oficial de Junta, herramienta de distribuidora y CNMC antes de importar."
extremadura,Cáceres,Gargantilla,municipality:extremadura::gargantilla,,,pending_municipal_review,no,"Fuente pública municipal o herramienta oficial sin CUPS, dirección exacta privada ni datos de suministro.","Revisar en mapa oficial de Junta, herramienta de distribuidora y CNMC antes de importar."
extremadura,Cáceres,Gargüera,municipality:extremadura::garguera,,,pending_municipal_review,no,"Fuente pública municipal o herramienta oficial sin CUPS, dirección exacta privada ni datos de suministro.","Revisar en mapa oficial de Junta, herramienta de distribuidora y CNMC antes de importar."
extremadura,Badajoz,Garlitos,municipality:extremadura::garlitos,,,pending_municipal_review,no,"Fuente pública municipal o herramienta oficial sin CUPS, dirección exacta privada ni datos de suministro.","Revisar en mapa oficial de Junta, herramienta de distribuidora y CNMC antes de importar."
extremadura,Cáceres,Garrovillas de Alconétar,municipality:extremadura::garrovillas_de_alconetar,,,pending_municipal_review,no,"Fuente pública municipal o herramienta oficial sin CUPS, dirección exacta privada ni datos de suministro.","Revisar en mapa oficial de Junta, herramienta de distribuidora y CNMC antes de importar."
extremadura,Cáceres,Garvín,municipality:extremadura::garvin,,,pending_municipal_review,no,"Fuente pública municipal o herramienta oficial sin CUPS, dirección exacta privada ni datos de suministro.","Revisar en mapa oficial de Junta, herramienta de distribuidora y CNMC antes de importar."
extremadura,Cáceres,Gata,municipality:extremadura::gata,,,pending_municipal_review,no,"Fuente pública municipal o herramienta oficial sin CUPS, dirección exacta privada ni datos de suministro.","Revisar en mapa oficial de Junta, herramienta de distribuidora y CNMC antes de importar."
extremadura,Badajoz,Granja de Torrehermosa,municipality:extremadura::granja_de_torrehermosa,,,pending_municipal_review,no,"Fuente pública municipal o herramienta oficial sin CUPS, dirección exacta privada ni datos de suministro.","Revisar en mapa oficial de Junta, herramienta de distribuidora y CNMC antes de importar."
extremadura,Cáceres,Guadalupe,municipality:extremadura::guadalupe,,,pending_municipal_review,no,"Fuente pública municipal o herramienta oficial sin CUPS, dirección exacta privada ni datos de suministro.","Revisar en mapa oficial de Junta, herramienta de distribuidora y CNMC antes de importar."
extremadura,Badajoz,Guadiana,municipality:extremadura::guadiana,,,pending_municipal_review,no,"Fuente pública municipal o herramienta oficial sin CUPS, dirección exacta privada ni datos de suministro.","Revisar en mapa oficial de Junta, herramienta de distribuidora y CNMC antes de importar."
extremadura,Badajoz,Guareña,municipality:extremadura::guarena,,,pending_municipal_review,no,"Fuente pública municipal o herramienta oficial sin CUPS, dirección exacta privada ni datos de suministro.","Revisar en mapa oficial de Junta, herramienta de distribuidora y CNMC antes de importar."
extremadura,Cáceres,Guijo de Coria,municipality:extremadura::guijo_de_coria,,,pending_municipal_review,no,"Fuente pública municipal o herramienta oficial sin CUPS, dirección exacta privada ni datos de suministro.","Revisar en mapa oficial de Junta, herramienta de distribuidora y CNMC antes de importar."
extremadura,Cáceres,Guijo de Galisteo,municipality:extremadura::guijo_de_galisteo,,,pending_municipal_review,no,"Fuente pública municipal o herramienta oficial sin CUPS, dirección exacta privada ni datos de suministro.","Revisar en mapa oficial de Junta, herramienta de distribuidora y CNMC antes de importar."
extremadura,Cáceres,Guijo de Granadilla,municipality:extremadura::guijo_de_granadilla,,,pending_municipal_review,no,"Fuente pública municipal o herramienta oficial sin CUPS, dirección exacta privada ni datos de suministro.","Revisar en mapa oficial de Junta, herramienta de distribuidora y CNMC antes de importar."
extremadura,Cáceres,Guijo de Santa Bárbara,municipality:extremadura::guijo_de_santa_barbara,,,pending_municipal_review,no,"Fuente pública municipal o herramienta oficial sin CUPS, dirección exacta privada ni datos de suministro.","Revisar en mapa oficial de Junta, herramienta de distribuidora y CNMC antes de importar."
extremadura,Badajoz,Helechosa de los Montes,municipality:extremadura::helechosa_de_los_montes,,,pending_municipal_review,no,"Fuente pública municipal o herramienta oficial sin CUPS, dirección exacta privada ni datos de suministro.","Revisar en mapa oficial de Junta, herramienta de distribuidora y CNMC antes de importar."
extremadura,Cáceres,Herguijuela,municipality:extremadura::herguijuela,,,pending_municipal_review,no,"Fuente pública municipal o herramienta oficial sin CUPS, dirección exacta privada ni datos de suministro.","Revisar en mapa oficial de Junta, herramienta de distribuidora y CNMC antes de importar."
extremadura,Cáceres,Hernán-Pérez,municipality:extremadura::hernan_perez,,,pending_municipal_review,no,"Fuente pública municipal o herramienta oficial sin CUPS, dirección exacta privada ni datos de suministro.","Revisar en mapa oficial de Junta, herramienta de distribuidora y CNMC antes de importar."
extremadura,Cáceres,Herrera de Alcántara,municipality:extremadura::herrera_de_alcantara,,,pending_municipal_review,no,"Fuente pública municipal o herramienta oficial sin CUPS, dirección exacta privada ni datos de suministro.","Revisar en mapa oficial de Junta, herramienta de distribuidora y CNMC antes de importar."
extremadura,Badajoz,Herrera del Duque,municipality:extremadura::herrera_del_duque,,,pending_municipal_review,no,"Fuente pública municipal o herramienta oficial sin CUPS, dirección exacta privada ni datos de suministro.","Revisar en mapa oficial de Junta, herramienta de distribuidora y CNMC antes de importar."
extremadura,Cáceres,Herreruela,municipality:extremadura::herreruela,,,pending_municipal_review,no,"Fuente pública municipal o herramienta oficial sin CUPS, dirección exacta privada ni datos de suministro.","Revisar en mapa oficial de Junta, herramienta de distribuidora y CNMC antes de importar."
extremadura,Cáceres,Hervás,municipality:extremadura::hervas,,,pending_municipal_review,no,"Fuente pública municipal o herramienta oficial sin CUPS, dirección exacta privada ni datos de suministro.","Revisar en mapa oficial de Junta, herramienta de distribuidora y CNMC antes de importar."
extremadura,Cáceres,Higuera de Albalat,municipality:extremadura::higuera_de_albalat,,,pending_municipal_review,no,"Fuente pública municipal o herramienta oficial sin CUPS, dirección exacta privada ni datos de suministro.","Revisar en mapa oficial de Junta, herramienta de distribuidora y CNMC antes de importar."
extremadura,Badajoz,Higuera de la Serena,municipality:extremadura::higuera_de_la_serena,,,pending_municipal_review,no,"Fuente pública municipal o herramienta oficial sin CUPS, dirección exacta privada ni datos de suministro.","Revisar en mapa oficial de Junta, herramienta de distribuidora y CNMC antes de importar."
extremadura,Badajoz,Higuera de Llerena,municipality:extremadura::higuera_de_llerena,,,pending_municipal_review,no,"Fuente pública municipal o herramienta oficial sin CUPS, dirección exacta privada ni datos de suministro.","Revisar en mapa oficial de Junta, herramienta de distribuidora y CNMC antes de importar."
extremadura,Badajoz,Higuera de Vargas,municipality:extremadura::higuera_de_vargas,,,pending_municipal_review,no,"Fuente pública municipal o herramienta oficial sin CUPS, dirección exacta privada ni datos de suministro.","Revisar en mapa oficial de Junta, herramienta de distribuidora y CNMC antes de importar."
extremadura,Badajoz,Higuera la Real,municipality:extremadura::higuera_la_real,,,pending_municipal_review,no,"Fuente pública municipal o herramienta oficial sin CUPS, dirección exacta privada ni datos de suministro.","Revisar en mapa oficial de Junta, herramienta de distribuidora y CNMC antes de importar."
extremadura,Cáceres,Hinojal,municipality:extremadura::hinojal,,,pending_municipal_review,no,"Fuente pública municipal o herramienta oficial sin CUPS, dirección exacta privada ni datos de suministro.","Revisar en mapa oficial de Junta, herramienta de distribuidora y CNMC antes de importar."
extremadura,Badajoz,Hinojosa del Valle,municipality:extremadura::hinojosa_del_valle,,,pending_municipal_review,no,"Fuente pública municipal o herramienta oficial sin CUPS, dirección exacta privada ni datos de suministro.","Revisar en mapa oficial de Junta, herramienta de distribuidora y CNMC antes de importar."
extremadura,Cáceres,Holguera,municipality:extremadura::holguera,,,pending_municipal_review,no,"Fuente pública municipal o herramienta oficial sin CUPS, dirección exacta privada ni datos de suministro.","Revisar en mapa oficial de Junta, herramienta de distribuidora y CNMC antes de importar."
extremadura,Badajoz,Hornachos,municipality:extremadura::hornachos,,,pending_municipal_review,no,"Fuente pública municipal o herramienta oficial sin CUPS, dirección exacta privada ni datos de suministro.","Revisar en mapa oficial de Junta, herramienta de distribuidora y CNMC antes de importar."
extremadura,Cáceres,Hoyos,municipality:extremadura::hoyos,,,pending_municipal_review,no,"Fuente pública municipal o herramienta oficial sin CUPS, dirección exacta privada ni datos de suministro.","Revisar en mapa oficial de Junta, herramienta de distribuidora y CNMC antes de importar."
extremadura,Cáceres,Huélaga,municipality:extremadura::huelaga,,,pending_municipal_review,no,"Fuente pública municipal o herramienta oficial sin CUPS, dirección exacta privada ni datos de suministro.","Revisar en mapa oficial de Junta, herramienta de distribuidora y CNMC antes de importar."
extremadura,Cáceres,Ibahernando,municipality:extremadura::ibahernando,,,pending_municipal_review,no,"Fuente pública municipal o herramienta oficial sin CUPS, dirección exacta privada ni datos de suministro.","Revisar en mapa oficial de Junta, herramienta de distribuidora y CNMC antes de importar."
extremadura,Cáceres,Jaraicejo,municipality:extremadura::jaraicejo,,,pending_municipal_review,no,"Fuente pública municipal o herramienta oficial sin CUPS, dirección exacta privada ni datos de suministro.","Revisar en mapa oficial de Junta, herramienta de distribuidora y CNMC antes de importar."
extremadura,Cáceres,Jaraíz de la Vera,municipality:extremadura::jaraiz_de_la_vera,,,pending_municipal_review,no,"Fuente pública municipal o herramienta oficial sin CUPS, dirección exacta privada ni datos de suministro.","Revisar en mapa oficial de Junta, herramienta de distribuidora y CNMC antes de importar."
extremadura,Cáceres,Jarandilla de la Vera,municipality:extremadura::jarandilla_de_la_vera,,,pending_municipal_review,no,"Fuente pública municipal o herramienta oficial sin CUPS, dirección exacta privada ni datos de suministro.","Revisar en mapa oficial de Junta, herramienta de distribuidora y CNMC antes de importar."
extremadura,Cáceres,Jarilla,municipality:extremadura::jarilla,,,pending_municipal_review,no,"Fuente pública municipal o herramienta oficial sin CUPS, dirección exacta privada ni datos de suministro.","Revisar en mapa oficial de Junta, herramienta de distribuidora y CNMC antes de importar."
extremadura,Badajoz,Jerez de los Caballeros,municipality:extremadura::jerez_de_los_caballeros,,,pending_municipal_review,no,"Fuente pública municipal o herramienta oficial sin CUPS, dirección exacta privada ni datos de suministro.","Revisar en mapa oficial de Junta, herramienta de distribuidora y CNMC antes de importar."
extremadura,Cáceres,Jerte,municipality:extremadura::jerte,,,pending_municipal_review,no,"Fuente pública municipal o herramienta oficial sin CUPS, dirección exacta privada ni datos de suministro.","Revisar en mapa oficial de Junta, herramienta de distribuidora y CNMC antes de importar."
extremadura,Badajoz,La Albuera,municipality:extremadura::la_albuera,,,pending_municipal_review,no,"Fuente pública municipal o herramienta oficial sin CUPS, dirección exacta privada ni datos de suministro.","Revisar en mapa oficial de Junta, herramienta de distribuidora y CNMC antes de importar."
extremadura,Cáceres,La Aldea del Obispo,municipality:extremadura::la_aldea_del_obispo,,,pending_municipal_review,no,"Fuente pública municipal o herramienta oficial sin CUPS, dirección exacta privada ni datos de suministro.","Revisar en mapa oficial de Junta, herramienta de distribuidora y CNMC antes de importar."
extremadura,Badajoz,La Codosera,municipality:extremadura::la_codosera,,,pending_municipal_review,no,"Fuente pública municipal o herramienta oficial sin CUPS, dirección exacta privada ni datos de suministro.","Revisar en mapa oficial de Junta, herramienta de distribuidora y CNMC antes de importar."
extremadura,Badajoz,La Coronada,municipality:extremadura::la_coronada,,,pending_municipal_review,no,"Fuente pública municipal o herramienta oficial sin CUPS, dirección exacta privada ni datos de suministro.","Revisar en mapa oficial de Junta, herramienta de distribuidora y CNMC antes de importar."
extremadura,Cáceres,La Cumbre,municipality:extremadura::la_cumbre,,,pending_municipal_review,no,"Fuente pública municipal o herramienta oficial sin CUPS, dirección exacta privada ni datos de suministro.","Revisar en mapa oficial de Junta, herramienta de distribuidora y CNMC antes de importar."
extremadura,Cáceres,La Garganta,municipality:extremadura::la_garganta,,,pending_municipal_review,no,"Fuente pública municipal o herramienta oficial sin CUPS, dirección exacta privada ni datos de suministro.","Revisar en mapa oficial de Junta, herramienta de distribuidora y CNMC antes de importar."
extremadura,Badajoz,La Garrovilla,municipality:extremadura::la_garrovilla,,,pending_municipal_review,no,"Fuente pública municipal o herramienta oficial sin CUPS, dirección exacta privada ni datos de suministro.","Revisar en mapa oficial de Junta, herramienta de distribuidora y CNMC antes de importar."
extremadura,Cáceres,La Granja,municipality:extremadura::la_granja,,,pending_municipal_review,no,"Fuente pública municipal o herramienta oficial sin CUPS, dirección exacta privada ni datos de suministro.","Revisar en mapa oficial de Junta, herramienta de distribuidora y CNMC antes de importar."
extremadura,Badajoz,La Haba,municipality:extremadura::la_haba,,,pending_municipal_review,no,"Fuente pública municipal o herramienta oficial sin CUPS, dirección exacta privada ni datos de suministro.","Revisar en mapa oficial de Junta, herramienta de distribuidora y CNMC antes de importar."
extremadura,Badajoz,La Lapa,municipality:extremadura::la_lapa,,,pending_municipal_review,no,"Fuente pública municipal o herramienta oficial sin CUPS, dirección exacta privada ni datos de suministro.","Revisar en mapa oficial de Junta, herramienta de distribuidora y CNMC antes de importar."
extremadura,Badajoz,La Morera,municipality:extremadura::la_morera,,,pending_municipal_review,no,"Fuente pública municipal o herramienta oficial sin CUPS, dirección exacta privada ni datos de suministro.","Revisar en mapa oficial de Junta, herramienta de distribuidora y CNMC antes de importar."
extremadura,Badajoz,La Nava de Santiago,municipality:extremadura::la_nava_de_santiago,,,pending_municipal_review,no,"Fuente pública municipal o herramienta oficial sin CUPS, dirección exacta privada ni datos de suministro.","Revisar en mapa oficial de Junta, herramienta de distribuidora y CNMC antes de importar."
extremadura,Badajoz,La Parra,municipality:extremadura::la_parra,,,pending_municipal_review,no,"Fuente pública municipal o herramienta oficial sin CUPS, dirección exacta privada ni datos de suministro.","Revisar en mapa oficial de Junta, herramienta de distribuidora y CNMC antes de importar."
extremadura,Cáceres,La Pesga,municipality:extremadura::la_pesga,,,pending_municipal_review,no,"Fuente pública municipal o herramienta oficial sin CUPS, dirección exacta privada ni datos de suministro.","Revisar en mapa oficial de Junta, herramienta de distribuidora y CNMC antes de importar."
extremadura,Badajoz,La Roca de la Sierra,municipality:extremadura::la_roca_de_la_sierra,,,pending_municipal_review,no,"Fuente pública municipal o herramienta oficial sin CUPS, dirección exacta privada ni datos de suministro.","Revisar en mapa oficial de Junta, herramienta de distribuidora y CNMC antes de importar."
extremadura,Badajoz,La Zarza,municipality:extremadura::la_zarza,,,pending_municipal_review,no,"Fuente pública municipal o herramienta oficial sin CUPS, dirección exacta privada ni datos de suministro.","Revisar en mapa oficial de Junta, herramienta de distribuidora y CNMC antes de importar."
extremadura,Cáceres,Ladrillar,municipality:extremadura::ladrillar,,,pending_municipal_review,no,"Fuente pública municipal o herramienta oficial sin CUPS, dirección exacta privada ni datos de suministro.","Revisar en mapa oficial de Junta, herramienta de distribuidora y CNMC antes de importar."
extremadura,Badajoz,Llera,municipality:extremadura::llera,,,pending_municipal_review,no,"Fuente pública municipal o herramienta oficial sin CUPS, dirección exacta privada ni datos de suministro.","Revisar en mapa oficial de Junta, herramienta de distribuidora y CNMC antes de importar."
extremadura,Badajoz,Llerena,municipality:extremadura::llerena,,,pending_municipal_review,no,"Fuente pública municipal o herramienta oficial sin CUPS, dirección exacta privada ni datos de suministro.","Revisar en mapa oficial de Junta, herramienta de distribuidora y CNMC antes de importar."
extremadura,Badajoz,Lobón,municipality:extremadura::lobon,,,pending_municipal_review,no,"Fuente pública municipal o herramienta oficial sin CUPS, dirección exacta privada ni datos de suministro.","Revisar en mapa oficial de Junta, herramienta de distribuidora y CNMC antes de importar."
extremadura,Cáceres,Logrosán,municipality:extremadura::logrosan,,,pending_municipal_review,no,"Fuente pública municipal o herramienta oficial sin CUPS, dirección exacta privada ni datos de suministro.","Revisar en mapa oficial de Junta, herramienta de distribuidora y CNMC antes de importar."
extremadura,Badajoz,Los Santos de Maimona,municipality:extremadura::los_santos_de_maimona,,,pending_municipal_review,no,"Fuente pública municipal o herramienta oficial sin CUPS, dirección exacta privada ni datos de suministro.","Revisar en mapa oficial de Junta, herramienta de distribuidora y CNMC antes de importar."
extremadura,Cáceres,Losar de la Vera,municipality:extremadura::losar_de_la_vera,,,pending_municipal_review,no,"Fuente pública municipal o herramienta oficial sin CUPS, dirección exacta privada ni datos de suministro.","Revisar en mapa oficial de Junta, herramienta de distribuidora y CNMC antes de importar."
extremadura,Cáceres,Madrigal de la Vera,municipality:extremadura::madrigal_de_la_vera,,,pending_municipal_review,no,"Fuente pública municipal o herramienta oficial sin CUPS, dirección exacta privada ni datos de suministro.","Revisar en mapa oficial de Junta, herramienta de distribuidora y CNMC antes de importar."
extremadura,Cáceres,Madrigalejo,municipality:extremadura::madrigalejo,,,pending_municipal_review,no,"Fuente pública municipal o herramienta oficial sin CUPS, dirección exacta privada ni datos de suministro.","Revisar en mapa oficial de Junta, herramienta de distribuidora y CNMC antes de importar."
extremadura,Cáceres,Madroñera,municipality:extremadura::madronera,,,pending_municipal_review,no,"Fuente pública municipal o herramienta oficial sin CUPS, dirección exacta privada ni datos de suministro.","Revisar en mapa oficial de Junta, herramienta de distribuidora y CNMC antes de importar."
extremadura,Badajoz,Magacela,municipality:extremadura::magacela,,,pending_municipal_review,no,"Fuente pública municipal o herramienta oficial sin CUPS, dirección exacta privada ni datos de suministro.","Revisar en mapa oficial de Junta, herramienta de distribuidora y CNMC antes de importar."
extremadura,Badajoz,Maguilla,municipality:extremadura::maguilla,,,pending_municipal_review,no,"Fuente pública municipal o herramienta oficial sin CUPS, dirección exacta privada ni datos de suministro.","Revisar en mapa oficial de Junta, herramienta de distribuidora y CNMC antes de importar."
extremadura,Cáceres,Majadas,municipality:extremadura::majadas,,,pending_municipal_review,no,"Fuente pública municipal o herramienta oficial sin CUPS, dirección exacta privada ni datos de suministro.","Revisar en mapa oficial de Junta, herramienta de distribuidora y CNMC antes de importar."
extremadura,Badajoz,Malcocinado,municipality:extremadura::malcocinado,,,pending_municipal_review,no,"Fuente pública municipal o herramienta oficial sin CUPS, dirección exacta privada ni datos de suministro.","Revisar en mapa oficial de Junta, herramienta de distribuidora y CNMC antes de importar."
extremadura,Cáceres,Malpartida de Cáceres,municipality:extremadura::malpartida_de_caceres,,,pending_municipal_review,no,"Fuente pública municipal o herramienta oficial sin CUPS, dirección exacta privada ni datos de suministro.","Revisar en mapa oficial de Junta, herramienta de distribuidora y CNMC antes de importar."
extremadura,Badajoz,Malpartida de la Serena,municipality:extremadura::malpartida_de_la_serena,,,pending_municipal_review,no,"Fuente pública municipal o herramienta oficial sin CUPS, dirección exacta privada ni datos de suministro.","Revisar en mapa oficial de Junta, herramienta de distribuidora y CNMC antes de importar."
extremadura,Cáceres,Malpartida de Plasencia,municipality:extremadura::malpartida_de_plasencia,,,pending_municipal_review,no,"Fuente pública municipal o herramienta oficial sin CUPS, dirección exacta privada ni datos de suministro.","Revisar en mapa oficial de Junta, herramienta de distribuidora y CNMC antes de importar."
extremadura,Badajoz,Manchita,municipality:extremadura::manchita,,,pending_municipal_review,no,"Fuente pública municipal o herramienta oficial sin CUPS, dirección exacta privada ni datos de suministro.","Revisar en mapa oficial de Junta, herramienta de distribuidora y CNMC antes de importar."
extremadura,Cáceres,Marchagaz,municipality:extremadura::marchagaz,,,pending_municipal_review,no,"Fuente pública municipal o herramienta oficial sin CUPS, dirección exacta privada ni datos de suministro.","Revisar en mapa oficial de Junta, herramienta de distribuidora y CNMC antes de importar."
extremadura,Cáceres,Mata de Alcántara,municipality:extremadura::mata_de_alcantara,,,pending_municipal_review,no,"Fuente pública municipal o herramienta oficial sin CUPS, dirección exacta privada ni datos de suministro.","Revisar en mapa oficial de Junta, herramienta de distribuidora y CNMC antes de importar."
extremadura,Badajoz,Medellín,municipality:extremadura::medellin,,,pending_municipal_review,no,"Fuente pública municipal o herramienta oficial sin CUPS, dirección exacta privada ni datos de suministro.","Revisar en mapa oficial de Junta, herramienta de distribuidora y CNMC antes de importar."
extremadura,Badajoz,Medina de las Torres,municipality:extremadura::medina_de_las_torres,,,pending_municipal_review,no,"Fuente pública municipal o herramienta oficial sin CUPS, dirección exacta privada ni datos de suministro.","Revisar en mapa oficial de Junta, herramienta de distribuidora y CNMC antes de importar."
extremadura,Cáceres,Membrío,municipality:extremadura::membrio,,,pending_municipal_review,no,"Fuente pública municipal o herramienta oficial sin CUPS, dirección exacta privada ni datos de suministro.","Revisar en mapa oficial de Junta, herramienta de distribuidora y CNMC antes de importar."
extremadura,Badajoz,Mengabril,municipality:extremadura::mengabril,,,pending_municipal_review,no,"Fuente pública municipal o herramienta oficial sin CUPS, dirección exacta privada ni datos de suministro.","Revisar en mapa oficial de Junta, herramienta de distribuidora y CNMC antes de importar."
extremadura,Badajoz,Mérida,municipality:extremadura::merida,,,pending_municipal_review,no,"Fuente pública municipal o herramienta oficial sin CUPS, dirección exacta privada ni datos de suministro.","Revisar en mapa oficial de Junta, herramienta de distribuidora y CNMC antes de importar."
extremadura,Cáceres,Mesas de Ibor,municipality:extremadura::mesas_de_ibor,,,pending_municipal_review,no,"Fuente pública municipal o herramienta oficial sin CUPS, dirección exacta privada ni datos de suministro.","Revisar en mapa oficial de Junta, herramienta de distribuidora y CNMC antes de importar."
extremadura,Cáceres,Miajadas,municipality:extremadura::miajadas,,,pending_municipal_review,no,"Fuente pública municipal o herramienta oficial sin CUPS, dirección exacta privada ni datos de suministro.","Revisar en mapa oficial de Junta, herramienta de distribuidora y CNMC antes de importar."
extremadura,Cáceres,Millanes,municipality:extremadura::millanes,,,pending_municipal_review,no,"Fuente pública municipal o herramienta oficial sin CUPS, dirección exacta privada ni datos de suministro.","Revisar en mapa oficial de Junta, herramienta de distribuidora y CNMC antes de importar."
extremadura,Cáceres,Mirabel,municipality:extremadura::mirabel,,,pending_municipal_review,no,"Fuente pública municipal o herramienta oficial sin CUPS, dirección exacta privada ni datos de suministro.","Revisar en mapa oficial de Junta, herramienta de distribuidora y CNMC antes de importar."
extremadura,Badajoz,Mirandilla,municipality:extremadura::mirandilla,,,pending_municipal_review,no,"Fuente pública municipal o herramienta oficial sin CUPS, dirección exacta privada ni datos de suministro.","Revisar en mapa oficial de Junta, herramienta de distribuidora y CNMC antes de importar."
extremadura,Cáceres,Mohedas de Granadilla,municipality:extremadura::mohedas_de_granadilla,,,pending_municipal_review,no,"Fuente pública municipal o herramienta oficial sin CUPS, dirección exacta privada ni datos de suministro.","Revisar en mapa oficial de Junta, herramienta de distribuidora y CNMC antes de importar."
extremadura,Badajoz,Monesterio,municipality:extremadura::monesterio,,,pending_municipal_review,no,"Fuente pública municipal o herramienta oficial sin CUPS, dirección exacta privada ni datos de suministro.","Revisar en mapa oficial de Junta, herramienta de distribuidora y CNMC antes de importar."
extremadura,Cáceres,Monroy,municipality:extremadura::monroy,,,pending_municipal_review,no,"Fuente pública municipal o herramienta oficial sin CUPS, dirección exacta privada ni datos de suministro.","Revisar en mapa oficial de Junta, herramienta de distribuidora y CNMC antes de importar."
extremadura,Cáceres,Montánchez,municipality:extremadura::montanchez,,,pending_municipal_review,no,"Fuente pública municipal o herramienta oficial sin CUPS, dirección exacta privada ni datos de suministro.","Revisar en mapa oficial de Junta, herramienta de distribuidora y CNMC antes de importar."
extremadura,Cáceres,Montehermoso,municipality:extremadura::montehermoso,,,pending_municipal_review,no,"Fuente pública municipal o herramienta oficial sin CUPS, dirección exacta privada ni datos de suministro.","Revisar en mapa oficial de Junta, herramienta de distribuidora y CNMC antes de importar."
extremadura,Badajoz,Montemolín,municipality:extremadura::montemolin,,,pending_municipal_review,no,"Fuente pública municipal o herramienta oficial sin CUPS, dirección exacta privada ni datos de suministro.","Revisar en mapa oficial de Junta, herramienta de distribuidora y CNMC antes de importar."
extremadura,Badajoz,Monterrubio de la Serena,municipality:extremadura::monterrubio_de_la_serena,,,pending_municipal_review,no,"Fuente pública municipal o herramienta oficial sin CUPS, dirección exacta privada ni datos de suministro.","Revisar en mapa oficial de Junta, herramienta de distribuidora y CNMC antes de importar."
extremadura,Badajoz,Montijo,municipality:extremadura::montijo,,,pending_municipal_review,no,"Fuente pública municipal o herramienta oficial sin CUPS, dirección exacta privada ni datos de suministro.","Revisar en mapa oficial de Junta, herramienta de distribuidora y CNMC antes de importar."
extremadura,Cáceres,Moraleja,municipality:extremadura::moraleja,,,pending_municipal_review,no,"Fuente pública municipal o herramienta oficial sin CUPS, dirección exacta privada ni datos de suministro.","Revisar en mapa oficial de Junta, herramienta de distribuidora y CNMC antes de importar."
extremadura,Cáceres,Morcillo,municipality:extremadura::morcillo,,,pending_municipal_review,no,"Fuente pública municipal o herramienta oficial sin CUPS, dirección exacta privada ni datos de suministro.","Revisar en mapa oficial de Junta, herramienta de distribuidora y CNMC antes de importar."
extremadura,Badajoz,municipality:badajoz::badajoz,municipality:extremadura::municipality_badajoz_badajoz,,,pending_municipal_review,no,"Fuente pública municipal o herramienta oficial sin CUPS, dirección exacta privada ni datos de suministro.","Revisar en mapa oficial de Junta, herramienta de distribuidora y CNMC antes de importar."
extremadura,Cáceres,municipality:caceres::caceres,municipality:extremadura::municipality_caceres_caceres,,,pending_municipal_review,no,"Fuente pública municipal o herramienta oficial sin CUPS, dirección exacta privada ni datos de suministro.","Revisar en mapa oficial de Junta, herramienta de distribuidora y CNMC antes de importar."
extremadura,Cáceres,Navaconcejo,municipality:extremadura::navaconcejo,,,pending_municipal_review,no,"Fuente pública municipal o herramienta oficial sin CUPS, dirección exacta privada ni datos de suministro.","Revisar en mapa oficial de Junta, herramienta de distribuidora y CNMC antes de importar."
extremadura,Cáceres,Navalmoral de la Mata,municipality:extremadura::navalmoral_de_la_mata,,,pending_municipal_review,no,"Fuente pública municipal o herramienta oficial sin CUPS, dirección exacta privada ni datos de suministro.","Revisar en mapa oficial de Junta, herramienta de distribuidora y CNMC antes de importar."
extremadura,Cáceres,Navalvillar de Ibor,municipality:extremadura::navalvillar_de_ibor,,,pending_municipal_review,no,"Fuente pública municipal o herramienta oficial sin CUPS, dirección exacta privada ni datos de suministro.","Revisar en mapa oficial de Junta, herramienta de distribuidora y CNMC antes de importar."
extremadura,Badajoz,Navalvillar de Pela,municipality:extremadura::navalvillar_de_pela,,,pending_municipal_review,no,"Fuente pública municipal o herramienta oficial sin CUPS, dirección exacta privada ni datos de suministro.","Revisar en mapa oficial de Junta, herramienta de distribuidora y CNMC antes de importar."
extremadura,Cáceres,Navas del Madroño,municipality:extremadura::navas_del_madrono,,,pending_municipal_review,no,"Fuente pública municipal o herramienta oficial sin CUPS, dirección exacta privada ni datos de suministro.","Revisar en mapa oficial de Junta, herramienta de distribuidora y CNMC antes de importar."
extremadura,Cáceres,Navezuelas,municipality:extremadura::navezuelas,,,pending_municipal_review,no,"Fuente pública municipal o herramienta oficial sin CUPS, dirección exacta privada ni datos de suministro.","Revisar en mapa oficial de Junta, herramienta de distribuidora y CNMC antes de importar."
extremadura,Badajoz,Nogales,municipality:extremadura::nogales,,,pending_municipal_review,no,"Fuente pública municipal o herramienta oficial sin CUPS, dirección exacta privada ni datos de suministro.","Revisar en mapa oficial de Junta, herramienta de distribuidora y CNMC antes de importar."
extremadura,Cáceres,Nuñomoral,municipality:extremadura::nunomoral,,,pending_municipal_review,no,"Fuente pública municipal o herramienta oficial sin CUPS, dirección exacta privada ni datos de suministro.","Revisar en mapa oficial de Junta, herramienta de distribuidora y CNMC antes de importar."
extremadura,Badajoz,Oliva de la Frontera,municipality:extremadura::oliva_de_la_frontera,,,pending_municipal_review,no,"Fuente pública municipal o herramienta oficial sin CUPS, dirección exacta privada ni datos de suministro.","Revisar en mapa oficial de Junta, herramienta de distribuidora y CNMC antes de importar."
extremadura,Badajoz,Oliva de Mérida,municipality:extremadura::oliva_de_merida,,,pending_municipal_review,no,"Fuente pública municipal o herramienta oficial sin CUPS, dirección exacta privada ni datos de suministro.","Revisar en mapa oficial de Junta, herramienta de distribuidora y CNMC antes de importar."
extremadura,Cáceres,Oliva de Plasencia,municipality:extremadura::oliva_de_plasencia,,,pending_municipal_review,no,"Fuente pública municipal o herramienta oficial sin CUPS, dirección exacta privada ni datos de suministro.","Revisar en mapa oficial de Junta, herramienta de distribuidora y CNMC antes de importar."
extremadura,Badajoz,Olivenza,municipality:extremadura::olivenza,,,pending_municipal_review,no,"Fuente pública municipal o herramienta oficial sin CUPS, dirección exacta privada ni datos de suministro.","Revisar en mapa oficial de Junta, herramienta de distribuidora y CNMC antes de importar."
extremadura,Badajoz,Orellana de la Sierra,municipality:extremadura::orellana_de_la_sierra,,,pending_municipal_review,no,"Fuente pública municipal o herramienta oficial sin CUPS, dirección exacta privada ni datos de suministro.","Revisar en mapa oficial de Junta, herramienta de distribuidora y CNMC antes de importar."
extremadura,Badajoz,Orellana la Vieja,municipality:extremadura::orellana_la_vieja,,,pending_municipal_review,no,"Fuente pública municipal o herramienta oficial sin CUPS, dirección exacta privada ni datos de suministro.","Revisar en mapa oficial de Junta, herramienta de distribuidora y CNMC antes de importar."
extremadura,Badajoz,Palomas,municipality:extremadura::palomas,,,pending_municipal_review,no,"Fuente pública municipal o herramienta oficial sin CUPS, dirección exacta privada ni datos de suministro.","Revisar en mapa oficial de Junta, herramienta de distribuidora y CNMC antes de importar."
extremadura,Cáceres,Palomero,municipality:extremadura::palomero,,,pending_municipal_review,no,"Fuente pública municipal o herramienta oficial sin CUPS, dirección exacta privada ni datos de suministro.","Revisar en mapa oficial de Junta, herramienta de distribuidora y CNMC antes de importar."
extremadura,Cáceres,Pasarón de la Vera,municipality:extremadura::pasaron_de_la_vera,,,pending_municipal_review,no,"Fuente pública municipal o herramienta oficial sin CUPS, dirección exacta privada ni datos de suministro.","Revisar en mapa oficial de Junta, herramienta de distribuidora y CNMC antes de importar."
extremadura,Cáceres,Pedroso de Acim,municipality:extremadura::pedroso_de_acim,,,pending_municipal_review,no,"Fuente pública municipal o herramienta oficial sin CUPS, dirección exacta privada ni datos de suministro.","Revisar en mapa oficial de Junta, herramienta de distribuidora y CNMC antes de importar."
extremadura,Badajoz,Peñalsordo,municipality:extremadura::penalsordo,,,pending_municipal_review,no,"Fuente pública municipal o herramienta oficial sin CUPS, dirección exacta privada ni datos de suministro.","Revisar en mapa oficial de Junta, herramienta de distribuidora y CNMC antes de importar."
extremadura,Cáceres,Peraleda de la Mata,municipality:extremadura::peraleda_de_la_mata,,,pending_municipal_review,no,"Fuente pública municipal o herramienta oficial sin CUPS, dirección exacta privada ni datos de suministro.","Revisar en mapa oficial de Junta, herramienta de distribuidora y CNMC antes de importar."
extremadura,Cáceres,Peraleda de San Román,municipality:extremadura::peraleda_de_san_roman,,,pending_municipal_review,no,"Fuente pública municipal o herramienta oficial sin CUPS, dirección exacta privada ni datos de suministro.","Revisar en mapa oficial de Junta, herramienta de distribuidora y CNMC antes de importar."
extremadura,Badajoz,Peraleda del Zaucejo,municipality:extremadura::peraleda_del_zaucejo,,,pending_municipal_review,no,"Fuente pública municipal o herramienta oficial sin CUPS, dirección exacta privada ni datos de suministro.","Revisar en mapa oficial de Junta, herramienta de distribuidora y CNMC antes de importar."
extremadura,Cáceres,Perales del Puerto,municipality:extremadura::perales_del_puerto,,,pending_municipal_review,no,"Fuente pública municipal o herramienta oficial sin CUPS, dirección exacta privada ni datos de suministro.","Revisar en mapa oficial de Junta, herramienta de distribuidora y CNMC antes de importar."
extremadura,Cáceres,Pescueza,municipality:extremadura::pescueza,,,pending_municipal_review,no,"Fuente pública municipal o herramienta oficial sin CUPS, dirección exacta privada ni datos de suministro.","Revisar en mapa oficial de Junta, herramienta de distribuidora y CNMC antes de importar."
extremadura,Cáceres,Piedras Albas,municipality:extremadura::piedras_albas,,,pending_municipal_review,no,"Fuente pública municipal o herramienta oficial sin CUPS, dirección exacta privada ni datos de suministro.","Revisar en mapa oficial de Junta, herramienta de distribuidora y CNMC antes de importar."
extremadura,Cáceres,Pinofranqueado,municipality:extremadura::pinofranqueado,,,pending_municipal_review,no,"Fuente pública municipal o herramienta oficial sin CUPS, dirección exacta privada ni datos de suministro.","Revisar en mapa oficial de Junta, herramienta de distribuidora y CNMC antes de importar."
extremadura,Cáceres,Piornal,municipality:extremadura::piornal,,,pending_municipal_review,no,"Fuente pública municipal o herramienta oficial sin CUPS, dirección exacta privada ni datos de suministro.","Revisar en mapa oficial de Junta, herramienta de distribuidora y CNMC antes de importar."
extremadura,Cáceres,Plasencia,municipality:extremadura::plasencia,,,pending_municipal_review,no,"Fuente pública municipal o herramienta oficial sin CUPS, dirección exacta privada ni datos de suministro.","Revisar en mapa oficial de Junta, herramienta de distribuidora y CNMC antes de importar."
extremadura,Cáceres,Plasenzuela,municipality:extremadura::plasenzuela,,,pending_municipal_review,no,"Fuente pública municipal o herramienta oficial sin CUPS, dirección exacta privada ni datos de suministro.","Revisar en mapa oficial de Junta, herramienta de distribuidora y CNMC antes de importar."
extremadura,Cáceres,Portaje,municipality:extremadura::portaje,,,pending_municipal_review,no,"Fuente pública municipal o herramienta oficial sin CUPS, dirección exacta privada ni datos de suministro.","Revisar en mapa oficial de Junta, herramienta de distribuidora y CNMC antes de importar."
extremadura,Cáceres,Portezuelo,municipality:extremadura::portezuelo,,,pending_municipal_review,no,"Fuente pública municipal o herramienta oficial sin CUPS, dirección exacta privada ni datos de suministro.","Revisar en mapa oficial de Junta, herramienta de distribuidora y CNMC antes de importar."
extremadura,Cáceres,Pozuelo de Zarzón,municipality:extremadura::pozuelo_de_zarzon,,,pending_municipal_review,no,"Fuente pública municipal o herramienta oficial sin CUPS, dirección exacta privada ni datos de suministro.","Revisar en mapa oficial de Junta, herramienta de distribuidora y CNMC antes de importar."
extremadura,Badajoz,Puebla de Alcocer,municipality:extremadura::puebla_de_alcocer,,,pending_municipal_review,no,"Fuente pública municipal o herramienta oficial sin CUPS, dirección exacta privada ni datos de suministro.","Revisar en mapa oficial de Junta, herramienta de distribuidora y CNMC antes de importar."
extremadura,Badajoz,Puebla de la Calzada,municipality:extremadura::puebla_de_la_calzada,,,pending_municipal_review,no,"Fuente pública municipal o herramienta oficial sin CUPS, dirección exacta privada ni datos de suministro.","Revisar en mapa oficial de Junta, herramienta de distribuidora y CNMC antes de importar."
extremadura,Badajoz,Puebla de la Reina,municipality:extremadura::puebla_de_la_reina,,,pending_municipal_review,no,"Fuente pública municipal o herramienta oficial sin CUPS, dirección exacta privada ni datos de suministro.","Revisar en mapa oficial de Junta, herramienta de distribuidora y CNMC antes de importar."
extremadura,Badajoz,Puebla de Obando,municipality:extremadura::puebla_de_obando,,,pending_municipal_review,no,"Fuente pública municipal o herramienta oficial sin CUPS, dirección exacta privada ni datos de suministro.","Revisar en mapa oficial de Junta, herramienta de distribuidora y CNMC antes de importar."
extremadura,Badajoz,Puebla de Sancho Pérez,municipality:extremadura::puebla_de_sancho_perez,,,pending_municipal_review,no,"Fuente pública municipal o herramienta oficial sin CUPS, dirección exacta privada ni datos de suministro.","Revisar en mapa oficial de Junta, herramienta de distribuidora y CNMC antes de importar."
extremadura,Badajoz,Puebla del Maestre,municipality:extremadura::puebla_del_maestre,,,pending_municipal_review,no,"Fuente pública municipal o herramienta oficial sin CUPS, dirección exacta privada ni datos de suministro.","Revisar en mapa oficial de Junta, herramienta de distribuidora y CNMC antes de importar."
extremadura,Badajoz,Puebla del Prior,municipality:extremadura::puebla_del_prior,,,pending_municipal_review,no,"Fuente pública municipal o herramienta oficial sin CUPS, dirección exacta privada ni datos de suministro.","Revisar en mapa oficial de Junta, herramienta de distribuidora y CNMC antes de importar."
extremadura,Cáceres,Pueblonuevo de Miramontes,municipality:extremadura::pueblonuevo_de_miramontes,,,pending_municipal_review,no,"Fuente pública municipal o herramienta oficial sin CUPS, dirección exacta privada ni datos de suministro.","Revisar en mapa oficial de Junta, herramienta de distribuidora y CNMC antes de importar."
extremadura,Badajoz,Pueblonuevo del Guadiana,municipality:extremadura::pueblonuevo_del_guadiana,,,pending_municipal_review,no,"Fuente pública municipal o herramienta oficial sin CUPS, dirección exacta privada ni datos de suministro.","Revisar en mapa oficial de Junta, herramienta de distribuidora y CNMC antes de importar."
extremadura,Cáceres,Puerto de Santa Cruz,municipality:extremadura::puerto_de_santa_cruz,,,pending_municipal_review,no,"Fuente pública municipal o herramienta oficial sin CUPS, dirección exacta privada ni datos de suministro.","Revisar en mapa oficial de Junta, herramienta de distribuidora y CNMC antes de importar."
extremadura,Badajoz,Quintana de la Serena,municipality:extremadura::quintana_de_la_serena,,,pending_municipal_review,no,"Fuente pública municipal o herramienta oficial sin CUPS, dirección exacta privada ni datos de suministro.","Revisar en mapa oficial de Junta, herramienta de distribuidora y CNMC antes de importar."
extremadura,Cáceres,Rebollar,municipality:extremadura::rebollar,,,pending_municipal_review,no,"Fuente pública municipal o herramienta oficial sin CUPS, dirección exacta privada ni datos de suministro.","Revisar en mapa oficial de Junta, herramienta de distribuidora y CNMC antes de importar."
extremadura,Badajoz,Reina,municipality:extremadura::reina,,,pending_municipal_review,no,"Fuente pública municipal o herramienta oficial sin CUPS, dirección exacta privada ni datos de suministro.","Revisar en mapa oficial de Junta, herramienta de distribuidora y CNMC antes de importar."
extremadura,Badajoz,Rena,municipality:extremadura::rena,,,pending_municipal_review,no,"Fuente pública municipal o herramienta oficial sin CUPS, dirección exacta privada ni datos de suministro.","Revisar en mapa oficial de Junta, herramienta de distribuidora y CNMC antes de importar."
extremadura,Badajoz,Retamal de Llerena,municipality:extremadura::retamal_de_llerena,,,pending_municipal_review,no,"Fuente pública municipal o herramienta oficial sin CUPS, dirección exacta privada ni datos de suministro.","Revisar en mapa oficial de Junta, herramienta de distribuidora y CNMC antes de importar."
extremadura,Badajoz,Ribera del Fresno,municipality:extremadura::ribera_del_fresno,,,pending_municipal_review,no,"Fuente pública municipal o herramienta oficial sin CUPS, dirección exacta privada ni datos de suministro.","Revisar en mapa oficial de Junta, herramienta de distribuidora y CNMC antes de importar."
extremadura,Cáceres,Riolobos,municipality:extremadura::riolobos,,,pending_municipal_review,no,"Fuente pública municipal o herramienta oficial sin CUPS, dirección exacta privada ni datos de suministro.","Revisar en mapa oficial de Junta, herramienta de distribuidora y CNMC antes de importar."
extremadura,Badajoz,Risco,municipality:extremadura::risco,,,pending_municipal_review,no,"Fuente pública municipal o herramienta oficial sin CUPS, dirección exacta privada ni datos de suministro.","Revisar en mapa oficial de Junta, herramienta de distribuidora y CNMC antes de importar."
extremadura,Cáceres,Robledillo de Gata,municipality:extremadura::robledillo_de_gata,,,pending_municipal_review,no,"Fuente pública municipal o herramienta oficial sin CUPS, dirección exacta privada ni datos de suministro.","Revisar en mapa oficial de Junta, herramienta de distribuidora y CNMC antes de importar."
extremadura,Cáceres,Robledillo de la Vera,municipality:extremadura::robledillo_de_la_vera,,,pending_municipal_review,no,"Fuente pública municipal o herramienta oficial sin CUPS, dirección exacta privada ni datos de suministro.","Revisar en mapa oficial de Junta, herramienta de distribuidora y CNMC antes de importar."
extremadura,Cáceres,Robledillo de Trujillo,municipality:extremadura::robledillo_de_trujillo,,,pending_municipal_review,no,"Fuente pública municipal o herramienta oficial sin CUPS, dirección exacta privada ni datos de suministro.","Revisar en mapa oficial de Junta, herramienta de distribuidora y CNMC antes de importar."
extremadura,Cáceres,Robledollano,municipality:extremadura::robledollano,,,pending_municipal_review,no,"Fuente pública municipal o herramienta oficial sin CUPS, dirección exacta privada ni datos de suministro.","Revisar en mapa oficial de Junta, herramienta de distribuidora y CNMC antes de importar."
extremadura,Cáceres,Romangordo,municipality:extremadura::romangordo,,,pending_municipal_review,no,"Fuente pública municipal o herramienta oficial sin CUPS, dirección exacta privada ni datos de suministro.","Revisar en mapa oficial de Junta, herramienta de distribuidora y CNMC antes de importar."
extremadura,Cáceres,Rosalejo,municipality:extremadura::rosalejo,,,pending_municipal_review,no,"Fuente pública municipal o herramienta oficial sin CUPS, dirección exacta privada ni datos de suministro.","Revisar en mapa oficial de Junta, herramienta de distribuidora y CNMC antes de importar."
extremadura,Cáceres,Ruanes,municipality:extremadura::ruanes,,,pending_municipal_review,no,"Fuente pública municipal o herramienta oficial sin CUPS, dirección exacta privada ni datos de suministro.","Revisar en mapa oficial de Junta, herramienta de distribuidora y CNMC antes de importar."
extremadura,Cáceres,Salorino,municipality:extremadura::salorino,,,pending_municipal_review,no,"Fuente pública municipal o herramienta oficial sin CUPS, dirección exacta privada ni datos de suministro.","Revisar en mapa oficial de Junta, herramienta de distribuidora y CNMC antes de importar."
extremadura,Badajoz,Salvaleón,municipality:extremadura::salvaleon,,,pending_municipal_review,no,"Fuente pública municipal o herramienta oficial sin CUPS, dirección exacta privada ni datos de suministro.","Revisar en mapa oficial de Junta, herramienta de distribuidora y CNMC antes de importar."
extremadura,Badajoz,Salvatierra de los Barros,municipality:extremadura::salvatierra_de_los_barros,,,pending_municipal_review,no,"Fuente pública municipal o herramienta oficial sin CUPS, dirección exacta privada ni datos de suministro.","Revisar en mapa oficial de Junta, herramienta de distribuidora y CNMC antes de importar."
extremadura,Cáceres,Salvatierra de Santiago,municipality:extremadura::salvatierra_de_santiago,,,pending_municipal_review,no,"Fuente pública municipal o herramienta oficial sin CUPS, dirección exacta privada ni datos de suministro.","Revisar en mapa oficial de Junta, herramienta de distribuidora y CNMC antes de importar."
extremadura,Cáceres,San Martín de Trevejo,municipality:extremadura::san_martin_de_trevejo,,,pending_municipal_review,no,"Fuente pública municipal o herramienta oficial sin CUPS, dirección exacta privada ni datos de suministro.","Revisar en mapa oficial de Junta, herramienta de distribuidora y CNMC antes de importar."
extremadura,Badajoz,San Pedro de Mérida,municipality:extremadura::san_pedro_de_merida,,,pending_municipal_review,no,"Fuente pública municipal o herramienta oficial sin CUPS, dirección exacta privada ni datos de suministro.","Revisar en mapa oficial de Junta, herramienta de distribuidora y CNMC antes de importar."
extremadura,Badajoz,San Vicente de Alcántara,municipality:extremadura::san_vicente_de_alcantara,,,pending_municipal_review,no,"Fuente pública municipal o herramienta oficial sin CUPS, dirección exacta privada ni datos de suministro.","Revisar en mapa oficial de Junta, herramienta de distribuidora y CNMC antes de importar."
extremadura,Badajoz,Sancti-Spíritus,municipality:extremadura::sancti_spiritus,,,pending_municipal_review,no,"Fuente pública municipal o herramienta oficial sin CUPS, dirección exacta privada ni datos de suministro.","Revisar en mapa oficial de Junta, herramienta de distribuidora y CNMC antes de importar."
extremadura,Badajoz,Santa Amalia,municipality:extremadura::santa_amalia,,,pending_municipal_review,no,"Fuente pública municipal o herramienta oficial sin CUPS, dirección exacta privada ni datos de suministro.","Revisar en mapa oficial de Junta, herramienta de distribuidora y CNMC antes de importar."
extremadura,Cáceres,Santa Ana,municipality:extremadura::santa_ana,,,pending_municipal_review,no,"Fuente pública municipal o herramienta oficial sin CUPS, dirección exacta privada ni datos de suministro.","Revisar en mapa oficial de Junta, herramienta de distribuidora y CNMC antes de importar."
extremadura,Cáceres,Santa Cruz de la Sierra,municipality:extremadura::santa_cruz_de_la_sierra,,,pending_municipal_review,no,"Fuente pública municipal o herramienta oficial sin CUPS, dirección exacta privada ni datos de suministro.","Revisar en mapa oficial de Junta, herramienta de distribuidora y CNMC antes de importar."
extremadura,Cáceres,Santa Cruz de Paniagua,municipality:extremadura::santa_cruz_de_paniagua,,,pending_municipal_review,no,"Fuente pública municipal o herramienta oficial sin CUPS, dirección exacta privada ni datos de suministro.","Revisar en mapa oficial de Junta, herramienta de distribuidora y CNMC antes de importar."
extremadura,Badajoz,Santa Marta,municipality:extremadura::santa_marta,,,pending_municipal_review,no,"Fuente pública municipal o herramienta oficial sin CUPS, dirección exacta privada ni datos de suministro.","Revisar en mapa oficial de Junta, herramienta de distribuidora y CNMC antes de importar."
extremadura,Cáceres,Santa Marta de Magasca,municipality:extremadura::santa_marta_de_magasca,,,pending_municipal_review,no,"Fuente pública municipal o herramienta oficial sin CUPS, dirección exacta privada ni datos de suministro.","Revisar en mapa oficial de Junta, herramienta de distribuidora y CNMC antes de importar."
extremadura,Cáceres,Santiago de Alcántara,municipality:extremadura::santiago_de_alcantara,,,pending_municipal_review,no,"Fuente pública municipal o herramienta oficial sin CUPS, dirección exacta privada ni datos de suministro.","Revisar en mapa oficial de Junta, herramienta de distribuidora y CNMC antes de importar."
extremadura,Cáceres,Santiago del Campo,municipality:extremadura::santiago_del_campo,,,pending_municipal_review,no,"Fuente pública municipal o herramienta oficial sin CUPS, dirección exacta privada ni datos de suministro.","Revisar en mapa oficial de Junta, herramienta de distribuidora y CNMC antes de importar."
extremadura,Cáceres,Santibáñez el Alto,municipality:extremadura::santibanez_el_alto,,,pending_municipal_review,no,"Fuente pública municipal o herramienta oficial sin CUPS, dirección exacta privada ni datos de suministro.","Revisar en mapa oficial de Junta, herramienta de distribuidora y CNMC antes de importar."
extremadura,Cáceres,Santibáñez el Bajo,municipality:extremadura::santibanez_el_bajo,,,pending_municipal_review,no,"Fuente pública municipal o herramienta oficial sin CUPS, dirección exacta privada ni datos de suministro.","Revisar en mapa oficial de Junta, herramienta de distribuidora y CNMC antes de importar."
extremadura,Cáceres,Saucedilla,municipality:extremadura::saucedilla,,,pending_municipal_review,no,"Fuente pública municipal o herramienta oficial sin CUPS, dirección exacta privada ni datos de suministro.","Revisar en mapa oficial de Junta, herramienta de distribuidora y CNMC antes de importar."
extremadura,Badajoz,Segura de León,municipality:extremadura::segura_de_leon,,,pending_municipal_review,no,"Fuente pública municipal o herramienta oficial sin CUPS, dirección exacta privada ni datos de suministro.","Revisar en mapa oficial de Junta, herramienta de distribuidora y CNMC antes de importar."
extremadura,Cáceres,Segura de Toro,municipality:extremadura::segura_de_toro,,,pending_municipal_review,no,"Fuente pública municipal o herramienta oficial sin CUPS, dirección exacta privada ni datos de suministro.","Revisar en mapa oficial de Junta, herramienta de distribuidora y CNMC antes de importar."
extremadura,Cáceres,Serradilla,municipality:extremadura::serradilla,,,pending_municipal_review,no,"Fuente pública municipal o herramienta oficial sin CUPS, dirección exacta privada ni datos de suministro.","Revisar en mapa oficial de Junta, herramienta de distribuidora y CNMC antes de importar."
extremadura,Cáceres,Serrejón,municipality:extremadura::serrejon,,,pending_municipal_review,no,"Fuente pública municipal o herramienta oficial sin CUPS, dirección exacta privada ni datos de suministro.","Revisar en mapa oficial de Junta, herramienta de distribuidora y CNMC antes de importar."
extremadura,Cáceres,Sierra de Fuentes,municipality:extremadura::sierra_de_fuentes,,,pending_municipal_review,no,"Fuente pública municipal o herramienta oficial sin CUPS, dirección exacta privada ni datos de suministro.","Revisar en mapa oficial de Junta, herramienta de distribuidora y CNMC antes de importar."
extremadura,Badajoz,Siruela,municipality:extremadura::siruela,,,pending_municipal_review,no,"Fuente pública municipal o herramienta oficial sin CUPS, dirección exacta privada ni datos de suministro.","Revisar en mapa oficial de Junta, herramienta de distribuidora y CNMC antes de importar."
extremadura,Badajoz,Solana de los Barros,municipality:extremadura::solana_de_los_barros,,,pending_municipal_review,no,"Fuente pública municipal o herramienta oficial sin CUPS, dirección exacta privada ni datos de suministro.","Revisar en mapa oficial de Junta, herramienta de distribuidora y CNMC antes de importar."
extremadura,Badajoz,Talarrubias,municipality:extremadura::talarrubias,,,pending_municipal_review,no,"Fuente pública municipal o herramienta oficial sin CUPS, dirección exacta privada ni datos de suministro.","Revisar en mapa oficial de Junta, herramienta de distribuidora y CNMC antes de importar."
extremadura,Cáceres,Talaván,municipality:extremadura::talavan,,,pending_municipal_review,no,"Fuente pública municipal o herramienta oficial sin CUPS, dirección exacta privada ni datos de suministro.","Revisar en mapa oficial de Junta, herramienta de distribuidora y CNMC antes de importar."
extremadura,Badajoz,Talavera la Real,municipality:extremadura::talavera_la_real,,,pending_municipal_review,no,"Fuente pública municipal o herramienta oficial sin CUPS, dirección exacta privada ni datos de suministro.","Revisar en mapa oficial de Junta, herramienta de distribuidora y CNMC antes de importar."
extremadura,Cáceres,Talaveruela de la Vera,municipality:extremadura::talaveruela_de_la_vera,,,pending_municipal_review,no,"Fuente pública municipal o herramienta oficial sin CUPS, dirección exacta privada ni datos de suministro.","Revisar en mapa oficial de Junta, herramienta de distribuidora y CNMC antes de importar."
extremadura,Cáceres,Talayuela,municipality:extremadura::talayuela,,,pending_municipal_review,no,"Fuente pública municipal o herramienta oficial sin CUPS, dirección exacta privada ni datos de suministro.","Revisar en mapa oficial de Junta, herramienta de distribuidora y CNMC antes de importar."
extremadura,Badajoz,Táliga,municipality:extremadura::taliga,,,pending_municipal_review,no,"Fuente pública municipal o herramienta oficial sin CUPS, dirección exacta privada ni datos de suministro.","Revisar en mapa oficial de Junta, herramienta de distribuidora y CNMC antes de importar."
extremadura,Badajoz,Tamurejo,municipality:extremadura::tamurejo,,,pending_municipal_review,no,"Fuente pública municipal o herramienta oficial sin CUPS, dirección exacta privada ni datos de suministro.","Revisar en mapa oficial de Junta, herramienta de distribuidora y CNMC antes de importar."
extremadura,Cáceres,Tejeda de Tiétar,municipality:extremadura::tejeda_de_tietar,,,pending_municipal_review,no,"Fuente pública municipal o herramienta oficial sin CUPS, dirección exacta privada ni datos de suministro.","Revisar en mapa oficial de Junta, herramienta de distribuidora y CNMC antes de importar."
extremadura,Cáceres,Tiétar,municipality:extremadura::tietar,,,pending_municipal_review,no,"Fuente pública municipal o herramienta oficial sin CUPS, dirección exacta privada ni datos de suministro.","Revisar en mapa oficial de Junta, herramienta de distribuidora y CNMC antes de importar."
extremadura,Cáceres,Toril,municipality:extremadura::toril,,,pending_municipal_review,no,"Fuente pública municipal o herramienta oficial sin CUPS, dirección exacta privada ni datos de suministro.","Revisar en mapa oficial de Junta, herramienta de distribuidora y CNMC antes de importar."
extremadura,Cáceres,Tornavacas,municipality:extremadura::tornavacas,,,pending_municipal_review,no,"Fuente pública municipal o herramienta oficial sin CUPS, dirección exacta privada ni datos de suministro.","Revisar en mapa oficial de Junta, herramienta de distribuidora y CNMC antes de importar."
extremadura,Cáceres,Torre de Don Miguel,municipality:extremadura::torre_de_don_miguel,,,pending_municipal_review,no,"Fuente pública municipal o herramienta oficial sin CUPS, dirección exacta privada ni datos de suministro.","Revisar en mapa oficial de Junta, herramienta de distribuidora y CNMC antes de importar."
extremadura,Badajoz,Torre de Miguel Sesmero,municipality:extremadura::torre_de_miguel_sesmero,,,pending_municipal_review,no,"Fuente pública municipal o herramienta oficial sin CUPS, dirección exacta privada ni datos de suministro.","Revisar en mapa oficial de Junta, herramienta de distribuidora y CNMC antes de importar."
extremadura,Cáceres,Torre de Santa María,municipality:extremadura::torre_de_santa_maria,,,pending_municipal_review,no,"Fuente pública municipal o herramienta oficial sin CUPS, dirección exacta privada ni datos de suministro.","Revisar en mapa oficial de Junta, herramienta de distribuidora y CNMC antes de importar."
extremadura,Cáceres,Torrecilla de los Ángeles,municipality:extremadura::torrecilla_de_los_angeles,,,pending_municipal_review,no,"Fuente pública municipal o herramienta oficial sin CUPS, dirección exacta privada ni datos de suministro.","Revisar en mapa oficial de Junta, herramienta de distribuidora y CNMC antes de importar."
extremadura,Cáceres,Torrecillas de la Tiesa,municipality:extremadura::torrecillas_de_la_tiesa,,,pending_municipal_review,no,"Fuente pública municipal o herramienta oficial sin CUPS, dirección exacta privada ni datos de suministro.","Revisar en mapa oficial de Junta, herramienta de distribuidora y CNMC antes de importar."
extremadura,Cáceres,Torrejón el Rubio,municipality:extremadura::torrejon_el_rubio,,,pending_municipal_review,no,"Fuente pública municipal o herramienta oficial sin CUPS, dirección exacta privada ni datos de suministro.","Revisar en mapa oficial de Junta, herramienta de distribuidora y CNMC antes de importar."
extremadura,Cáceres,Torrejoncillo,municipality:extremadura::torrejoncillo,,,pending_municipal_review,no,"Fuente pública municipal o herramienta oficial sin CUPS, dirección exacta privada ni datos de suministro.","Revisar en mapa oficial de Junta, herramienta de distribuidora y CNMC antes de importar."
extremadura,Badajoz,Torremayor,municipality:extremadura::torremayor,,,pending_municipal_review,no,"Fuente pública municipal o herramienta oficial sin CUPS, dirección exacta privada ni datos de suministro.","Revisar en mapa oficial de Junta, herramienta de distribuidora y CNMC antes de importar."
extremadura,Badajoz,Torremejía,municipality:extremadura::torremejia,,,pending_municipal_review,no,"Fuente pública municipal o herramienta oficial sin CUPS, dirección exacta privada ni datos de suministro.","Revisar en mapa oficial de Junta, herramienta de distribuidora y CNMC antes de importar."
extremadura,Cáceres,Torremenga,municipality:extremadura::torremenga,,,pending_municipal_review,no,"Fuente pública municipal o herramienta oficial sin CUPS, dirección exacta privada ni datos de suministro.","Revisar en mapa oficial de Junta, herramienta de distribuidora y CNMC antes de importar."
extremadura,Cáceres,Torremocha,municipality:extremadura::torremocha,,,pending_municipal_review,no,"Fuente pública municipal o herramienta oficial sin CUPS, dirección exacta privada ni datos de suministro.","Revisar en mapa oficial de Junta, herramienta de distribuidora y CNMC antes de importar."
extremadura,Cáceres,Torreorgaz,municipality:extremadura::torreorgaz,,,pending_municipal_review,no,"Fuente pública municipal o herramienta oficial sin CUPS, dirección exacta privada ni datos de suministro.","Revisar en mapa oficial de Junta, herramienta de distribuidora y CNMC antes de importar."
extremadura,Cáceres,Torrequemada,municipality:extremadura::torrequemada,,,pending_municipal_review,no,"Fuente pública municipal o herramienta oficial sin CUPS, dirección exacta privada ni datos de suministro.","Revisar en mapa oficial de Junta, herramienta de distribuidora y CNMC antes de importar."
extremadura,Badajoz,Trasierra,municipality:extremadura::trasierra,,,pending_municipal_review,no,"Fuente pública municipal o herramienta oficial sin CUPS, dirección exacta privada ni datos de suministro.","Revisar en mapa oficial de Junta, herramienta de distribuidora y CNMC antes de importar."
extremadura,Badajoz,Trujillanos,municipality:extremadura::trujillanos,,,pending_municipal_review,no,"Fuente pública municipal o herramienta oficial sin CUPS, dirección exacta privada ni datos de suministro.","Revisar en mapa oficial de Junta, herramienta de distribuidora y CNMC antes de importar."
extremadura,Cáceres,Trujillo,municipality:extremadura::trujillo,,,pending_municipal_review,no,"Fuente pública municipal o herramienta oficial sin CUPS, dirección exacta privada ni datos de suministro.","Revisar en mapa oficial de Junta, herramienta de distribuidora y CNMC antes de importar."
extremadura,Badajoz,Usagre,municipality:extremadura::usagre,,,pending_municipal_review,no,"Fuente pública municipal o herramienta oficial sin CUPS, dirección exacta privada ni datos de suministro.","Revisar en mapa oficial de Junta, herramienta de distribuidora y CNMC antes de importar."
extremadura,Cáceres,Valdastillas,municipality:extremadura::valdastillas,,,pending_municipal_review,no,"Fuente pública municipal o herramienta oficial sin CUPS, dirección exacta privada ni datos de suministro.","Revisar en mapa oficial de Junta, herramienta de distribuidora y CNMC antes de importar."
extremadura,Badajoz,Valdecaballeros,municipality:extremadura::valdecaballeros,,,pending_municipal_review,no,"Fuente pública municipal o herramienta oficial sin CUPS, dirección exacta privada ni datos de suministro.","Revisar en mapa oficial de Junta, herramienta de distribuidora y CNMC antes de importar."
extremadura,Cáceres,Valdecañas de Tajo,municipality:extremadura::valdecanas_de_tajo,,,pending_municipal_review,no,"Fuente pública municipal o herramienta oficial sin CUPS, dirección exacta privada ni datos de suministro.","Revisar en mapa oficial de Junta, herramienta de distribuidora y CNMC antes de importar."
extremadura,Cáceres,Valdefuentes,municipality:extremadura::valdefuentes,,,pending_municipal_review,no,"Fuente pública municipal o herramienta oficial sin CUPS, dirección exacta privada ni datos de suministro.","Revisar en mapa oficial de Junta, herramienta de distribuidora y CNMC antes de importar."
extremadura,Cáceres,Valdehúncar,municipality:extremadura::valdehuncar,,,pending_municipal_review,no,"Fuente pública municipal o herramienta oficial sin CUPS, dirección exacta privada ni datos de suministro.","Revisar en mapa oficial de Junta, herramienta de distribuidora y CNMC antes de importar."
extremadura,Badajoz,Valdelacalzada,municipality:extremadura::valdelacalzada,,,pending_municipal_review,no,"Fuente pública municipal o herramienta oficial sin CUPS, dirección exacta privada ni datos de suministro.","Revisar en mapa oficial de Junta, herramienta de distribuidora y CNMC antes de importar."
extremadura,Cáceres,Valdelacasa de Tajo,municipality:extremadura::valdelacasa_de_tajo,,,pending_municipal_review,no,"Fuente pública municipal o herramienta oficial sin CUPS, dirección exacta privada ni datos de suministro.","Revisar en mapa oficial de Junta, herramienta de distribuidora y CNMC antes de importar."
extremadura,Cáceres,Valdemorales,municipality:extremadura::valdemorales,,,pending_municipal_review,no,"Fuente pública municipal o herramienta oficial sin CUPS, dirección exacta privada ni datos de suministro.","Revisar en mapa oficial de Junta, herramienta de distribuidora y CNMC antes de importar."
extremadura,Cáceres,Valdeobispo,municipality:extremadura::valdeobispo,,,pending_municipal_review,no,"Fuente pública municipal o herramienta oficial sin CUPS, dirección exacta privada ni datos de suministro.","Revisar en mapa oficial de Junta, herramienta de distribuidora y CNMC antes de importar."
extremadura,Badajoz,Valdetorres,municipality:extremadura::valdetorres,,,pending_municipal_review,no,"Fuente pública municipal o herramienta oficial sin CUPS, dirección exacta privada ni datos de suministro.","Revisar en mapa oficial de Junta, herramienta de distribuidora y CNMC antes de importar."
extremadura,Cáceres,Valencia de Alcántara,municipality:extremadura::valencia_de_alcantara,,,pending_municipal_review,no,"Fuente pública municipal o herramienta oficial sin CUPS, dirección exacta privada ni datos de suministro.","Revisar en mapa oficial de Junta, herramienta de distribuidora y CNMC antes de importar."
extremadura,Badajoz,Valencia de las Torres,municipality:extremadura::valencia_de_las_torres,,,pending_municipal_review,no,"Fuente pública municipal o herramienta oficial sin CUPS, dirección exacta privada ni datos de suministro.","Revisar en mapa oficial de Junta, herramienta de distribuidora y CNMC antes de importar."
extremadura,Badajoz,Valencia del Mombuey,municipality:extremadura::valencia_del_mombuey,,,pending_municipal_review,no,"Fuente pública municipal o herramienta oficial sin CUPS, dirección exacta privada ni datos de suministro.","Revisar en mapa oficial de Junta, herramienta de distribuidora y CNMC antes de importar."
extremadura,Badajoz,Valencia del Ventoso,municipality:extremadura::valencia_del_ventoso,,,pending_municipal_review,no,"Fuente pública municipal o herramienta oficial sin CUPS, dirección exacta privada ni datos de suministro.","Revisar en mapa oficial de Junta, herramienta de distribuidora y CNMC antes de importar."
extremadura,Badajoz,Valle de la Serena,municipality:extremadura::valle_de_la_serena,,,pending_municipal_review,no,"Fuente pública municipal o herramienta oficial sin CUPS, dirección exacta privada ni datos de suministro.","Revisar en mapa oficial de Junta, herramienta de distribuidora y CNMC antes de importar."
extremadura,Badajoz,Valle de Matamoros,municipality:extremadura::valle_de_matamoros,,,pending_municipal_review,no,"Fuente pública municipal o herramienta oficial sin CUPS, dirección exacta privada ni datos de suministro.","Revisar en mapa oficial de Junta, herramienta de distribuidora y CNMC antes de importar."
extremadura,Badajoz,Valle de Santa Ana,municipality:extremadura::valle_de_santa_ana,,,pending_municipal_review,no,"Fuente pública municipal o herramienta oficial sin CUPS, dirección exacta privada ni datos de suministro.","Revisar en mapa oficial de Junta, herramienta de distribuidora y CNMC antes de importar."
extremadura,Badajoz,Valverde de Burguillos,municipality:extremadura::valverde_de_burguillos,,,pending_municipal_review,no,"Fuente pública municipal o herramienta oficial sin CUPS, dirección exacta privada ni datos de suministro.","Revisar en mapa oficial de Junta, herramienta de distribuidora y CNMC antes de importar."
extremadura,Cáceres,Valverde de la Vera,municipality:extremadura::valverde_de_la_vera,,,pending_municipal_review,no,"Fuente pública municipal o herramienta oficial sin CUPS, dirección exacta privada ni datos de suministro.","Revisar en mapa oficial de Junta, herramienta de distribuidora y CNMC antes de importar."
extremadura,Badajoz,Valverde de Leganés,municipality:extremadura::valverde_de_leganes,,,pending_municipal_review,no,"Fuente pública municipal o herramienta oficial sin CUPS, dirección exacta privada ni datos de suministro.","Revisar en mapa oficial de Junta, herramienta de distribuidora y CNMC antes de importar."
extremadura,Badajoz,Valverde de Llerena,municipality:extremadura::valverde_de_llerena,,,pending_municipal_review,no,"Fuente pública municipal o herramienta oficial sin CUPS, dirección exacta privada ni datos de suministro.","Revisar en mapa oficial de Junta, herramienta de distribuidora y CNMC antes de importar."
extremadura,Badajoz,Valverde de Mérida,municipality:extremadura::valverde_de_merida,,,pending_municipal_review,no,"Fuente pública municipal o herramienta oficial sin CUPS, dirección exacta privada ni datos de suministro.","Revisar en mapa oficial de Junta, herramienta de distribuidora y CNMC antes de importar."
extremadura,Cáceres,Valverde del Fresno,municipality:extremadura::valverde_del_fresno,,,pending_municipal_review,no,"Fuente pública municipal o herramienta oficial sin CUPS, dirección exacta privada ni datos de suministro.","Revisar en mapa oficial de Junta, herramienta de distribuidora y CNMC antes de importar."
extremadura,Cáceres,Vegaviana,municipality:extremadura::vegaviana,,,pending_municipal_review,no,"Fuente pública municipal o herramienta oficial sin CUPS, dirección exacta privada ni datos de suministro.","Revisar en mapa oficial de Junta, herramienta de distribuidora y CNMC antes de importar."
extremadura,Cáceres,Viandar de la Vera,municipality:extremadura::viandar_de_la_vera,,,pending_municipal_review,no,"Fuente pública municipal o herramienta oficial sin CUPS, dirección exacta privada ni datos de suministro.","Revisar en mapa oficial de Junta, herramienta de distribuidora y CNMC antes de importar."
extremadura,Cáceres,Villa del Campo,municipality:extremadura::villa_del_campo,,,pending_municipal_review,no,"Fuente pública municipal o herramienta oficial sin CUPS, dirección exacta privada ni datos de suministro.","Revisar en mapa oficial de Junta, herramienta de distribuidora y CNMC antes de importar."
extremadura,Cáceres,Villa del Rey,municipality:extremadura::villa_del_rey,,,pending_municipal_review,no,"Fuente pública municipal o herramienta oficial sin CUPS, dirección exacta privada ni datos de suministro.","Revisar en mapa oficial de Junta, herramienta de distribuidora y CNMC antes de importar."
extremadura,Badajoz,Villafranca de los Barros,municipality:extremadura::villafranca_de_los_barros,,,pending_municipal_review,no,"Fuente pública municipal o herramienta oficial sin CUPS, dirección exacta privada ni datos de suministro.","Revisar en mapa oficial de Junta, herramienta de distribuidora y CNMC antes de importar."
extremadura,Badajoz,Villagarcía de la Torre,municipality:extremadura::villagarcia_de_la_torre,,,pending_municipal_review,no,"Fuente pública municipal o herramienta oficial sin CUPS, dirección exacta privada ni datos de suministro.","Revisar en mapa oficial de Junta, herramienta de distribuidora y CNMC antes de importar."
extremadura,Badajoz,Villagonzalo,municipality:extremadura::villagonzalo,,,pending_municipal_review,no,"Fuente pública municipal o herramienta oficial sin CUPS, dirección exacta privada ni datos de suministro.","Revisar en mapa oficial de Junta, herramienta de distribuidora y CNMC antes de importar."
extremadura,Badajoz,Villalba de los Barros,municipality:extremadura::villalba_de_los_barros,,,pending_municipal_review,no,"Fuente pública municipal o herramienta oficial sin CUPS, dirección exacta privada ni datos de suministro.","Revisar en mapa oficial de Junta, herramienta de distribuidora y CNMC antes de importar."
extremadura,Cáceres,Villamesías,municipality:extremadura::villamesias,,,pending_municipal_review,no,"Fuente pública municipal o herramienta oficial sin CUPS, dirección exacta privada ni datos de suministro.","Revisar en mapa oficial de Junta, herramienta de distribuidora y CNMC antes de importar."
extremadura,Cáceres,Villamiel,municipality:extremadura::villamiel,,,pending_municipal_review,no,"Fuente pública municipal o herramienta oficial sin CUPS, dirección exacta privada ni datos de suministro.","Revisar en mapa oficial de Junta, herramienta de distribuidora y CNMC antes de importar."
extremadura,Badajoz,Villanueva de la Serena,municipality:extremadura::villanueva_de_la_serena,,,pending_municipal_review,no,"Fuente pública municipal o herramienta oficial sin CUPS, dirección exacta privada ni datos de suministro.","Revisar en mapa oficial de Junta, herramienta de distribuidora y CNMC antes de importar."
extremadura,Cáceres,Villanueva de la Sierra,municipality:extremadura::villanueva_de_la_sierra,,,pending_municipal_review,no,"Fuente pública municipal o herramienta oficial sin CUPS, dirección exacta privada ni datos de suministro.","Revisar en mapa oficial de Junta, herramienta de distribuidora y CNMC antes de importar."
extremadura,Cáceres,Villanueva de la Vera,municipality:extremadura::villanueva_de_la_vera,,,pending_municipal_review,no,"Fuente pública municipal o herramienta oficial sin CUPS, dirección exacta privada ni datos de suministro.","Revisar en mapa oficial de Junta, herramienta de distribuidora y CNMC antes de importar."
extremadura,Badajoz,Villanueva del Fresno,municipality:extremadura::villanueva_del_fresno,,,pending_municipal_review,no,"Fuente pública municipal o herramienta oficial sin CUPS, dirección exacta privada ni datos de suministro.","Revisar en mapa oficial de Junta, herramienta de distribuidora y CNMC antes de importar."
extremadura,Cáceres,Villar de Plasencia,municipality:extremadura::villar_de_plasencia,,,pending_municipal_review,no,"Fuente pública municipal o herramienta oficial sin CUPS, dirección exacta privada ni datos de suministro.","Revisar en mapa oficial de Junta, herramienta de distribuidora y CNMC antes de importar."
extremadura,Badajoz,Villar de Rena,municipality:extremadura::villar_de_rena,,,pending_municipal_review,no,"Fuente pública municipal o herramienta oficial sin CUPS, dirección exacta privada ni datos de suministro.","Revisar en mapa oficial de Junta, herramienta de distribuidora y CNMC antes de importar."
extremadura,Cáceres,Villar del Pedroso,municipality:extremadura::villar_del_pedroso,,,pending_municipal_review,no,"Fuente pública municipal o herramienta oficial sin CUPS, dirección exacta privada ni datos de suministro.","Revisar en mapa oficial de Junta, herramienta de distribuidora y CNMC antes de importar."
extremadura,Badajoz,Villar del Rey,municipality:extremadura::villar_del_rey,,,pending_municipal_review,no,"Fuente pública municipal o herramienta oficial sin CUPS, dirección exacta privada ni datos de suministro.","Revisar en mapa oficial de Junta, herramienta de distribuidora y CNMC antes de importar."
extremadura,Badajoz,Villarta de los Montes,municipality:extremadura::villarta_de_los_montes,,,pending_municipal_review,no,"Fuente pública municipal o herramienta oficial sin CUPS, dirección exacta privada ni datos de suministro.","Revisar en mapa oficial de Junta, herramienta de distribuidora y CNMC antes de importar."
extremadura,Cáceres,Villasbuenas de Gata,municipality:extremadura::villasbuenas_de_gata,,,pending_municipal_review,no,"Fuente pública municipal o herramienta oficial sin CUPS, dirección exacta privada ni datos de suministro.","Revisar en mapa oficial de Junta, herramienta de distribuidora y CNMC antes de importar."
extremadura,Badajoz,Zafra,municipality:extremadura::zafra,,,pending_municipal_review,no,"Fuente pública municipal o herramienta oficial sin CUPS, dirección exacta privada ni datos de suministro.","Revisar en mapa oficial de Junta, herramienta de distribuidora y CNMC antes de importar."
extremadura,Badajoz,Zahínos,municipality:extremadura::zahinos,,,pending_municipal_review,no,"Fuente pública municipal o herramienta oficial sin CUPS, dirección exacta privada ni datos de suministro.","Revisar en mapa oficial de Junta, herramienta de distribuidora y CNMC antes de importar."
extremadura,Badajoz,Zalamea de la Serena,municipality:extremadura::zalamea_de_la_serena,,,pending_municipal_review,no,"Fuente pública municipal o herramienta oficial sin CUPS, dirección exacta privada ni datos de suministro.","Revisar en mapa oficial de Junta, herramienta de distribuidora y CNMC antes de importar."
extremadura,Badajoz,Zarza-Capilla,municipality:extremadura::zarza_capilla,,,pending_municipal_review,no,"Fuente pública municipal o herramienta oficial sin CUPS, dirección exacta privada ni datos de suministro.","Revisar en mapa oficial de Junta, herramienta de distribuidora y CNMC antes de importar."
extremadura,Cáceres,Zarza de Granadilla,municipality:extremadura::zarza_de_granadilla,,,pending_municipal_review,no,"Fuente pública municipal o herramienta oficial sin CUPS, dirección exacta privada ni datos de suministro.","Revisar en mapa oficial de Junta, herramienta de distribuidora y CNMC antes de importar."
extremadura,Cáceres,Zarza de Montánchez,municipality:extremadura::zarza_de_montanchez,,,pending_municipal_review,no,"Fuente pública municipal o herramienta oficial sin CUPS, dirección exacta privada ni datos de suministro.","Revisar en mapa oficial de Junta, herramienta de distribuidora y CNMC antes de importar."
extremadura,Cáceres,Zarza la Mayor,municipality:extremadura::zarza_la_mayor,,,pending_municipal_review,no,"Fuente pública municipal o herramienta oficial sin CUPS, dirección exacta privada ni datos de suministro.","Revisar en mapa oficial de Junta, herramienta de distribuidora y CNMC antes de importar."
extremadura,Cáceres,Zorita,municipality:extremadura::zorita,,,pending_municipal_review,no,"Fuente pública municipal o herramienta oficial sin CUPS, dirección exacta privada ni datos de suministro.","Revisar en mapa oficial de Junta, herramienta de distribuidora y CNMC antes de importar."
